gpuwm render: gpuwm 1.8.9 -- editable source at /workspace/wt-tip
render: engine rust (/workspace/wt-tip/tools/rustwx/target/release/rw_wrfbatch)
render: engine bridge in-tree (the renderer is inside the executing source root /workspace/wt-tip)
render: /workspace/overlap/gallery/resident/arwen_wrf_19850531_12z_f000_d01-4km_10m_wind_speed_and_direction.png
render: /workspace/overlap/gallery/resident/arwen_wrf_19850531_12z_f000_d01-4km_1km_reflectivity.png
render: /workspace/overlap/gallery/resident/arwen_wrf_19850531_12z_f000_d01-4km_200mb_absolute_vorticity_height_winds.png
render: /workspace/overlap/gallery/resident/arwen_wrf_19850531_12z_f000_d01-4km_200mb_height_winds.png
render: /workspace/overlap/gallery/resident/arwen_wrf_19850531_12z_f000_d01-4km_200mb_rh_height_winds.png
render: /workspace/overlap/gallery/resident/arwen_wrf_19850531_12z_f000_d01-4km_200mb_temperature_height_winds.png
render: /workspace/overlap/gallery/resident/arwen_wrf_19850531_12z_f000_d01-4km_250mb_height_winds.png
render: /workspace/overlap/gallery/resident/arwen_wrf_19850531_12z_f000_d01-4km_250mb_temperature_height_winds.png
render: /workspace/overlap/gallery/resident/arwen_wrf_19850531_12z_f000_d01-4km_2m_dewpoint.png
render: /workspace/overlap/gallery/resident/arwen_wrf_19850531_12z_f000_d01-4km_2m_dewpoint_10m_winds.png
render: /workspace/overlap/gallery/resident/arwen_wrf_19850531_12z_f000_d01-4km_2m_relative_humidity.png
render: /workspace/overlap/gallery/resident/arwen_wrf_19850531_12z_f000_d01-4km_2m_relative_humidity_10m_winds.png
render: /workspace/overlap/gallery/resident/arwen_wrf_19850531_12z_f000_d01-4km_2m_temperature.png
render: /workspace/overlap/gallery/resident/arwen_wrf_19850531_12z_f000_d01-4km_2m_temperature_10m_winds.png
render: /workspace/overlap/gallery/resident/arwen_wrf_19850531_12z_f000_d01-4km_300mb_absolute_vorticity_height_winds.png
render: /workspace/overlap/gallery/resident/arwen_wrf_19850531_12z_f000_d01-4km_300mb_height_winds.png
render: /workspace/overlap/gallery/resident/arwen_wrf_19850531_12z_f000_d01-4km_300mb_rh_height_winds.png
render: /workspace/overlap/gallery/resident/arwen_wrf_19850531_12z_f000_d01-4km_300mb_temperature_height_winds.png
render: /workspace/overlap/gallery/resident/arwen_wrf_19850531_12z_f000_d01-4km_500mb_absolute_vorticity_height_winds.png
render: /workspace/overlap/gallery/resident/arwen_wrf_19850531_12z_f000_d01-4km_500mb_height_winds.png
render: /workspace/overlap/gallery/resident/arwen_wrf_19850531_12z_f000_d01-4km_500mb_rh_height_winds.png
render: /workspace/overlap/gallery/resident/arwen_wrf_19850531_12z_f000_d01-4km_500mb_temperature_height_winds.png
render: /workspace/overlap/gallery/resident/arwen_wrf_19850531_12z_f000_d01-4km_700mb_absolute_vorticity_height_winds.png
render: /workspace/overlap/gallery/resident/arwen_wrf_19850531_12z_f000_d01-4km_700mb_dewpoint_height_winds.png
render: /workspace/overlap/gallery/resident/arwen_wrf_19850531_12z_f000_d01-4km_700mb_height_winds.png
render: /workspace/overlap/gallery/resident/arwen_wrf_19850531_12z_f000_d01-4km_700mb_rh_height_winds.png
render: /workspace/overlap/gallery/resident/arwen_wrf_19850531_12z_f000_d01-4km_700mb_temperature_height_winds.png
render: /workspace/overlap/gallery/resident/arwen_wrf_19850531_12z_f000_d01-4km_850mb_absolute_vorticity_height_winds.png
render: /workspace/overlap/gallery/resident/arwen_wrf_19850531_12z_f000_d01-4km_850mb_dewpoint_height_winds.png
render: /workspace/overlap/gallery/resident/arwen_wrf_19850531_12z_f000_d01-4km_850mb_height_winds.png
render: /workspace/overlap/gallery/resident/arwen_wrf_19850531_12z_f000_d01-4km_850mb_rh_height_winds.png
render: /workspace/overlap/gallery/resident/arwen_wrf_19850531_12z_f000_d01-4km_850mb_temperature_height_winds.png
render: /workspace/overlap/gallery/resident/arwen_wrf_19850531_12z_f000_d01-4km_cloud_cover_levels.png
render: /workspace/overlap/gallery/resident/arwen_wrf_19850531_12z_f000_d01-4km_composite_reflectivity.png
render: /workspace/overlap/gallery/resident/arwen_wrf_19850531_12z_f000_d01-4km_high_cloud_cover.png
render: /workspace/overlap/gallery/resident/arwen_wrf_19850531_12z_f000_d01-4km_low_cloud_cover.png
render: /workspace/overlap/gallery/resident/arwen_wrf_19850531_12z_f000_d01-4km_middle_cloud_cover.png
render: /workspace/overlap/gallery/resident/arwen_wrf_19850531_12z_f000_d01-4km_mslp_10m_winds.png
render: /workspace/overlap/gallery/resident/arwen_wrf_19850531_12z_f000_d01-4km_precipitable_water.png
render: /workspace/overlap/gallery/resident/arwen_wrf_19850531_12z_f000_d01-4km_terrain_height.png
render: /workspace/overlap/gallery/resident/arwen_wrf_19850531_12z_f000_d01-4km_total_qpf.png
render: /workspace/overlap/gallery/resident/arwen_wrf_19850531_12z_f000_d01-4km_bulk_shear_0_1km.png
render: /workspace/overlap/gallery/resident/arwen_wrf_19850531_12z_f000_d01-4km_bulk_shear_0_6km.png
render: /workspace/overlap/gallery/resident/arwen_wrf_19850531_12z_f000_d01-4km_ehi_0_1km.png
render: /workspace/overlap/gallery/resident/arwen_wrf_19850531_12z_f000_d01-4km_mlcape.png
render: /workspace/overlap/gallery/resident/arwen_wrf_19850531_12z_f000_d01-4km_mlcin.png
render: /workspace/overlap/gallery/resident/arwen_wrf_19850531_12z_f000_d01-4km_mucape.png
render: /workspace/overlap/gallery/resident/arwen_wrf_19850531_12z_f000_d01-4km_mucin.png
render: /workspace/overlap/gallery/resident/arwen_wrf_19850531_12z_f000_d01-4km_sbcape.png
render: /workspace/overlap/gallery/resident/arwen_wrf_19850531_12z_f000_d01-4km_sbcin.png
render: /workspace/overlap/gallery/resident/arwen_wrf_19850531_12z_f000_d01-4km_srh_0_1km.png
render: /workspace/overlap/gallery/resident/arwen_wrf_19850531_12z_f000_d01-4km_srh_0_3km.png
render: /workspace/overlap/gallery/resident/arwen_wrf_19850531_12z_f000_d01-4km_stp_fixed.png
render: /workspace/overlap/gallery/resident/arwen_wrf_19850531_12z_f000_d01-4km_var_absolute_vorticity_200hpa_b1db3fc3a769efc8.png
render: /workspace/overlap/gallery/resident/arwen_wrf_19850531_12z_f000_d01-4km_var_absolute_vorticity_250hpa_3a121a376e36e907.png
render: /workspace/overlap/gallery/resident/arwen_wrf_19850531_12z_f000_d01-4km_var_absolute_vorticity_300hpa_56671c8244667bb5.png
render: /workspace/overlap/gallery/resident/arwen_wrf_19850531_12z_f000_d01-4km_var_absolute_vorticity_500hpa_594efb4419113d77.png
render: /workspace/overlap/gallery/resident/arwen_wrf_19850531_12z_f000_d01-4km_var_absolute_vorticity_700hpa_b48d08020269a739.png
render: /workspace/overlap/gallery/resident/arwen_wrf_19850531_12z_f000_d01-4km_var_absolute_vorticity_850hpa_6fe27143ae67760d.png
render: /workspace/overlap/gallery/resident/arwen_wrf_19850531_12z_f000_d01-4km_var_dewpoint_200hpa_e23c7e49a9f485b5.png
render: /workspace/overlap/gallery/resident/arwen_wrf_19850531_12z_f000_d01-4km_var_dewpoint_250hpa_476283d54851a916.png
render: /workspace/overlap/gallery/resident/arwen_wrf_19850531_12z_f000_d01-4km_var_dewpoint_300hpa_3db0a18b0cf7f9c8.png
render: /workspace/overlap/gallery/resident/arwen_wrf_19850531_12z_f000_d01-4km_var_dewpoint_500hpa_f8e233843bff4eda.png
render: /workspace/overlap/gallery/resident/arwen_wrf_19850531_12z_f000_d01-4km_var_dewpoint_700hpa_ba9d6468f30b867c.png
render: /workspace/overlap/gallery/resident/arwen_wrf_19850531_12z_f000_d01-4km_var_dewpoint_850hpa_ef9cdcd12892d9e4.png
render: /workspace/overlap/gallery/resident/arwen_wrf_19850531_12z_f000_d01-4km_var_el_088e3607b5394344.png
render: /workspace/overlap/gallery/resident/arwen_wrf_19850531_12z_f000_d01-4km_var_geopotential_height_200hpa_f5df9ae462625fb6.png
render: /workspace/overlap/gallery/resident/arwen_wrf_19850531_12z_f000_d01-4km_var_geopotential_height_250hpa_941e9558c6e6b255.png
render: /workspace/overlap/gallery/resident/arwen_wrf_19850531_12z_f000_d01-4km_var_geopotential_height_300hpa_fad3e04127db6933.png
render: /workspace/overlap/gallery/resident/arwen_wrf_19850531_12z_f000_d01-4km_var_geopotential_height_500hpa_64a0a1e044e2cb09.png
render: /workspace/overlap/gallery/resident/arwen_wrf_19850531_12z_f000_d01-4km_var_geopotential_height_700hpa_38d0bbbc4b4b7e87.png
render: /workspace/overlap/gallery/resident/arwen_wrf_19850531_12z_f000_d01-4km_var_geopotential_height_850hpa_7b33d7dfda3896df.png
render: /workspace/overlap/gallery/resident/arwen_wrf_19850531_12z_f000_d01-4km_var_lcl_125e88191dbbb53c.png
render: /workspace/overlap/gallery/resident/arwen_wrf_19850531_12z_f000_d01-4km_var_lfc_126f87191dca26bc.png
render: /workspace/overlap/gallery/resident/arwen_wrf_19850531_12z_f000_d01-4km_var_mslp_a80f14a28b966515.png
render: /workspace/overlap/gallery/resident/arwen_wrf_19850531_12z_f000_d01-4km_var_relative_humidity_200hpa_ea06246fc3501541.png
render: /workspace/overlap/gallery/resident/arwen_wrf_19850531_12z_f000_d01-4km_var_relative_humidity_250hpa_48d4e2417248497a.png
render: /workspace/overlap/gallery/resident/arwen_wrf_19850531_12z_f000_d01-4km_var_relative_humidity_300hpa_7ed6bbef9a2178c4.png
render: /workspace/overlap/gallery/resident/arwen_wrf_19850531_12z_f000_d01-4km_var_relative_humidity_500hpa_0efa3e7b9515a32e.png
render: /workspace/overlap/gallery/resident/arwen_wrf_19850531_12z_f000_d01-4km_var_relative_humidity_700hpa_2ad20073d8fa76d0.png
render: /workspace/overlap/gallery/resident/arwen_wrf_19850531_12z_f000_d01-4km_var_relative_humidity_850hpa_d13fc7700133d2b8.png
render: /workspace/overlap/gallery/resident/arwen_wrf_19850531_12z_f000_d01-4km_var_scp_822687195ccfb219.png
render: /workspace/overlap/gallery/resident/arwen_wrf_19850531_12z_f000_d01-4km_var_stp_826e85195d0d6456.png
render: /workspace/overlap/gallery/resident/arwen_wrf_19850531_12z_f000_d01-4km_var_stp_effective_be117904c9dcfca4.png
render: /workspace/overlap/gallery/resident/arwen_wrf_19850531_12z_f000_d01-4km_var_surface_pressure_f4b142afe0b5981e.png
render: /workspace/overlap/gallery/resident/arwen_wrf_19850531_12z_f000_d01-4km_var_tehi_fa3be1ef19c462a5.png
render: /workspace/overlap/gallery/resident/arwen_wrf_19850531_12z_f000_d01-4km_var_temperature_200hpa_9b6245ef0527a187.png
render: /workspace/overlap/gallery/resident/arwen_wrf_19850531_12z_f000_d01-4km_var_temperature_250hpa_132b6b7b3e5aa848.png
render: /workspace/overlap/gallery/resident/arwen_wrf_19850531_12z_f000_d01-4km_var_temperature_300hpa_ac75e092dd6584aa.png
render: /workspace/overlap/gallery/resident/arwen_wrf_19850531_12z_f000_d01-4km_var_temperature_500hpa_731f8a6ae4102bd8.png
render: /workspace/overlap/gallery/resident/arwen_wrf_19850531_12z_f000_d01-4km_var_temperature_700hpa_587125171c3e82b6.png
render: /workspace/overlap/gallery/resident/arwen_wrf_19850531_12z_f000_d01-4km_var_temperature_850hpa_8e27464cb2538e4a.png
render: /workspace/overlap/gallery/resident/arwen_wrf_19850531_12z_f000_d01-4km_var_tts_571ebf194484c992.png
render: /workspace/overlap/gallery/resident/arwen_wrf_19850531_12z_f000_d01-4km_var_u_10m_ea07f3de980021c3.png
render: /workspace/overlap/gallery/resident/arwen_wrf_19850531_12z_f000_d01-4km_var_u_wind_200hpa_fcf1a167361842bd.png
render: /workspace/overlap/gallery/resident/arwen_wrf_19850531_12z_f000_d01-4km_var_u_wind_250hpa_f877c3cf6ddec9de.png
render: /workspace/overlap/gallery/resident/arwen_wrf_19850531_12z_f000_d01-4km_var_u_wind_300hpa_1b13e8e75a54ce50.png
render: /workspace/overlap/gallery/resident/arwen_wrf_19850531_12z_f000_d01-4km_var_u_wind_500hpa_ffa2a5a59116ad22.png
render: /workspace/overlap/gallery/resident/arwen_wrf_19850531_12z_f000_d01-4km_var_u_wind_700hpa_6f18a4631b7bd044.png
render: /workspace/overlap/gallery/resident/arwen_wrf_19850531_12z_f000_d01-4km_var_u_wind_850hpa_fe698cb21f861f9c.png
render: /workspace/overlap/gallery/resident/arwen_wrf_19850531_12z_f000_d01-4km_var_uhel_31a1f5e468c6a3e1.png
render: /workspace/overlap/gallery/resident/arwen_wrf_19850531_12z_f000_d01-4km_var_v_10m_c94425fd4e8e0502.png
render: /workspace/overlap/gallery/resident/arwen_wrf_19850531_12z_f000_d01-4km_var_v_wind_200hpa_9cdbf45a49e5350c.png
render: /workspace/overlap/gallery/resident/arwen_wrf_19850531_12z_f000_d01-4km_var_v_wind_250hpa_a6c856844d676753.png
render: /workspace/overlap/gallery/resident/arwen_wrf_19850531_12z_f000_d01-4km_var_v_wind_300hpa_f6981320d1f22549.png
render: /workspace/overlap/gallery/resident/arwen_wrf_19850531_12z_f000_d01-4km_var_v_wind_500hpa_e351517cccedcb73.png
render: /workspace/overlap/gallery/resident/arwen_wrf_19850531_12z_f000_d01-4km_var_v_wind_700hpa_c1d012661baac9c5.png
render: /workspace/overlap/gallery/resident/arwen_wrf_19850531_12z_f000_d01-4km_var_v_wind_850hpa_e1246a703b9b2ff9.png
render: /workspace/overlap/gallery/resident/arwen_wrf_19850531_12z_f000_d01-4km_var_vtp_mod_bfe45d7654882542.png
render: /workspace/overlap/gallery/resident/arwen_wrf_19850531_12z_f000_d01-4km_var_wind_speed_10m_d179d57f04f656b0.png
render: /workspace/overlap/gallery/resident/arwen_wrf_19850531_12z_f000_d01-4km_var_wrf_bri_46afc890712e0d5e.png
render: /workspace/overlap/gallery/resident/arwen_wrf_19850531_12z_f000_d01-4km_var_wrf_bulk_shear_93d74c8c202122f5.png
render: /workspace/overlap/gallery/resident/arwen_wrf_19850531_12z_f000_d01-4km_var_wrf_bunkers_lm_u_88e73ee46b3e4a43.png
render: /workspace/overlap/gallery/resident/arwen_wrf_19850531_12z_f000_d01-4km_var_wrf_bunkers_lm_v_88e73fe46b3e4bf6.png
render: /workspace/overlap/gallery/resident/arwen_wrf_19850531_12z_f000_d01-4km_var_wrf_bunkers_rm_u_745ae79d0f2aef45.png
render: /workspace/overlap/gallery/resident/arwen_wrf_19850531_12z_f000_d01-4km_var_wrf_bunkers_rm_v_745ae49d0f2aea2c.png
render: /workspace/overlap/gallery/resident/arwen_wrf_19850531_12z_f000_d01-4km_var_wrf_cape_90b7f96a30cd53e4.png
render: /workspace/overlap/gallery/resident/arwen_wrf_19850531_12z_f000_d01-4km_var_wrf_cin_3fa8c2906da9f6cf.png
render: /workspace/overlap/gallery/resident/arwen_wrf_19850531_12z_f000_d01-4km_var_wrf_cloudfrac_high_3576381eedee0bfd.png
render: /workspace/overlap/gallery/resident/arwen_wrf_19850531_12z_f000_d01-4km_var_wrf_cloudfrac_low_482fc344413db021.png
render: /workspace/overlap/gallery/resident/arwen_wrf_19850531_12z_f000_d01-4km_var_wrf_cloudfrac_mid_41397d443dc7a005.png
render: /workspace/overlap/gallery/resident/arwen_wrf_19850531_12z_f000_d01-4km_var_wrf_critical_angle_d4d8c66a5f8e84ae.png
render: /workspace/overlap/gallery/resident/arwen_wrf_19850531_12z_f000_d01-4km_var_wrf_ctt_3f60b6906d6c2cc8.png
render: /workspace/overlap/gallery/resident/arwen_wrf_19850531_12z_f000_d01-4km_var_wrf_dp2m_dc0ef6a0890b3f0e.png
render: /workspace/overlap/gallery/resident/arwen_wrf_19850531_12z_f000_d01-4km_var_wrf_ebwd_df6a1399b1437f83.png
render: /workspace/overlap/gallery/resident/arwen_wrf_19850531_12z_f000_d01-4km_var_wrf_effective_cape_7c5ae41577952ac6.png
render: /workspace/overlap/gallery/resident/arwen_wrf_19850531_12z_f000_d01-4km_var_wrf_effective_inflow_base_79e44e3edcd958e6.png
render: /workspace/overlap/gallery/resident/arwen_wrf_19850531_12z_f000_d01-4km_var_wrf_effective_inflow_top_69446889130147b2.png
render: /workspace/overlap/gallery/resident/arwen_wrf_19850531_12z_f000_d01-4km_var_wrf_effective_srh_adf0f5c90809e334.png
render: /workspace/overlap/gallery/resident/arwen_wrf_19850531_12z_f000_d01-4km_var_wrf_fosberg_8084008d3684e357.png
render: /workspace/overlap/gallery/resident/arwen_wrf_19850531_12z_f000_d01-4km_var_wrf_freezing_level_0d301d77935aca7e.png
render: /workspace/overlap/gallery/resident/arwen_wrf_19850531_12z_f000_d01-4km_var_wrf_glw_60544d907f9bb585.png
render: /workspace/overlap/gallery/resident/arwen_wrf_19850531_12z_f000_d01-4km_var_wrf_graupelnc_8de600a969b66dde.png
render: /workspace/overlap/gallery/resident/arwen_wrf_19850531_12z_f000_d01-4km_var_wrf_haines_9744ab052ac52367.png
render: /workspace/overlap/gallery/resident/arwen_wrf_19850531_12z_f000_d01-4km_var_wrf_hdw_9d2c7c90a220ed78.png
render: /workspace/overlap/gallery/resident/arwen_wrf_19850531_12z_f000_d01-4km_var_wrf_hfx_9d337790a22703a7.png
render: /workspace/overlap/gallery/resident/arwen_wrf_19850531_12z_f000_d01-4km_var_wrf_lapse_rate_5dd421d535e12657.png
render: /workspace/overlap/gallery/resident/arwen_wrf_19850531_12z_f000_d01-4km_var_wrf_lapse_rate_0_3km_aaf01ae4d79a1cb2.png
render: /workspace/overlap/gallery/resident/arwen_wrf_19850531_12z_f000_d01-4km_var_wrf_lapse_rate_700_500_1bea7344f5089aa9.png
render: /workspace/overlap/gallery/resident/arwen_wrf_19850531_12z_f000_d01-4km_var_wrf_lh_1274959c4965429f.png
render: /workspace/overlap/gallery/resident/arwen_wrf_19850531_12z_f000_d01-4km_var_wrf_mean_wind_0_6km_1_fa30e91bbafba84b.png
render: /workspace/overlap/gallery/resident/arwen_wrf_19850531_12z_f000_d01-4km_var_wrf_mean_wind_0_6km_2_fa30ea1bbafba9fe.png
render: /workspace/overlap/gallery/resident/arwen_wrf_19850531_12z_f000_d01-4km_var_wrf_mean_wind_1_6a5c05f508619b2d.png
render: /workspace/overlap/gallery/resident/arwen_wrf_19850531_12z_f000_d01-4km_var_wrf_mean_wind_2_6a5c02f508619614.png
render: /workspace/overlap/gallery/resident/arwen_wrf_19850531_12z_f000_d01-4km_var_wrf_pblh_f7f124fa24c7224d.png
render: /workspace/overlap/gallery/resident/arwen_wrf_19850531_12z_f000_d01-4km_var_wrf_pw_1214aa9c49131eca.png
render: /workspace/overlap/gallery/resident/arwen_wrf_19850531_12z_f000_d01-4km_var_wrf_rh2m_6cd805ed454d060c.png
render: /workspace/overlap/gallery/resident/arwen_wrf_19850531_12z_f000_d01-4km_var_wrf_ship_4e45f8e1418974e9.png
render: /workspace/overlap/gallery/resident/arwen_wrf_19850531_12z_f000_d01-4km_var_wrf_slp_b28e1a901d0735fc.png
render: /workspace/overlap/gallery/resident/arwen_wrf_19850531_12z_f000_d01-4km_var_wrf_snownc_90d2ef2498774733.png
render: /workspace/overlap/gallery/resident/arwen_wrf_19850531_12z_f000_d01-4km_var_wrf_srh_b2a336901d19c19a.png
render: /workspace/overlap/gallery/resident/arwen_wrf_19850531_12z_f000_d01-4km_var_wrf_swdown_0cfcc0d984b0a765.png
render: /workspace/overlap/gallery/resident/arwen_wrf_19850531_12z_f000_d01-4km_var_wrf_t2_1222df9c491fb635.png
render: /workspace/overlap/gallery/resident/arwen_wrf_19850531_12z_f000_d01-4km_var_wrf_terrain_eb420571ec25921c.png
render: /workspace/overlap/gallery/resident/arwen_wrf_19850531_12z_f000_d01-4km_var_wrf_tsk_f01b2c904026c42b.png
render: /workspace/overlap/gallery/resident/arwen_wrf_19850531_12z_f000_d01-4km_var_wrf_tv2m_0b19801cf3468b64.png
render: /workspace/overlap/gallery/resident/arwen_wrf_19850531_12z_f000_d01-4km_var_wrf_uvmet10_u_7d01fb19f50d0a1b.png
render: /workspace/overlap/gallery/resident/arwen_wrf_19850531_12z_f000_d01-4km_var_wrf_uvmet10_v_7d01fc19f50d0bce.png
render: /workspace/overlap/gallery/resident/arwen_wrf_19850531_12z_f000_d01-4km_var_wrf_wdir10_78c88222331d69b2.png
render: /workspace/overlap/gallery/resident/arwen_wrf_19850531_12z_f000_d01-4km_var_wrf_wet_bulb_0_f87a3f96b832fdda.png
render: /workspace/overlap/gallery/resident/arwen_wrf_19850531_12z_f000_d01-4km_var_wrf_wspd10_6028b79d4d401ab8.png
render: /workspace/overlap/gallery/resident/arwen_wrf_19850531_12z_f001_d01-4km_10m_wind_speed_and_direction.png
render: /workspace/overlap/gallery/resident/arwen_wrf_19850531_12z_f001_d01-4km_1km_reflectivity.png
render: /workspace/overlap/gallery/resident/arwen_wrf_19850531_12z_f001_d01-4km_200mb_absolute_vorticity_height_winds.png
render: /workspace/overlap/gallery/resident/arwen_wrf_19850531_12z_f001_d01-4km_200mb_height_winds.png
render: /workspace/overlap/gallery/resident/arwen_wrf_19850531_12z_f001_d01-4km_200mb_rh_height_winds.png
render: /workspace/overlap/gallery/resident/arwen_wrf_19850531_12z_f001_d01-4km_200mb_temperature_height_winds.png
render: /workspace/overlap/gallery/resident/arwen_wrf_19850531_12z_f001_d01-4km_250mb_height_winds.png
render: /workspace/overlap/gallery/resident/arwen_wrf_19850531_12z_f001_d01-4km_250mb_temperature_height_winds.png
render: /workspace/overlap/gallery/resident/arwen_wrf_19850531_12z_f001_d01-4km_2m_dewpoint.png
render: /workspace/overlap/gallery/resident/arwen_wrf_19850531_12z_f001_d01-4km_2m_dewpoint_10m_winds.png
render: /workspace/overlap/gallery/resident/arwen_wrf_19850531_12z_f001_d01-4km_2m_relative_humidity.png
render: /workspace/overlap/gallery/resident/arwen_wrf_19850531_12z_f001_d01-4km_2m_relative_humidity_10m_winds.png
render: /workspace/overlap/gallery/resident/arwen_wrf_19850531_12z_f001_d01-4km_2m_temperature.png
render: /workspace/overlap/gallery/resident/arwen_wrf_19850531_12z_f001_d01-4km_2m_temperature_10m_winds.png
render: /workspace/overlap/gallery/resident/arwen_wrf_19850531_12z_f001_d01-4km_300mb_absolute_vorticity_height_winds.png
render: /workspace/overlap/gallery/resident/arwen_wrf_19850531_12z_f001_d01-4km_300mb_height_winds.png
render: /workspace/overlap/gallery/resident/arwen_wrf_19850531_12z_f001_d01-4km_300mb_rh_height_winds.png
render: /workspace/overlap/gallery/resident/arwen_wrf_19850531_12z_f001_d01-4km_300mb_temperature_height_winds.png
render: /workspace/overlap/gallery/resident/arwen_wrf_19850531_12z_f001_d01-4km_500mb_absolute_vorticity_height_winds.png
render: /workspace/overlap/gallery/resident/arwen_wrf_19850531_12z_f001_d01-4km_500mb_height_winds.png
render: /workspace/overlap/gallery/resident/arwen_wrf_19850531_12z_f001_d01-4km_500mb_rh_height_winds.png
render: /workspace/overlap/gallery/resident/arwen_wrf_19850531_12z_f001_d01-4km_500mb_temperature_height_winds.png
render: /workspace/overlap/gallery/resident/arwen_wrf_19850531_12z_f001_d01-4km_700mb_absolute_vorticity_height_winds.png
render: /workspace/overlap/gallery/resident/arwen_wrf_19850531_12z_f001_d01-4km_700mb_dewpoint_height_winds.png
render: /workspace/overlap/gallery/resident/arwen_wrf_19850531_12z_f001_d01-4km_700mb_height_winds.png
render: /workspace/overlap/gallery/resident/arwen_wrf_19850531_12z_f001_d01-4km_700mb_rh_height_winds.png
render: /workspace/overlap/gallery/resident/arwen_wrf_19850531_12z_f001_d01-4km_700mb_temperature_height_winds.png
render: /workspace/overlap/gallery/resident/arwen_wrf_19850531_12z_f001_d01-4km_850mb_absolute_vorticity_height_winds.png
render: /workspace/overlap/gallery/resident/arwen_wrf_19850531_12z_f001_d01-4km_850mb_dewpoint_height_winds.png
render: /workspace/overlap/gallery/resident/arwen_wrf_19850531_12z_f001_d01-4km_850mb_height_winds.png
render: /workspace/overlap/gallery/resident/arwen_wrf_19850531_12z_f001_d01-4km_850mb_rh_height_winds.png
render: /workspace/overlap/gallery/resident/arwen_wrf_19850531_12z_f001_d01-4km_850mb_temperature_height_winds.png
render: /workspace/overlap/gallery/resident/arwen_wrf_19850531_12z_f001_d01-4km_cloud_cover_levels.png
render: /workspace/overlap/gallery/resident/arwen_wrf_19850531_12z_f001_d01-4km_composite_reflectivity.png
render: /workspace/overlap/gallery/resident/arwen_wrf_19850531_12z_f001_d01-4km_high_cloud_cover.png
render: /workspace/overlap/gallery/resident/arwen_wrf_19850531_12z_f001_d01-4km_low_cloud_cover.png
render: /workspace/overlap/gallery/resident/arwen_wrf_19850531_12z_f001_d01-4km_middle_cloud_cover.png
render: /workspace/overlap/gallery/resident/arwen_wrf_19850531_12z_f001_d01-4km_mslp_10m_winds.png
render: /workspace/overlap/gallery/resident/arwen_wrf_19850531_12z_f001_d01-4km_precipitable_water.png
render: /workspace/overlap/gallery/resident/arwen_wrf_19850531_12z_f001_d01-4km_terrain_height.png
render: /workspace/overlap/gallery/resident/arwen_wrf_19850531_12z_f001_d01-4km_total_qpf.png
render: /workspace/overlap/gallery/resident/arwen_wrf_19850531_12z_f001_d01-4km_bulk_shear_0_1km.png
render: /workspace/overlap/gallery/resident/arwen_wrf_19850531_12z_f001_d01-4km_bulk_shear_0_6km.png
render: /workspace/overlap/gallery/resident/arwen_wrf_19850531_12z_f001_d01-4km_ehi_0_1km.png
render: /workspace/overlap/gallery/resident/arwen_wrf_19850531_12z_f001_d01-4km_mlcape.png
render: /workspace/overlap/gallery/resident/arwen_wrf_19850531_12z_f001_d01-4km_mlcin.png
render: /workspace/overlap/gallery/resident/arwen_wrf_19850531_12z_f001_d01-4km_mucape.png
render: /workspace/overlap/gallery/resident/arwen_wrf_19850531_12z_f001_d01-4km_mucin.png
render: /workspace/overlap/gallery/resident/arwen_wrf_19850531_12z_f001_d01-4km_sbcape.png
render: /workspace/overlap/gallery/resident/arwen_wrf_19850531_12z_f001_d01-4km_sbcin.png
render: /workspace/overlap/gallery/resident/arwen_wrf_19850531_12z_f001_d01-4km_srh_0_1km.png
render: /workspace/overlap/gallery/resident/arwen_wrf_19850531_12z_f001_d01-4km_srh_0_3km.png
render: /workspace/overlap/gallery/resident/arwen_wrf_19850531_12z_f001_d01-4km_stp_fixed.png
render: /workspace/overlap/gallery/resident/arwen_wrf_19850531_12z_f001_d01-4km_var_absolute_vorticity_200hpa_b1db3fc3a769efc8.png
render: /workspace/overlap/gallery/resident/arwen_wrf_19850531_12z_f001_d01-4km_var_absolute_vorticity_250hpa_3a121a376e36e907.png
render: /workspace/overlap/gallery/resident/arwen_wrf_19850531_12z_f001_d01-4km_var_absolute_vorticity_300hpa_56671c8244667bb5.png
render: /workspace/overlap/gallery/resident/arwen_wrf_19850531_12z_f001_d01-4km_var_absolute_vorticity_500hpa_594efb4419113d77.png
render: /workspace/overlap/gallery/resident/arwen_wrf_19850531_12z_f001_d01-4km_var_absolute_vorticity_700hpa_b48d08020269a739.png
render: /workspace/overlap/gallery/resident/arwen_wrf_19850531_12z_f001_d01-4km_var_absolute_vorticity_850hpa_6fe27143ae67760d.png
render: /workspace/overlap/gallery/resident/arwen_wrf_19850531_12z_f001_d01-4km_var_dewpoint_200hpa_e23c7e49a9f485b5.png
render: /workspace/overlap/gallery/resident/arwen_wrf_19850531_12z_f001_d01-4km_var_dewpoint_250hpa_476283d54851a916.png
render: /workspace/overlap/gallery/resident/arwen_wrf_19850531_12z_f001_d01-4km_var_dewpoint_300hpa_3db0a18b0cf7f9c8.png
render: /workspace/overlap/gallery/resident/arwen_wrf_19850531_12z_f001_d01-4km_var_dewpoint_500hpa_f8e233843bff4eda.png
render: /workspace/overlap/gallery/resident/arwen_wrf_19850531_12z_f001_d01-4km_var_dewpoint_700hpa_ba9d6468f30b867c.png
render: /workspace/overlap/gallery/resident/arwen_wrf_19850531_12z_f001_d01-4km_var_dewpoint_850hpa_ef9cdcd12892d9e4.png
render: /workspace/overlap/gallery/resident/arwen_wrf_19850531_12z_f001_d01-4km_var_el_088e3607b5394344.png
render: /workspace/overlap/gallery/resident/arwen_wrf_19850531_12z_f001_d01-4km_var_geopotential_height_200hpa_f5df9ae462625fb6.png
render: /workspace/overlap/gallery/resident/arwen_wrf_19850531_12z_f001_d01-4km_var_geopotential_height_250hpa_941e9558c6e6b255.png
render: /workspace/overlap/gallery/resident/arwen_wrf_19850531_12z_f001_d01-4km_var_geopotential_height_300hpa_fad3e04127db6933.png
render: /workspace/overlap/gallery/resident/arwen_wrf_19850531_12z_f001_d01-4km_var_geopotential_height_500hpa_64a0a1e044e2cb09.png
render: /workspace/overlap/gallery/resident/arwen_wrf_19850531_12z_f001_d01-4km_var_geopotential_height_700hpa_38d0bbbc4b4b7e87.png
render: /workspace/overlap/gallery/resident/arwen_wrf_19850531_12z_f001_d01-4km_var_geopotential_height_850hpa_7b33d7dfda3896df.png
render: /workspace/overlap/gallery/resident/arwen_wrf_19850531_12z_f001_d01-4km_var_lcl_125e88191dbbb53c.png
render: /workspace/overlap/gallery/resident/arwen_wrf_19850531_12z_f001_d01-4km_var_lfc_126f87191dca26bc.png
render: /workspace/overlap/gallery/resident/arwen_wrf_19850531_12z_f001_d01-4km_var_mslp_a80f14a28b966515.png
render: /workspace/overlap/gallery/resident/arwen_wrf_19850531_12z_f001_d01-4km_var_relative_humidity_200hpa_ea06246fc3501541.png
render: /workspace/overlap/gallery/resident/arwen_wrf_19850531_12z_f001_d01-4km_var_relative_humidity_250hpa_48d4e2417248497a.png
render: /workspace/overlap/gallery/resident/arwen_wrf_19850531_12z_f001_d01-4km_var_relative_humidity_300hpa_7ed6bbef9a2178c4.png
render: /workspace/overlap/gallery/resident/arwen_wrf_19850531_12z_f001_d01-4km_var_relative_humidity_500hpa_0efa3e7b9515a32e.png
render: /workspace/overlap/gallery/resident/arwen_wrf_19850531_12z_f001_d01-4km_var_relative_humidity_700hpa_2ad20073d8fa76d0.png
render: /workspace/overlap/gallery/resident/arwen_wrf_19850531_12z_f001_d01-4km_var_relative_humidity_850hpa_d13fc7700133d2b8.png
render: /workspace/overlap/gallery/resident/arwen_wrf_19850531_12z_f001_d01-4km_var_scp_822687195ccfb219.png
render: /workspace/overlap/gallery/resident/arwen_wrf_19850531_12z_f001_d01-4km_var_stp_826e85195d0d6456.png
render: /workspace/overlap/gallery/resident/arwen_wrf_19850531_12z_f001_d01-4km_var_stp_effective_be117904c9dcfca4.png
render: /workspace/overlap/gallery/resident/arwen_wrf_19850531_12z_f001_d01-4km_var_surface_pressure_f4b142afe0b5981e.png
render: /workspace/overlap/gallery/resident/arwen_wrf_19850531_12z_f001_d01-4km_var_tehi_fa3be1ef19c462a5.png
render: /workspace/overlap/gallery/resident/arwen_wrf_19850531_12z_f001_d01-4km_var_temperature_200hpa_9b6245ef0527a187.png
render: /workspace/overlap/gallery/resident/arwen_wrf_19850531_12z_f001_d01-4km_var_temperature_250hpa_132b6b7b3e5aa848.png
render: /workspace/overlap/gallery/resident/arwen_wrf_19850531_12z_f001_d01-4km_var_temperature_300hpa_ac75e092dd6584aa.png
render: /workspace/overlap/gallery/resident/arwen_wrf_19850531_12z_f001_d01-4km_var_temperature_500hpa_731f8a6ae4102bd8.png
render: /workspace/overlap/gallery/resident/arwen_wrf_19850531_12z_f001_d01-4km_var_temperature_700hpa_587125171c3e82b6.png
render: /workspace/overlap/gallery/resident/arwen_wrf_19850531_12z_f001_d01-4km_var_temperature_850hpa_8e27464cb2538e4a.png
render: /workspace/overlap/gallery/resident/arwen_wrf_19850531_12z_f001_d01-4km_var_tts_571ebf194484c992.png
render: /workspace/overlap/gallery/resident/arwen_wrf_19850531_12z_f001_d01-4km_var_u_10m_ea07f3de980021c3.png
render: /workspace/overlap/gallery/resident/arwen_wrf_19850531_12z_f001_d01-4km_var_u_wind_200hpa_fcf1a167361842bd.png
render: /workspace/overlap/gallery/resident/arwen_wrf_19850531_12z_f001_d01-4km_var_u_wind_250hpa_f877c3cf6ddec9de.png
render: /workspace/overlap/gallery/resident/arwen_wrf_19850531_12z_f001_d01-4km_var_u_wind_300hpa_1b13e8e75a54ce50.png
render: /workspace/overlap/gallery/resident/arwen_wrf_19850531_12z_f001_d01-4km_var_u_wind_500hpa_ffa2a5a59116ad22.png
render: /workspace/overlap/gallery/resident/arwen_wrf_19850531_12z_f001_d01-4km_var_u_wind_700hpa_6f18a4631b7bd044.png
render: /workspace/overlap/gallery/resident/arwen_wrf_19850531_12z_f001_d01-4km_var_u_wind_850hpa_fe698cb21f861f9c.png
render: /workspace/overlap/gallery/resident/arwen_wrf_19850531_12z_f001_d01-4km_var_uhel_31a1f5e468c6a3e1.png
render: /workspace/overlap/gallery/resident/arwen_wrf_19850531_12z_f001_d01-4km_var_v_10m_c94425fd4e8e0502.png
render: /workspace/overlap/gallery/resident/arwen_wrf_19850531_12z_f001_d01-4km_var_v_wind_200hpa_9cdbf45a49e5350c.png
render: /workspace/overlap/gallery/resident/arwen_wrf_19850531_12z_f001_d01-4km_var_v_wind_250hpa_a6c856844d676753.png
render: /workspace/overlap/gallery/resident/arwen_wrf_19850531_12z_f001_d01-4km_var_v_wind_300hpa_f6981320d1f22549.png
render: /workspace/overlap/gallery/resident/arwen_wrf_19850531_12z_f001_d01-4km_var_v_wind_500hpa_e351517cccedcb73.png
render: /workspace/overlap/gallery/resident/arwen_wrf_19850531_12z_f001_d01-4km_var_v_wind_700hpa_c1d012661baac9c5.png
render: /workspace/overlap/gallery/resident/arwen_wrf_19850531_12z_f001_d01-4km_var_v_wind_850hpa_e1246a703b9b2ff9.png
render: /workspace/overlap/gallery/resident/arwen_wrf_19850531_12z_f001_d01-4km_var_vtp_mod_bfe45d7654882542.png
render: /workspace/overlap/gallery/resident/arwen_wrf_19850531_12z_f001_d01-4km_var_wind_speed_10m_d179d57f04f656b0.png
render: /workspace/overlap/gallery/resident/arwen_wrf_19850531_12z_f001_d01-4km_var_wrf_bri_46afc890712e0d5e.png
render: /workspace/overlap/gallery/resident/arwen_wrf_19850531_12z_f001_d01-4km_var_wrf_bulk_shear_93d74c8c202122f5.png
render: /workspace/overlap/gallery/resident/arwen_wrf_19850531_12z_f001_d01-4km_var_wrf_bunkers_lm_u_88e73ee46b3e4a43.png
render: /workspace/overlap/gallery/resident/arwen_wrf_19850531_12z_f001_d01-4km_var_wrf_bunkers_lm_v_88e73fe46b3e4bf6.png
render: /workspace/overlap/gallery/resident/arwen_wrf_19850531_12z_f001_d01-4km_var_wrf_bunkers_rm_u_745ae79d0f2aef45.png
render: /workspace/overlap/gallery/resident/arwen_wrf_19850531_12z_f001_d01-4km_var_wrf_bunkers_rm_v_745ae49d0f2aea2c.png
render: /workspace/overlap/gallery/resident/arwen_wrf_19850531_12z_f001_d01-4km_var_wrf_cape_90b7f96a30cd53e4.png
render: /workspace/overlap/gallery/resident/arwen_wrf_19850531_12z_f001_d01-4km_var_wrf_cin_3fa8c2906da9f6cf.png
render: /workspace/overlap/gallery/resident/arwen_wrf_19850531_12z_f001_d01-4km_var_wrf_cloudfrac_high_3576381eedee0bfd.png
render: /workspace/overlap/gallery/resident/arwen_wrf_19850531_12z_f001_d01-4km_var_wrf_cloudfrac_low_482fc344413db021.png
render: /workspace/overlap/gallery/resident/arwen_wrf_19850531_12z_f001_d01-4km_var_wrf_cloudfrac_mid_41397d443dc7a005.png
render: /workspace/overlap/gallery/resident/arwen_wrf_19850531_12z_f001_d01-4km_var_wrf_critical_angle_d4d8c66a5f8e84ae.png
render: /workspace/overlap/gallery/resident/arwen_wrf_19850531_12z_f001_d01-4km_var_wrf_ctt_3f60b6906d6c2cc8.png
render: /workspace/overlap/gallery/resident/arwen_wrf_19850531_12z_f001_d01-4km_var_wrf_dp2m_dc0ef6a0890b3f0e.png
render: /workspace/overlap/gallery/resident/arwen_wrf_19850531_12z_f001_d01-4km_var_wrf_ebwd_df6a1399b1437f83.png
render: /workspace/overlap/gallery/resident/arwen_wrf_19850531_12z_f001_d01-4km_var_wrf_effective_cape_7c5ae41577952ac6.png
render: /workspace/overlap/gallery/resident/arwen_wrf_19850531_12z_f001_d01-4km_var_wrf_effective_inflow_base_79e44e3edcd958e6.png
render: /workspace/overlap/gallery/resident/arwen_wrf_19850531_12z_f001_d01-4km_var_wrf_effective_inflow_top_69446889130147b2.png
render: /workspace/overlap/gallery/resident/arwen_wrf_19850531_12z_f001_d01-4km_var_wrf_effective_srh_adf0f5c90809e334.png
render: /workspace/overlap/gallery/resident/arwen_wrf_19850531_12z_f001_d01-4km_var_wrf_fosberg_8084008d3684e357.png
render: /workspace/overlap/gallery/resident/arwen_wrf_19850531_12z_f001_d01-4km_var_wrf_freezing_level_0d301d77935aca7e.png
render: /workspace/overlap/gallery/resident/arwen_wrf_19850531_12z_f001_d01-4km_var_wrf_glw_60544d907f9bb585.png
render: /workspace/overlap/gallery/resident/arwen_wrf_19850531_12z_f001_d01-4km_var_wrf_graupelnc_8de600a969b66dde.png
render: /workspace/overlap/gallery/resident/arwen_wrf_19850531_12z_f001_d01-4km_var_wrf_haines_9744ab052ac52367.png
render: /workspace/overlap/gallery/resident/arwen_wrf_19850531_12z_f001_d01-4km_var_wrf_hdw_9d2c7c90a220ed78.png
render: /workspace/overlap/gallery/resident/arwen_wrf_19850531_12z_f001_d01-4km_var_wrf_hfx_9d337790a22703a7.png
render: /workspace/overlap/gallery/resident/arwen_wrf_19850531_12z_f001_d01-4km_var_wrf_lapse_rate_5dd421d535e12657.png
render: /workspace/overlap/gallery/resident/arwen_wrf_19850531_12z_f001_d01-4km_var_wrf_lapse_rate_0_3km_aaf01ae4d79a1cb2.png
render: /workspace/overlap/gallery/resident/arwen_wrf_19850531_12z_f001_d01-4km_var_wrf_lapse_rate_700_500_1bea7344f5089aa9.png
render: /workspace/overlap/gallery/resident/arwen_wrf_19850531_12z_f001_d01-4km_var_wrf_lh_1274959c4965429f.png
render: /workspace/overlap/gallery/resident/arwen_wrf_19850531_12z_f001_d01-4km_var_wrf_mean_wind_0_6km_1_fa30e91bbafba84b.png
render: /workspace/overlap/gallery/resident/arwen_wrf_19850531_12z_f001_d01-4km_var_wrf_mean_wind_0_6km_2_fa30ea1bbafba9fe.png
render: /workspace/overlap/gallery/resident/arwen_wrf_19850531_12z_f001_d01-4km_var_wrf_mean_wind_1_6a5c05f508619b2d.png
render: /workspace/overlap/gallery/resident/arwen_wrf_19850531_12z_f001_d01-4km_var_wrf_mean_wind_2_6a5c02f508619614.png
render: /workspace/overlap/gallery/resident/arwen_wrf_19850531_12z_f001_d01-4km_var_wrf_pblh_f7f124fa24c7224d.png
render: /workspace/overlap/gallery/resident/arwen_wrf_19850531_12z_f001_d01-4km_var_wrf_pw_1214aa9c49131eca.png
render: /workspace/overlap/gallery/resident/arwen_wrf_19850531_12z_f001_d01-4km_var_wrf_rh2m_6cd805ed454d060c.png
render: /workspace/overlap/gallery/resident/arwen_wrf_19850531_12z_f001_d01-4km_var_wrf_ship_4e45f8e1418974e9.png
render: /workspace/overlap/gallery/resident/arwen_wrf_19850531_12z_f001_d01-4km_var_wrf_slp_b28e1a901d0735fc.png
render: /workspace/overlap/gallery/resident/arwen_wrf_19850531_12z_f001_d01-4km_var_wrf_snownc_90d2ef2498774733.png
render: /workspace/overlap/gallery/resident/arwen_wrf_19850531_12z_f001_d01-4km_var_wrf_srh_b2a336901d19c19a.png
render: /workspace/overlap/gallery/resident/arwen_wrf_19850531_12z_f001_d01-4km_var_wrf_swdown_0cfcc0d984b0a765.png
render: /workspace/overlap/gallery/resident/arwen_wrf_19850531_12z_f001_d01-4km_var_wrf_t2_1222df9c491fb635.png
render: /workspace/overlap/gallery/resident/arwen_wrf_19850531_12z_f001_d01-4km_var_wrf_terrain_eb420571ec25921c.png
render: /workspace/overlap/gallery/resident/arwen_wrf_19850531_12z_f001_d01-4km_var_wrf_tsk_f01b2c904026c42b.png
render: /workspace/overlap/gallery/resident/arwen_wrf_19850531_12z_f001_d01-4km_var_wrf_tv2m_0b19801cf3468b64.png
render: /workspace/overlap/gallery/resident/arwen_wrf_19850531_12z_f001_d01-4km_var_wrf_uvmet10_u_7d01fb19f50d0a1b.png
render: /workspace/overlap/gallery/resident/arwen_wrf_19850531_12z_f001_d01-4km_var_wrf_uvmet10_v_7d01fc19f50d0bce.png
render: /workspace/overlap/gallery/resident/arwen_wrf_19850531_12z_f001_d01-4km_var_wrf_wdir10_78c88222331d69b2.png
render: /workspace/overlap/gallery/resident/arwen_wrf_19850531_12z_f001_d01-4km_var_wrf_wet_bulb_0_f87a3f96b832fdda.png
render: /workspace/overlap/gallery/resident/arwen_wrf_19850531_12z_f001_d01-4km_var_wrf_wspd10_6028b79d4d401ab8.png
render: /workspace/overlap/gallery/resident/arwen_wrf_19850531_12z_f002_d01-4km_10m_wind_speed_and_direction.png
render: /workspace/overlap/gallery/resident/arwen_wrf_19850531_12z_f002_d01-4km_1km_reflectivity.png
render: /workspace/overlap/gallery/resident/arwen_wrf_19850531_12z_f002_d01-4km_200mb_absolute_vorticity_height_winds.png
render: /workspace/overlap/gallery/resident/arwen_wrf_19850531_12z_f002_d01-4km_200mb_height_winds.png
render: /workspace/overlap/gallery/resident/arwen_wrf_19850531_12z_f002_d01-4km_200mb_rh_height_winds.png
render: /workspace/overlap/gallery/resident/arwen_wrf_19850531_12z_f002_d01-4km_200mb_temperature_height_winds.png
render: /workspace/overlap/gallery/resident/arwen_wrf_19850531_12z_f002_d01-4km_250mb_height_winds.png
render: /workspace/overlap/gallery/resident/arwen_wrf_19850531_12z_f002_d01-4km_250mb_temperature_height_winds.png
render: /workspace/overlap/gallery/resident/arwen_wrf_19850531_12z_f002_d01-4km_2m_dewpoint.png
render: /workspace/overlap/gallery/resident/arwen_wrf_19850531_12z_f002_d01-4km_2m_dewpoint_10m_winds.png
render: /workspace/overlap/gallery/resident/arwen_wrf_19850531_12z_f002_d01-4km_2m_relative_humidity.png
render: /workspace/overlap/gallery/resident/arwen_wrf_19850531_12z_f002_d01-4km_2m_relative_humidity_10m_winds.png
render: /workspace/overlap/gallery/resident/arwen_wrf_19850531_12z_f002_d01-4km_2m_temperature.png
render: /workspace/overlap/gallery/resident/arwen_wrf_19850531_12z_f002_d01-4km_2m_temperature_10m_winds.png
render: /workspace/overlap/gallery/resident/arwen_wrf_19850531_12z_f002_d01-4km_300mb_absolute_vorticity_height_winds.png
render: /workspace/overlap/gallery/resident/arwen_wrf_19850531_12z_f002_d01-4km_300mb_height_winds.png
render: /workspace/overlap/gallery/resident/arwen_wrf_19850531_12z_f002_d01-4km_300mb_rh_height_winds.png
render: /workspace/overlap/gallery/resident/arwen_wrf_19850531_12z_f002_d01-4km_300mb_temperature_height_winds.png
render: /workspace/overlap/gallery/resident/arwen_wrf_19850531_12z_f002_d01-4km_500mb_absolute_vorticity_height_winds.png
render: /workspace/overlap/gallery/resident/arwen_wrf_19850531_12z_f002_d01-4km_500mb_height_winds.png
render: /workspace/overlap/gallery/resident/arwen_wrf_19850531_12z_f002_d01-4km_500mb_rh_height_winds.png
render: /workspace/overlap/gallery/resident/arwen_wrf_19850531_12z_f002_d01-4km_500mb_temperature_height_winds.png
render: /workspace/overlap/gallery/resident/arwen_wrf_19850531_12z_f002_d01-4km_700mb_absolute_vorticity_height_winds.png
render: /workspace/overlap/gallery/resident/arwen_wrf_19850531_12z_f002_d01-4km_700mb_dewpoint_height_winds.png
render: /workspace/overlap/gallery/resident/arwen_wrf_19850531_12z_f002_d01-4km_700mb_height_winds.png
render: /workspace/overlap/gallery/resident/arwen_wrf_19850531_12z_f002_d01-4km_700mb_rh_height_winds.png
render: /workspace/overlap/gallery/resident/arwen_wrf_19850531_12z_f002_d01-4km_700mb_temperature_height_winds.png
render: /workspace/overlap/gallery/resident/arwen_wrf_19850531_12z_f002_d01-4km_850mb_absolute_vorticity_height_winds.png
render: /workspace/overlap/gallery/resident/arwen_wrf_19850531_12z_f002_d01-4km_850mb_dewpoint_height_winds.png
render: /workspace/overlap/gallery/resident/arwen_wrf_19850531_12z_f002_d01-4km_850mb_height_winds.png
render: /workspace/overlap/gallery/resident/arwen_wrf_19850531_12z_f002_d01-4km_850mb_rh_height_winds.png
render: /workspace/overlap/gallery/resident/arwen_wrf_19850531_12z_f002_d01-4km_850mb_temperature_height_winds.png
render: /workspace/overlap/gallery/resident/arwen_wrf_19850531_12z_f002_d01-4km_cloud_cover_levels.png
render: /workspace/overlap/gallery/resident/arwen_wrf_19850531_12z_f002_d01-4km_composite_reflectivity.png
render: /workspace/overlap/gallery/resident/arwen_wrf_19850531_12z_f002_d01-4km_high_cloud_cover.png
render: /workspace/overlap/gallery/resident/arwen_wrf_19850531_12z_f002_d01-4km_low_cloud_cover.png
render: /workspace/overlap/gallery/resident/arwen_wrf_19850531_12z_f002_d01-4km_middle_cloud_cover.png
render: /workspace/overlap/gallery/resident/arwen_wrf_19850531_12z_f002_d01-4km_mslp_10m_winds.png
render: /workspace/overlap/gallery/resident/arwen_wrf_19850531_12z_f002_d01-4km_precipitable_water.png
render: /workspace/overlap/gallery/resident/arwen_wrf_19850531_12z_f002_d01-4km_terrain_height.png
render: /workspace/overlap/gallery/resident/arwen_wrf_19850531_12z_f002_d01-4km_total_qpf.png
render: /workspace/overlap/gallery/resident/arwen_wrf_19850531_12z_f002_d01-4km_bulk_shear_0_1km.png
render: /workspace/overlap/gallery/resident/arwen_wrf_19850531_12z_f002_d01-4km_bulk_shear_0_6km.png
render: /workspace/overlap/gallery/resident/arwen_wrf_19850531_12z_f002_d01-4km_ehi_0_1km.png
render: /workspace/overlap/gallery/resident/arwen_wrf_19850531_12z_f002_d01-4km_mlcape.png
render: /workspace/overlap/gallery/resident/arwen_wrf_19850531_12z_f002_d01-4km_mlcin.png
render: /workspace/overlap/gallery/resident/arwen_wrf_19850531_12z_f002_d01-4km_mucape.png
render: /workspace/overlap/gallery/resident/arwen_wrf_19850531_12z_f002_d01-4km_mucin.png
render: /workspace/overlap/gallery/resident/arwen_wrf_19850531_12z_f002_d01-4km_sbcape.png
render: /workspace/overlap/gallery/resident/arwen_wrf_19850531_12z_f002_d01-4km_sbcin.png
render: /workspace/overlap/gallery/resident/arwen_wrf_19850531_12z_f002_d01-4km_srh_0_1km.png
render: /workspace/overlap/gallery/resident/arwen_wrf_19850531_12z_f002_d01-4km_srh_0_3km.png
render: /workspace/overlap/gallery/resident/arwen_wrf_19850531_12z_f002_d01-4km_stp_fixed.png
render: /workspace/overlap/gallery/resident/arwen_wrf_19850531_12z_f002_d01-4km_var_absolute_vorticity_200hpa_b1db3fc3a769efc8.png
render: /workspace/overlap/gallery/resident/arwen_wrf_19850531_12z_f002_d01-4km_var_absolute_vorticity_250hpa_3a121a376e36e907.png
render: /workspace/overlap/gallery/resident/arwen_wrf_19850531_12z_f002_d01-4km_var_absolute_vorticity_300hpa_56671c8244667bb5.png
render: /workspace/overlap/gallery/resident/arwen_wrf_19850531_12z_f002_d01-4km_var_absolute_vorticity_500hpa_594efb4419113d77.png
render: /workspace/overlap/gallery/resident/arwen_wrf_19850531_12z_f002_d01-4km_var_absolute_vorticity_700hpa_b48d08020269a739.png
render: /workspace/overlap/gallery/resident/arwen_wrf_19850531_12z_f002_d01-4km_var_absolute_vorticity_850hpa_6fe27143ae67760d.png
render: /workspace/overlap/gallery/resident/arwen_wrf_19850531_12z_f002_d01-4km_var_dewpoint_200hpa_e23c7e49a9f485b5.png
render: /workspace/overlap/gallery/resident/arwen_wrf_19850531_12z_f002_d01-4km_var_dewpoint_250hpa_476283d54851a916.png
render: /workspace/overlap/gallery/resident/arwen_wrf_19850531_12z_f002_d01-4km_var_dewpoint_300hpa_3db0a18b0cf7f9c8.png
render: /workspace/overlap/gallery/resident/arwen_wrf_19850531_12z_f002_d01-4km_var_dewpoint_500hpa_f8e233843bff4eda.png
render: /workspace/overlap/gallery/resident/arwen_wrf_19850531_12z_f002_d01-4km_var_dewpoint_700hpa_ba9d6468f30b867c.png
render: /workspace/overlap/gallery/resident/arwen_wrf_19850531_12z_f002_d01-4km_var_dewpoint_850hpa_ef9cdcd12892d9e4.png
render: /workspace/overlap/gallery/resident/arwen_wrf_19850531_12z_f002_d01-4km_var_el_088e3607b5394344.png
render: /workspace/overlap/gallery/resident/arwen_wrf_19850531_12z_f002_d01-4km_var_geopotential_height_200hpa_f5df9ae462625fb6.png
render: /workspace/overlap/gallery/resident/arwen_wrf_19850531_12z_f002_d01-4km_var_geopotential_height_250hpa_941e9558c6e6b255.png
render: /workspace/overlap/gallery/resident/arwen_wrf_19850531_12z_f002_d01-4km_var_geopotential_height_300hpa_fad3e04127db6933.png
render: /workspace/overlap/gallery/resident/arwen_wrf_19850531_12z_f002_d01-4km_var_geopotential_height_500hpa_64a0a1e044e2cb09.png
render: /workspace/overlap/gallery/resident/arwen_wrf_19850531_12z_f002_d01-4km_var_geopotential_height_700hpa_38d0bbbc4b4b7e87.png
render: /workspace/overlap/gallery/resident/arwen_wrf_19850531_12z_f002_d01-4km_var_geopotential_height_850hpa_7b33d7dfda3896df.png
render: /workspace/overlap/gallery/resident/arwen_wrf_19850531_12z_f002_d01-4km_var_lcl_125e88191dbbb53c.png
render: /workspace/overlap/gallery/resident/arwen_wrf_19850531_12z_f002_d01-4km_var_lfc_126f87191dca26bc.png
render: /workspace/overlap/gallery/resident/arwen_wrf_19850531_12z_f002_d01-4km_var_mslp_a80f14a28b966515.png
render: /workspace/overlap/gallery/resident/arwen_wrf_19850531_12z_f002_d01-4km_var_relative_humidity_200hpa_ea06246fc3501541.png
render: /workspace/overlap/gallery/resident/arwen_wrf_19850531_12z_f002_d01-4km_var_relative_humidity_250hpa_48d4e2417248497a.png
render: /workspace/overlap/gallery/resident/arwen_wrf_19850531_12z_f002_d01-4km_var_relative_humidity_300hpa_7ed6bbef9a2178c4.png
render: /workspace/overlap/gallery/resident/arwen_wrf_19850531_12z_f002_d01-4km_var_relative_humidity_500hpa_0efa3e7b9515a32e.png
render: /workspace/overlap/gallery/resident/arwen_wrf_19850531_12z_f002_d01-4km_var_relative_humidity_700hpa_2ad20073d8fa76d0.png
render: /workspace/overlap/gallery/resident/arwen_wrf_19850531_12z_f002_d01-4km_var_relative_humidity_850hpa_d13fc7700133d2b8.png
render: /workspace/overlap/gallery/resident/arwen_wrf_19850531_12z_f002_d01-4km_var_scp_822687195ccfb219.png
render: /workspace/overlap/gallery/resident/arwen_wrf_19850531_12z_f002_d01-4km_var_stp_826e85195d0d6456.png
render: /workspace/overlap/gallery/resident/arwen_wrf_19850531_12z_f002_d01-4km_var_stp_effective_be117904c9dcfca4.png
render: /workspace/overlap/gallery/resident/arwen_wrf_19850531_12z_f002_d01-4km_var_surface_pressure_f4b142afe0b5981e.png
render: /workspace/overlap/gallery/resident/arwen_wrf_19850531_12z_f002_d01-4km_var_tehi_fa3be1ef19c462a5.png
render: /workspace/overlap/gallery/resident/arwen_wrf_19850531_12z_f002_d01-4km_var_temperature_200hpa_9b6245ef0527a187.png
render: /workspace/overlap/gallery/resident/arwen_wrf_19850531_12z_f002_d01-4km_var_temperature_250hpa_132b6b7b3e5aa848.png
render: /workspace/overlap/gallery/resident/arwen_wrf_19850531_12z_f002_d01-4km_var_temperature_300hpa_ac75e092dd6584aa.png
render: /workspace/overlap/gallery/resident/arwen_wrf_19850531_12z_f002_d01-4km_var_temperature_500hpa_731f8a6ae4102bd8.png
render: /workspace/overlap/gallery/resident/arwen_wrf_19850531_12z_f002_d01-4km_var_temperature_700hpa_587125171c3e82b6.png
render: /workspace/overlap/gallery/resident/arwen_wrf_19850531_12z_f002_d01-4km_var_temperature_850hpa_8e27464cb2538e4a.png
render: /workspace/overlap/gallery/resident/arwen_wrf_19850531_12z_f002_d01-4km_var_tts_571ebf194484c992.png
render: /workspace/overlap/gallery/resident/arwen_wrf_19850531_12z_f002_d01-4km_var_u_10m_ea07f3de980021c3.png
render: /workspace/overlap/gallery/resident/arwen_wrf_19850531_12z_f002_d01-4km_var_u_wind_200hpa_fcf1a167361842bd.png
render: /workspace/overlap/gallery/resident/arwen_wrf_19850531_12z_f002_d01-4km_var_u_wind_250hpa_f877c3cf6ddec9de.png
render: /workspace/overlap/gallery/resident/arwen_wrf_19850531_12z_f002_d01-4km_var_u_wind_300hpa_1b13e8e75a54ce50.png
render: /workspace/overlap/gallery/resident/arwen_wrf_19850531_12z_f002_d01-4km_var_u_wind_500hpa_ffa2a5a59116ad22.png
render: /workspace/overlap/gallery/resident/arwen_wrf_19850531_12z_f002_d01-4km_var_u_wind_700hpa_6f18a4631b7bd044.png
render: /workspace/overlap/gallery/resident/arwen_wrf_19850531_12z_f002_d01-4km_var_u_wind_850hpa_fe698cb21f861f9c.png
render: /workspace/overlap/gallery/resident/arwen_wrf_19850531_12z_f002_d01-4km_var_uhel_31a1f5e468c6a3e1.png
render: /workspace/overlap/gallery/resident/arwen_wrf_19850531_12z_f002_d01-4km_var_v_10m_c94425fd4e8e0502.png
render: /workspace/overlap/gallery/resident/arwen_wrf_19850531_12z_f002_d01-4km_var_v_wind_200hpa_9cdbf45a49e5350c.png
render: /workspace/overlap/gallery/resident/arwen_wrf_19850531_12z_f002_d01-4km_var_v_wind_250hpa_a6c856844d676753.png
render: /workspace/overlap/gallery/resident/arwen_wrf_19850531_12z_f002_d01-4km_var_v_wind_300hpa_f6981320d1f22549.png
render: /workspace/overlap/gallery/resident/arwen_wrf_19850531_12z_f002_d01-4km_var_v_wind_500hpa_e351517cccedcb73.png
render: /workspace/overlap/gallery/resident/arwen_wrf_19850531_12z_f002_d01-4km_var_v_wind_700hpa_c1d012661baac9c5.png
render: /workspace/overlap/gallery/resident/arwen_wrf_19850531_12z_f002_d01-4km_var_v_wind_850hpa_e1246a703b9b2ff9.png
render: /workspace/overlap/gallery/resident/arwen_wrf_19850531_12z_f002_d01-4km_var_vtp_mod_bfe45d7654882542.png
render: /workspace/overlap/gallery/resident/arwen_wrf_19850531_12z_f002_d01-4km_var_wind_speed_10m_d179d57f04f656b0.png
render: /workspace/overlap/gallery/resident/arwen_wrf_19850531_12z_f002_d01-4km_var_wrf_bri_46afc890712e0d5e.png
render: /workspace/overlap/gallery/resident/arwen_wrf_19850531_12z_f002_d01-4km_var_wrf_bulk_shear_93d74c8c202122f5.png
render: /workspace/overlap/gallery/resident/arwen_wrf_19850531_12z_f002_d01-4km_var_wrf_bunkers_lm_u_88e73ee46b3e4a43.png
render: /workspace/overlap/gallery/resident/arwen_wrf_19850531_12z_f002_d01-4km_var_wrf_bunkers_lm_v_88e73fe46b3e4bf6.png
render: /workspace/overlap/gallery/resident/arwen_wrf_19850531_12z_f002_d01-4km_var_wrf_bunkers_rm_u_745ae79d0f2aef45.png
render: /workspace/overlap/gallery/resident/arwen_wrf_19850531_12z_f002_d01-4km_var_wrf_bunkers_rm_v_745ae49d0f2aea2c.png
render: /workspace/overlap/gallery/resident/arwen_wrf_19850531_12z_f002_d01-4km_var_wrf_cape_90b7f96a30cd53e4.png
render: /workspace/overlap/gallery/resident/arwen_wrf_19850531_12z_f002_d01-4km_var_wrf_cin_3fa8c2906da9f6cf.png
render: /workspace/overlap/gallery/resident/arwen_wrf_19850531_12z_f002_d01-4km_var_wrf_cloudfrac_high_3576381eedee0bfd.png
render: /workspace/overlap/gallery/resident/arwen_wrf_19850531_12z_f002_d01-4km_var_wrf_cloudfrac_low_482fc344413db021.png
render: /workspace/overlap/gallery/resident/arwen_wrf_19850531_12z_f002_d01-4km_var_wrf_cloudfrac_mid_41397d443dc7a005.png
render: /workspace/overlap/gallery/resident/arwen_wrf_19850531_12z_f002_d01-4km_var_wrf_critical_angle_d4d8c66a5f8e84ae.png
render: /workspace/overlap/gallery/resident/arwen_wrf_19850531_12z_f002_d01-4km_var_wrf_ctt_3f60b6906d6c2cc8.png
render: /workspace/overlap/gallery/resident/arwen_wrf_19850531_12z_f002_d01-4km_var_wrf_dp2m_dc0ef6a0890b3f0e.png
render: /workspace/overlap/gallery/resident/arwen_wrf_19850531_12z_f002_d01-4km_var_wrf_ebwd_df6a1399b1437f83.png
render: /workspace/overlap/gallery/resident/arwen_wrf_19850531_12z_f002_d01-4km_var_wrf_effective_cape_7c5ae41577952ac6.png
render: /workspace/overlap/gallery/resident/arwen_wrf_19850531_12z_f002_d01-4km_var_wrf_effective_inflow_base_79e44e3edcd958e6.png
render: /workspace/overlap/gallery/resident/arwen_wrf_19850531_12z_f002_d01-4km_var_wrf_effective_inflow_top_69446889130147b2.png
render: /workspace/overlap/gallery/resident/arwen_wrf_19850531_12z_f002_d01-4km_var_wrf_effective_srh_adf0f5c90809e334.png
render: /workspace/overlap/gallery/resident/arwen_wrf_19850531_12z_f002_d01-4km_var_wrf_fosberg_8084008d3684e357.png
render: /workspace/overlap/gallery/resident/arwen_wrf_19850531_12z_f002_d01-4km_var_wrf_freezing_level_0d301d77935aca7e.png
render: /workspace/overlap/gallery/resident/arwen_wrf_19850531_12z_f002_d01-4km_var_wrf_glw_60544d907f9bb585.png
render: /workspace/overlap/gallery/resident/arwen_wrf_19850531_12z_f002_d01-4km_var_wrf_graupelnc_8de600a969b66dde.png
render: /workspace/overlap/gallery/resident/arwen_wrf_19850531_12z_f002_d01-4km_var_wrf_haines_9744ab052ac52367.png
render: /workspace/overlap/gallery/resident/arwen_wrf_19850531_12z_f002_d01-4km_var_wrf_hdw_9d2c7c90a220ed78.png
render: /workspace/overlap/gallery/resident/arwen_wrf_19850531_12z_f002_d01-4km_var_wrf_hfx_9d337790a22703a7.png
render: /workspace/overlap/gallery/resident/arwen_wrf_19850531_12z_f002_d01-4km_var_wrf_lapse_rate_5dd421d535e12657.png
render: /workspace/overlap/gallery/resident/arwen_wrf_19850531_12z_f002_d01-4km_var_wrf_lapse_rate_0_3km_aaf01ae4d79a1cb2.png
render: /workspace/overlap/gallery/resident/arwen_wrf_19850531_12z_f002_d01-4km_var_wrf_lapse_rate_700_500_1bea7344f5089aa9.png
render: /workspace/overlap/gallery/resident/arwen_wrf_19850531_12z_f002_d01-4km_var_wrf_lh_1274959c4965429f.png
render: /workspace/overlap/gallery/resident/arwen_wrf_19850531_12z_f002_d01-4km_var_wrf_mean_wind_0_6km_1_fa30e91bbafba84b.png
render: /workspace/overlap/gallery/resident/arwen_wrf_19850531_12z_f002_d01-4km_var_wrf_mean_wind_0_6km_2_fa30ea1bbafba9fe.png
render: /workspace/overlap/gallery/resident/arwen_wrf_19850531_12z_f002_d01-4km_var_wrf_mean_wind_1_6a5c05f508619b2d.png
render: /workspace/overlap/gallery/resident/arwen_wrf_19850531_12z_f002_d01-4km_var_wrf_mean_wind_2_6a5c02f508619614.png
render: /workspace/overlap/gallery/resident/arwen_wrf_19850531_12z_f002_d01-4km_var_wrf_pblh_f7f124fa24c7224d.png
render: /workspace/overlap/gallery/resident/arwen_wrf_19850531_12z_f002_d01-4km_var_wrf_pw_1214aa9c49131eca.png
render: /workspace/overlap/gallery/resident/arwen_wrf_19850531_12z_f002_d01-4km_var_wrf_rh2m_6cd805ed454d060c.png
render: /workspace/overlap/gallery/resident/arwen_wrf_19850531_12z_f002_d01-4km_var_wrf_ship_4e45f8e1418974e9.png
render: /workspace/overlap/gallery/resident/arwen_wrf_19850531_12z_f002_d01-4km_var_wrf_slp_b28e1a901d0735fc.png
render: /workspace/overlap/gallery/resident/arwen_wrf_19850531_12z_f002_d01-4km_var_wrf_snownc_90d2ef2498774733.png
render: /workspace/overlap/gallery/resident/arwen_wrf_19850531_12z_f002_d01-4km_var_wrf_srh_b2a336901d19c19a.png
render: /workspace/overlap/gallery/resident/arwen_wrf_19850531_12z_f002_d01-4km_var_wrf_swdown_0cfcc0d984b0a765.png
render: /workspace/overlap/gallery/resident/arwen_wrf_19850531_12z_f002_d01-4km_var_wrf_t2_1222df9c491fb635.png
render: /workspace/overlap/gallery/resident/arwen_wrf_19850531_12z_f002_d01-4km_var_wrf_terrain_eb420571ec25921c.png
render: /workspace/overlap/gallery/resident/arwen_wrf_19850531_12z_f002_d01-4km_var_wrf_tsk_f01b2c904026c42b.png
render: /workspace/overlap/gallery/resident/arwen_wrf_19850531_12z_f002_d01-4km_var_wrf_tv2m_0b19801cf3468b64.png
render: /workspace/overlap/gallery/resident/arwen_wrf_19850531_12z_f002_d01-4km_var_wrf_uvmet10_u_7d01fb19f50d0a1b.png
render: /workspace/overlap/gallery/resident/arwen_wrf_19850531_12z_f002_d01-4km_var_wrf_uvmet10_v_7d01fc19f50d0bce.png
render: /workspace/overlap/gallery/resident/arwen_wrf_19850531_12z_f002_d01-4km_var_wrf_wdir10_78c88222331d69b2.png
render: /workspace/overlap/gallery/resident/arwen_wrf_19850531_12z_f002_d01-4km_var_wrf_wet_bulb_0_f87a3f96b832fdda.png
render: /workspace/overlap/gallery/resident/arwen_wrf_19850531_12z_f002_d01-4km_var_wrf_wspd10_6028b79d4d401ab8.png
render: /workspace/overlap/gallery/resident/arwen_wrf_19850531_12z_f003_d01-4km_10m_wind_speed_and_direction.png
render: /workspace/overlap/gallery/resident/arwen_wrf_19850531_12z_f003_d01-4km_1km_reflectivity.png
render: /workspace/overlap/gallery/resident/arwen_wrf_19850531_12z_f003_d01-4km_200mb_absolute_vorticity_height_winds.png
render: /workspace/overlap/gallery/resident/arwen_wrf_19850531_12z_f003_d01-4km_200mb_height_winds.png
render: /workspace/overlap/gallery/resident/arwen_wrf_19850531_12z_f003_d01-4km_200mb_rh_height_winds.png
render: /workspace/overlap/gallery/resident/arwen_wrf_19850531_12z_f003_d01-4km_200mb_temperature_height_winds.png
render: /workspace/overlap/gallery/resident/arwen_wrf_19850531_12z_f003_d01-4km_250mb_height_winds.png
render: /workspace/overlap/gallery/resident/arwen_wrf_19850531_12z_f003_d01-4km_250mb_temperature_height_winds.png
render: /workspace/overlap/gallery/resident/arwen_wrf_19850531_12z_f003_d01-4km_2m_dewpoint.png
render: /workspace/overlap/gallery/resident/arwen_wrf_19850531_12z_f003_d01-4km_2m_dewpoint_10m_winds.png
render: /workspace/overlap/gallery/resident/arwen_wrf_19850531_12z_f003_d01-4km_2m_relative_humidity.png
render: /workspace/overlap/gallery/resident/arwen_wrf_19850531_12z_f003_d01-4km_2m_relative_humidity_10m_winds.png
render: /workspace/overlap/gallery/resident/arwen_wrf_19850531_12z_f003_d01-4km_2m_temperature.png
render: /workspace/overlap/gallery/resident/arwen_wrf_19850531_12z_f003_d01-4km_2m_temperature_10m_winds.png
render: /workspace/overlap/gallery/resident/arwen_wrf_19850531_12z_f003_d01-4km_300mb_absolute_vorticity_height_winds.png
render: /workspace/overlap/gallery/resident/arwen_wrf_19850531_12z_f003_d01-4km_300mb_height_winds.png
render: /workspace/overlap/gallery/resident/arwen_wrf_19850531_12z_f003_d01-4km_300mb_rh_height_winds.png
render: /workspace/overlap/gallery/resident/arwen_wrf_19850531_12z_f003_d01-4km_300mb_temperature_height_winds.png
render: /workspace/overlap/gallery/resident/arwen_wrf_19850531_12z_f003_d01-4km_500mb_absolute_vorticity_height_winds.png
render: /workspace/overlap/gallery/resident/arwen_wrf_19850531_12z_f003_d01-4km_500mb_height_winds.png
render: /workspace/overlap/gallery/resident/arwen_wrf_19850531_12z_f003_d01-4km_500mb_rh_height_winds.png
render: /workspace/overlap/gallery/resident/arwen_wrf_19850531_12z_f003_d01-4km_500mb_temperature_height_winds.png
render: /workspace/overlap/gallery/resident/arwen_wrf_19850531_12z_f003_d01-4km_700mb_absolute_vorticity_height_winds.png
render: /workspace/overlap/gallery/resident/arwen_wrf_19850531_12z_f003_d01-4km_700mb_dewpoint_height_winds.png
render: /workspace/overlap/gallery/resident/arwen_wrf_19850531_12z_f003_d01-4km_700mb_height_winds.png
render: /workspace/overlap/gallery/resident/arwen_wrf_19850531_12z_f003_d01-4km_700mb_rh_height_winds.png
render: /workspace/overlap/gallery/resident/arwen_wrf_19850531_12z_f003_d01-4km_700mb_temperature_height_winds.png
render: /workspace/overlap/gallery/resident/arwen_wrf_19850531_12z_f003_d01-4km_850mb_absolute_vorticity_height_winds.png
render: /workspace/overlap/gallery/resident/arwen_wrf_19850531_12z_f003_d01-4km_850mb_dewpoint_height_winds.png
render: /workspace/overlap/gallery/resident/arwen_wrf_19850531_12z_f003_d01-4km_850mb_height_winds.png
render: /workspace/overlap/gallery/resident/arwen_wrf_19850531_12z_f003_d01-4km_850mb_rh_height_winds.png
render: /workspace/overlap/gallery/resident/arwen_wrf_19850531_12z_f003_d01-4km_850mb_temperature_height_winds.png
render: /workspace/overlap/gallery/resident/arwen_wrf_19850531_12z_f003_d01-4km_cloud_cover_levels.png
render: /workspace/overlap/gallery/resident/arwen_wrf_19850531_12z_f003_d01-4km_composite_reflectivity.png
render: /workspace/overlap/gallery/resident/arwen_wrf_19850531_12z_f003_d01-4km_high_cloud_cover.png
render: /workspace/overlap/gallery/resident/arwen_wrf_19850531_12z_f003_d01-4km_low_cloud_cover.png
render: /workspace/overlap/gallery/resident/arwen_wrf_19850531_12z_f003_d01-4km_middle_cloud_cover.png
render: /workspace/overlap/gallery/resident/arwen_wrf_19850531_12z_f003_d01-4km_mslp_10m_winds.png
render: /workspace/overlap/gallery/resident/arwen_wrf_19850531_12z_f003_d01-4km_precipitable_water.png
render: /workspace/overlap/gallery/resident/arwen_wrf_19850531_12z_f003_d01-4km_terrain_height.png
render: /workspace/overlap/gallery/resident/arwen_wrf_19850531_12z_f003_d01-4km_total_qpf.png
render: /workspace/overlap/gallery/resident/arwen_wrf_19850531_12z_f003_d01-4km_bulk_shear_0_1km.png
render: /workspace/overlap/gallery/resident/arwen_wrf_19850531_12z_f003_d01-4km_bulk_shear_0_6km.png
render: /workspace/overlap/gallery/resident/arwen_wrf_19850531_12z_f003_d01-4km_ehi_0_1km.png
render: /workspace/overlap/gallery/resident/arwen_wrf_19850531_12z_f003_d01-4km_mlcape.png
render: /workspace/overlap/gallery/resident/arwen_wrf_19850531_12z_f003_d01-4km_mlcin.png
render: /workspace/overlap/gallery/resident/arwen_wrf_19850531_12z_f003_d01-4km_mucape.png
render: /workspace/overlap/gallery/resident/arwen_wrf_19850531_12z_f003_d01-4km_mucin.png
render: /workspace/overlap/gallery/resident/arwen_wrf_19850531_12z_f003_d01-4km_sbcape.png
render: /workspace/overlap/gallery/resident/arwen_wrf_19850531_12z_f003_d01-4km_sbcin.png
render: /workspace/overlap/gallery/resident/arwen_wrf_19850531_12z_f003_d01-4km_srh_0_1km.png
render: /workspace/overlap/gallery/resident/arwen_wrf_19850531_12z_f003_d01-4km_srh_0_3km.png
render: /workspace/overlap/gallery/resident/arwen_wrf_19850531_12z_f003_d01-4km_stp_fixed.png
render: /workspace/overlap/gallery/resident/arwen_wrf_19850531_12z_f003_d01-4km_var_absolute_vorticity_200hpa_b1db3fc3a769efc8.png
render: /workspace/overlap/gallery/resident/arwen_wrf_19850531_12z_f003_d01-4km_var_absolute_vorticity_250hpa_3a121a376e36e907.png
render: /workspace/overlap/gallery/resident/arwen_wrf_19850531_12z_f003_d01-4km_var_absolute_vorticity_300hpa_56671c8244667bb5.png
render: /workspace/overlap/gallery/resident/arwen_wrf_19850531_12z_f003_d01-4km_var_absolute_vorticity_500hpa_594efb4419113d77.png
render: /workspace/overlap/gallery/resident/arwen_wrf_19850531_12z_f003_d01-4km_var_absolute_vorticity_700hpa_b48d08020269a739.png
render: /workspace/overlap/gallery/resident/arwen_wrf_19850531_12z_f003_d01-4km_var_absolute_vorticity_850hpa_6fe27143ae67760d.png
render: /workspace/overlap/gallery/resident/arwen_wrf_19850531_12z_f003_d01-4km_var_dewpoint_200hpa_e23c7e49a9f485b5.png
render: /workspace/overlap/gallery/resident/arwen_wrf_19850531_12z_f003_d01-4km_var_dewpoint_250hpa_476283d54851a916.png
render: /workspace/overlap/gallery/resident/arwen_wrf_19850531_12z_f003_d01-4km_var_dewpoint_300hpa_3db0a18b0cf7f9c8.png
render: /workspace/overlap/gallery/resident/arwen_wrf_19850531_12z_f003_d01-4km_var_dewpoint_500hpa_f8e233843bff4eda.png
render: /workspace/overlap/gallery/resident/arwen_wrf_19850531_12z_f003_d01-4km_var_dewpoint_700hpa_ba9d6468f30b867c.png
render: /workspace/overlap/gallery/resident/arwen_wrf_19850531_12z_f003_d01-4km_var_dewpoint_850hpa_ef9cdcd12892d9e4.png
render: /workspace/overlap/gallery/resident/arwen_wrf_19850531_12z_f003_d01-4km_var_el_088e3607b5394344.png
render: /workspace/overlap/gallery/resident/arwen_wrf_19850531_12z_f003_d01-4km_var_geopotential_height_200hpa_f5df9ae462625fb6.png
render: /workspace/overlap/gallery/resident/arwen_wrf_19850531_12z_f003_d01-4km_var_geopotential_height_250hpa_941e9558c6e6b255.png
render: /workspace/overlap/gallery/resident/arwen_wrf_19850531_12z_f003_d01-4km_var_geopotential_height_300hpa_fad3e04127db6933.png
render: /workspace/overlap/gallery/resident/arwen_wrf_19850531_12z_f003_d01-4km_var_geopotential_height_500hpa_64a0a1e044e2cb09.png
render: /workspace/overlap/gallery/resident/arwen_wrf_19850531_12z_f003_d01-4km_var_geopotential_height_700hpa_38d0bbbc4b4b7e87.png
render: /workspace/overlap/gallery/resident/arwen_wrf_19850531_12z_f003_d01-4km_var_geopotential_height_850hpa_7b33d7dfda3896df.png
render: /workspace/overlap/gallery/resident/arwen_wrf_19850531_12z_f003_d01-4km_var_lcl_125e88191dbbb53c.png
render: /workspace/overlap/gallery/resident/arwen_wrf_19850531_12z_f003_d01-4km_var_lfc_126f87191dca26bc.png
render: /workspace/overlap/gallery/resident/arwen_wrf_19850531_12z_f003_d01-4km_var_mslp_a80f14a28b966515.png
render: /workspace/overlap/gallery/resident/arwen_wrf_19850531_12z_f003_d01-4km_var_relative_humidity_200hpa_ea06246fc3501541.png
render: /workspace/overlap/gallery/resident/arwen_wrf_19850531_12z_f003_d01-4km_var_relative_humidity_250hpa_48d4e2417248497a.png
render: /workspace/overlap/gallery/resident/arwen_wrf_19850531_12z_f003_d01-4km_var_relative_humidity_300hpa_7ed6bbef9a2178c4.png
render: /workspace/overlap/gallery/resident/arwen_wrf_19850531_12z_f003_d01-4km_var_relative_humidity_500hpa_0efa3e7b9515a32e.png
render: /workspace/overlap/gallery/resident/arwen_wrf_19850531_12z_f003_d01-4km_var_relative_humidity_700hpa_2ad20073d8fa76d0.png
render: /workspace/overlap/gallery/resident/arwen_wrf_19850531_12z_f003_d01-4km_var_relative_humidity_850hpa_d13fc7700133d2b8.png
render: /workspace/overlap/gallery/resident/arwen_wrf_19850531_12z_f003_d01-4km_var_scp_822687195ccfb219.png
render: /workspace/overlap/gallery/resident/arwen_wrf_19850531_12z_f003_d01-4km_var_stp_826e85195d0d6456.png
render: /workspace/overlap/gallery/resident/arwen_wrf_19850531_12z_f003_d01-4km_var_stp_effective_be117904c9dcfca4.png
render: /workspace/overlap/gallery/resident/arwen_wrf_19850531_12z_f003_d01-4km_var_surface_pressure_f4b142afe0b5981e.png
render: /workspace/overlap/gallery/resident/arwen_wrf_19850531_12z_f003_d01-4km_var_tehi_fa3be1ef19c462a5.png
render: /workspace/overlap/gallery/resident/arwen_wrf_19850531_12z_f003_d01-4km_var_temperature_200hpa_9b6245ef0527a187.png
render: /workspace/overlap/gallery/resident/arwen_wrf_19850531_12z_f003_d01-4km_var_temperature_250hpa_132b6b7b3e5aa848.png
render: /workspace/overlap/gallery/resident/arwen_wrf_19850531_12z_f003_d01-4km_var_temperature_300hpa_ac75e092dd6584aa.png
render: /workspace/overlap/gallery/resident/arwen_wrf_19850531_12z_f003_d01-4km_var_temperature_500hpa_731f8a6ae4102bd8.png
render: /workspace/overlap/gallery/resident/arwen_wrf_19850531_12z_f003_d01-4km_var_temperature_700hpa_587125171c3e82b6.png
render: /workspace/overlap/gallery/resident/arwen_wrf_19850531_12z_f003_d01-4km_var_temperature_850hpa_8e27464cb2538e4a.png
render: /workspace/overlap/gallery/resident/arwen_wrf_19850531_12z_f003_d01-4km_var_tts_571ebf194484c992.png
render: /workspace/overlap/gallery/resident/arwen_wrf_19850531_12z_f003_d01-4km_var_u_10m_ea07f3de980021c3.png
render: /workspace/overlap/gallery/resident/arwen_wrf_19850531_12z_f003_d01-4km_var_u_wind_200hpa_fcf1a167361842bd.png
render: /workspace/overlap/gallery/resident/arwen_wrf_19850531_12z_f003_d01-4km_var_u_wind_250hpa_f877c3cf6ddec9de.png
render: /workspace/overlap/gallery/resident/arwen_wrf_19850531_12z_f003_d01-4km_var_u_wind_300hpa_1b13e8e75a54ce50.png
render: /workspace/overlap/gallery/resident/arwen_wrf_19850531_12z_f003_d01-4km_var_u_wind_500hpa_ffa2a5a59116ad22.png
render: /workspace/overlap/gallery/resident/arwen_wrf_19850531_12z_f003_d01-4km_var_u_wind_700hpa_6f18a4631b7bd044.png
render: /workspace/overlap/gallery/resident/arwen_wrf_19850531_12z_f003_d01-4km_var_u_wind_850hpa_fe698cb21f861f9c.png
render: /workspace/overlap/gallery/resident/arwen_wrf_19850531_12z_f003_d01-4km_var_uhel_31a1f5e468c6a3e1.png
render: /workspace/overlap/gallery/resident/arwen_wrf_19850531_12z_f003_d01-4km_var_v_10m_c94425fd4e8e0502.png
render: /workspace/overlap/gallery/resident/arwen_wrf_19850531_12z_f003_d01-4km_var_v_wind_200hpa_9cdbf45a49e5350c.png
render: /workspace/overlap/gallery/resident/arwen_wrf_19850531_12z_f003_d01-4km_var_v_wind_250hpa_a6c856844d676753.png
render: /workspace/overlap/gallery/resident/arwen_wrf_19850531_12z_f003_d01-4km_var_v_wind_300hpa_f6981320d1f22549.png
render: /workspace/overlap/gallery/resident/arwen_wrf_19850531_12z_f003_d01-4km_var_v_wind_500hpa_e351517cccedcb73.png
render: /workspace/overlap/gallery/resident/arwen_wrf_19850531_12z_f003_d01-4km_var_v_wind_700hpa_c1d012661baac9c5.png
render: /workspace/overlap/gallery/resident/arwen_wrf_19850531_12z_f003_d01-4km_var_v_wind_850hpa_e1246a703b9b2ff9.png
render: /workspace/overlap/gallery/resident/arwen_wrf_19850531_12z_f003_d01-4km_var_vtp_mod_bfe45d7654882542.png
render: /workspace/overlap/gallery/resident/arwen_wrf_19850531_12z_f003_d01-4km_var_wind_speed_10m_d179d57f04f656b0.png
render: /workspace/overlap/gallery/resident/arwen_wrf_19850531_12z_f003_d01-4km_var_wrf_bri_46afc890712e0d5e.png
render: /workspace/overlap/gallery/resident/arwen_wrf_19850531_12z_f003_d01-4km_var_wrf_bulk_shear_93d74c8c202122f5.png
render: /workspace/overlap/gallery/resident/arwen_wrf_19850531_12z_f003_d01-4km_var_wrf_bunkers_lm_u_88e73ee46b3e4a43.png
render: /workspace/overlap/gallery/resident/arwen_wrf_19850531_12z_f003_d01-4km_var_wrf_bunkers_lm_v_88e73fe46b3e4bf6.png
render: /workspace/overlap/gallery/resident/arwen_wrf_19850531_12z_f003_d01-4km_var_wrf_bunkers_rm_u_745ae79d0f2aef45.png
render: /workspace/overlap/gallery/resident/arwen_wrf_19850531_12z_f003_d01-4km_var_wrf_bunkers_rm_v_745ae49d0f2aea2c.png
render: /workspace/overlap/gallery/resident/arwen_wrf_19850531_12z_f003_d01-4km_var_wrf_cape_90b7f96a30cd53e4.png
render: /workspace/overlap/gallery/resident/arwen_wrf_19850531_12z_f003_d01-4km_var_wrf_cin_3fa8c2906da9f6cf.png
render: /workspace/overlap/gallery/resident/arwen_wrf_19850531_12z_f003_d01-4km_var_wrf_cloudfrac_high_3576381eedee0bfd.png
render: /workspace/overlap/gallery/resident/arwen_wrf_19850531_12z_f003_d01-4km_var_wrf_cloudfrac_low_482fc344413db021.png
render: /workspace/overlap/gallery/resident/arwen_wrf_19850531_12z_f003_d01-4km_var_wrf_cloudfrac_mid_41397d443dc7a005.png
render: /workspace/overlap/gallery/resident/arwen_wrf_19850531_12z_f003_d01-4km_var_wrf_critical_angle_d4d8c66a5f8e84ae.png
render: /workspace/overlap/gallery/resident/arwen_wrf_19850531_12z_f003_d01-4km_var_wrf_ctt_3f60b6906d6c2cc8.png
render: /workspace/overlap/gallery/resident/arwen_wrf_19850531_12z_f003_d01-4km_var_wrf_dp2m_dc0ef6a0890b3f0e.png
render: /workspace/overlap/gallery/resident/arwen_wrf_19850531_12z_f003_d01-4km_var_wrf_ebwd_df6a1399b1437f83.png
render: /workspace/overlap/gallery/resident/arwen_wrf_19850531_12z_f003_d01-4km_var_wrf_effective_cape_7c5ae41577952ac6.png
render: /workspace/overlap/gallery/resident/arwen_wrf_19850531_12z_f003_d01-4km_var_wrf_effective_inflow_base_79e44e3edcd958e6.png
render: /workspace/overlap/gallery/resident/arwen_wrf_19850531_12z_f003_d01-4km_var_wrf_effective_inflow_top_69446889130147b2.png
render: /workspace/overlap/gallery/resident/arwen_wrf_19850531_12z_f003_d01-4km_var_wrf_effective_srh_adf0f5c90809e334.png
render: /workspace/overlap/gallery/resident/arwen_wrf_19850531_12z_f003_d01-4km_var_wrf_fosberg_8084008d3684e357.png
render: /workspace/overlap/gallery/resident/arwen_wrf_19850531_12z_f003_d01-4km_var_wrf_freezing_level_0d301d77935aca7e.png
render: /workspace/overlap/gallery/resident/arwen_wrf_19850531_12z_f003_d01-4km_var_wrf_glw_60544d907f9bb585.png
render: /workspace/overlap/gallery/resident/arwen_wrf_19850531_12z_f003_d01-4km_var_wrf_graupelnc_8de600a969b66dde.png
render: /workspace/overlap/gallery/resident/arwen_wrf_19850531_12z_f003_d01-4km_var_wrf_haines_9744ab052ac52367.png
render: /workspace/overlap/gallery/resident/arwen_wrf_19850531_12z_f003_d01-4km_var_wrf_hdw_9d2c7c90a220ed78.png
render: /workspace/overlap/gallery/resident/arwen_wrf_19850531_12z_f003_d01-4km_var_wrf_hfx_9d337790a22703a7.png
render: /workspace/overlap/gallery/resident/arwen_wrf_19850531_12z_f003_d01-4km_var_wrf_lapse_rate_5dd421d535e12657.png
render: /workspace/overlap/gallery/resident/arwen_wrf_19850531_12z_f003_d01-4km_var_wrf_lapse_rate_0_3km_aaf01ae4d79a1cb2.png
render: /workspace/overlap/gallery/resident/arwen_wrf_19850531_12z_f003_d01-4km_var_wrf_lapse_rate_700_500_1bea7344f5089aa9.png
render: /workspace/overlap/gallery/resident/arwen_wrf_19850531_12z_f003_d01-4km_var_wrf_lh_1274959c4965429f.png
render: /workspace/overlap/gallery/resident/arwen_wrf_19850531_12z_f003_d01-4km_var_wrf_mean_wind_0_6km_1_fa30e91bbafba84b.png
render: /workspace/overlap/gallery/resident/arwen_wrf_19850531_12z_f003_d01-4km_var_wrf_mean_wind_0_6km_2_fa30ea1bbafba9fe.png
render: /workspace/overlap/gallery/resident/arwen_wrf_19850531_12z_f003_d01-4km_var_wrf_mean_wind_1_6a5c05f508619b2d.png
render: /workspace/overlap/gallery/resident/arwen_wrf_19850531_12z_f003_d01-4km_var_wrf_mean_wind_2_6a5c02f508619614.png
render: /workspace/overlap/gallery/resident/arwen_wrf_19850531_12z_f003_d01-4km_var_wrf_pblh_f7f124fa24c7224d.png
render: /workspace/overlap/gallery/resident/arwen_wrf_19850531_12z_f003_d01-4km_var_wrf_pw_1214aa9c49131eca.png
render: /workspace/overlap/gallery/resident/arwen_wrf_19850531_12z_f003_d01-4km_var_wrf_rh2m_6cd805ed454d060c.png
render: /workspace/overlap/gallery/resident/arwen_wrf_19850531_12z_f003_d01-4km_var_wrf_ship_4e45f8e1418974e9.png
render: /workspace/overlap/gallery/resident/arwen_wrf_19850531_12z_f003_d01-4km_var_wrf_slp_b28e1a901d0735fc.png
render: /workspace/overlap/gallery/resident/arwen_wrf_19850531_12z_f003_d01-4km_var_wrf_snownc_90d2ef2498774733.png
render: /workspace/overlap/gallery/resident/arwen_wrf_19850531_12z_f003_d01-4km_var_wrf_srh_b2a336901d19c19a.png
render: /workspace/overlap/gallery/resident/arwen_wrf_19850531_12z_f003_d01-4km_var_wrf_swdown_0cfcc0d984b0a765.png
render: /workspace/overlap/gallery/resident/arwen_wrf_19850531_12z_f003_d01-4km_var_wrf_t2_1222df9c491fb635.png
render: /workspace/overlap/gallery/resident/arwen_wrf_19850531_12z_f003_d01-4km_var_wrf_terrain_eb420571ec25921c.png
render: /workspace/overlap/gallery/resident/arwen_wrf_19850531_12z_f003_d01-4km_var_wrf_tsk_f01b2c904026c42b.png
render: /workspace/overlap/gallery/resident/arwen_wrf_19850531_12z_f003_d01-4km_var_wrf_tv2m_0b19801cf3468b64.png
render: /workspace/overlap/gallery/resident/arwen_wrf_19850531_12z_f003_d01-4km_var_wrf_uvmet10_u_7d01fb19f50d0a1b.png
render: /workspace/overlap/gallery/resident/arwen_wrf_19850531_12z_f003_d01-4km_var_wrf_uvmet10_v_7d01fc19f50d0bce.png
render: /workspace/overlap/gallery/resident/arwen_wrf_19850531_12z_f003_d01-4km_var_wrf_wdir10_78c88222331d69b2.png
render: /workspace/overlap/gallery/resident/arwen_wrf_19850531_12z_f003_d01-4km_var_wrf_wet_bulb_0_f87a3f96b832fdda.png
render: /workspace/overlap/gallery/resident/arwen_wrf_19850531_12z_f003_d01-4km_var_wrf_wspd10_6028b79d4d401ab8.png
render: /workspace/overlap/gallery/resident/arwen_wrf_19850531_12z_f004_d01-4km_10m_wind_speed_and_direction.png
render: /workspace/overlap/gallery/resident/arwen_wrf_19850531_12z_f004_d01-4km_1km_reflectivity.png
render: /workspace/overlap/gallery/resident/arwen_wrf_19850531_12z_f004_d01-4km_200mb_absolute_vorticity_height_winds.png
render: /workspace/overlap/gallery/resident/arwen_wrf_19850531_12z_f004_d01-4km_200mb_height_winds.png
render: /workspace/overlap/gallery/resident/arwen_wrf_19850531_12z_f004_d01-4km_200mb_rh_height_winds.png
render: /workspace/overlap/gallery/resident/arwen_wrf_19850531_12z_f004_d01-4km_200mb_temperature_height_winds.png
render: /workspace/overlap/gallery/resident/arwen_wrf_19850531_12z_f004_d01-4km_250mb_height_winds.png
render: /workspace/overlap/gallery/resident/arwen_wrf_19850531_12z_f004_d01-4km_250mb_temperature_height_winds.png
render: /workspace/overlap/gallery/resident/arwen_wrf_19850531_12z_f004_d01-4km_2m_dewpoint.png
render: /workspace/overlap/gallery/resident/arwen_wrf_19850531_12z_f004_d01-4km_2m_dewpoint_10m_winds.png
render: /workspace/overlap/gallery/resident/arwen_wrf_19850531_12z_f004_d01-4km_2m_relative_humidity.png
render: /workspace/overlap/gallery/resident/arwen_wrf_19850531_12z_f004_d01-4km_2m_relative_humidity_10m_winds.png
render: /workspace/overlap/gallery/resident/arwen_wrf_19850531_12z_f004_d01-4km_2m_temperature.png
render: /workspace/overlap/gallery/resident/arwen_wrf_19850531_12z_f004_d01-4km_2m_temperature_10m_winds.png
render: /workspace/overlap/gallery/resident/arwen_wrf_19850531_12z_f004_d01-4km_300mb_absolute_vorticity_height_winds.png
render: /workspace/overlap/gallery/resident/arwen_wrf_19850531_12z_f004_d01-4km_300mb_height_winds.png
render: /workspace/overlap/gallery/resident/arwen_wrf_19850531_12z_f004_d01-4km_300mb_rh_height_winds.png
render: /workspace/overlap/gallery/resident/arwen_wrf_19850531_12z_f004_d01-4km_300mb_temperature_height_winds.png
render: /workspace/overlap/gallery/resident/arwen_wrf_19850531_12z_f004_d01-4km_500mb_absolute_vorticity_height_winds.png
render: /workspace/overlap/gallery/resident/arwen_wrf_19850531_12z_f004_d01-4km_500mb_height_winds.png
render: /workspace/overlap/gallery/resident/arwen_wrf_19850531_12z_f004_d01-4km_500mb_rh_height_winds.png
render: /workspace/overlap/gallery/resident/arwen_wrf_19850531_12z_f004_d01-4km_500mb_temperature_height_winds.png
render: /workspace/overlap/gallery/resident/arwen_wrf_19850531_12z_f004_d01-4km_700mb_absolute_vorticity_height_winds.png
render: /workspace/overlap/gallery/resident/arwen_wrf_19850531_12z_f004_d01-4km_700mb_dewpoint_height_winds.png
render: /workspace/overlap/gallery/resident/arwen_wrf_19850531_12z_f004_d01-4km_700mb_height_winds.png
render: /workspace/overlap/gallery/resident/arwen_wrf_19850531_12z_f004_d01-4km_700mb_rh_height_winds.png
render: /workspace/overlap/gallery/resident/arwen_wrf_19850531_12z_f004_d01-4km_700mb_temperature_height_winds.png
render: /workspace/overlap/gallery/resident/arwen_wrf_19850531_12z_f004_d01-4km_850mb_absolute_vorticity_height_winds.png
render: /workspace/overlap/gallery/resident/arwen_wrf_19850531_12z_f004_d01-4km_850mb_dewpoint_height_winds.png
render: /workspace/overlap/gallery/resident/arwen_wrf_19850531_12z_f004_d01-4km_850mb_height_winds.png
render: /workspace/overlap/gallery/resident/arwen_wrf_19850531_12z_f004_d01-4km_850mb_rh_height_winds.png
render: /workspace/overlap/gallery/resident/arwen_wrf_19850531_12z_f004_d01-4km_850mb_temperature_height_winds.png
render: /workspace/overlap/gallery/resident/arwen_wrf_19850531_12z_f004_d01-4km_cloud_cover_levels.png
render: /workspace/overlap/gallery/resident/arwen_wrf_19850531_12z_f004_d01-4km_composite_reflectivity.png
render: /workspace/overlap/gallery/resident/arwen_wrf_19850531_12z_f004_d01-4km_high_cloud_cover.png
render: /workspace/overlap/gallery/resident/arwen_wrf_19850531_12z_f004_d01-4km_low_cloud_cover.png
render: /workspace/overlap/gallery/resident/arwen_wrf_19850531_12z_f004_d01-4km_middle_cloud_cover.png
render: /workspace/overlap/gallery/resident/arwen_wrf_19850531_12z_f004_d01-4km_mslp_10m_winds.png
render: /workspace/overlap/gallery/resident/arwen_wrf_19850531_12z_f004_d01-4km_precipitable_water.png
render: /workspace/overlap/gallery/resident/arwen_wrf_19850531_12z_f004_d01-4km_terrain_height.png
render: /workspace/overlap/gallery/resident/arwen_wrf_19850531_12z_f004_d01-4km_total_qpf.png
render: /workspace/overlap/gallery/resident/arwen_wrf_19850531_12z_f004_d01-4km_bulk_shear_0_1km.png
render: /workspace/overlap/gallery/resident/arwen_wrf_19850531_12z_f004_d01-4km_bulk_shear_0_6km.png
render: /workspace/overlap/gallery/resident/arwen_wrf_19850531_12z_f004_d01-4km_ehi_0_1km.png
render: /workspace/overlap/gallery/resident/arwen_wrf_19850531_12z_f004_d01-4km_mlcape.png
render: /workspace/overlap/gallery/resident/arwen_wrf_19850531_12z_f004_d01-4km_mlcin.png
render: /workspace/overlap/gallery/resident/arwen_wrf_19850531_12z_f004_d01-4km_mucape.png
render: /workspace/overlap/gallery/resident/arwen_wrf_19850531_12z_f004_d01-4km_mucin.png
render: /workspace/overlap/gallery/resident/arwen_wrf_19850531_12z_f004_d01-4km_sbcape.png
render: /workspace/overlap/gallery/resident/arwen_wrf_19850531_12z_f004_d01-4km_sbcin.png
render: /workspace/overlap/gallery/resident/arwen_wrf_19850531_12z_f004_d01-4km_srh_0_1km.png
render: /workspace/overlap/gallery/resident/arwen_wrf_19850531_12z_f004_d01-4km_srh_0_3km.png
render: /workspace/overlap/gallery/resident/arwen_wrf_19850531_12z_f004_d01-4km_stp_fixed.png
render: /workspace/overlap/gallery/resident/arwen_wrf_19850531_12z_f004_d01-4km_var_absolute_vorticity_200hpa_b1db3fc3a769efc8.png
render: /workspace/overlap/gallery/resident/arwen_wrf_19850531_12z_f004_d01-4km_var_absolute_vorticity_250hpa_3a121a376e36e907.png
render: /workspace/overlap/gallery/resident/arwen_wrf_19850531_12z_f004_d01-4km_var_absolute_vorticity_300hpa_56671c8244667bb5.png
render: /workspace/overlap/gallery/resident/arwen_wrf_19850531_12z_f004_d01-4km_var_absolute_vorticity_500hpa_594efb4419113d77.png
render: /workspace/overlap/gallery/resident/arwen_wrf_19850531_12z_f004_d01-4km_var_absolute_vorticity_700hpa_b48d08020269a739.png
render: /workspace/overlap/gallery/resident/arwen_wrf_19850531_12z_f004_d01-4km_var_absolute_vorticity_850hpa_6fe27143ae67760d.png
render: /workspace/overlap/gallery/resident/arwen_wrf_19850531_12z_f004_d01-4km_var_dewpoint_200hpa_e23c7e49a9f485b5.png
render: /workspace/overlap/gallery/resident/arwen_wrf_19850531_12z_f004_d01-4km_var_dewpoint_250hpa_476283d54851a916.png
render: /workspace/overlap/gallery/resident/arwen_wrf_19850531_12z_f004_d01-4km_var_dewpoint_300hpa_3db0a18b0cf7f9c8.png
render: /workspace/overlap/gallery/resident/arwen_wrf_19850531_12z_f004_d01-4km_var_dewpoint_500hpa_f8e233843bff4eda.png
render: /workspace/overlap/gallery/resident/arwen_wrf_19850531_12z_f004_d01-4km_var_dewpoint_700hpa_ba9d6468f30b867c.png
render: /workspace/overlap/gallery/resident/arwen_wrf_19850531_12z_f004_d01-4km_var_dewpoint_850hpa_ef9cdcd12892d9e4.png
render: /workspace/overlap/gallery/resident/arwen_wrf_19850531_12z_f004_d01-4km_var_el_088e3607b5394344.png
render: /workspace/overlap/gallery/resident/arwen_wrf_19850531_12z_f004_d01-4km_var_geopotential_height_200hpa_f5df9ae462625fb6.png
render: /workspace/overlap/gallery/resident/arwen_wrf_19850531_12z_f004_d01-4km_var_geopotential_height_250hpa_941e9558c6e6b255.png
render: /workspace/overlap/gallery/resident/arwen_wrf_19850531_12z_f004_d01-4km_var_geopotential_height_300hpa_fad3e04127db6933.png
render: /workspace/overlap/gallery/resident/arwen_wrf_19850531_12z_f004_d01-4km_var_geopotential_height_500hpa_64a0a1e044e2cb09.png
render: /workspace/overlap/gallery/resident/arwen_wrf_19850531_12z_f004_d01-4km_var_geopotential_height_700hpa_38d0bbbc4b4b7e87.png
render: /workspace/overlap/gallery/resident/arwen_wrf_19850531_12z_f004_d01-4km_var_geopotential_height_850hpa_7b33d7dfda3896df.png
render: /workspace/overlap/gallery/resident/arwen_wrf_19850531_12z_f004_d01-4km_var_lcl_125e88191dbbb53c.png
render: /workspace/overlap/gallery/resident/arwen_wrf_19850531_12z_f004_d01-4km_var_lfc_126f87191dca26bc.png
render: /workspace/overlap/gallery/resident/arwen_wrf_19850531_12z_f004_d01-4km_var_mslp_a80f14a28b966515.png
render: /workspace/overlap/gallery/resident/arwen_wrf_19850531_12z_f004_d01-4km_var_relative_humidity_200hpa_ea06246fc3501541.png
render: /workspace/overlap/gallery/resident/arwen_wrf_19850531_12z_f004_d01-4km_var_relative_humidity_250hpa_48d4e2417248497a.png
render: /workspace/overlap/gallery/resident/arwen_wrf_19850531_12z_f004_d01-4km_var_relative_humidity_300hpa_7ed6bbef9a2178c4.png
render: /workspace/overlap/gallery/resident/arwen_wrf_19850531_12z_f004_d01-4km_var_relative_humidity_500hpa_0efa3e7b9515a32e.png
render: /workspace/overlap/gallery/resident/arwen_wrf_19850531_12z_f004_d01-4km_var_relative_humidity_700hpa_2ad20073d8fa76d0.png
render: /workspace/overlap/gallery/resident/arwen_wrf_19850531_12z_f004_d01-4km_var_relative_humidity_850hpa_d13fc7700133d2b8.png
render: /workspace/overlap/gallery/resident/arwen_wrf_19850531_12z_f004_d01-4km_var_scp_822687195ccfb219.png
render: /workspace/overlap/gallery/resident/arwen_wrf_19850531_12z_f004_d01-4km_var_stp_826e85195d0d6456.png
render: /workspace/overlap/gallery/resident/arwen_wrf_19850531_12z_f004_d01-4km_var_stp_effective_be117904c9dcfca4.png
render: /workspace/overlap/gallery/resident/arwen_wrf_19850531_12z_f004_d01-4km_var_surface_pressure_f4b142afe0b5981e.png
render: /workspace/overlap/gallery/resident/arwen_wrf_19850531_12z_f004_d01-4km_var_tehi_fa3be1ef19c462a5.png
render: /workspace/overlap/gallery/resident/arwen_wrf_19850531_12z_f004_d01-4km_var_temperature_200hpa_9b6245ef0527a187.png
render: /workspace/overlap/gallery/resident/arwen_wrf_19850531_12z_f004_d01-4km_var_temperature_250hpa_132b6b7b3e5aa848.png
render: /workspace/overlap/gallery/resident/arwen_wrf_19850531_12z_f004_d01-4km_var_temperature_300hpa_ac75e092dd6584aa.png
render: /workspace/overlap/gallery/resident/arwen_wrf_19850531_12z_f004_d01-4km_var_temperature_500hpa_731f8a6ae4102bd8.png
render: /workspace/overlap/gallery/resident/arwen_wrf_19850531_12z_f004_d01-4km_var_temperature_700hpa_587125171c3e82b6.png
render: /workspace/overlap/gallery/resident/arwen_wrf_19850531_12z_f004_d01-4km_var_temperature_850hpa_8e27464cb2538e4a.png
render: /workspace/overlap/gallery/resident/arwen_wrf_19850531_12z_f004_d01-4km_var_tts_571ebf194484c992.png
render: /workspace/overlap/gallery/resident/arwen_wrf_19850531_12z_f004_d01-4km_var_u_10m_ea07f3de980021c3.png
render: /workspace/overlap/gallery/resident/arwen_wrf_19850531_12z_f004_d01-4km_var_u_wind_200hpa_fcf1a167361842bd.png
render: /workspace/overlap/gallery/resident/arwen_wrf_19850531_12z_f004_d01-4km_var_u_wind_250hpa_f877c3cf6ddec9de.png
render: /workspace/overlap/gallery/resident/arwen_wrf_19850531_12z_f004_d01-4km_var_u_wind_300hpa_1b13e8e75a54ce50.png
render: /workspace/overlap/gallery/resident/arwen_wrf_19850531_12z_f004_d01-4km_var_u_wind_500hpa_ffa2a5a59116ad22.png
render: /workspace/overlap/gallery/resident/arwen_wrf_19850531_12z_f004_d01-4km_var_u_wind_700hpa_6f18a4631b7bd044.png
render: /workspace/overlap/gallery/resident/arwen_wrf_19850531_12z_f004_d01-4km_var_u_wind_850hpa_fe698cb21f861f9c.png
render: /workspace/overlap/gallery/resident/arwen_wrf_19850531_12z_f004_d01-4km_var_uhel_31a1f5e468c6a3e1.png
render: /workspace/overlap/gallery/resident/arwen_wrf_19850531_12z_f004_d01-4km_var_v_10m_c94425fd4e8e0502.png
render: /workspace/overlap/gallery/resident/arwen_wrf_19850531_12z_f004_d01-4km_var_v_wind_200hpa_9cdbf45a49e5350c.png
render: /workspace/overlap/gallery/resident/arwen_wrf_19850531_12z_f004_d01-4km_var_v_wind_250hpa_a6c856844d676753.png
render: /workspace/overlap/gallery/resident/arwen_wrf_19850531_12z_f004_d01-4km_var_v_wind_300hpa_f6981320d1f22549.png
render: /workspace/overlap/gallery/resident/arwen_wrf_19850531_12z_f004_d01-4km_var_v_wind_500hpa_e351517cccedcb73.png
render: /workspace/overlap/gallery/resident/arwen_wrf_19850531_12z_f004_d01-4km_var_v_wind_700hpa_c1d012661baac9c5.png
render: /workspace/overlap/gallery/resident/arwen_wrf_19850531_12z_f004_d01-4km_var_v_wind_850hpa_e1246a703b9b2ff9.png
render: /workspace/overlap/gallery/resident/arwen_wrf_19850531_12z_f004_d01-4km_var_vtp_mod_bfe45d7654882542.png
render: /workspace/overlap/gallery/resident/arwen_wrf_19850531_12z_f004_d01-4km_var_wind_speed_10m_d179d57f04f656b0.png
render: /workspace/overlap/gallery/resident/arwen_wrf_19850531_12z_f004_d01-4km_var_wrf_bri_46afc890712e0d5e.png
render: /workspace/overlap/gallery/resident/arwen_wrf_19850531_12z_f004_d01-4km_var_wrf_bulk_shear_93d74c8c202122f5.png
render: /workspace/overlap/gallery/resident/arwen_wrf_19850531_12z_f004_d01-4km_var_wrf_bunkers_lm_u_88e73ee46b3e4a43.png
render: /workspace/overlap/gallery/resident/arwen_wrf_19850531_12z_f004_d01-4km_var_wrf_bunkers_lm_v_88e73fe46b3e4bf6.png
render: /workspace/overlap/gallery/resident/arwen_wrf_19850531_12z_f004_d01-4km_var_wrf_bunkers_rm_u_745ae79d0f2aef45.png
render: /workspace/overlap/gallery/resident/arwen_wrf_19850531_12z_f004_d01-4km_var_wrf_bunkers_rm_v_745ae49d0f2aea2c.png
render: /workspace/overlap/gallery/resident/arwen_wrf_19850531_12z_f004_d01-4km_var_wrf_cape_90b7f96a30cd53e4.png
render: /workspace/overlap/gallery/resident/arwen_wrf_19850531_12z_f004_d01-4km_var_wrf_cin_3fa8c2906da9f6cf.png
render: /workspace/overlap/gallery/resident/arwen_wrf_19850531_12z_f004_d01-4km_var_wrf_cloudfrac_high_3576381eedee0bfd.png
render: /workspace/overlap/gallery/resident/arwen_wrf_19850531_12z_f004_d01-4km_var_wrf_cloudfrac_low_482fc344413db021.png
render: /workspace/overlap/gallery/resident/arwen_wrf_19850531_12z_f004_d01-4km_var_wrf_cloudfrac_mid_41397d443dc7a005.png
render: /workspace/overlap/gallery/resident/arwen_wrf_19850531_12z_f004_d01-4km_var_wrf_critical_angle_d4d8c66a5f8e84ae.png
render: /workspace/overlap/gallery/resident/arwen_wrf_19850531_12z_f004_d01-4km_var_wrf_ctt_3f60b6906d6c2cc8.png
render: /workspace/overlap/gallery/resident/arwen_wrf_19850531_12z_f004_d01-4km_var_wrf_dp2m_dc0ef6a0890b3f0e.png
render: /workspace/overlap/gallery/resident/arwen_wrf_19850531_12z_f004_d01-4km_var_wrf_ebwd_df6a1399b1437f83.png
render: /workspace/overlap/gallery/resident/arwen_wrf_19850531_12z_f004_d01-4km_var_wrf_effective_cape_7c5ae41577952ac6.png
render: /workspace/overlap/gallery/resident/arwen_wrf_19850531_12z_f004_d01-4km_var_wrf_effective_inflow_base_79e44e3edcd958e6.png
render: /workspace/overlap/gallery/resident/arwen_wrf_19850531_12z_f004_d01-4km_var_wrf_effective_inflow_top_69446889130147b2.png
render: /workspace/overlap/gallery/resident/arwen_wrf_19850531_12z_f004_d01-4km_var_wrf_effective_srh_adf0f5c90809e334.png
render: /workspace/overlap/gallery/resident/arwen_wrf_19850531_12z_f004_d01-4km_var_wrf_fosberg_8084008d3684e357.png
render: /workspace/overlap/gallery/resident/arwen_wrf_19850531_12z_f004_d01-4km_var_wrf_freezing_level_0d301d77935aca7e.png
render: /workspace/overlap/gallery/resident/arwen_wrf_19850531_12z_f004_d01-4km_var_wrf_glw_60544d907f9bb585.png
render: /workspace/overlap/gallery/resident/arwen_wrf_19850531_12z_f004_d01-4km_var_wrf_graupelnc_8de600a969b66dde.png
render: /workspace/overlap/gallery/resident/arwen_wrf_19850531_12z_f004_d01-4km_var_wrf_haines_9744ab052ac52367.png
render: /workspace/overlap/gallery/resident/arwen_wrf_19850531_12z_f004_d01-4km_var_wrf_hdw_9d2c7c90a220ed78.png
render: /workspace/overlap/gallery/resident/arwen_wrf_19850531_12z_f004_d01-4km_var_wrf_hfx_9d337790a22703a7.png
render: /workspace/overlap/gallery/resident/arwen_wrf_19850531_12z_f004_d01-4km_var_wrf_lapse_rate_5dd421d535e12657.png
render: /workspace/overlap/gallery/resident/arwen_wrf_19850531_12z_f004_d01-4km_var_wrf_lapse_rate_0_3km_aaf01ae4d79a1cb2.png
render: /workspace/overlap/gallery/resident/arwen_wrf_19850531_12z_f004_d01-4km_var_wrf_lapse_rate_700_500_1bea7344f5089aa9.png
render: /workspace/overlap/gallery/resident/arwen_wrf_19850531_12z_f004_d01-4km_var_wrf_lh_1274959c4965429f.png
render: /workspace/overlap/gallery/resident/arwen_wrf_19850531_12z_f004_d01-4km_var_wrf_mean_wind_0_6km_1_fa30e91bbafba84b.png
render: /workspace/overlap/gallery/resident/arwen_wrf_19850531_12z_f004_d01-4km_var_wrf_mean_wind_0_6km_2_fa30ea1bbafba9fe.png
render: /workspace/overlap/gallery/resident/arwen_wrf_19850531_12z_f004_d01-4km_var_wrf_mean_wind_1_6a5c05f508619b2d.png
render: /workspace/overlap/gallery/resident/arwen_wrf_19850531_12z_f004_d01-4km_var_wrf_mean_wind_2_6a5c02f508619614.png
render: /workspace/overlap/gallery/resident/arwen_wrf_19850531_12z_f004_d01-4km_var_wrf_pblh_f7f124fa24c7224d.png
render: /workspace/overlap/gallery/resident/arwen_wrf_19850531_12z_f004_d01-4km_var_wrf_pw_1214aa9c49131eca.png
render: /workspace/overlap/gallery/resident/arwen_wrf_19850531_12z_f004_d01-4km_var_wrf_rh2m_6cd805ed454d060c.png
render: /workspace/overlap/gallery/resident/arwen_wrf_19850531_12z_f004_d01-4km_var_wrf_ship_4e45f8e1418974e9.png
render: /workspace/overlap/gallery/resident/arwen_wrf_19850531_12z_f004_d01-4km_var_wrf_slp_b28e1a901d0735fc.png
render: /workspace/overlap/gallery/resident/arwen_wrf_19850531_12z_f004_d01-4km_var_wrf_snownc_90d2ef2498774733.png
render: /workspace/overlap/gallery/resident/arwen_wrf_19850531_12z_f004_d01-4km_var_wrf_srh_b2a336901d19c19a.png
render: /workspace/overlap/gallery/resident/arwen_wrf_19850531_12z_f004_d01-4km_var_wrf_swdown_0cfcc0d984b0a765.png
render: /workspace/overlap/gallery/resident/arwen_wrf_19850531_12z_f004_d01-4km_var_wrf_t2_1222df9c491fb635.png
render: /workspace/overlap/gallery/resident/arwen_wrf_19850531_12z_f004_d01-4km_var_wrf_terrain_eb420571ec25921c.png
render: /workspace/overlap/gallery/resident/arwen_wrf_19850531_12z_f004_d01-4km_var_wrf_tsk_f01b2c904026c42b.png
render: /workspace/overlap/gallery/resident/arwen_wrf_19850531_12z_f004_d01-4km_var_wrf_tv2m_0b19801cf3468b64.png
render: /workspace/overlap/gallery/resident/arwen_wrf_19850531_12z_f004_d01-4km_var_wrf_uvmet10_u_7d01fb19f50d0a1b.png
render: /workspace/overlap/gallery/resident/arwen_wrf_19850531_12z_f004_d01-4km_var_wrf_uvmet10_v_7d01fc19f50d0bce.png
render: /workspace/overlap/gallery/resident/arwen_wrf_19850531_12z_f004_d01-4km_var_wrf_wdir10_78c88222331d69b2.png
render: /workspace/overlap/gallery/resident/arwen_wrf_19850531_12z_f004_d01-4km_var_wrf_wet_bulb_0_f87a3f96b832fdda.png
render: /workspace/overlap/gallery/resident/arwen_wrf_19850531_12z_f004_d01-4km_var_wrf_wspd10_6028b79d4d401ab8.png
render: /workspace/overlap/gallery/resident/arwen_wrf_19850531_12z_f005_d01-4km_10m_wind_speed_and_direction.png
render: /workspace/overlap/gallery/resident/arwen_wrf_19850531_12z_f005_d01-4km_1km_reflectivity.png
render: /workspace/overlap/gallery/resident/arwen_wrf_19850531_12z_f005_d01-4km_200mb_absolute_vorticity_height_winds.png
render: /workspace/overlap/gallery/resident/arwen_wrf_19850531_12z_f005_d01-4km_200mb_height_winds.png
render: /workspace/overlap/gallery/resident/arwen_wrf_19850531_12z_f005_d01-4km_200mb_rh_height_winds.png
render: /workspace/overlap/gallery/resident/arwen_wrf_19850531_12z_f005_d01-4km_200mb_temperature_height_winds.png
render: /workspace/overlap/gallery/resident/arwen_wrf_19850531_12z_f005_d01-4km_250mb_height_winds.png
render: /workspace/overlap/gallery/resident/arwen_wrf_19850531_12z_f005_d01-4km_250mb_temperature_height_winds.png
render: /workspace/overlap/gallery/resident/arwen_wrf_19850531_12z_f005_d01-4km_2m_dewpoint.png
render: /workspace/overlap/gallery/resident/arwen_wrf_19850531_12z_f005_d01-4km_2m_dewpoint_10m_winds.png
render: /workspace/overlap/gallery/resident/arwen_wrf_19850531_12z_f005_d01-4km_2m_relative_humidity.png
render: /workspace/overlap/gallery/resident/arwen_wrf_19850531_12z_f005_d01-4km_2m_relative_humidity_10m_winds.png
render: /workspace/overlap/gallery/resident/arwen_wrf_19850531_12z_f005_d01-4km_2m_temperature.png
render: /workspace/overlap/gallery/resident/arwen_wrf_19850531_12z_f005_d01-4km_2m_temperature_10m_winds.png
render: /workspace/overlap/gallery/resident/arwen_wrf_19850531_12z_f005_d01-4km_300mb_absolute_vorticity_height_winds.png
render: /workspace/overlap/gallery/resident/arwen_wrf_19850531_12z_f005_d01-4km_300mb_height_winds.png
render: /workspace/overlap/gallery/resident/arwen_wrf_19850531_12z_f005_d01-4km_300mb_rh_height_winds.png
render: /workspace/overlap/gallery/resident/arwen_wrf_19850531_12z_f005_d01-4km_300mb_temperature_height_winds.png
render: /workspace/overlap/gallery/resident/arwen_wrf_19850531_12z_f005_d01-4km_500mb_absolute_vorticity_height_winds.png
render: /workspace/overlap/gallery/resident/arwen_wrf_19850531_12z_f005_d01-4km_500mb_height_winds.png
render: /workspace/overlap/gallery/resident/arwen_wrf_19850531_12z_f005_d01-4km_500mb_rh_height_winds.png
render: /workspace/overlap/gallery/resident/arwen_wrf_19850531_12z_f005_d01-4km_500mb_temperature_height_winds.png
render: /workspace/overlap/gallery/resident/arwen_wrf_19850531_12z_f005_d01-4km_700mb_absolute_vorticity_height_winds.png
render: /workspace/overlap/gallery/resident/arwen_wrf_19850531_12z_f005_d01-4km_700mb_dewpoint_height_winds.png
render: /workspace/overlap/gallery/resident/arwen_wrf_19850531_12z_f005_d01-4km_700mb_height_winds.png
render: /workspace/overlap/gallery/resident/arwen_wrf_19850531_12z_f005_d01-4km_700mb_rh_height_winds.png
render: /workspace/overlap/gallery/resident/arwen_wrf_19850531_12z_f005_d01-4km_700mb_temperature_height_winds.png
render: /workspace/overlap/gallery/resident/arwen_wrf_19850531_12z_f005_d01-4km_850mb_absolute_vorticity_height_winds.png
render: /workspace/overlap/gallery/resident/arwen_wrf_19850531_12z_f005_d01-4km_850mb_dewpoint_height_winds.png
render: /workspace/overlap/gallery/resident/arwen_wrf_19850531_12z_f005_d01-4km_850mb_height_winds.png
render: /workspace/overlap/gallery/resident/arwen_wrf_19850531_12z_f005_d01-4km_850mb_rh_height_winds.png
render: /workspace/overlap/gallery/resident/arwen_wrf_19850531_12z_f005_d01-4km_850mb_temperature_height_winds.png
render: /workspace/overlap/gallery/resident/arwen_wrf_19850531_12z_f005_d01-4km_cloud_cover_levels.png
render: /workspace/overlap/gallery/resident/arwen_wrf_19850531_12z_f005_d01-4km_composite_reflectivity.png
render: /workspace/overlap/gallery/resident/arwen_wrf_19850531_12z_f005_d01-4km_high_cloud_cover.png
render: /workspace/overlap/gallery/resident/arwen_wrf_19850531_12z_f005_d01-4km_low_cloud_cover.png
render: /workspace/overlap/gallery/resident/arwen_wrf_19850531_12z_f005_d01-4km_middle_cloud_cover.png
render: /workspace/overlap/gallery/resident/arwen_wrf_19850531_12z_f005_d01-4km_mslp_10m_winds.png
render: /workspace/overlap/gallery/resident/arwen_wrf_19850531_12z_f005_d01-4km_precipitable_water.png
render: /workspace/overlap/gallery/resident/arwen_wrf_19850531_12z_f005_d01-4km_terrain_height.png
render: /workspace/overlap/gallery/resident/arwen_wrf_19850531_12z_f005_d01-4km_total_qpf.png
render: /workspace/overlap/gallery/resident/arwen_wrf_19850531_12z_f005_d01-4km_bulk_shear_0_1km.png
render: /workspace/overlap/gallery/resident/arwen_wrf_19850531_12z_f005_d01-4km_bulk_shear_0_6km.png
render: /workspace/overlap/gallery/resident/arwen_wrf_19850531_12z_f005_d01-4km_ehi_0_1km.png
render: /workspace/overlap/gallery/resident/arwen_wrf_19850531_12z_f005_d01-4km_mlcape.png
render: /workspace/overlap/gallery/resident/arwen_wrf_19850531_12z_f005_d01-4km_mlcin.png
render: /workspace/overlap/gallery/resident/arwen_wrf_19850531_12z_f005_d01-4km_mucape.png
render: /workspace/overlap/gallery/resident/arwen_wrf_19850531_12z_f005_d01-4km_mucin.png
render: /workspace/overlap/gallery/resident/arwen_wrf_19850531_12z_f005_d01-4km_sbcape.png
render: /workspace/overlap/gallery/resident/arwen_wrf_19850531_12z_f005_d01-4km_sbcin.png
render: /workspace/overlap/gallery/resident/arwen_wrf_19850531_12z_f005_d01-4km_srh_0_1km.png
render: /workspace/overlap/gallery/resident/arwen_wrf_19850531_12z_f005_d01-4km_srh_0_3km.png
render: /workspace/overlap/gallery/resident/arwen_wrf_19850531_12z_f005_d01-4km_stp_fixed.png
render: /workspace/overlap/gallery/resident/arwen_wrf_19850531_12z_f005_d01-4km_var_absolute_vorticity_200hpa_b1db3fc3a769efc8.png
render: /workspace/overlap/gallery/resident/arwen_wrf_19850531_12z_f005_d01-4km_var_absolute_vorticity_250hpa_3a121a376e36e907.png
render: /workspace/overlap/gallery/resident/arwen_wrf_19850531_12z_f005_d01-4km_var_absolute_vorticity_300hpa_56671c8244667bb5.png
render: /workspace/overlap/gallery/resident/arwen_wrf_19850531_12z_f005_d01-4km_var_absolute_vorticity_500hpa_594efb4419113d77.png
render: /workspace/overlap/gallery/resident/arwen_wrf_19850531_12z_f005_d01-4km_var_absolute_vorticity_700hpa_b48d08020269a739.png
render: /workspace/overlap/gallery/resident/arwen_wrf_19850531_12z_f005_d01-4km_var_absolute_vorticity_850hpa_6fe27143ae67760d.png
render: /workspace/overlap/gallery/resident/arwen_wrf_19850531_12z_f005_d01-4km_var_dewpoint_200hpa_e23c7e49a9f485b5.png
render: /workspace/overlap/gallery/resident/arwen_wrf_19850531_12z_f005_d01-4km_var_dewpoint_250hpa_476283d54851a916.png
render: /workspace/overlap/gallery/resident/arwen_wrf_19850531_12z_f005_d01-4km_var_dewpoint_300hpa_3db0a18b0cf7f9c8.png
render: /workspace/overlap/gallery/resident/arwen_wrf_19850531_12z_f005_d01-4km_var_dewpoint_500hpa_f8e233843bff4eda.png
render: /workspace/overlap/gallery/resident/arwen_wrf_19850531_12z_f005_d01-4km_var_dewpoint_700hpa_ba9d6468f30b867c.png
render: /workspace/overlap/gallery/resident/arwen_wrf_19850531_12z_f005_d01-4km_var_dewpoint_850hpa_ef9cdcd12892d9e4.png
render: /workspace/overlap/gallery/resident/arwen_wrf_19850531_12z_f005_d01-4km_var_el_088e3607b5394344.png
render: /workspace/overlap/gallery/resident/arwen_wrf_19850531_12z_f005_d01-4km_var_geopotential_height_200hpa_f5df9ae462625fb6.png
render: /workspace/overlap/gallery/resident/arwen_wrf_19850531_12z_f005_d01-4km_var_geopotential_height_250hpa_941e9558c6e6b255.png
render: /workspace/overlap/gallery/resident/arwen_wrf_19850531_12z_f005_d01-4km_var_geopotential_height_300hpa_fad3e04127db6933.png
render: /workspace/overlap/gallery/resident/arwen_wrf_19850531_12z_f005_d01-4km_var_geopotential_height_500hpa_64a0a1e044e2cb09.png
render: /workspace/overlap/gallery/resident/arwen_wrf_19850531_12z_f005_d01-4km_var_geopotential_height_700hpa_38d0bbbc4b4b7e87.png
render: /workspace/overlap/gallery/resident/arwen_wrf_19850531_12z_f005_d01-4km_var_geopotential_height_850hpa_7b33d7dfda3896df.png
render: /workspace/overlap/gallery/resident/arwen_wrf_19850531_12z_f005_d01-4km_var_lcl_125e88191dbbb53c.png
render: /workspace/overlap/gallery/resident/arwen_wrf_19850531_12z_f005_d01-4km_var_lfc_126f87191dca26bc.png
render: /workspace/overlap/gallery/resident/arwen_wrf_19850531_12z_f005_d01-4km_var_mslp_a80f14a28b966515.png
render: /workspace/overlap/gallery/resident/arwen_wrf_19850531_12z_f005_d01-4km_var_relative_humidity_200hpa_ea06246fc3501541.png
render: /workspace/overlap/gallery/resident/arwen_wrf_19850531_12z_f005_d01-4km_var_relative_humidity_250hpa_48d4e2417248497a.png
render: /workspace/overlap/gallery/resident/arwen_wrf_19850531_12z_f005_d01-4km_var_relative_humidity_300hpa_7ed6bbef9a2178c4.png
render: /workspace/overlap/gallery/resident/arwen_wrf_19850531_12z_f005_d01-4km_var_relative_humidity_500hpa_0efa3e7b9515a32e.png
render: /workspace/overlap/gallery/resident/arwen_wrf_19850531_12z_f005_d01-4km_var_relative_humidity_700hpa_2ad20073d8fa76d0.png
render: /workspace/overlap/gallery/resident/arwen_wrf_19850531_12z_f005_d01-4km_var_relative_humidity_850hpa_d13fc7700133d2b8.png
render: /workspace/overlap/gallery/resident/arwen_wrf_19850531_12z_f005_d01-4km_var_scp_822687195ccfb219.png
render: /workspace/overlap/gallery/resident/arwen_wrf_19850531_12z_f005_d01-4km_var_stp_826e85195d0d6456.png
render: /workspace/overlap/gallery/resident/arwen_wrf_19850531_12z_f005_d01-4km_var_stp_effective_be117904c9dcfca4.png
render: /workspace/overlap/gallery/resident/arwen_wrf_19850531_12z_f005_d01-4km_var_surface_pressure_f4b142afe0b5981e.png
render: /workspace/overlap/gallery/resident/arwen_wrf_19850531_12z_f005_d01-4km_var_tehi_fa3be1ef19c462a5.png
render: /workspace/overlap/gallery/resident/arwen_wrf_19850531_12z_f005_d01-4km_var_temperature_200hpa_9b6245ef0527a187.png
render: /workspace/overlap/gallery/resident/arwen_wrf_19850531_12z_f005_d01-4km_var_temperature_250hpa_132b6b7b3e5aa848.png
render: /workspace/overlap/gallery/resident/arwen_wrf_19850531_12z_f005_d01-4km_var_temperature_300hpa_ac75e092dd6584aa.png
render: /workspace/overlap/gallery/resident/arwen_wrf_19850531_12z_f005_d01-4km_var_temperature_500hpa_731f8a6ae4102bd8.png
render: /workspace/overlap/gallery/resident/arwen_wrf_19850531_12z_f005_d01-4km_var_temperature_700hpa_587125171c3e82b6.png
render: /workspace/overlap/gallery/resident/arwen_wrf_19850531_12z_f005_d01-4km_var_temperature_850hpa_8e27464cb2538e4a.png
render: /workspace/overlap/gallery/resident/arwen_wrf_19850531_12z_f005_d01-4km_var_tts_571ebf194484c992.png
render: /workspace/overlap/gallery/resident/arwen_wrf_19850531_12z_f005_d01-4km_var_u_10m_ea07f3de980021c3.png
render: /workspace/overlap/gallery/resident/arwen_wrf_19850531_12z_f005_d01-4km_var_u_wind_200hpa_fcf1a167361842bd.png
render: /workspace/overlap/gallery/resident/arwen_wrf_19850531_12z_f005_d01-4km_var_u_wind_250hpa_f877c3cf6ddec9de.png
render: /workspace/overlap/gallery/resident/arwen_wrf_19850531_12z_f005_d01-4km_var_u_wind_300hpa_1b13e8e75a54ce50.png
render: /workspace/overlap/gallery/resident/arwen_wrf_19850531_12z_f005_d01-4km_var_u_wind_500hpa_ffa2a5a59116ad22.png
render: /workspace/overlap/gallery/resident/arwen_wrf_19850531_12z_f005_d01-4km_var_u_wind_700hpa_6f18a4631b7bd044.png
render: /workspace/overlap/gallery/resident/arwen_wrf_19850531_12z_f005_d01-4km_var_u_wind_850hpa_fe698cb21f861f9c.png
render: /workspace/overlap/gallery/resident/arwen_wrf_19850531_12z_f005_d01-4km_var_uhel_31a1f5e468c6a3e1.png
render: /workspace/overlap/gallery/resident/arwen_wrf_19850531_12z_f005_d01-4km_var_v_10m_c94425fd4e8e0502.png
render: /workspace/overlap/gallery/resident/arwen_wrf_19850531_12z_f005_d01-4km_var_v_wind_200hpa_9cdbf45a49e5350c.png
render: /workspace/overlap/gallery/resident/arwen_wrf_19850531_12z_f005_d01-4km_var_v_wind_250hpa_a6c856844d676753.png
render: /workspace/overlap/gallery/resident/arwen_wrf_19850531_12z_f005_d01-4km_var_v_wind_300hpa_f6981320d1f22549.png
render: /workspace/overlap/gallery/resident/arwen_wrf_19850531_12z_f005_d01-4km_var_v_wind_500hpa_e351517cccedcb73.png
render: /workspace/overlap/gallery/resident/arwen_wrf_19850531_12z_f005_d01-4km_var_v_wind_700hpa_c1d012661baac9c5.png
render: /workspace/overlap/gallery/resident/arwen_wrf_19850531_12z_f005_d01-4km_var_v_wind_850hpa_e1246a703b9b2ff9.png
render: /workspace/overlap/gallery/resident/arwen_wrf_19850531_12z_f005_d01-4km_var_vtp_mod_bfe45d7654882542.png
render: /workspace/overlap/gallery/resident/arwen_wrf_19850531_12z_f005_d01-4km_var_wind_speed_10m_d179d57f04f656b0.png
render: /workspace/overlap/gallery/resident/arwen_wrf_19850531_12z_f005_d01-4km_var_wrf_bri_46afc890712e0d5e.png
render: /workspace/overlap/gallery/resident/arwen_wrf_19850531_12z_f005_d01-4km_var_wrf_bulk_shear_93d74c8c202122f5.png
render: /workspace/overlap/gallery/resident/arwen_wrf_19850531_12z_f005_d01-4km_var_wrf_bunkers_lm_u_88e73ee46b3e4a43.png
render: /workspace/overlap/gallery/resident/arwen_wrf_19850531_12z_f005_d01-4km_var_wrf_bunkers_lm_v_88e73fe46b3e4bf6.png
render: /workspace/overlap/gallery/resident/arwen_wrf_19850531_12z_f005_d01-4km_var_wrf_bunkers_rm_u_745ae79d0f2aef45.png
render: /workspace/overlap/gallery/resident/arwen_wrf_19850531_12z_f005_d01-4km_var_wrf_bunkers_rm_v_745ae49d0f2aea2c.png
render: /workspace/overlap/gallery/resident/arwen_wrf_19850531_12z_f005_d01-4km_var_wrf_cape_90b7f96a30cd53e4.png
render: /workspace/overlap/gallery/resident/arwen_wrf_19850531_12z_f005_d01-4km_var_wrf_cin_3fa8c2906da9f6cf.png
render: /workspace/overlap/gallery/resident/arwen_wrf_19850531_12z_f005_d01-4km_var_wrf_cloudfrac_high_3576381eedee0bfd.png
render: /workspace/overlap/gallery/resident/arwen_wrf_19850531_12z_f005_d01-4km_var_wrf_cloudfrac_low_482fc344413db021.png
render: /workspace/overlap/gallery/resident/arwen_wrf_19850531_12z_f005_d01-4km_var_wrf_cloudfrac_mid_41397d443dc7a005.png
render: /workspace/overlap/gallery/resident/arwen_wrf_19850531_12z_f005_d01-4km_var_wrf_critical_angle_d4d8c66a5f8e84ae.png
render: /workspace/overlap/gallery/resident/arwen_wrf_19850531_12z_f005_d01-4km_var_wrf_ctt_3f60b6906d6c2cc8.png
render: /workspace/overlap/gallery/resident/arwen_wrf_19850531_12z_f005_d01-4km_var_wrf_dp2m_dc0ef6a0890b3f0e.png
render: /workspace/overlap/gallery/resident/arwen_wrf_19850531_12z_f005_d01-4km_var_wrf_ebwd_df6a1399b1437f83.png
render: /workspace/overlap/gallery/resident/arwen_wrf_19850531_12z_f005_d01-4km_var_wrf_effective_cape_7c5ae41577952ac6.png
render: /workspace/overlap/gallery/resident/arwen_wrf_19850531_12z_f005_d01-4km_var_wrf_effective_inflow_base_79e44e3edcd958e6.png
render: /workspace/overlap/gallery/resident/arwen_wrf_19850531_12z_f005_d01-4km_var_wrf_effective_inflow_top_69446889130147b2.png
render: /workspace/overlap/gallery/resident/arwen_wrf_19850531_12z_f005_d01-4km_var_wrf_effective_srh_adf0f5c90809e334.png
render: /workspace/overlap/gallery/resident/arwen_wrf_19850531_12z_f005_d01-4km_var_wrf_fosberg_8084008d3684e357.png
render: /workspace/overlap/gallery/resident/arwen_wrf_19850531_12z_f005_d01-4km_var_wrf_freezing_level_0d301d77935aca7e.png
render: /workspace/overlap/gallery/resident/arwen_wrf_19850531_12z_f005_d01-4km_var_wrf_glw_60544d907f9bb585.png
render: /workspace/overlap/gallery/resident/arwen_wrf_19850531_12z_f005_d01-4km_var_wrf_graupelnc_8de600a969b66dde.png
render: /workspace/overlap/gallery/resident/arwen_wrf_19850531_12z_f005_d01-4km_var_wrf_haines_9744ab052ac52367.png
render: /workspace/overlap/gallery/resident/arwen_wrf_19850531_12z_f005_d01-4km_var_wrf_hdw_9d2c7c90a220ed78.png
render: /workspace/overlap/gallery/resident/arwen_wrf_19850531_12z_f005_d01-4km_var_wrf_hfx_9d337790a22703a7.png
render: /workspace/overlap/gallery/resident/arwen_wrf_19850531_12z_f005_d01-4km_var_wrf_lapse_rate_5dd421d535e12657.png
render: /workspace/overlap/gallery/resident/arwen_wrf_19850531_12z_f005_d01-4km_var_wrf_lapse_rate_0_3km_aaf01ae4d79a1cb2.png
render: /workspace/overlap/gallery/resident/arwen_wrf_19850531_12z_f005_d01-4km_var_wrf_lapse_rate_700_500_1bea7344f5089aa9.png
render: /workspace/overlap/gallery/resident/arwen_wrf_19850531_12z_f005_d01-4km_var_wrf_lh_1274959c4965429f.png
render: /workspace/overlap/gallery/resident/arwen_wrf_19850531_12z_f005_d01-4km_var_wrf_mean_wind_0_6km_1_fa30e91bbafba84b.png
render: /workspace/overlap/gallery/resident/arwen_wrf_19850531_12z_f005_d01-4km_var_wrf_mean_wind_0_6km_2_fa30ea1bbafba9fe.png
render: /workspace/overlap/gallery/resident/arwen_wrf_19850531_12z_f005_d01-4km_var_wrf_mean_wind_1_6a5c05f508619b2d.png
render: /workspace/overlap/gallery/resident/arwen_wrf_19850531_12z_f005_d01-4km_var_wrf_mean_wind_2_6a5c02f508619614.png
render: /workspace/overlap/gallery/resident/arwen_wrf_19850531_12z_f005_d01-4km_var_wrf_pblh_f7f124fa24c7224d.png
render: /workspace/overlap/gallery/resident/arwen_wrf_19850531_12z_f005_d01-4km_var_wrf_pw_1214aa9c49131eca.png
render: /workspace/overlap/gallery/resident/arwen_wrf_19850531_12z_f005_d01-4km_var_wrf_rh2m_6cd805ed454d060c.png
render: /workspace/overlap/gallery/resident/arwen_wrf_19850531_12z_f005_d01-4km_var_wrf_ship_4e45f8e1418974e9.png
render: /workspace/overlap/gallery/resident/arwen_wrf_19850531_12z_f005_d01-4km_var_wrf_slp_b28e1a901d0735fc.png
render: /workspace/overlap/gallery/resident/arwen_wrf_19850531_12z_f005_d01-4km_var_wrf_snownc_90d2ef2498774733.png
render: /workspace/overlap/gallery/resident/arwen_wrf_19850531_12z_f005_d01-4km_var_wrf_srh_b2a336901d19c19a.png
render: /workspace/overlap/gallery/resident/arwen_wrf_19850531_12z_f005_d01-4km_var_wrf_swdown_0cfcc0d984b0a765.png
render: /workspace/overlap/gallery/resident/arwen_wrf_19850531_12z_f005_d01-4km_var_wrf_t2_1222df9c491fb635.png
render: /workspace/overlap/gallery/resident/arwen_wrf_19850531_12z_f005_d01-4km_var_wrf_terrain_eb420571ec25921c.png
render: /workspace/overlap/gallery/resident/arwen_wrf_19850531_12z_f005_d01-4km_var_wrf_tsk_f01b2c904026c42b.png
render: /workspace/overlap/gallery/resident/arwen_wrf_19850531_12z_f005_d01-4km_var_wrf_tv2m_0b19801cf3468b64.png
render: /workspace/overlap/gallery/resident/arwen_wrf_19850531_12z_f005_d01-4km_var_wrf_uvmet10_u_7d01fb19f50d0a1b.png
render: /workspace/overlap/gallery/resident/arwen_wrf_19850531_12z_f005_d01-4km_var_wrf_uvmet10_v_7d01fc19f50d0bce.png
render: /workspace/overlap/gallery/resident/arwen_wrf_19850531_12z_f005_d01-4km_var_wrf_wdir10_78c88222331d69b2.png
render: /workspace/overlap/gallery/resident/arwen_wrf_19850531_12z_f005_d01-4km_var_wrf_wet_bulb_0_f87a3f96b832fdda.png
render: /workspace/overlap/gallery/resident/arwen_wrf_19850531_12z_f005_d01-4km_var_wrf_wspd10_6028b79d4d401ab8.png
render: /workspace/overlap/gallery/resident/arwen_wrf_19850531_12z_f006_d01-4km_10m_wind_speed_and_direction.png
render: /workspace/overlap/gallery/resident/arwen_wrf_19850531_12z_f006_d01-4km_1km_reflectivity.png
render: /workspace/overlap/gallery/resident/arwen_wrf_19850531_12z_f006_d01-4km_200mb_absolute_vorticity_height_winds.png
render: /workspace/overlap/gallery/resident/arwen_wrf_19850531_12z_f006_d01-4km_200mb_height_winds.png
render: /workspace/overlap/gallery/resident/arwen_wrf_19850531_12z_f006_d01-4km_200mb_rh_height_winds.png
render: /workspace/overlap/gallery/resident/arwen_wrf_19850531_12z_f006_d01-4km_200mb_temperature_height_winds.png
render: /workspace/overlap/gallery/resident/arwen_wrf_19850531_12z_f006_d01-4km_250mb_height_winds.png
render: /workspace/overlap/gallery/resident/arwen_wrf_19850531_12z_f006_d01-4km_250mb_temperature_height_winds.png
render: /workspace/overlap/gallery/resident/arwen_wrf_19850531_12z_f006_d01-4km_2m_dewpoint.png
render: /workspace/overlap/gallery/resident/arwen_wrf_19850531_12z_f006_d01-4km_2m_dewpoint_10m_winds.png
render: /workspace/overlap/gallery/resident/arwen_wrf_19850531_12z_f006_d01-4km_2m_relative_humidity.png
render: /workspace/overlap/gallery/resident/arwen_wrf_19850531_12z_f006_d01-4km_2m_relative_humidity_10m_winds.png
render: /workspace/overlap/gallery/resident/arwen_wrf_19850531_12z_f006_d01-4km_2m_temperature.png
render: /workspace/overlap/gallery/resident/arwen_wrf_19850531_12z_f006_d01-4km_2m_temperature_10m_winds.png
render: /workspace/overlap/gallery/resident/arwen_wrf_19850531_12z_f006_d01-4km_300mb_absolute_vorticity_height_winds.png
render: /workspace/overlap/gallery/resident/arwen_wrf_19850531_12z_f006_d01-4km_300mb_height_winds.png
render: /workspace/overlap/gallery/resident/arwen_wrf_19850531_12z_f006_d01-4km_300mb_rh_height_winds.png
render: /workspace/overlap/gallery/resident/arwen_wrf_19850531_12z_f006_d01-4km_300mb_temperature_height_winds.png
render: /workspace/overlap/gallery/resident/arwen_wrf_19850531_12z_f006_d01-4km_500mb_absolute_vorticity_height_winds.png
render: /workspace/overlap/gallery/resident/arwen_wrf_19850531_12z_f006_d01-4km_500mb_height_winds.png
render: /workspace/overlap/gallery/resident/arwen_wrf_19850531_12z_f006_d01-4km_500mb_rh_height_winds.png
render: /workspace/overlap/gallery/resident/arwen_wrf_19850531_12z_f006_d01-4km_500mb_temperature_height_winds.png
render: /workspace/overlap/gallery/resident/arwen_wrf_19850531_12z_f006_d01-4km_700mb_absolute_vorticity_height_winds.png
render: /workspace/overlap/gallery/resident/arwen_wrf_19850531_12z_f006_d01-4km_700mb_dewpoint_height_winds.png
render: /workspace/overlap/gallery/resident/arwen_wrf_19850531_12z_f006_d01-4km_700mb_height_winds.png
render: /workspace/overlap/gallery/resident/arwen_wrf_19850531_12z_f006_d01-4km_700mb_rh_height_winds.png
render: /workspace/overlap/gallery/resident/arwen_wrf_19850531_12z_f006_d01-4km_700mb_temperature_height_winds.png
render: /workspace/overlap/gallery/resident/arwen_wrf_19850531_12z_f006_d01-4km_850mb_absolute_vorticity_height_winds.png
render: /workspace/overlap/gallery/resident/arwen_wrf_19850531_12z_f006_d01-4km_850mb_dewpoint_height_winds.png
render: /workspace/overlap/gallery/resident/arwen_wrf_19850531_12z_f006_d01-4km_850mb_height_winds.png
render: /workspace/overlap/gallery/resident/arwen_wrf_19850531_12z_f006_d01-4km_850mb_rh_height_winds.png
render: /workspace/overlap/gallery/resident/arwen_wrf_19850531_12z_f006_d01-4km_850mb_temperature_height_winds.png
render: /workspace/overlap/gallery/resident/arwen_wrf_19850531_12z_f006_d01-4km_cloud_cover_levels.png
render: /workspace/overlap/gallery/resident/arwen_wrf_19850531_12z_f006_d01-4km_composite_reflectivity.png
render: /workspace/overlap/gallery/resident/arwen_wrf_19850531_12z_f006_d01-4km_high_cloud_cover.png
render: /workspace/overlap/gallery/resident/arwen_wrf_19850531_12z_f006_d01-4km_low_cloud_cover.png
render: /workspace/overlap/gallery/resident/arwen_wrf_19850531_12z_f006_d01-4km_middle_cloud_cover.png
render: /workspace/overlap/gallery/resident/arwen_wrf_19850531_12z_f006_d01-4km_mslp_10m_winds.png
render: /workspace/overlap/gallery/resident/arwen_wrf_19850531_12z_f006_d01-4km_precipitable_water.png
render: /workspace/overlap/gallery/resident/arwen_wrf_19850531_12z_f006_d01-4km_terrain_height.png
render: /workspace/overlap/gallery/resident/arwen_wrf_19850531_12z_f006_d01-4km_total_qpf.png
render: /workspace/overlap/gallery/resident/arwen_wrf_19850531_12z_f006_d01-4km_bulk_shear_0_1km.png
render: /workspace/overlap/gallery/resident/arwen_wrf_19850531_12z_f006_d01-4km_bulk_shear_0_6km.png
render: /workspace/overlap/gallery/resident/arwen_wrf_19850531_12z_f006_d01-4km_ehi_0_1km.png
render: /workspace/overlap/gallery/resident/arwen_wrf_19850531_12z_f006_d01-4km_mlcape.png
render: /workspace/overlap/gallery/resident/arwen_wrf_19850531_12z_f006_d01-4km_mlcin.png
render: /workspace/overlap/gallery/resident/arwen_wrf_19850531_12z_f006_d01-4km_mucape.png
render: /workspace/overlap/gallery/resident/arwen_wrf_19850531_12z_f006_d01-4km_mucin.png
render: /workspace/overlap/gallery/resident/arwen_wrf_19850531_12z_f006_d01-4km_sbcape.png
render: /workspace/overlap/gallery/resident/arwen_wrf_19850531_12z_f006_d01-4km_sbcin.png
render: /workspace/overlap/gallery/resident/arwen_wrf_19850531_12z_f006_d01-4km_srh_0_1km.png
render: /workspace/overlap/gallery/resident/arwen_wrf_19850531_12z_f006_d01-4km_srh_0_3km.png
render: /workspace/overlap/gallery/resident/arwen_wrf_19850531_12z_f006_d01-4km_stp_fixed.png
render: /workspace/overlap/gallery/resident/arwen_wrf_19850531_12z_f006_d01-4km_var_absolute_vorticity_200hpa_b1db3fc3a769efc8.png
render: /workspace/overlap/gallery/resident/arwen_wrf_19850531_12z_f006_d01-4km_var_absolute_vorticity_250hpa_3a121a376e36e907.png
render: /workspace/overlap/gallery/resident/arwen_wrf_19850531_12z_f006_d01-4km_var_absolute_vorticity_300hpa_56671c8244667bb5.png
render: /workspace/overlap/gallery/resident/arwen_wrf_19850531_12z_f006_d01-4km_var_absolute_vorticity_500hpa_594efb4419113d77.png
render: /workspace/overlap/gallery/resident/arwen_wrf_19850531_12z_f006_d01-4km_var_absolute_vorticity_700hpa_b48d08020269a739.png
render: /workspace/overlap/gallery/resident/arwen_wrf_19850531_12z_f006_d01-4km_var_absolute_vorticity_850hpa_6fe27143ae67760d.png
render: /workspace/overlap/gallery/resident/arwen_wrf_19850531_12z_f006_d01-4km_var_dewpoint_200hpa_e23c7e49a9f485b5.png
render: /workspace/overlap/gallery/resident/arwen_wrf_19850531_12z_f006_d01-4km_var_dewpoint_250hpa_476283d54851a916.png
render: /workspace/overlap/gallery/resident/arwen_wrf_19850531_12z_f006_d01-4km_var_dewpoint_300hpa_3db0a18b0cf7f9c8.png
render: /workspace/overlap/gallery/resident/arwen_wrf_19850531_12z_f006_d01-4km_var_dewpoint_500hpa_f8e233843bff4eda.png
render: /workspace/overlap/gallery/resident/arwen_wrf_19850531_12z_f006_d01-4km_var_dewpoint_700hpa_ba9d6468f30b867c.png
render: /workspace/overlap/gallery/resident/arwen_wrf_19850531_12z_f006_d01-4km_var_dewpoint_850hpa_ef9cdcd12892d9e4.png
render: /workspace/overlap/gallery/resident/arwen_wrf_19850531_12z_f006_d01-4km_var_el_088e3607b5394344.png
render: /workspace/overlap/gallery/resident/arwen_wrf_19850531_12z_f006_d01-4km_var_geopotential_height_200hpa_f5df9ae462625fb6.png
render: /workspace/overlap/gallery/resident/arwen_wrf_19850531_12z_f006_d01-4km_var_geopotential_height_250hpa_941e9558c6e6b255.png
render: /workspace/overlap/gallery/resident/arwen_wrf_19850531_12z_f006_d01-4km_var_geopotential_height_300hpa_fad3e04127db6933.png
render: /workspace/overlap/gallery/resident/arwen_wrf_19850531_12z_f006_d01-4km_var_geopotential_height_500hpa_64a0a1e044e2cb09.png
render: /workspace/overlap/gallery/resident/arwen_wrf_19850531_12z_f006_d01-4km_var_geopotential_height_700hpa_38d0bbbc4b4b7e87.png
render: /workspace/overlap/gallery/resident/arwen_wrf_19850531_12z_f006_d01-4km_var_geopotential_height_850hpa_7b33d7dfda3896df.png
render: /workspace/overlap/gallery/resident/arwen_wrf_19850531_12z_f006_d01-4km_var_lcl_125e88191dbbb53c.png
render: /workspace/overlap/gallery/resident/arwen_wrf_19850531_12z_f006_d01-4km_var_lfc_126f87191dca26bc.png
render: /workspace/overlap/gallery/resident/arwen_wrf_19850531_12z_f006_d01-4km_var_mslp_a80f14a28b966515.png
render: /workspace/overlap/gallery/resident/arwen_wrf_19850531_12z_f006_d01-4km_var_relative_humidity_200hpa_ea06246fc3501541.png
render: /workspace/overlap/gallery/resident/arwen_wrf_19850531_12z_f006_d01-4km_var_relative_humidity_250hpa_48d4e2417248497a.png
render: /workspace/overlap/gallery/resident/arwen_wrf_19850531_12z_f006_d01-4km_var_relative_humidity_300hpa_7ed6bbef9a2178c4.png
render: /workspace/overlap/gallery/resident/arwen_wrf_19850531_12z_f006_d01-4km_var_relative_humidity_500hpa_0efa3e7b9515a32e.png
render: /workspace/overlap/gallery/resident/arwen_wrf_19850531_12z_f006_d01-4km_var_relative_humidity_700hpa_2ad20073d8fa76d0.png
render: /workspace/overlap/gallery/resident/arwen_wrf_19850531_12z_f006_d01-4km_var_relative_humidity_850hpa_d13fc7700133d2b8.png
render: /workspace/overlap/gallery/resident/arwen_wrf_19850531_12z_f006_d01-4km_var_scp_822687195ccfb219.png
render: /workspace/overlap/gallery/resident/arwen_wrf_19850531_12z_f006_d01-4km_var_stp_826e85195d0d6456.png
render: /workspace/overlap/gallery/resident/arwen_wrf_19850531_12z_f006_d01-4km_var_stp_effective_be117904c9dcfca4.png
render: /workspace/overlap/gallery/resident/arwen_wrf_19850531_12z_f006_d01-4km_var_surface_pressure_f4b142afe0b5981e.png
render: /workspace/overlap/gallery/resident/arwen_wrf_19850531_12z_f006_d01-4km_var_tehi_fa3be1ef19c462a5.png
render: /workspace/overlap/gallery/resident/arwen_wrf_19850531_12z_f006_d01-4km_var_temperature_200hpa_9b6245ef0527a187.png
render: /workspace/overlap/gallery/resident/arwen_wrf_19850531_12z_f006_d01-4km_var_temperature_250hpa_132b6b7b3e5aa848.png
render: /workspace/overlap/gallery/resident/arwen_wrf_19850531_12z_f006_d01-4km_var_temperature_300hpa_ac75e092dd6584aa.png
render: /workspace/overlap/gallery/resident/arwen_wrf_19850531_12z_f006_d01-4km_var_temperature_500hpa_731f8a6ae4102bd8.png
render: /workspace/overlap/gallery/resident/arwen_wrf_19850531_12z_f006_d01-4km_var_temperature_700hpa_587125171c3e82b6.png
render: /workspace/overlap/gallery/resident/arwen_wrf_19850531_12z_f006_d01-4km_var_temperature_850hpa_8e27464cb2538e4a.png
render: /workspace/overlap/gallery/resident/arwen_wrf_19850531_12z_f006_d01-4km_var_tts_571ebf194484c992.png
render: /workspace/overlap/gallery/resident/arwen_wrf_19850531_12z_f006_d01-4km_var_u_10m_ea07f3de980021c3.png
render: /workspace/overlap/gallery/resident/arwen_wrf_19850531_12z_f006_d01-4km_var_u_wind_200hpa_fcf1a167361842bd.png
render: /workspace/overlap/gallery/resident/arwen_wrf_19850531_12z_f006_d01-4km_var_u_wind_250hpa_f877c3cf6ddec9de.png
render: /workspace/overlap/gallery/resident/arwen_wrf_19850531_12z_f006_d01-4km_var_u_wind_300hpa_1b13e8e75a54ce50.png
render: /workspace/overlap/gallery/resident/arwen_wrf_19850531_12z_f006_d01-4km_var_u_wind_500hpa_ffa2a5a59116ad22.png
render: /workspace/overlap/gallery/resident/arwen_wrf_19850531_12z_f006_d01-4km_var_u_wind_700hpa_6f18a4631b7bd044.png
render: /workspace/overlap/gallery/resident/arwen_wrf_19850531_12z_f006_d01-4km_var_u_wind_850hpa_fe698cb21f861f9c.png
render: /workspace/overlap/gallery/resident/arwen_wrf_19850531_12z_f006_d01-4km_var_uhel_31a1f5e468c6a3e1.png
render: /workspace/overlap/gallery/resident/arwen_wrf_19850531_12z_f006_d01-4km_var_v_10m_c94425fd4e8e0502.png
render: /workspace/overlap/gallery/resident/arwen_wrf_19850531_12z_f006_d01-4km_var_v_wind_200hpa_9cdbf45a49e5350c.png
render: /workspace/overlap/gallery/resident/arwen_wrf_19850531_12z_f006_d01-4km_var_v_wind_250hpa_a6c856844d676753.png
render: /workspace/overlap/gallery/resident/arwen_wrf_19850531_12z_f006_d01-4km_var_v_wind_300hpa_f6981320d1f22549.png
render: /workspace/overlap/gallery/resident/arwen_wrf_19850531_12z_f006_d01-4km_var_v_wind_500hpa_e351517cccedcb73.png
render: /workspace/overlap/gallery/resident/arwen_wrf_19850531_12z_f006_d01-4km_var_v_wind_700hpa_c1d012661baac9c5.png
render: /workspace/overlap/gallery/resident/arwen_wrf_19850531_12z_f006_d01-4km_var_v_wind_850hpa_e1246a703b9b2ff9.png
render: /workspace/overlap/gallery/resident/arwen_wrf_19850531_12z_f006_d01-4km_var_vtp_mod_bfe45d7654882542.png
render: /workspace/overlap/gallery/resident/arwen_wrf_19850531_12z_f006_d01-4km_var_wind_speed_10m_d179d57f04f656b0.png
render: /workspace/overlap/gallery/resident/arwen_wrf_19850531_12z_f006_d01-4km_var_wrf_bri_46afc890712e0d5e.png
render: /workspace/overlap/gallery/resident/arwen_wrf_19850531_12z_f006_d01-4km_var_wrf_bulk_shear_93d74c8c202122f5.png
render: /workspace/overlap/gallery/resident/arwen_wrf_19850531_12z_f006_d01-4km_var_wrf_bunkers_lm_u_88e73ee46b3e4a43.png
render: /workspace/overlap/gallery/resident/arwen_wrf_19850531_12z_f006_d01-4km_var_wrf_bunkers_lm_v_88e73fe46b3e4bf6.png
render: /workspace/overlap/gallery/resident/arwen_wrf_19850531_12z_f006_d01-4km_var_wrf_bunkers_rm_u_745ae79d0f2aef45.png
render: /workspace/overlap/gallery/resident/arwen_wrf_19850531_12z_f006_d01-4km_var_wrf_bunkers_rm_v_745ae49d0f2aea2c.png
render: /workspace/overlap/gallery/resident/arwen_wrf_19850531_12z_f006_d01-4km_var_wrf_cape_90b7f96a30cd53e4.png
render: /workspace/overlap/gallery/resident/arwen_wrf_19850531_12z_f006_d01-4km_var_wrf_cin_3fa8c2906da9f6cf.png
render: /workspace/overlap/gallery/resident/arwen_wrf_19850531_12z_f006_d01-4km_var_wrf_cloudfrac_high_3576381eedee0bfd.png
render: /workspace/overlap/gallery/resident/arwen_wrf_19850531_12z_f006_d01-4km_var_wrf_cloudfrac_low_482fc344413db021.png
render: /workspace/overlap/gallery/resident/arwen_wrf_19850531_12z_f006_d01-4km_var_wrf_cloudfrac_mid_41397d443dc7a005.png
render: /workspace/overlap/gallery/resident/arwen_wrf_19850531_12z_f006_d01-4km_var_wrf_critical_angle_d4d8c66a5f8e84ae.png
render: /workspace/overlap/gallery/resident/arwen_wrf_19850531_12z_f006_d01-4km_var_wrf_ctt_3f60b6906d6c2cc8.png
render: /workspace/overlap/gallery/resident/arwen_wrf_19850531_12z_f006_d01-4km_var_wrf_dp2m_dc0ef6a0890b3f0e.png
render: /workspace/overlap/gallery/resident/arwen_wrf_19850531_12z_f006_d01-4km_var_wrf_ebwd_df6a1399b1437f83.png
render: /workspace/overlap/gallery/resident/arwen_wrf_19850531_12z_f006_d01-4km_var_wrf_effective_cape_7c5ae41577952ac6.png
render: /workspace/overlap/gallery/resident/arwen_wrf_19850531_12z_f006_d01-4km_var_wrf_effective_inflow_base_79e44e3edcd958e6.png
render: /workspace/overlap/gallery/resident/arwen_wrf_19850531_12z_f006_d01-4km_var_wrf_effective_inflow_top_69446889130147b2.png
render: /workspace/overlap/gallery/resident/arwen_wrf_19850531_12z_f006_d01-4km_var_wrf_effective_srh_adf0f5c90809e334.png
render: /workspace/overlap/gallery/resident/arwen_wrf_19850531_12z_f006_d01-4km_var_wrf_fosberg_8084008d3684e357.png
render: /workspace/overlap/gallery/resident/arwen_wrf_19850531_12z_f006_d01-4km_var_wrf_freezing_level_0d301d77935aca7e.png
render: /workspace/overlap/gallery/resident/arwen_wrf_19850531_12z_f006_d01-4km_var_wrf_glw_60544d907f9bb585.png
render: /workspace/overlap/gallery/resident/arwen_wrf_19850531_12z_f006_d01-4km_var_wrf_graupelnc_8de600a969b66dde.png
render: /workspace/overlap/gallery/resident/arwen_wrf_19850531_12z_f006_d01-4km_var_wrf_haines_9744ab052ac52367.png
render: /workspace/overlap/gallery/resident/arwen_wrf_19850531_12z_f006_d01-4km_var_wrf_hdw_9d2c7c90a220ed78.png
render: /workspace/overlap/gallery/resident/arwen_wrf_19850531_12z_f006_d01-4km_var_wrf_hfx_9d337790a22703a7.png
render: /workspace/overlap/gallery/resident/arwen_wrf_19850531_12z_f006_d01-4km_var_wrf_lapse_rate_5dd421d535e12657.png
render: /workspace/overlap/gallery/resident/arwen_wrf_19850531_12z_f006_d01-4km_var_wrf_lapse_rate_0_3km_aaf01ae4d79a1cb2.png
render: /workspace/overlap/gallery/resident/arwen_wrf_19850531_12z_f006_d01-4km_var_wrf_lapse_rate_700_500_1bea7344f5089aa9.png
render: /workspace/overlap/gallery/resident/arwen_wrf_19850531_12z_f006_d01-4km_var_wrf_lh_1274959c4965429f.png
render: /workspace/overlap/gallery/resident/arwen_wrf_19850531_12z_f006_d01-4km_var_wrf_mean_wind_0_6km_1_fa30e91bbafba84b.png
render: /workspace/overlap/gallery/resident/arwen_wrf_19850531_12z_f006_d01-4km_var_wrf_mean_wind_0_6km_2_fa30ea1bbafba9fe.png
render: /workspace/overlap/gallery/resident/arwen_wrf_19850531_12z_f006_d01-4km_var_wrf_mean_wind_1_6a5c05f508619b2d.png
render: /workspace/overlap/gallery/resident/arwen_wrf_19850531_12z_f006_d01-4km_var_wrf_mean_wind_2_6a5c02f508619614.png
render: /workspace/overlap/gallery/resident/arwen_wrf_19850531_12z_f006_d01-4km_var_wrf_pblh_f7f124fa24c7224d.png
render: /workspace/overlap/gallery/resident/arwen_wrf_19850531_12z_f006_d01-4km_var_wrf_pw_1214aa9c49131eca.png
render: /workspace/overlap/gallery/resident/arwen_wrf_19850531_12z_f006_d01-4km_var_wrf_rh2m_6cd805ed454d060c.png
render: /workspace/overlap/gallery/resident/arwen_wrf_19850531_12z_f006_d01-4km_var_wrf_ship_4e45f8e1418974e9.png
render: /workspace/overlap/gallery/resident/arwen_wrf_19850531_12z_f006_d01-4km_var_wrf_slp_b28e1a901d0735fc.png
render: /workspace/overlap/gallery/resident/arwen_wrf_19850531_12z_f006_d01-4km_var_wrf_snownc_90d2ef2498774733.png
render: /workspace/overlap/gallery/resident/arwen_wrf_19850531_12z_f006_d01-4km_var_wrf_srh_b2a336901d19c19a.png
render: /workspace/overlap/gallery/resident/arwen_wrf_19850531_12z_f006_d01-4km_var_wrf_swdown_0cfcc0d984b0a765.png
render: /workspace/overlap/gallery/resident/arwen_wrf_19850531_12z_f006_d01-4km_var_wrf_t2_1222df9c491fb635.png
render: /workspace/overlap/gallery/resident/arwen_wrf_19850531_12z_f006_d01-4km_var_wrf_terrain_eb420571ec25921c.png
render: /workspace/overlap/gallery/resident/arwen_wrf_19850531_12z_f006_d01-4km_var_wrf_tsk_f01b2c904026c42b.png
render: /workspace/overlap/gallery/resident/arwen_wrf_19850531_12z_f006_d01-4km_var_wrf_tv2m_0b19801cf3468b64.png
render: /workspace/overlap/gallery/resident/arwen_wrf_19850531_12z_f006_d01-4km_var_wrf_uvmet10_u_7d01fb19f50d0a1b.png
render: /workspace/overlap/gallery/resident/arwen_wrf_19850531_12z_f006_d01-4km_var_wrf_uvmet10_v_7d01fc19f50d0bce.png
render: /workspace/overlap/gallery/resident/arwen_wrf_19850531_12z_f006_d01-4km_var_wrf_wdir10_78c88222331d69b2.png
render: /workspace/overlap/gallery/resident/arwen_wrf_19850531_12z_f006_d01-4km_var_wrf_wet_bulb_0_f87a3f96b832fdda.png
render: /workspace/overlap/gallery/resident/arwen_wrf_19850531_12z_f006_d01-4km_var_wrf_wspd10_6028b79d4d401ab8.png
render: 1127 file(s) -> /workspace/overlap/gallery/resident
