run,step,case,k,dt,ktau,myj,frpcpn,mosaic_lu,mosaic_soil,rdlai2d,iswater,isice,xice_threshold,nlcat,nscat,lutype,cp,rovcp,g0,lv,stbolt,zs,ivgtyp,isltyp,xland,xice,tbot,shdmin,shdmax,vegfra,rainbl,frzfrac,glw,gsw,chs,flqc,flhc,albbck,z3d,p8w,t3d,qv3d,qc3d,rho3d,snow_i,snowh_i,snowc_i,canwat_i,snoalb_i,alb_i,emiss_i,lai_i,mavail_i,sfcexc_i,z0_i,znt_i,soilt_i,hfx_i,qfx_i,lh_i,sfcevp_i,sfcrunoff_i,udrunoff_i,acrunoff_i,grdflx_i,acsnow_i,snom_i,qvg_i,qcg_i,dew_i,qsfc_i,qsg_i,chklowq_i,soilt1_i,tsnav_i,smavail_i,smmax_i,rhosnf_i,precipfr_i,snowfallac_i,soilmois_i,sh2o_i,tso_i,smfr3d_i,keepfr_i,snow,snowh,snowc,canwat,snoalb,alb,emiss,lai,mavail,sfcexc,z0,znt,soilt,hfx,qfx,lh,sfcevp,sfcrunoff,udrunoff,acrunoff,grdflx,acsnow,snom,qvg,qcg,dew,qsfc,qsg,chklowq,soilt1,tsnav,smavail,smmax,rhosnf,precipfr,snowfallac,soilmois,sh2o,tso,smfr3d,keepfr
1,1,dry_root_irrigation,1,60.0000000,1,F,T,1,1,F,17,15,0.500000000,21,19,0,1004.50000,0.285714298,9.81000042,2500000.00,0.567051011E-7,0.00000000,1,4,1.00000000,0.00000000,290.000000,10.0000000,90.0000000,85.0000000,0.00000000,0.00000000,340.000000,520.000000,0.120000001E-1,0.109999999E-1,11.0000000,0.119999997,80.0000000,95000.0000,298.000000,0.800000038E-2,0.00000000,1.10000002,0.00000000,0.00000000,0.00000000,0.150000006,0.519999981,0.119999997,0.949999988,6.40000010,0.256716430,0.00000000,0.00000000,0.800000012,297.000000,0.00000000,0.00000000,0.00000000,7.50000000,2.00000000,1.00000000,4.00000000,0.00000000,3.25000000,0.250000000,0.00000000,-1.00000000,0.00000000,0.00000000,0.00000000,1.00000000,296.000000,0.00000000,0.00000000,0.00000000,0.00000000,0.00000000,0.500000000,0.119999997,0.119999997,295.000000,0.00000000,0.00000000,0.00000000,0.00000000,0.00000000,0.147360593,0.519999981,0.119999997,0.949999988,4.91881275,0.225937486,0.988874957E-2,0.256850690,0.256850690,290.335114,-84.9873734,0.511070757E-4,127.767693,7.50613308,0.00000000,0.00000000,0.00000000,281.279663,3.25000000,0.00000000,0.909299497E-2,0.00000000,0.00000000,0.901105721E-2,0.128312372E-1,1.00000000,296.000000,22.8500061,440.213379,1398.88232,-1000.00000,0.00000000,0.00000000,0.154847652,0.119999997,290.335114,0.712418258E-1,0.00000000
1,1,dry_root_irrigation,2,60.0000000,1,F,T,1,1,F,17,15,0.500000000,21,19,0,1004.50000,0.285714298,9.81000042,2500000.00,0.567051011E-7,0.999999978E-2,1,4,1.00000000,0.00000000,290.000000,10.0000000,90.0000000,85.0000000,0.00000000,0.00000000,340.000000,520.000000,0.120000001E-1,0.109999999E-1,11.0000000,0.119999997,80.0000000,95000.0000,298.000000,0.800000038E-2,0.00000000,1.10000002,0.00000000,0.00000000,0.00000000,0.150000006,0.519999981,0.119999997,0.949999988,6.40000010,0.256716430,0.00000000,0.00000000,0.800000012,297.000000,0.00000000,0.00000000,0.00000000,7.50000000,2.00000000,1.00000000,4.00000000,0.00000000,3.25000000,0.250000000,0.00000000,-1.00000000,0.00000000,0.00000000,0.00000000,1.00000000,296.000000,0.00000000,0.00000000,0.00000000,0.00000000,0.00000000,0.500000000,0.119999997,0.119999997,295.000000,0.00000000,0.00000000,0.00000000,0.00000000,0.00000000,0.147360593,0.519999981,0.119999997,0.949999988,4.91881275,0.225937486,0.988874957E-2,0.256850690,0.256850690,290.335114,-84.9873734,0.511070757E-4,127.767693,7.50613308,0.00000000,0.00000000,0.00000000,281.279663,3.25000000,0.00000000,0.909299497E-2,0.00000000,0.00000000,0.901105721E-2,0.128312372E-1,1.00000000,296.000000,22.8500061,440.213379,1398.88232,-1000.00000,0.00000000,0.00000000,0.154875457,0.119999997,294.652679,0.712418258E-1,0.00000000
1,1,dry_root_irrigation,3,60.0000000,1,F,T,1,1,F,17,15,0.500000000,21,19,0,1004.50000,0.285714298,9.81000042,2500000.00,0.567051011E-7,0.399999991E-1,1,4,1.00000000,0.00000000,290.000000,10.0000000,90.0000000,85.0000000,0.00000000,0.00000000,340.000000,520.000000,0.120000001E-1,0.109999999E-1,11.0000000,0.119999997,80.0000000,95000.0000,298.000000,0.800000038E-2,0.00000000,1.10000002,0.00000000,0.00000000,0.00000000,0.150000006,0.519999981,0.119999997,0.949999988,6.40000010,0.256716430,0.00000000,0.00000000,0.800000012,297.000000,0.00000000,0.00000000,0.00000000,7.50000000,2.00000000,1.00000000,4.00000000,0.00000000,3.25000000,0.250000000,0.00000000,-1.00000000,0.00000000,0.00000000,0.00000000,1.00000000,296.000000,0.00000000,0.00000000,0.00000000,0.00000000,0.00000000,0.500000000,0.119999997,0.119999997,295.000000,0.00000000,0.00000000,0.00000000,0.00000000,0.00000000,0.147360593,0.519999981,0.119999997,0.949999988,4.91881275,0.225937486,0.988874957E-2,0.256850690,0.256850690,290.335114,-84.9873734,0.511070757E-4,127.767693,7.50613308,0.00000000,0.00000000,0.00000000,281.279663,3.25000000,0.00000000,0.909299497E-2,0.00000000,0.00000000,0.901105721E-2,0.128312372E-1,1.00000000,296.000000,22.8500061,440.213379,1398.88232,-1000.00000,0.00000000,0.00000000,0.154875457,0.119999997,294.995850,0.712418258E-1,0.00000000
1,1,dry_root_irrigation,4,60.0000000,1,F,T,1,1,F,17,15,0.500000000,21,19,0,1004.50000,0.285714298,9.81000042,2500000.00,0.567051011E-7,0.100000001,1,4,1.00000000,0.00000000,290.000000,10.0000000,90.0000000,85.0000000,0.00000000,0.00000000,340.000000,520.000000,0.120000001E-1,0.109999999E-1,11.0000000,0.119999997,80.0000000,95000.0000,298.000000,0.800000038E-2,0.00000000,1.10000002,0.00000000,0.00000000,0.00000000,0.150000006,0.519999981,0.119999997,0.949999988,6.40000010,0.256716430,0.00000000,0.00000000,0.800000012,297.000000,0.00000000,0.00000000,0.00000000,7.50000000,2.00000000,1.00000000,4.00000000,0.00000000,3.25000000,0.250000000,0.00000000,-1.00000000,0.00000000,0.00000000,0.00000000,1.00000000,296.000000,0.00000000,0.00000000,0.00000000,0.00000000,0.00000000,0.500000000,0.119999997,0.119999997,295.000000,0.00000000,0.00000000,0.00000000,0.00000000,0.00000000,0.147360593,0.519999981,0.119999997,0.949999988,4.91881275,0.225937486,0.988874957E-2,0.256850690,0.256850690,290.335114,-84.9873734,0.511070757E-4,127.767693,7.50613308,0.00000000,0.00000000,0.00000000,281.279663,3.25000000,0.00000000,0.909299497E-2,0.00000000,0.00000000,0.901105721E-2,0.128312372E-1,1.00000000,296.000000,22.8500061,440.213379,1398.88232,-1000.00000,0.00000000,0.00000000,0.154875457,0.119999997,295.000000,0.712418258E-1,0.00000000
1,1,dry_root_irrigation,5,60.0000000,1,F,T,1,1,F,17,15,0.500000000,21,19,0,1004.50000,0.285714298,9.81000042,2500000.00,0.567051011E-7,0.300000012,1,4,1.00000000,0.00000000,290.000000,10.0000000,90.0000000,85.0000000,0.00000000,0.00000000,340.000000,520.000000,0.120000001E-1,0.109999999E-1,11.0000000,0.119999997,80.0000000,95000.0000,298.000000,0.800000038E-2,0.00000000,1.10000002,0.00000000,0.00000000,0.00000000,0.150000006,0.519999981,0.119999997,0.949999988,6.40000010,0.256716430,0.00000000,0.00000000,0.800000012,297.000000,0.00000000,0.00000000,0.00000000,7.50000000,2.00000000,1.00000000,4.00000000,0.00000000,3.25000000,0.250000000,0.00000000,-1.00000000,0.00000000,0.00000000,0.00000000,1.00000000,296.000000,0.00000000,0.00000000,0.00000000,0.00000000,0.00000000,0.500000000,0.119999997,0.119999997,295.000000,0.00000000,0.00000000,0.00000000,0.00000000,0.00000000,0.147360593,0.519999981,0.119999997,0.949999988,4.91881275,0.225937486,0.988874957E-2,0.256850690,0.256850690,290.335114,-84.9873734,0.511070757E-4,127.767693,7.50613308,0.00000000,0.00000000,0.00000000,281.279663,3.25000000,0.00000000,0.909299497E-2,0.00000000,0.00000000,0.901105721E-2,0.128312372E-1,1.00000000,296.000000,22.8500061,440.213379,1398.88232,-1000.00000,0.00000000,0.00000000,0.154875457,0.119999997,295.000031,0.712418258E-1,0.00000000
1,1,dry_root_irrigation,6,60.0000000,1,F,T,1,1,F,17,15,0.500000000,21,19,0,1004.50000,0.285714298,9.81000042,2500000.00,0.567051011E-7,0.600000024,1,4,1.00000000,0.00000000,290.000000,10.0000000,90.0000000,85.0000000,0.00000000,0.00000000,340.000000,520.000000,0.120000001E-1,0.109999999E-1,11.0000000,0.119999997,80.0000000,95000.0000,298.000000,0.800000038E-2,0.00000000,1.10000002,0.00000000,0.00000000,0.00000000,0.150000006,0.519999981,0.119999997,0.949999988,6.40000010,0.256716430,0.00000000,0.00000000,0.800000012,297.000000,0.00000000,0.00000000,0.00000000,7.50000000,2.00000000,1.00000000,4.00000000,0.00000000,3.25000000,0.250000000,0.00000000,-1.00000000,0.00000000,0.00000000,0.00000000,1.00000000,296.000000,0.00000000,0.00000000,0.00000000,0.00000000,0.00000000,0.500000000,0.119999997,0.119999997,295.000000,0.00000000,0.00000000,0.00000000,0.00000000,0.00000000,0.147360593,0.519999981,0.119999997,0.949999988,4.91881275,0.225937486,0.988874957E-2,0.256850690,0.256850690,290.335114,-84.9873734,0.511070757E-4,127.767693,7.50613308,0.00000000,0.00000000,0.00000000,281.279663,3.25000000,0.00000000,0.909299497E-2,0.00000000,0.00000000,0.901105721E-2,0.128312372E-1,1.00000000,296.000000,22.8500061,440.213379,1398.88232,-1000.00000,0.00000000,0.00000000,0.154875457,0.119999997,295.000031,0.712418258E-1,0.00000000
1,1,dry_root_irrigation,7,60.0000000,1,F,T,1,1,F,17,15,0.500000000,21,19,0,1004.50000,0.285714298,9.81000042,2500000.00,0.567051011E-7,1.00000000,1,4,1.00000000,0.00000000,290.000000,10.0000000,90.0000000,85.0000000,0.00000000,0.00000000,340.000000,520.000000,0.120000001E-1,0.109999999E-1,11.0000000,0.119999997,80.0000000,95000.0000,298.000000,0.800000038E-2,0.00000000,1.10000002,0.00000000,0.00000000,0.00000000,0.150000006,0.519999981,0.119999997,0.949999988,6.40000010,0.256716430,0.00000000,0.00000000,0.800000012,297.000000,0.00000000,0.00000000,0.00000000,7.50000000,2.00000000,1.00000000,4.00000000,0.00000000,3.25000000,0.250000000,0.00000000,-1.00000000,0.00000000,0.00000000,0.00000000,1.00000000,296.000000,0.00000000,0.00000000,0.00000000,0.00000000,0.00000000,0.500000000,0.119999997,0.119999997,295.000000,0.00000000,0.00000000,0.00000000,0.00000000,0.00000000,0.147360593,0.519999981,0.119999997,0.949999988,4.91881275,0.225937486,0.988874957E-2,0.256850690,0.256850690,290.335114,-84.9873734,0.511070757E-4,127.767693,7.50613308,0.00000000,0.00000000,0.00000000,281.279663,3.25000000,0.00000000,0.909299497E-2,0.00000000,0.00000000,0.901105721E-2,0.128312372E-1,1.00000000,296.000000,22.8500061,440.213379,1398.88232,-1000.00000,0.00000000,0.00000000,0.154875457,0.119999997,295.000000,0.712418258E-1,0.00000000
1,1,dry_root_irrigation,8,60.0000000,1,F,T,1,1,F,17,15,0.500000000,21,19,0,1004.50000,0.285714298,9.81000042,2500000.00,0.567051011E-7,1.60000002,1,4,1.00000000,0.00000000,290.000000,10.0000000,90.0000000,85.0000000,0.00000000,0.00000000,340.000000,520.000000,0.120000001E-1,0.109999999E-1,11.0000000,0.119999997,80.0000000,95000.0000,298.000000,0.800000038E-2,0.00000000,1.10000002,0.00000000,0.00000000,0.00000000,0.150000006,0.519999981,0.119999997,0.949999988,6.40000010,0.256716430,0.00000000,0.00000000,0.800000012,297.000000,0.00000000,0.00000000,0.00000000,7.50000000,2.00000000,1.00000000,4.00000000,0.00000000,3.25000000,0.250000000,0.00000000,-1.00000000,0.00000000,0.00000000,0.00000000,1.00000000,296.000000,0.00000000,0.00000000,0.00000000,0.00000000,0.00000000,0.500000000,0.119999997,0.119999997,295.000000,0.00000000,0.00000000,0.00000000,0.00000000,0.00000000,0.147360593,0.519999981,0.119999997,0.949999988,4.91881275,0.225937486,0.988874957E-2,0.256850690,0.256850690,290.335114,-84.9873734,0.511070757E-4,127.767693,7.50613308,0.00000000,0.00000000,0.00000000,281.279663,3.25000000,0.00000000,0.909299497E-2,0.00000000,0.00000000,0.901105721E-2,0.128312372E-1,1.00000000,296.000000,22.8500061,440.213379,1398.88232,-1000.00000,0.00000000,0.00000000,0.154875457,0.119999997,295.000000,0.712418258E-1,0.00000000
1,1,dry_root_irrigation,9,60.0000000,1,F,T,1,1,F,17,15,0.500000000,21,19,0,1004.50000,0.285714298,9.81000042,2500000.00,0.567051011E-7,3.00000000,1,4,1.00000000,0.00000000,290.000000,10.0000000,90.0000000,85.0000000,0.00000000,0.00000000,340.000000,520.000000,0.120000001E-1,0.109999999E-1,11.0000000,0.119999997,80.0000000,95000.0000,298.000000,0.800000038E-2,0.00000000,1.10000002,0.00000000,0.00000000,0.00000000,0.150000006,0.519999981,0.119999997,0.949999988,6.40000010,0.256716430,0.00000000,0.00000000,0.800000012,297.000000,0.00000000,0.00000000,0.00000000,7.50000000,2.00000000,1.00000000,4.00000000,0.00000000,3.25000000,0.250000000,0.00000000,-1.00000000,0.00000000,0.00000000,0.00000000,1.00000000,296.000000,0.00000000,0.00000000,0.00000000,0.00000000,0.00000000,0.500000000,0.119999997,0.119999997,295.000000,0.00000000,0.00000000,0.00000000,0.00000000,0.00000000,0.147360593,0.519999981,0.119999997,0.949999988,4.91881275,0.225937486,0.988874957E-2,0.256850690,0.256850690,290.335114,-84.9873734,0.511070757E-4,127.767693,7.50613308,0.00000000,0.00000000,0.00000000,281.279663,3.25000000,0.00000000,0.909299497E-2,0.00000000,0.00000000,0.901105721E-2,0.128312372E-1,1.00000000,296.000000,22.8500061,440.213379,1398.88232,-1000.00000,0.00000000,0.00000000,0.119999997,0.119999997,290.000000,0.712418258E-1,0.00000000
1,1,threshold_greenness,1,60.0000000,1,F,T,1,1,F,17,15,0.500000000,21,19,0,1004.50000,0.285714298,9.81000042,2500000.00,0.567051011E-7,0.00000000,10,4,1.00000000,0.00000000,290.000000,10.0000000,90.0000000,70.0000000,0.00000000,0.00000000,300.000000,430.000000,0.140000004E-1,0.130000003E-1,13.0000000,0.189999998,80.0000000,95000.0000,298.000000,0.800000038E-2,0.999999975E-5,1.10000002,0.00000000,0.00000000,0.00000000,0.799999982E-1,0.699999988,0.189999998,0.920000017,2.90000010,0.256716430,0.00000000,0.00000000,0.750000030E-1,297.000000,0.00000000,0.00000000,0.00000000,7.50000000,2.00000000,1.00000000,4.00000000,0.00000000,3.25000000,0.250000000,-0.500000000,-1.00000000,0.00000000,0.00000000,0.00000000,1.00000000,296.000000,0.00000000,0.00000000,0.00000000,0.00000000,0.00000000,0.500000000,0.119999997,0.119999997,295.000000,0.00000000,0.00000000,0.00000000,0.00000000,0.00000000,0.775093287E-1,0.699999988,0.189999998,0.920000017,4.81325006,0.225555614,0.116867041E-1,0.243747935,0.243747935,290.153290,-102.822220,0.577975225E-4,144.493805,7.50693607,0.00000000,0.00000000,0.00000000,292.242340,3.25000000,0.00000000,0.905973837E-2,0.00000000,0.00000000,0.897839572E-2,0.126842372E-1,1.00000000,296.000000,22.8500061,359.998993,1398.88232,-1000.00000,0.00000000,0.00000000,0.119807459,0.119807459,290.153290,0.712418258E-1,0.00000000
1,1,threshold_greenness,2,60.0000000,1,F,T,1,1,F,17,15,0.500000000,21,19,0,1004.50000,0.285714298,9.81000042,2500000.00,0.567051011E-7,0.999999978E-2,10,4,1.00000000,0.00000000,290.000000,10.0000000,90.0000000,70.0000000,0.00000000,0.00000000,300.000000,430.000000,0.140000004E-1,0.130000003E-1,13.0000000,0.189999998,80.0000000,95000.0000,298.000000,0.800000038E-2,0.999999975E-5,1.10000002,0.00000000,0.00000000,0.00000000,0.799999982E-1,0.699999988,0.189999998,0.920000017,2.90000010,0.256716430,0.00000000,0.00000000,0.750000030E-1,297.000000,0.00000000,0.00000000,0.00000000,7.50000000,2.00000000,1.00000000,4.00000000,0.00000000,3.25000000,0.250000000,-0.500000000,-1.00000000,0.00000000,0.00000000,0.00000000,1.00000000,296.000000,0.00000000,0.00000000,0.00000000,0.00000000,0.00000000,0.500000000,0.119999997,0.119999997,295.000000,0.00000000,0.00000000,0.00000000,0.00000000,0.00000000,0.775093287E-1,0.699999988,0.189999998,0.920000017,4.81325006,0.225555614,0.116867041E-1,0.243747935,0.243747935,290.153290,-102.822220,0.577975225E-4,144.493805,7.50693607,0.00000000,0.00000000,0.00000000,292.242340,3.25000000,0.00000000,0.905973837E-2,0.00000000,0.00000000,0.897839572E-2,0.126842372E-1,1.00000000,296.000000,22.8500061,359.998993,1398.88232,-1000.00000,0.00000000,0.00000000,0.119999893,0.119999893,294.639130,0.712418258E-1,0.00000000
1,1,threshold_greenness,3,60.0000000,1,F,T,1,1,F,17,15,0.500000000,21,19,0,1004.50000,0.285714298,9.81000042,2500000.00,0.567051011E-7,0.399999991E-1,10,4,1.00000000,0.00000000,290.000000,10.0000000,90.0000000,70.0000000,0.00000000,0.00000000,300.000000,430.000000,0.140000004E-1,0.130000003E-1,13.0000000,0.189999998,80.0000000,95000.0000,298.000000,0.800000038E-2,0.999999975E-5,1.10000002,0.00000000,0.00000000,0.00000000,0.799999982E-1,0.699999988,0.189999998,0.920000017,2.90000010,0.256716430,0.00000000,0.00000000,0.750000030E-1,297.000000,0.00000000,0.00000000,0.00000000,7.50000000,2.00000000,1.00000000,4.00000000,0.00000000,3.25000000,0.250000000,-0.500000000,-1.00000000,0.00000000,0.00000000,0.00000000,1.00000000,296.000000,0.00000000,0.00000000,0.00000000,0.00000000,0.00000000,0.500000000,0.119999997,0.119999997,295.000000,0.00000000,0.00000000,0.00000000,0.00000000,0.00000000,0.775093287E-1,0.699999988,0.189999998,0.920000017,4.81325006,0.225555614,0.116867041E-1,0.243747935,0.243747935,290.153290,-102.822220,0.577975225E-4,144.493805,7.50693607,0.00000000,0.00000000,0.00000000,292.242340,3.25000000,0.00000000,0.905973837E-2,0.00000000,0.00000000,0.897839572E-2,0.126842372E-1,1.00000000,296.000000,22.8500061,359.998993,1398.88232,-1000.00000,0.00000000,0.00000000,0.119999953,0.119999953,294.995667,0.712418258E-1,0.00000000
1,1,threshold_greenness,4,60.0000000,1,F,T,1,1,F,17,15,0.500000000,21,19,0,1004.50000,0.285714298,9.81000042,2500000.00,0.567051011E-7,0.100000001,10,4,1.00000000,0.00000000,290.000000,10.0000000,90.0000000,70.0000000,0.00000000,0.00000000,300.000000,430.000000,0.140000004E-1,0.130000003E-1,13.0000000,0.189999998,80.0000000,95000.0000,298.000000,0.800000038E-2,0.999999975E-5,1.10000002,0.00000000,0.00000000,0.00000000,0.799999982E-1,0.699999988,0.189999998,0.920000017,2.90000010,0.256716430,0.00000000,0.00000000,0.750000030E-1,297.000000,0.00000000,0.00000000,0.00000000,7.50000000,2.00000000,1.00000000,4.00000000,0.00000000,3.25000000,0.250000000,-0.500000000,-1.00000000,0.00000000,0.00000000,0.00000000,1.00000000,296.000000,0.00000000,0.00000000,0.00000000,0.00000000,0.00000000,0.500000000,0.119999997,0.119999997,295.000000,0.00000000,0.00000000,0.00000000,0.00000000,0.00000000,0.775093287E-1,0.699999988,0.189999998,0.920000017,4.81325006,0.225555614,0.116867041E-1,0.243747935,0.243747935,290.153290,-102.822220,0.577975225E-4,144.493805,7.50693607,0.00000000,0.00000000,0.00000000,292.242340,3.25000000,0.00000000,0.905973837E-2,0.00000000,0.00000000,0.897839572E-2,0.126842372E-1,1.00000000,296.000000,22.8500061,359.998993,1398.88232,-1000.00000,0.00000000,0.00000000,0.119999982,0.119999982,295.000000,0.712418258E-1,0.00000000
1,1,threshold_greenness,5,60.0000000,1,F,T,1,1,F,17,15,0.500000000,21,19,0,1004.50000,0.285714298,9.81000042,2500000.00,0.567051011E-7,0.300000012,10,4,1.00000000,0.00000000,290.000000,10.0000000,90.0000000,70.0000000,0.00000000,0.00000000,300.000000,430.000000,0.140000004E-1,0.130000003E-1,13.0000000,0.189999998,80.0000000,95000.0000,298.000000,0.800000038E-2,0.999999975E-5,1.10000002,0.00000000,0.00000000,0.00000000,0.799999982E-1,0.699999988,0.189999998,0.920000017,2.90000010,0.256716430,0.00000000,0.00000000,0.750000030E-1,297.000000,0.00000000,0.00000000,0.00000000,7.50000000,2.00000000,1.00000000,4.00000000,0.00000000,3.25000000,0.250000000,-0.500000000,-1.00000000,0.00000000,0.00000000,0.00000000,1.00000000,296.000000,0.00000000,0.00000000,0.00000000,0.00000000,0.00000000,0.500000000,0.119999997,0.119999997,295.000000,0.00000000,0.00000000,0.00000000,0.00000000,0.00000000,0.775093287E-1,0.699999988,0.189999998,0.920000017,4.81325006,0.225555614,0.116867041E-1,0.243747935,0.243747935,290.153290,-102.822220,0.577975225E-4,144.493805,7.50693607,0.00000000,0.00000000,0.00000000,292.242340,3.25000000,0.00000000,0.905973837E-2,0.00000000,0.00000000,0.897839572E-2,0.126842372E-1,1.00000000,296.000000,22.8500061,359.998993,1398.88232,-1000.00000,0.00000000,0.00000000,0.119999990,0.119999990,295.000031,0.712418258E-1,0.00000000
1,1,threshold_greenness,6,60.0000000,1,F,T,1,1,F,17,15,0.500000000,21,19,0,1004.50000,0.285714298,9.81000042,2500000.00,0.567051011E-7,0.600000024,10,4,1.00000000,0.00000000,290.000000,10.0000000,90.0000000,70.0000000,0.00000000,0.00000000,300.000000,430.000000,0.140000004E-1,0.130000003E-1,13.0000000,0.189999998,80.0000000,95000.0000,298.000000,0.800000038E-2,0.999999975E-5,1.10000002,0.00000000,0.00000000,0.00000000,0.799999982E-1,0.699999988,0.189999998,0.920000017,2.90000010,0.256716430,0.00000000,0.00000000,0.750000030E-1,297.000000,0.00000000,0.00000000,0.00000000,7.50000000,2.00000000,1.00000000,4.00000000,0.00000000,3.25000000,0.250000000,-0.500000000,-1.00000000,0.00000000,0.00000000,0.00000000,1.00000000,296.000000,0.00000000,0.00000000,0.00000000,0.00000000,0.00000000,0.500000000,0.119999997,0.119999997,295.000000,0.00000000,0.00000000,0.00000000,0.00000000,0.00000000,0.775093287E-1,0.699999988,0.189999998,0.920000017,4.81325006,0.225555614,0.116867041E-1,0.243747935,0.243747935,290.153290,-102.822220,0.577975225E-4,144.493805,7.50693607,0.00000000,0.00000000,0.00000000,292.242340,3.25000000,0.00000000,0.905973837E-2,0.00000000,0.00000000,0.897839572E-2,0.126842372E-1,1.00000000,296.000000,22.8500061,359.998993,1398.88232,-1000.00000,0.00000000,0.00000000,0.119999990,0.119999990,295.000031,0.712418258E-1,0.00000000
1,1,threshold_greenness,7,60.0000000,1,F,T,1,1,F,17,15,0.500000000,21,19,0,1004.50000,0.285714298,9.81000042,2500000.00,0.567051011E-7,1.00000000,10,4,1.00000000,0.00000000,290.000000,10.0000000,90.0000000,70.0000000,0.00000000,0.00000000,300.000000,430.000000,0.140000004E-1,0.130000003E-1,13.0000000,0.189999998,80.0000000,95000.0000,298.000000,0.800000038E-2,0.999999975E-5,1.10000002,0.00000000,0.00000000,0.00000000,0.799999982E-1,0.699999988,0.189999998,0.920000017,2.90000010,0.256716430,0.00000000,0.00000000,0.750000030E-1,297.000000,0.00000000,0.00000000,0.00000000,7.50000000,2.00000000,1.00000000,4.00000000,0.00000000,3.25000000,0.250000000,-0.500000000,-1.00000000,0.00000000,0.00000000,0.00000000,1.00000000,296.000000,0.00000000,0.00000000,0.00000000,0.00000000,0.00000000,0.500000000,0.119999997,0.119999997,295.000000,0.00000000,0.00000000,0.00000000,0.00000000,0.00000000,0.775093287E-1,0.699999988,0.189999998,0.920000017,4.81325006,0.225555614,0.116867041E-1,0.243747935,0.243747935,290.153290,-102.822220,0.577975225E-4,144.493805,7.50693607,0.00000000,0.00000000,0.00000000,292.242340,3.25000000,0.00000000,0.905973837E-2,0.00000000,0.00000000,0.897839572E-2,0.126842372E-1,1.00000000,296.000000,22.8500061,359.998993,1398.88232,-1000.00000,0.00000000,0.00000000,0.119999997,0.119999997,295.000000,0.712418258E-1,0.00000000
1,1,threshold_greenness,8,60.0000000,1,F,T,1,1,F,17,15,0.500000000,21,19,0,1004.50000,0.285714298,9.81000042,2500000.00,0.567051011E-7,1.60000002,10,4,1.00000000,0.00000000,290.000000,10.0000000,90.0000000,70.0000000,0.00000000,0.00000000,300.000000,430.000000,0.140000004E-1,0.130000003E-1,13.0000000,0.189999998,80.0000000,95000.0000,298.000000,0.800000038E-2,0.999999975E-5,1.10000002,0.00000000,0.00000000,0.00000000,0.799999982E-1,0.699999988,0.189999998,0.920000017,2.90000010,0.256716430,0.00000000,0.00000000,0.750000030E-1,297.000000,0.00000000,0.00000000,0.00000000,7.50000000,2.00000000,1.00000000,4.00000000,0.00000000,3.25000000,0.250000000,-0.500000000,-1.00000000,0.00000000,0.00000000,0.00000000,1.00000000,296.000000,0.00000000,0.00000000,0.00000000,0.00000000,0.00000000,0.500000000,0.119999997,0.119999997,295.000000,0.00000000,0.00000000,0.00000000,0.00000000,0.00000000,0.775093287E-1,0.699999988,0.189999998,0.920000017,4.81325006,0.225555614,0.116867041E-1,0.243747935,0.243747935,290.153290,-102.822220,0.577975225E-4,144.493805,7.50693607,0.00000000,0.00000000,0.00000000,292.242340,3.25000000,0.00000000,0.905973837E-2,0.00000000,0.00000000,0.897839572E-2,0.126842372E-1,1.00000000,296.000000,22.8500061,359.998993,1398.88232,-1000.00000,0.00000000,0.00000000,0.119999997,0.119999997,295.000000,0.712418258E-1,0.00000000
1,1,threshold_greenness,9,60.0000000,1,F,T,1,1,F,17,15,0.500000000,21,19,0,1004.50000,0.285714298,9.81000042,2500000.00,0.567051011E-7,3.00000000,10,4,1.00000000,0.00000000,290.000000,10.0000000,90.0000000,70.0000000,0.00000000,0.00000000,300.000000,430.000000,0.140000004E-1,0.130000003E-1,13.0000000,0.189999998,80.0000000,95000.0000,298.000000,0.800000038E-2,0.999999975E-5,1.10000002,0.00000000,0.00000000,0.00000000,0.799999982E-1,0.699999988,0.189999998,0.920000017,2.90000010,0.256716430,0.00000000,0.00000000,0.750000030E-1,297.000000,0.00000000,0.00000000,0.00000000,7.50000000,2.00000000,1.00000000,4.00000000,0.00000000,3.25000000,0.250000000,-0.500000000,-1.00000000,0.00000000,0.00000000,0.00000000,1.00000000,296.000000,0.00000000,0.00000000,0.00000000,0.00000000,0.00000000,0.500000000,0.119999997,0.119999997,295.000000,0.00000000,0.00000000,0.00000000,0.00000000,0.00000000,0.775093287E-1,0.699999988,0.189999998,0.920000017,4.81325006,0.225555614,0.116867041E-1,0.243747935,0.243747935,290.153290,-102.822220,0.577975225E-4,144.493805,7.50693607,0.00000000,0.00000000,0.00000000,292.242340,3.25000000,0.00000000,0.905973837E-2,0.00000000,0.00000000,0.897839572E-2,0.126842372E-1,1.00000000,296.000000,22.8500061,359.998993,1398.88232,-1000.00000,0.00000000,0.00000000,0.119999997,0.119999997,290.000000,0.712418258E-1,0.00000000
1,1,below_threshold,1,60.0000000,1,F,T,1,1,F,17,15,0.500000000,21,19,0,1004.50000,0.285714298,9.81000042,2500000.00,0.567051011E-7,0.00000000,12,4,1.00000000,0.00000000,290.000000,10.0000000,90.0000000,69.0000000,0.00000000,0.00000000,250.000000,150.000000,0.800000038E-2,0.700000022E-2,7.00000000,0.180000007,80.0000000,95000.0000,298.000000,0.800000038E-2,0.199999995E-4,1.10000002,0.00000000,0.00000000,0.00000000,0.119999997,0.660000026,0.180000007,0.935000002,5.67999983,0.256716430,0.00000000,0.00000000,0.200000003,297.000000,0.00000000,0.00000000,0.00000000,7.50000000,2.00000000,1.00000000,4.00000000,0.00000000,3.25000000,0.250000000,0.00000000,0.500000000,0.00000000,0.00000000,0.00000000,1.00000000,296.000000,0.00000000,0.00000000,0.00000000,0.00000000,0.00000000,0.500000000,0.119999997,0.119999997,295.000000,0.00000000,0.00000000,0.00000000,0.00000000,0.00000000,0.118774481,0.660000026,0.180000007,0.935000002,4.80621243,0.225884914,0.629284047E-2,0.242868006,0.242868006,289.723053,-58.4015274,0.288216797E-4,72.0541992,7.50345898,0.00000000,0.00000000,0.00000000,318.185730,3.25000000,0.00000000,0.898242183E-2,0.00000000,0.00000000,0.890245661E-2,0.123424828E-1,1.00000000,296.000000,22.8500061,359.999481,1398.88232,-1000.00000,0.00000000,0.00000000,0.119900785,0.119900785,289.723053,0.712418258E-1,0.00000000
1,1,below_threshold,2,60.0000000,1,F,T,1,1,F,17,15,0.500000000,21,19,0,1004.50000,0.285714298,9.81000042,2500000.00,0.567051011E-7,0.999999978E-2,12,4,1.00000000,0.00000000,290.000000,10.0000000,90.0000000,69.0000000,0.00000000,0.00000000,250.000000,150.000000,0.800000038E-2,0.700000022E-2,7.00000000,0.180000007,80.0000000,95000.0000,298.000000,0.800000038E-2,0.199999995E-4,1.10000002,0.00000000,0.00000000,0.00000000,0.119999997,0.660000026,0.180000007,0.935000002,5.67999983,0.256716430,0.00000000,0.00000000,0.200000003,297.000000,0.00000000,0.00000000,0.00000000,7.50000000,2.00000000,1.00000000,4.00000000,0.00000000,3.25000000,0.250000000,0.00000000,0.500000000,0.00000000,0.00000000,0.00000000,1.00000000,296.000000,0.00000000,0.00000000,0.00000000,0.00000000,0.00000000,0.500000000,0.119999997,0.119999997,295.000000,0.00000000,0.00000000,0.00000000,0.00000000,0.00000000,0.118774481,0.660000026,0.180000007,0.935000002,4.80621243,0.225884914,0.629284047E-2,0.242868006,0.242868006,289.723053,-58.4015274,0.288216797E-4,72.0541992,7.50345898,0.00000000,0.00000000,0.00000000,318.185730,3.25000000,0.00000000,0.898242183E-2,0.00000000,0.00000000,0.890245661E-2,0.123424828E-1,1.00000000,296.000000,22.8500061,359.999481,1398.88232,-1000.00000,0.00000000,0.00000000,0.119999945,0.119999945,294.607117,0.712418258E-1,0.00000000
1,1,below_threshold,3,60.0000000,1,F,T,1,1,F,17,15,0.500000000,21,19,0,1004.50000,0.285714298,9.81000042,2500000.00,0.567051011E-7,0.399999991E-1,12,4,1.00000000,0.00000000,290.000000,10.0000000,90.0000000,69.0000000,0.00000000,0.00000000,250.000000,150.000000,0.800000038E-2,0.700000022E-2,7.00000000,0.180000007,80.0000000,95000.0000,298.000000,0.800000038E-2,0.199999995E-4,1.10000002,0.00000000,0.00000000,0.00000000,0.119999997,0.660000026,0.180000007,0.935000002,5.67999983,0.256716430,0.00000000,0.00000000,0.200000003,297.000000,0.00000000,0.00000000,0.00000000,7.50000000,2.00000000,1.00000000,4.00000000,0.00000000,3.25000000,0.250000000,0.00000000,0.500000000,0.00000000,0.00000000,0.00000000,1.00000000,296.000000,0.00000000,0.00000000,0.00000000,0.00000000,0.00000000,0.500000000,0.119999997,0.119999997,295.000000,0.00000000,0.00000000,0.00000000,0.00000000,0.00000000,0.118774481,0.660000026,0.180000007,0.935000002,4.80621243,0.225884914,0.629284047E-2,0.242868006,0.242868006,289.723053,-58.4015274,0.288216797E-4,72.0541992,7.50345898,0.00000000,0.00000000,0.00000000,318.185730,3.25000000,0.00000000,0.898242183E-2,0.00000000,0.00000000,0.890245661E-2,0.123424828E-1,1.00000000,296.000000,22.8500061,359.999481,1398.88232,-1000.00000,0.00000000,0.00000000,0.119999975,0.119999975,294.995300,0.712418258E-1,0.00000000
1,1,below_threshold,4,60.0000000,1,F,T,1,1,F,17,15,0.500000000,21,19,0,1004.50000,0.285714298,9.81000042,2500000.00,0.567051011E-7,0.100000001,12,4,1.00000000,0.00000000,290.000000,10.0000000,90.0000000,69.0000000,0.00000000,0.00000000,250.000000,150.000000,0.800000038E-2,0.700000022E-2,7.00000000,0.180000007,80.0000000,95000.0000,298.000000,0.800000038E-2,0.199999995E-4,1.10000002,0.00000000,0.00000000,0.00000000,0.119999997,0.660000026,0.180000007,0.935000002,5.67999983,0.256716430,0.00000000,0.00000000,0.200000003,297.000000,0.00000000,0.00000000,0.00000000,7.50000000,2.00000000,1.00000000,4.00000000,0.00000000,3.25000000,0.250000000,0.00000000,0.500000000,0.00000000,0.00000000,0.00000000,1.00000000,296.000000,0.00000000,0.00000000,0.00000000,0.00000000,0.00000000,0.500000000,0.119999997,0.119999997,295.000000,0.00000000,0.00000000,0.00000000,0.00000000,0.00000000,0.118774481,0.660000026,0.180000007,0.935000002,4.80621243,0.225884914,0.629284047E-2,0.242868006,0.242868006,289.723053,-58.4015274,0.288216797E-4,72.0541992,7.50345898,0.00000000,0.00000000,0.00000000,318.185730,3.25000000,0.00000000,0.898242183E-2,0.00000000,0.00000000,0.890245661E-2,0.123424828E-1,1.00000000,296.000000,22.8500061,359.999481,1398.88232,-1000.00000,0.00000000,0.00000000,0.119999990,0.119999990,295.000000,0.712418258E-1,0.00000000
1,1,below_threshold,5,60.0000000,1,F,T,1,1,F,17,15,0.500000000,21,19,0,1004.50000,0.285714298,9.81000042,2500000.00,0.567051011E-7,0.300000012,12,4,1.00000000,0.00000000,290.000000,10.0000000,90.0000000,69.0000000,0.00000000,0.00000000,250.000000,150.000000,0.800000038E-2,0.700000022E-2,7.00000000,0.180000007,80.0000000,95000.0000,298.000000,0.800000038E-2,0.199999995E-4,1.10000002,0.00000000,0.00000000,0.00000000,0.119999997,0.660000026,0.180000007,0.935000002,5.67999983,0.256716430,0.00000000,0.00000000,0.200000003,297.000000,0.00000000,0.00000000,0.00000000,7.50000000,2.00000000,1.00000000,4.00000000,0.00000000,3.25000000,0.250000000,0.00000000,0.500000000,0.00000000,0.00000000,0.00000000,1.00000000,296.000000,0.00000000,0.00000000,0.00000000,0.00000000,0.00000000,0.500000000,0.119999997,0.119999997,295.000000,0.00000000,0.00000000,0.00000000,0.00000000,0.00000000,0.118774481,0.660000026,0.180000007,0.935000002,4.80621243,0.225884914,0.629284047E-2,0.242868006,0.242868006,289.723053,-58.4015274,0.288216797E-4,72.0541992,7.50345898,0.00000000,0.00000000,0.00000000,318.185730,3.25000000,0.00000000,0.898242183E-2,0.00000000,0.00000000,0.890245661E-2,0.123424828E-1,1.00000000,296.000000,22.8500061,359.999481,1398.88232,-1000.00000,0.00000000,0.00000000,0.119999997,0.119999997,295.000031,0.712418258E-1,0.00000000
1,1,below_threshold,6,60.0000000,1,F,T,1,1,F,17,15,0.500000000,21,19,0,1004.50000,0.285714298,9.81000042,2500000.00,0.567051011E-7,0.600000024,12,4,1.00000000,0.00000000,290.000000,10.0000000,90.0000000,69.0000000,0.00000000,0.00000000,250.000000,150.000000,0.800000038E-2,0.700000022E-2,7.00000000,0.180000007,80.0000000,95000.0000,298.000000,0.800000038E-2,0.199999995E-4,1.10000002,0.00000000,0.00000000,0.00000000,0.119999997,0.660000026,0.180000007,0.935000002,5.67999983,0.256716430,0.00000000,0.00000000,0.200000003,297.000000,0.00000000,0.00000000,0.00000000,7.50000000,2.00000000,1.00000000,4.00000000,0.00000000,3.25000000,0.250000000,0.00000000,0.500000000,0.00000000,0.00000000,0.00000000,1.00000000,296.000000,0.00000000,0.00000000,0.00000000,0.00000000,0.00000000,0.500000000,0.119999997,0.119999997,295.000000,0.00000000,0.00000000,0.00000000,0.00000000,0.00000000,0.118774481,0.660000026,0.180000007,0.935000002,4.80621243,0.225884914,0.629284047E-2,0.242868006,0.242868006,289.723053,-58.4015274,0.288216797E-4,72.0541992,7.50345898,0.00000000,0.00000000,0.00000000,318.185730,3.25000000,0.00000000,0.898242183E-2,0.00000000,0.00000000,0.890245661E-2,0.123424828E-1,1.00000000,296.000000,22.8500061,359.999481,1398.88232,-1000.00000,0.00000000,0.00000000,0.119999997,0.119999997,295.000031,0.712418258E-1,0.00000000
1,1,below_threshold,7,60.0000000,1,F,T,1,1,F,17,15,0.500000000,21,19,0,1004.50000,0.285714298,9.81000042,2500000.00,0.567051011E-7,1.00000000,12,4,1.00000000,0.00000000,290.000000,10.0000000,90.0000000,69.0000000,0.00000000,0.00000000,250.000000,150.000000,0.800000038E-2,0.700000022E-2,7.00000000,0.180000007,80.0000000,95000.0000,298.000000,0.800000038E-2,0.199999995E-4,1.10000002,0.00000000,0.00000000,0.00000000,0.119999997,0.660000026,0.180000007,0.935000002,5.67999983,0.256716430,0.00000000,0.00000000,0.200000003,297.000000,0.00000000,0.00000000,0.00000000,7.50000000,2.00000000,1.00000000,4.00000000,0.00000000,3.25000000,0.250000000,0.00000000,0.500000000,0.00000000,0.00000000,0.00000000,1.00000000,296.000000,0.00000000,0.00000000,0.00000000,0.00000000,0.00000000,0.500000000,0.119999997,0.119999997,295.000000,0.00000000,0.00000000,0.00000000,0.00000000,0.00000000,0.118774481,0.660000026,0.180000007,0.935000002,4.80621243,0.225884914,0.629284047E-2,0.242868006,0.242868006,289.723053,-58.4015274,0.288216797E-4,72.0541992,7.50345898,0.00000000,0.00000000,0.00000000,318.185730,3.25000000,0.00000000,0.898242183E-2,0.00000000,0.00000000,0.890245661E-2,0.123424828E-1,1.00000000,296.000000,22.8500061,359.999481,1398.88232,-1000.00000,0.00000000,0.00000000,0.119999997,0.119999997,295.000000,0.712418258E-1,0.00000000
1,1,below_threshold,8,60.0000000,1,F,T,1,1,F,17,15,0.500000000,21,19,0,1004.50000,0.285714298,9.81000042,2500000.00,0.567051011E-7,1.60000002,12,4,1.00000000,0.00000000,290.000000,10.0000000,90.0000000,69.0000000,0.00000000,0.00000000,250.000000,150.000000,0.800000038E-2,0.700000022E-2,7.00000000,0.180000007,80.0000000,95000.0000,298.000000,0.800000038E-2,0.199999995E-4,1.10000002,0.00000000,0.00000000,0.00000000,0.119999997,0.660000026,0.180000007,0.935000002,5.67999983,0.256716430,0.00000000,0.00000000,0.200000003,297.000000,0.00000000,0.00000000,0.00000000,7.50000000,2.00000000,1.00000000,4.00000000,0.00000000,3.25000000,0.250000000,0.00000000,0.500000000,0.00000000,0.00000000,0.00000000,1.00000000,296.000000,0.00000000,0.00000000,0.00000000,0.00000000,0.00000000,0.500000000,0.119999997,0.119999997,295.000000,0.00000000,0.00000000,0.00000000,0.00000000,0.00000000,0.118774481,0.660000026,0.180000007,0.935000002,4.80621243,0.225884914,0.629284047E-2,0.242868006,0.242868006,289.723053,-58.4015274,0.288216797E-4,72.0541992,7.50345898,0.00000000,0.00000000,0.00000000,318.185730,3.25000000,0.00000000,0.898242183E-2,0.00000000,0.00000000,0.890245661E-2,0.123424828E-1,1.00000000,296.000000,22.8500061,359.999481,1398.88232,-1000.00000,0.00000000,0.00000000,0.119999997,0.119999997,295.000000,0.712418258E-1,0.00000000
1,1,below_threshold,9,60.0000000,1,F,T,1,1,F,17,15,0.500000000,21,19,0,1004.50000,0.285714298,9.81000042,2500000.00,0.567051011E-7,3.00000000,12,4,1.00000000,0.00000000,290.000000,10.0000000,90.0000000,69.0000000,0.00000000,0.00000000,250.000000,150.000000,0.800000038E-2,0.700000022E-2,7.00000000,0.180000007,80.0000000,95000.0000,298.000000,0.800000038E-2,0.199999995E-4,1.10000002,0.00000000,0.00000000,0.00000000,0.119999997,0.660000026,0.180000007,0.935000002,5.67999983,0.256716430,0.00000000,0.00000000,0.200000003,297.000000,0.00000000,0.00000000,0.00000000,7.50000000,2.00000000,1.00000000,4.00000000,0.00000000,3.25000000,0.250000000,0.00000000,0.500000000,0.00000000,0.00000000,0.00000000,1.00000000,296.000000,0.00000000,0.00000000,0.00000000,0.00000000,0.00000000,0.500000000,0.119999997,0.119999997,295.000000,0.00000000,0.00000000,0.00000000,0.00000000,0.00000000,0.118774481,0.660000026,0.180000007,0.935000002,4.80621243,0.225884914,0.629284047E-2,0.242868006,0.242868006,289.723053,-58.4015274,0.288216797E-4,72.0541992,7.50345898,0.00000000,0.00000000,0.00000000,318.185730,3.25000000,0.00000000,0.898242183E-2,0.00000000,0.00000000,0.890245661E-2,0.123424828E-1,1.00000000,296.000000,22.8500061,359.999481,1398.88232,-1000.00000,0.00000000,0.00000000,0.119999997,0.119999997,290.000000,0.712418258E-1,0.00000000
1,1,no_irrigation_cover,1,60.0000000,1,F,T,1,1,F,17,15,0.500000000,21,19,0,1004.50000,0.285714298,9.81000042,2500000.00,0.567051011E-7,0.00000000,2,4,1.00000000,0.00000000,290.000000,10.0000000,90.0000000,85.0000000,0.00000000,0.00000000,235.000000,110.000000,0.600000005E-2,0.499999989E-2,5.00000000,0.119999997,80.0000000,95000.0000,298.000000,0.800000038E-2,0.00000000,1.10000002,0.00000000,0.00000000,0.00000000,0.500000007E-1,0.349999994,0.119999997,0.949999988,6.48000002,0.256716430,0.00000000,0.00000000,0.800000012,297.000000,0.00000000,0.00000000,0.00000000,7.50000000,2.00000000,1.00000000,4.00000000,0.00000000,3.25000000,0.250000000,0.200000003,-1.00000000,0.00000000,0.00000000,0.00000000,1.00000000,296.000000,0.00000000,0.00000000,0.00000000,0.00000000,0.00000000,0.500000000,0.119999997,0.119999997,295.000000,0.00000000,0.00000000,0.00000000,0.00000000,0.00000000,0.489365496E-1,0.349999994,0.119999997,0.949999988,6.38750029,0.226115018,0.449488638E-2,0.800000072,0.800000072,289.646393,-42.1017418,0.205916749E-4,51.4791870,7.50247097,0.00000000,0.00000000,0.00000000,322.808167,3.25000000,0.00000000,0.896883942E-2,0.00000000,0.00000000,0.888911448E-2,0.122824432E-1,1.00000000,296.000000,22.8500061,359.999847,1398.88232,-1000.00000,0.00000000,0.00000000,0.119966000,0.119966000,289.646393,0.712418258E-1,0.00000000
1,1,no_irrigation_cover,2,60.0000000,1,F,T,1,1,F,17,15,0.500000000,21,19,0,1004.50000,0.285714298,9.81000042,2500000.00,0.567051011E-7,0.999999978E-2,2,4,1.00000000,0.00000000,290.000000,10.0000000,90.0000000,85.0000000,0.00000000,0.00000000,235.000000,110.000000,0.600000005E-2,0.499999989E-2,5.00000000,0.119999997,80.0000000,95000.0000,298.000000,0.800000038E-2,0.00000000,1.10000002,0.00000000,0.00000000,0.00000000,0.500000007E-1,0.349999994,0.119999997,0.949999988,6.48000002,0.256716430,0.00000000,0.00000000,0.800000012,297.000000,0.00000000,0.00000000,0.00000000,7.50000000,2.00000000,1.00000000,4.00000000,0.00000000,3.25000000,0.250000000,0.200000003,-1.00000000,0.00000000,0.00000000,0.00000000,1.00000000,296.000000,0.00000000,0.00000000,0.00000000,0.00000000,0.00000000,0.500000000,0.119999997,0.119999997,295.000000,0.00000000,0.00000000,0.00000000,0.00000000,0.00000000,0.489365496E-1,0.349999994,0.119999997,0.949999988,6.38750029,0.226115018,0.449488638E-2,0.800000072,0.800000072,289.646393,-42.1017418,0.205916749E-4,51.4791870,7.50247097,0.00000000,0.00000000,0.00000000,322.808167,3.25000000,0.00000000,0.896883942E-2,0.00000000,0.00000000,0.888911448E-2,0.122824432E-1,1.00000000,296.000000,22.8500061,359.999847,1398.88232,-1000.00000,0.00000000,0.00000000,0.119999982,0.119999982,294.601410,0.712418258E-1,0.00000000
1,1,no_irrigation_cover,3,60.0000000,1,F,T,1,1,F,17,15,0.500000000,21,19,0,1004.50000,0.285714298,9.81000042,2500000.00,0.567051011E-7,0.399999991E-1,2,4,1.00000000,0.00000000,290.000000,10.0000000,90.0000000,85.0000000,0.00000000,0.00000000,235.000000,110.000000,0.600000005E-2,0.499999989E-2,5.00000000,0.119999997,80.0000000,95000.0000,298.000000,0.800000038E-2,0.00000000,1.10000002,0.00000000,0.00000000,0.00000000,0.500000007E-1,0.349999994,0.119999997,0.949999988,6.48000002,0.256716430,0.00000000,0.00000000,0.800000012,297.000000,0.00000000,0.00000000,0.00000000,7.50000000,2.00000000,1.00000000,4.00000000,0.00000000,3.25000000,0.250000000,0.200000003,-1.00000000,0.00000000,0.00000000,0.00000000,1.00000000,296.000000,0.00000000,0.00000000,0.00000000,0.00000000,0.00000000,0.500000000,0.119999997,0.119999997,295.000000,0.00000000,0.00000000,0.00000000,0.00000000,0.00000000,0.489365496E-1,0.349999994,0.119999997,0.949999988,6.38750029,0.226115018,0.449488638E-2,0.800000072,0.800000072,289.646393,-42.1017418,0.205916749E-4,51.4791870,7.50247097,0.00000000,0.00000000,0.00000000,322.808167,3.25000000,0.00000000,0.896883942E-2,0.00000000,0.00000000,0.888911448E-2,0.122824432E-1,1.00000000,296.000000,22.8500061,359.999847,1398.88232,-1000.00000,0.00000000,0.00000000,0.119999990,0.119999990,294.995239,0.712418258E-1,0.00000000
1,1,no_irrigation_cover,4,60.0000000,1,F,T,1,1,F,17,15,0.500000000,21,19,0,1004.50000,0.285714298,9.81000042,2500000.00,0.567051011E-7,0.100000001,2,4,1.00000000,0.00000000,290.000000,10.0000000,90.0000000,85.0000000,0.00000000,0.00000000,235.000000,110.000000,0.600000005E-2,0.499999989E-2,5.00000000,0.119999997,80.0000000,95000.0000,298.000000,0.800000038E-2,0.00000000,1.10000002,0.00000000,0.00000000,0.00000000,0.500000007E-1,0.349999994,0.119999997,0.949999988,6.48000002,0.256716430,0.00000000,0.00000000,0.800000012,297.000000,0.00000000,0.00000000,0.00000000,7.50000000,2.00000000,1.00000000,4.00000000,0.00000000,3.25000000,0.250000000,0.200000003,-1.00000000,0.00000000,0.00000000,0.00000000,1.00000000,296.000000,0.00000000,0.00000000,0.00000000,0.00000000,0.00000000,0.500000000,0.119999997,0.119999997,295.000000,0.00000000,0.00000000,0.00000000,0.00000000,0.00000000,0.489365496E-1,0.349999994,0.119999997,0.949999988,6.38750029,0.226115018,0.449488638E-2,0.800000072,0.800000072,289.646393,-42.1017418,0.205916749E-4,51.4791870,7.50247097,0.00000000,0.00000000,0.00000000,322.808167,3.25000000,0.00000000,0.896883942E-2,0.00000000,0.00000000,0.888911448E-2,0.122824432E-1,1.00000000,296.000000,22.8500061,359.999847,1398.88232,-1000.00000,0.00000000,0.00000000,0.119999997,0.119999997,295.000000,0.712418258E-1,0.00000000
1,1,no_irrigation_cover,5,60.0000000,1,F,T,1,1,F,17,15,0.500000000,21,19,0,1004.50000,0.285714298,9.81000042,2500000.00,0.567051011E-7,0.300000012,2,4,1.00000000,0.00000000,290.000000,10.0000000,90.0000000,85.0000000,0.00000000,0.00000000,235.000000,110.000000,0.600000005E-2,0.499999989E-2,5.00000000,0.119999997,80.0000000,95000.0000,298.000000,0.800000038E-2,0.00000000,1.10000002,0.00000000,0.00000000,0.00000000,0.500000007E-1,0.349999994,0.119999997,0.949999988,6.48000002,0.256716430,0.00000000,0.00000000,0.800000012,297.000000,0.00000000,0.00000000,0.00000000,7.50000000,2.00000000,1.00000000,4.00000000,0.00000000,3.25000000,0.250000000,0.200000003,-1.00000000,0.00000000,0.00000000,0.00000000,1.00000000,296.000000,0.00000000,0.00000000,0.00000000,0.00000000,0.00000000,0.500000000,0.119999997,0.119999997,295.000000,0.00000000,0.00000000,0.00000000,0.00000000,0.00000000,0.489365496E-1,0.349999994,0.119999997,0.949999988,6.38750029,0.226115018,0.449488638E-2,0.800000072,0.800000072,289.646393,-42.1017418,0.205916749E-4,51.4791870,7.50247097,0.00000000,0.00000000,0.00000000,322.808167,3.25000000,0.00000000,0.896883942E-2,0.00000000,0.00000000,0.888911448E-2,0.122824432E-1,1.00000000,296.000000,22.8500061,359.999847,1398.88232,-1000.00000,0.00000000,0.00000000,0.119999997,0.119999997,295.000031,0.712418258E-1,0.00000000
1,1,no_irrigation_cover,6,60.0000000,1,F,T,1,1,F,17,15,0.500000000,21,19,0,1004.50000,0.285714298,9.81000042,2500000.00,0.567051011E-7,0.600000024,2,4,1.00000000,0.00000000,290.000000,10.0000000,90.0000000,85.0000000,0.00000000,0.00000000,235.000000,110.000000,0.600000005E-2,0.499999989E-2,5.00000000,0.119999997,80.0000000,95000.0000,298.000000,0.800000038E-2,0.00000000,1.10000002,0.00000000,0.00000000,0.00000000,0.500000007E-1,0.349999994,0.119999997,0.949999988,6.48000002,0.256716430,0.00000000,0.00000000,0.800000012,297.000000,0.00000000,0.00000000,0.00000000,7.50000000,2.00000000,1.00000000,4.00000000,0.00000000,3.25000000,0.250000000,0.200000003,-1.00000000,0.00000000,0.00000000,0.00000000,1.00000000,296.000000,0.00000000,0.00000000,0.00000000,0.00000000,0.00000000,0.500000000,0.119999997,0.119999997,295.000000,0.00000000,0.00000000,0.00000000,0.00000000,0.00000000,0.489365496E-1,0.349999994,0.119999997,0.949999988,6.38750029,0.226115018,0.449488638E-2,0.800000072,0.800000072,289.646393,-42.1017418,0.205916749E-4,51.4791870,7.50247097,0.00000000,0.00000000,0.00000000,322.808167,3.25000000,0.00000000,0.896883942E-2,0.00000000,0.00000000,0.888911448E-2,0.122824432E-1,1.00000000,296.000000,22.8500061,359.999847,1398.88232,-1000.00000,0.00000000,0.00000000,0.119999997,0.119999997,295.000031,0.712418258E-1,0.00000000
1,1,no_irrigation_cover,7,60.0000000,1,F,T,1,1,F,17,15,0.500000000,21,19,0,1004.50000,0.285714298,9.81000042,2500000.00,0.567051011E-7,1.00000000,2,4,1.00000000,0.00000000,290.000000,10.0000000,90.0000000,85.0000000,0.00000000,0.00000000,235.000000,110.000000,0.600000005E-2,0.499999989E-2,5.00000000,0.119999997,80.0000000,95000.0000,298.000000,0.800000038E-2,0.00000000,1.10000002,0.00000000,0.00000000,0.00000000,0.500000007E-1,0.349999994,0.119999997,0.949999988,6.48000002,0.256716430,0.00000000,0.00000000,0.800000012,297.000000,0.00000000,0.00000000,0.00000000,7.50000000,2.00000000,1.00000000,4.00000000,0.00000000,3.25000000,0.250000000,0.200000003,-1.00000000,0.00000000,0.00000000,0.00000000,1.00000000,296.000000,0.00000000,0.00000000,0.00000000,0.00000000,0.00000000,0.500000000,0.119999997,0.119999997,295.000000,0.00000000,0.00000000,0.00000000,0.00000000,0.00000000,0.489365496E-1,0.349999994,0.119999997,0.949999988,6.38750029,0.226115018,0.449488638E-2,0.800000072,0.800000072,289.646393,-42.1017418,0.205916749E-4,51.4791870,7.50247097,0.00000000,0.00000000,0.00000000,322.808167,3.25000000,0.00000000,0.896883942E-2,0.00000000,0.00000000,0.888911448E-2,0.122824432E-1,1.00000000,296.000000,22.8500061,359.999847,1398.88232,-1000.00000,0.00000000,0.00000000,0.119999997,0.119999997,295.000000,0.712418258E-1,0.00000000
1,1,no_irrigation_cover,8,60.0000000,1,F,T,1,1,F,17,15,0.500000000,21,19,0,1004.50000,0.285714298,9.81000042,2500000.00,0.567051011E-7,1.60000002,2,4,1.00000000,0.00000000,290.000000,10.0000000,90.0000000,85.0000000,0.00000000,0.00000000,235.000000,110.000000,0.600000005E-2,0.499999989E-2,5.00000000,0.119999997,80.0000000,95000.0000,298.000000,0.800000038E-2,0.00000000,1.10000002,0.00000000,0.00000000,0.00000000,0.500000007E-1,0.349999994,0.119999997,0.949999988,6.48000002,0.256716430,0.00000000,0.00000000,0.800000012,297.000000,0.00000000,0.00000000,0.00000000,7.50000000,2.00000000,1.00000000,4.00000000,0.00000000,3.25000000,0.250000000,0.200000003,-1.00000000,0.00000000,0.00000000,0.00000000,1.00000000,296.000000,0.00000000,0.00000000,0.00000000,0.00000000,0.00000000,0.500000000,0.119999997,0.119999997,295.000000,0.00000000,0.00000000,0.00000000,0.00000000,0.00000000,0.489365496E-1,0.349999994,0.119999997,0.949999988,6.38750029,0.226115018,0.449488638E-2,0.800000072,0.800000072,289.646393,-42.1017418,0.205916749E-4,51.4791870,7.50247097,0.00000000,0.00000000,0.00000000,322.808167,3.25000000,0.00000000,0.896883942E-2,0.00000000,0.00000000,0.888911448E-2,0.122824432E-1,1.00000000,296.000000,22.8500061,359.999847,1398.88232,-1000.00000,0.00000000,0.00000000,0.119999997,0.119999997,295.000000,0.712418258E-1,0.00000000
1,1,no_irrigation_cover,9,60.0000000,1,F,T,1,1,F,17,15,0.500000000,21,19,0,1004.50000,0.285714298,9.81000042,2500000.00,0.567051011E-7,3.00000000,2,4,1.00000000,0.00000000,290.000000,10.0000000,90.0000000,85.0000000,0.00000000,0.00000000,235.000000,110.000000,0.600000005E-2,0.499999989E-2,5.00000000,0.119999997,80.0000000,95000.0000,298.000000,0.800000038E-2,0.00000000,1.10000002,0.00000000,0.00000000,0.00000000,0.500000007E-1,0.349999994,0.119999997,0.949999988,6.48000002,0.256716430,0.00000000,0.00000000,0.800000012,297.000000,0.00000000,0.00000000,0.00000000,7.50000000,2.00000000,1.00000000,4.00000000,0.00000000,3.25000000,0.250000000,0.200000003,-1.00000000,0.00000000,0.00000000,0.00000000,1.00000000,296.000000,0.00000000,0.00000000,0.00000000,0.00000000,0.00000000,0.500000000,0.119999997,0.119999997,295.000000,0.00000000,0.00000000,0.00000000,0.00000000,0.00000000,0.489365496E-1,0.349999994,0.119999997,0.949999988,6.38750029,0.226115018,0.449488638E-2,0.800000072,0.800000072,289.646393,-42.1017418,0.205916749E-4,51.4791870,7.50247097,0.00000000,0.00000000,0.00000000,322.808167,3.25000000,0.00000000,0.896883942E-2,0.00000000,0.00000000,0.888911448E-2,0.122824432E-1,1.00000000,296.000000,22.8500061,359.999847,1398.88232,-1000.00000,0.00000000,0.00000000,0.119999997,0.119999997,290.000000,0.712418258E-1,0.00000000
1,1,partial_land_area,1,60.0000000,1,F,T,1,1,F,17,15,0.500000000,21,19,0,1004.50000,0.285714298,9.81000042,2500000.00,0.567051011E-7,0.00000000,1,4,1.00000000,0.00000000,290.000000,10.0000000,90.0000000,85.0000000,0.00000000,0.00000000,350.000000,400.000000,0.199999996E-1,0.189999994E-1,19.0000000,0.799999982E-1,80.0000000,95000.0000,298.000000,0.800000038E-2,0.00000000,1.10000002,0.00000000,0.00000000,0.00000000,0.00000000,0.699999988,0.799999982E-1,0.980000019,0.999999978E-2,0.256716430,0.00000000,0.00000000,0.800000012,297.000000,0.00000000,0.00000000,0.00000000,7.50000000,2.00000000,1.00000000,4.00000000,0.00000000,3.25000000,0.250000000,0.00000000,0.500000024E-3,0.00000000,0.00000000,0.00000000,1.00000000,296.000000,0.00000000,0.00000000,0.00000000,0.00000000,0.00000000,0.500000000,0.119999997,0.119999997,295.000000,0.00000000,0.00000000,0.00000000,0.00000000,0.00000000,0.00000000,0.699999988,0.799999982E-1,0.949999988,4.91881275,0.225715682,0.170805659E-1,0.750999451E-1,0.750999451E-1,290.400574,-145.542679,0.124814615E-4,31.2036533,7.50149822,0.00000000,0.00000000,0.00000000,277.333191,3.25000000,0.00000000,0.910502486E-2,0.00000000,0.00000000,0.902287196E-2,0.128844120E-1,1.00000000,296.000000,22.8500061,400.106323,1398.88232,-1000.00000,0.00000000,0.00000000,0.137339860,0.119999997,290.400574,0.712418258E-1,0.00000000
1,1,partial_land_area,2,60.0000000,1,F,T,1,1,F,17,15,0.500000000,21,19,0,1004.50000,0.285714298,9.81000042,2500000.00,0.567051011E-7,0.999999978E-2,1,4,1.00000000,0.00000000,290.000000,10.0000000,90.0000000,85.0000000,0.00000000,0.00000000,350.000000,400.000000,0.199999996E-1,0.189999994E-1,19.0000000,0.799999982E-1,80.0000000,95000.0000,298.000000,0.800000038E-2,0.00000000,1.10000002,0.00000000,0.00000000,0.00000000,0.00000000,0.699999988,0.799999982E-1,0.980000019,0.999999978E-2,0.256716430,0.00000000,0.00000000,0.800000012,297.000000,0.00000000,0.00000000,0.00000000,7.50000000,2.00000000,1.00000000,4.00000000,0.00000000,3.25000000,0.250000000,0.00000000,0.500000024E-3,0.00000000,0.00000000,0.00000000,1.00000000,296.000000,0.00000000,0.00000000,0.00000000,0.00000000,0.00000000,0.500000000,0.119999997,0.119999997,295.000000,0.00000000,0.00000000,0.00000000,0.00000000,0.00000000,0.00000000,0.699999988,0.799999982E-1,0.949999988,4.91881275,0.225715682,0.170805659E-1,0.750999451E-1,0.750999451E-1,290.400574,-145.542679,0.124814615E-4,31.2036533,7.50149822,0.00000000,0.00000000,0.00000000,277.333191,3.25000000,0.00000000,0.910502486E-2,0.00000000,0.00000000,0.902287196E-2,0.128844120E-1,1.00000000,296.000000,22.8500061,400.106323,1398.88232,-1000.00000,0.00000000,0.00000000,0.137437671,0.119999997,294.657562,0.712418258E-1,0.00000000
1,1,partial_land_area,3,60.0000000,1,F,T,1,1,F,17,15,0.500000000,21,19,0,1004.50000,0.285714298,9.81000042,2500000.00,0.567051011E-7,0.399999991E-1,1,4,1.00000000,0.00000000,290.000000,10.0000000,90.0000000,85.0000000,0.00000000,0.00000000,350.000000,400.000000,0.199999996E-1,0.189999994E-1,19.0000000,0.799999982E-1,80.0000000,95000.0000,298.000000,0.800000038E-2,0.00000000,1.10000002,0.00000000,0.00000000,0.00000000,0.00000000,0.699999988,0.799999982E-1,0.980000019,0.999999978E-2,0.256716430,0.00000000,0.00000000,0.800000012,297.000000,0.00000000,0.00000000,0.00000000,7.50000000,2.00000000,1.00000000,4.00000000,0.00000000,3.25000000,0.250000000,0.00000000,0.500000024E-3,0.00000000,0.00000000,0.00000000,1.00000000,296.000000,0.00000000,0.00000000,0.00000000,0.00000000,0.00000000,0.500000000,0.119999997,0.119999997,295.000000,0.00000000,0.00000000,0.00000000,0.00000000,0.00000000,0.00000000,0.699999988,0.799999982E-1,0.949999988,4.91881275,0.225715682,0.170805659E-1,0.750999451E-1,0.750999451E-1,290.400574,-145.542679,0.124814615E-4,31.2036533,7.50149822,0.00000000,0.00000000,0.00000000,277.333191,3.25000000,0.00000000,0.910502486E-2,0.00000000,0.00000000,0.902287196E-2,0.128844120E-1,1.00000000,296.000000,22.8500061,400.106323,1398.88232,-1000.00000,0.00000000,0.00000000,0.137437701,0.119999997,294.995911,0.712418258E-1,0.00000000
1,1,partial_land_area,4,60.0000000,1,F,T,1,1,F,17,15,0.500000000,21,19,0,1004.50000,0.285714298,9.81000042,2500000.00,0.567051011E-7,0.100000001,1,4,1.00000000,0.00000000,290.000000,10.0000000,90.0000000,85.0000000,0.00000000,0.00000000,350.000000,400.000000,0.199999996E-1,0.189999994E-1,19.0000000,0.799999982E-1,80.0000000,95000.0000,298.000000,0.800000038E-2,0.00000000,1.10000002,0.00000000,0.00000000,0.00000000,0.00000000,0.699999988,0.799999982E-1,0.980000019,0.999999978E-2,0.256716430,0.00000000,0.00000000,0.800000012,297.000000,0.00000000,0.00000000,0.00000000,7.50000000,2.00000000,1.00000000,4.00000000,0.00000000,3.25000000,0.250000000,0.00000000,0.500000024E-3,0.00000000,0.00000000,0.00000000,1.00000000,296.000000,0.00000000,0.00000000,0.00000000,0.00000000,0.00000000,0.500000000,0.119999997,0.119999997,295.000000,0.00000000,0.00000000,0.00000000,0.00000000,0.00000000,0.00000000,0.699999988,0.799999982E-1,0.949999988,4.91881275,0.225715682,0.170805659E-1,0.750999451E-1,0.750999451E-1,290.400574,-145.542679,0.124814615E-4,31.2036533,7.50149822,0.00000000,0.00000000,0.00000000,277.333191,3.25000000,0.00000000,0.910502486E-2,0.00000000,0.00000000,0.902287196E-2,0.128844120E-1,1.00000000,296.000000,22.8500061,400.106323,1398.88232,-1000.00000,0.00000000,0.00000000,0.137437716,0.119999997,295.000000,0.712418258E-1,0.00000000
1,1,partial_land_area,5,60.0000000,1,F,T,1,1,F,17,15,0.500000000,21,19,0,1004.50000,0.285714298,9.81000042,2500000.00,0.567051011E-7,0.300000012,1,4,1.00000000,0.00000000,290.000000,10.0000000,90.0000000,85.0000000,0.00000000,0.00000000,350.000000,400.000000,0.199999996E-1,0.189999994E-1,19.0000000,0.799999982E-1,80.0000000,95000.0000,298.000000,0.800000038E-2,0.00000000,1.10000002,0.00000000,0.00000000,0.00000000,0.00000000,0.699999988,0.799999982E-1,0.980000019,0.999999978E-2,0.256716430,0.00000000,0.00000000,0.800000012,297.000000,0.00000000,0.00000000,0.00000000,7.50000000,2.00000000,1.00000000,4.00000000,0.00000000,3.25000000,0.250000000,0.00000000,0.500000024E-3,0.00000000,0.00000000,0.00000000,1.00000000,296.000000,0.00000000,0.00000000,0.00000000,0.00000000,0.00000000,0.500000000,0.119999997,0.119999997,295.000000,0.00000000,0.00000000,0.00000000,0.00000000,0.00000000,0.00000000,0.699999988,0.799999982E-1,0.949999988,4.91881275,0.225715682,0.170805659E-1,0.750999451E-1,0.750999451E-1,290.400574,-145.542679,0.124814615E-4,31.2036533,7.50149822,0.00000000,0.00000000,0.00000000,277.333191,3.25000000,0.00000000,0.910502486E-2,0.00000000,0.00000000,0.902287196E-2,0.128844120E-1,1.00000000,296.000000,22.8500061,400.106323,1398.88232,-1000.00000,0.00000000,0.00000000,0.137437731,0.119999997,295.000031,0.712418258E-1,0.00000000
1,1,partial_land_area,6,60.0000000,1,F,T,1,1,F,17,15,0.500000000,21,19,0,1004.50000,0.285714298,9.81000042,2500000.00,0.567051011E-7,0.600000024,1,4,1.00000000,0.00000000,290.000000,10.0000000,90.0000000,85.0000000,0.00000000,0.00000000,350.000000,400.000000,0.199999996E-1,0.189999994E-1,19.0000000,0.799999982E-1,80.0000000,95000.0000,298.000000,0.800000038E-2,0.00000000,1.10000002,0.00000000,0.00000000,0.00000000,0.00000000,0.699999988,0.799999982E-1,0.980000019,0.999999978E-2,0.256716430,0.00000000,0.00000000,0.800000012,297.000000,0.00000000,0.00000000,0.00000000,7.50000000,2.00000000,1.00000000,4.00000000,0.00000000,3.25000000,0.250000000,0.00000000,0.500000024E-3,0.00000000,0.00000000,0.00000000,1.00000000,296.000000,0.00000000,0.00000000,0.00000000,0.00000000,0.00000000,0.500000000,0.119999997,0.119999997,295.000000,0.00000000,0.00000000,0.00000000,0.00000000,0.00000000,0.00000000,0.699999988,0.799999982E-1,0.949999988,4.91881275,0.225715682,0.170805659E-1,0.750999451E-1,0.750999451E-1,290.400574,-145.542679,0.124814615E-4,31.2036533,7.50149822,0.00000000,0.00000000,0.00000000,277.333191,3.25000000,0.00000000,0.910502486E-2,0.00000000,0.00000000,0.902287196E-2,0.128844120E-1,1.00000000,296.000000,22.8500061,400.106323,1398.88232,-1000.00000,0.00000000,0.00000000,0.137437731,0.119999997,295.000031,0.712418258E-1,0.00000000
1,1,partial_land_area,7,60.0000000,1,F,T,1,1,F,17,15,0.500000000,21,19,0,1004.50000,0.285714298,9.81000042,2500000.00,0.567051011E-7,1.00000000,1,4,1.00000000,0.00000000,290.000000,10.0000000,90.0000000,85.0000000,0.00000000,0.00000000,350.000000,400.000000,0.199999996E-1,0.189999994E-1,19.0000000,0.799999982E-1,80.0000000,95000.0000,298.000000,0.800000038E-2,0.00000000,1.10000002,0.00000000,0.00000000,0.00000000,0.00000000,0.699999988,0.799999982E-1,0.980000019,0.999999978E-2,0.256716430,0.00000000,0.00000000,0.800000012,297.000000,0.00000000,0.00000000,0.00000000,7.50000000,2.00000000,1.00000000,4.00000000,0.00000000,3.25000000,0.250000000,0.00000000,0.500000024E-3,0.00000000,0.00000000,0.00000000,1.00000000,296.000000,0.00000000,0.00000000,0.00000000,0.00000000,0.00000000,0.500000000,0.119999997,0.119999997,295.000000,0.00000000,0.00000000,0.00000000,0.00000000,0.00000000,0.00000000,0.699999988,0.799999982E-1,0.949999988,4.91881275,0.225715682,0.170805659E-1,0.750999451E-1,0.750999451E-1,290.400574,-145.542679,0.124814615E-4,31.2036533,7.50149822,0.00000000,0.00000000,0.00000000,277.333191,3.25000000,0.00000000,0.910502486E-2,0.00000000,0.00000000,0.902287196E-2,0.128844120E-1,1.00000000,296.000000,22.8500061,400.106323,1398.88232,-1000.00000,0.00000000,0.00000000,0.137437731,0.119999997,295.000000,0.712418258E-1,0.00000000
1,1,partial_land_area,8,60.0000000,1,F,T,1,1,F,17,15,0.500000000,21,19,0,1004.50000,0.285714298,9.81000042,2500000.00,0.567051011E-7,1.60000002,1,4,1.00000000,0.00000000,290.000000,10.0000000,90.0000000,85.0000000,0.00000000,0.00000000,350.000000,400.000000,0.199999996E-1,0.189999994E-1,19.0000000,0.799999982E-1,80.0000000,95000.0000,298.000000,0.800000038E-2,0.00000000,1.10000002,0.00000000,0.00000000,0.00000000,0.00000000,0.699999988,0.799999982E-1,0.980000019,0.999999978E-2,0.256716430,0.00000000,0.00000000,0.800000012,297.000000,0.00000000,0.00000000,0.00000000,7.50000000,2.00000000,1.00000000,4.00000000,0.00000000,3.25000000,0.250000000,0.00000000,0.500000024E-3,0.00000000,0.00000000,0.00000000,1.00000000,296.000000,0.00000000,0.00000000,0.00000000,0.00000000,0.00000000,0.500000000,0.119999997,0.119999997,295.000000,0.00000000,0.00000000,0.00000000,0.00000000,0.00000000,0.00000000,0.699999988,0.799999982E-1,0.949999988,4.91881275,0.225715682,0.170805659E-1,0.750999451E-1,0.750999451E-1,290.400574,-145.542679,0.124814615E-4,31.2036533,7.50149822,0.00000000,0.00000000,0.00000000,277.333191,3.25000000,0.00000000,0.910502486E-2,0.00000000,0.00000000,0.902287196E-2,0.128844120E-1,1.00000000,296.000000,22.8500061,400.106323,1398.88232,-1000.00000,0.00000000,0.00000000,0.137437731,0.119999997,295.000000,0.712418258E-1,0.00000000
1,1,partial_land_area,9,60.0000000,1,F,T,1,1,F,17,15,0.500000000,21,19,0,1004.50000,0.285714298,9.81000042,2500000.00,0.567051011E-7,3.00000000,1,4,1.00000000,0.00000000,290.000000,10.0000000,90.0000000,85.0000000,0.00000000,0.00000000,350.000000,400.000000,0.199999996E-1,0.189999994E-1,19.0000000,0.799999982E-1,80.0000000,95000.0000,298.000000,0.800000038E-2,0.00000000,1.10000002,0.00000000,0.00000000,0.00000000,0.00000000,0.699999988,0.799999982E-1,0.980000019,0.999999978E-2,0.256716430,0.00000000,0.00000000,0.800000012,297.000000,0.00000000,0.00000000,0.00000000,7.50000000,2.00000000,1.00000000,4.00000000,0.00000000,3.25000000,0.250000000,0.00000000,0.500000024E-3,0.00000000,0.00000000,0.00000000,1.00000000,296.000000,0.00000000,0.00000000,0.00000000,0.00000000,0.00000000,0.500000000,0.119999997,0.119999997,295.000000,0.00000000,0.00000000,0.00000000,0.00000000,0.00000000,0.00000000,0.699999988,0.799999982E-1,0.949999988,4.91881275,0.225715682,0.170805659E-1,0.750999451E-1,0.750999451E-1,290.400574,-145.542679,0.124814615E-4,31.2036533,7.50149822,0.00000000,0.00000000,0.00000000,277.333191,3.25000000,0.00000000,0.910502486E-2,0.00000000,0.00000000,0.902287196E-2,0.128844120E-1,1.00000000,296.000000,22.8500061,400.106323,1398.88232,-1000.00000,0.00000000,0.00000000,0.119999997,0.119999997,290.000000,0.712418258E-1,0.00000000
1,1,excess_land_area,1,60.0000000,1,F,T,1,1,F,17,15,0.500000000,21,19,0,1004.50000,0.285714298,9.81000042,2500000.00,0.567051011E-7,0.00000000,15,4,1.00000000,0.00000000,290.000000,10.0000000,90.0000000,85.0000000,0.00000000,0.00000000,215.000000,70.0000000,0.499999989E-2,0.400000019E-2,4.00000000,0.550000012,80.0000000,95000.0000,298.000000,0.800000038E-2,0.00000000,1.10000002,0.00000000,0.00000000,0.00000000,0.00000000,0.819999993,0.550000012,0.980000019,0.999999978E-2,0.256716430,0.00000000,0.00000000,0.109999999E-1,297.000000,0.00000000,0.00000000,0.00000000,7.50000000,2.00000000,1.00000000,4.00000000,0.00000000,3.25000000,0.250000000,0.00000000,0.300000014E-3,0.00000000,0.00000000,0.00000000,1.00000000,296.000000,0.00000000,0.00000000,0.00000000,0.00000000,0.00000000,0.500000000,0.119999997,0.119999997,295.000000,0.00000000,0.00000000,0.00000000,0.00000000,0.00000000,0.00000000,0.819999993,0.550000012,0.980000019,5.41069412,0.226139516,0.359590887E-2,0.294904172,0.294904172,289.591003,-33.9047165,0.232575371E-5,5.81438446,7.50027943,0.00000000,0.00000000,0.00000000,326.148285,3.25000000,0.00000000,0.895906519E-2,0.00000000,0.00000000,0.887951348E-2,0.122392429E-1,1.00000000,296.000000,22.8500061,390.690399,1398.88232,-1000.00000,0.00000000,0.00000000,0.158355892,0.119999997,289.591003,0.712418258E-1,0.00000000
1,1,excess_land_area,2,60.0000000,1,F,T,1,1,F,17,15,0.500000000,21,19,0,1004.50000,0.285714298,9.81000042,2500000.00,0.567051011E-7,0.999999978E-2,15,4,1.00000000,0.00000000,290.000000,10.0000000,90.0000000,85.0000000,0.00000000,0.00000000,215.000000,70.0000000,0.499999989E-2,0.400000019E-2,4.00000000,0.550000012,80.0000000,95000.0000,298.000000,0.800000038E-2,0.00000000,1.10000002,0.00000000,0.00000000,0.00000000,0.00000000,0.819999993,0.550000012,0.980000019,0.999999978E-2,0.256716430,0.00000000,0.00000000,0.109999999E-1,297.000000,0.00000000,0.00000000,0.00000000,7.50000000,2.00000000,1.00000000,4.00000000,0.00000000,3.25000000,0.250000000,0.00000000,0.300000014E-3,0.00000000,0.00000000,0.00000000,1.00000000,296.000000,0.00000000,0.00000000,0.00000000,0.00000000,0.00000000,0.500000000,0.119999997,0.119999997,295.000000,0.00000000,0.00000000,0.00000000,0.00000000,0.00000000,0.00000000,0.819999993,0.550000012,0.980000019,5.41069412,0.226139516,0.359590887E-2,0.294904172,0.294904172,289.591003,-33.9047165,0.232575371E-5,5.81438446,7.50027943,0.00000000,0.00000000,0.00000000,326.148285,3.25000000,0.00000000,0.895906519E-2,0.00000000,0.00000000,0.887951348E-2,0.122392429E-1,1.00000000,296.000000,22.8500061,390.690399,1398.88232,-1000.00000,0.00000000,0.00000000,0.158363014,0.119999997,294.597290,0.712418258E-1,0.00000000
1,1,excess_land_area,3,60.0000000,1,F,T,1,1,F,17,15,0.500000000,21,19,0,1004.50000,0.285714298,9.81000042,2500000.00,0.567051011E-7,0.399999991E-1,15,4,1.00000000,0.00000000,290.000000,10.0000000,90.0000000,85.0000000,0.00000000,0.00000000,215.000000,70.0000000,0.499999989E-2,0.400000019E-2,4.00000000,0.550000012,80.0000000,95000.0000,298.000000,0.800000038E-2,0.00000000,1.10000002,0.00000000,0.00000000,0.00000000,0.00000000,0.819999993,0.550000012,0.980000019,0.999999978E-2,0.256716430,0.00000000,0.00000000,0.109999999E-1,297.000000,0.00000000,0.00000000,0.00000000,7.50000000,2.00000000,1.00000000,4.00000000,0.00000000,3.25000000,0.250000000,0.00000000,0.300000014E-3,0.00000000,0.00000000,0.00000000,1.00000000,296.000000,0.00000000,0.00000000,0.00000000,0.00000000,0.00000000,0.500000000,0.119999997,0.119999997,295.000000,0.00000000,0.00000000,0.00000000,0.00000000,0.00000000,0.00000000,0.819999993,0.550000012,0.980000019,5.41069412,0.226139516,0.359590887E-2,0.294904172,0.294904172,289.591003,-33.9047165,0.232575371E-5,5.81438446,7.50027943,0.00000000,0.00000000,0.00000000,326.148285,3.25000000,0.00000000,0.895906519E-2,0.00000000,0.00000000,0.887951348E-2,0.122392429E-1,1.00000000,296.000000,22.8500061,390.690399,1398.88232,-1000.00000,0.00000000,0.00000000,0.158363014,0.119999997,294.995178,0.712418258E-1,0.00000000
1,1,excess_land_area,4,60.0000000,1,F,T,1,1,F,17,15,0.500000000,21,19,0,1004.50000,0.285714298,9.81000042,2500000.00,0.567051011E-7,0.100000001,15,4,1.00000000,0.00000000,290.000000,10.0000000,90.0000000,85.0000000,0.00000000,0.00000000,215.000000,70.0000000,0.499999989E-2,0.400000019E-2,4.00000000,0.550000012,80.0000000,95000.0000,298.000000,0.800000038E-2,0.00000000,1.10000002,0.00000000,0.00000000,0.00000000,0.00000000,0.819999993,0.550000012,0.980000019,0.999999978E-2,0.256716430,0.00000000,0.00000000,0.109999999E-1,297.000000,0.00000000,0.00000000,0.00000000,7.50000000,2.00000000,1.00000000,4.00000000,0.00000000,3.25000000,0.250000000,0.00000000,0.300000014E-3,0.00000000,0.00000000,0.00000000,1.00000000,296.000000,0.00000000,0.00000000,0.00000000,0.00000000,0.00000000,0.500000000,0.119999997,0.119999997,295.000000,0.00000000,0.00000000,0.00000000,0.00000000,0.00000000,0.00000000,0.819999993,0.550000012,0.980000019,5.41069412,0.226139516,0.359590887E-2,0.294904172,0.294904172,289.591003,-33.9047165,0.232575371E-5,5.81438446,7.50027943,0.00000000,0.00000000,0.00000000,326.148285,3.25000000,0.00000000,0.895906519E-2,0.00000000,0.00000000,0.887951348E-2,0.122392429E-1,1.00000000,296.000000,22.8500061,390.690399,1398.88232,-1000.00000,0.00000000,0.00000000,0.158363014,0.119999997,295.000000,0.712418258E-1,0.00000000
1,1,excess_land_area,5,60.0000000,1,F,T,1,1,F,17,15,0.500000000,21,19,0,1004.50000,0.285714298,9.81000042,2500000.00,0.567051011E-7,0.300000012,15,4,1.00000000,0.00000000,290.000000,10.0000000,90.0000000,85.0000000,0.00000000,0.00000000,215.000000,70.0000000,0.499999989E-2,0.400000019E-2,4.00000000,0.550000012,80.0000000,95000.0000,298.000000,0.800000038E-2,0.00000000,1.10000002,0.00000000,0.00000000,0.00000000,0.00000000,0.819999993,0.550000012,0.980000019,0.999999978E-2,0.256716430,0.00000000,0.00000000,0.109999999E-1,297.000000,0.00000000,0.00000000,0.00000000,7.50000000,2.00000000,1.00000000,4.00000000,0.00000000,3.25000000,0.250000000,0.00000000,0.300000014E-3,0.00000000,0.00000000,0.00000000,1.00000000,296.000000,0.00000000,0.00000000,0.00000000,0.00000000,0.00000000,0.500000000,0.119999997,0.119999997,295.000000,0.00000000,0.00000000,0.00000000,0.00000000,0.00000000,0.00000000,0.819999993,0.550000012,0.980000019,5.41069412,0.226139516,0.359590887E-2,0.294904172,0.294904172,289.591003,-33.9047165,0.232575371E-5,5.81438446,7.50027943,0.00000000,0.00000000,0.00000000,326.148285,3.25000000,0.00000000,0.895906519E-2,0.00000000,0.00000000,0.887951348E-2,0.122392429E-1,1.00000000,296.000000,22.8500061,390.690399,1398.88232,-1000.00000,0.00000000,0.00000000,0.158363014,0.119999997,295.000031,0.712418258E-1,0.00000000
1,1,excess_land_area,6,60.0000000,1,F,T,1,1,F,17,15,0.500000000,21,19,0,1004.50000,0.285714298,9.81000042,2500000.00,0.567051011E-7,0.600000024,15,4,1.00000000,0.00000000,290.000000,10.0000000,90.0000000,85.0000000,0.00000000,0.00000000,215.000000,70.0000000,0.499999989E-2,0.400000019E-2,4.00000000,0.550000012,80.0000000,95000.0000,298.000000,0.800000038E-2,0.00000000,1.10000002,0.00000000,0.00000000,0.00000000,0.00000000,0.819999993,0.550000012,0.980000019,0.999999978E-2,0.256716430,0.00000000,0.00000000,0.109999999E-1,297.000000,0.00000000,0.00000000,0.00000000,7.50000000,2.00000000,1.00000000,4.00000000,0.00000000,3.25000000,0.250000000,0.00000000,0.300000014E-3,0.00000000,0.00000000,0.00000000,1.00000000,296.000000,0.00000000,0.00000000,0.00000000,0.00000000,0.00000000,0.500000000,0.119999997,0.119999997,295.000000,0.00000000,0.00000000,0.00000000,0.00000000,0.00000000,0.00000000,0.819999993,0.550000012,0.980000019,5.41069412,0.226139516,0.359590887E-2,0.294904172,0.294904172,289.591003,-33.9047165,0.232575371E-5,5.81438446,7.50027943,0.00000000,0.00000000,0.00000000,326.148285,3.25000000,0.00000000,0.895906519E-2,0.00000000,0.00000000,0.887951348E-2,0.122392429E-1,1.00000000,296.000000,22.8500061,390.690399,1398.88232,-1000.00000,0.00000000,0.00000000,0.158363014,0.119999997,295.000031,0.712418258E-1,0.00000000
1,1,excess_land_area,7,60.0000000,1,F,T,1,1,F,17,15,0.500000000,21,19,0,1004.50000,0.285714298,9.81000042,2500000.00,0.567051011E-7,1.00000000,15,4,1.00000000,0.00000000,290.000000,10.0000000,90.0000000,85.0000000,0.00000000,0.00000000,215.000000,70.0000000,0.499999989E-2,0.400000019E-2,4.00000000,0.550000012,80.0000000,95000.0000,298.000000,0.800000038E-2,0.00000000,1.10000002,0.00000000,0.00000000,0.00000000,0.00000000,0.819999993,0.550000012,0.980000019,0.999999978E-2,0.256716430,0.00000000,0.00000000,0.109999999E-1,297.000000,0.00000000,0.00000000,0.00000000,7.50000000,2.00000000,1.00000000,4.00000000,0.00000000,3.25000000,0.250000000,0.00000000,0.300000014E-3,0.00000000,0.00000000,0.00000000,1.00000000,296.000000,0.00000000,0.00000000,0.00000000,0.00000000,0.00000000,0.500000000,0.119999997,0.119999997,295.000000,0.00000000,0.00000000,0.00000000,0.00000000,0.00000000,0.00000000,0.819999993,0.550000012,0.980000019,5.41069412,0.226139516,0.359590887E-2,0.294904172,0.294904172,289.591003,-33.9047165,0.232575371E-5,5.81438446,7.50027943,0.00000000,0.00000000,0.00000000,326.148285,3.25000000,0.00000000,0.895906519E-2,0.00000000,0.00000000,0.887951348E-2,0.122392429E-1,1.00000000,296.000000,22.8500061,390.690399,1398.88232,-1000.00000,0.00000000,0.00000000,0.119999997,0.119999997,295.000000,0.712418258E-1,0.00000000
1,1,excess_land_area,8,60.0000000,1,F,T,1,1,F,17,15,0.500000000,21,19,0,1004.50000,0.285714298,9.81000042,2500000.00,0.567051011E-7,1.60000002,15,4,1.00000000,0.00000000,290.000000,10.0000000,90.0000000,85.0000000,0.00000000,0.00000000,215.000000,70.0000000,0.499999989E-2,0.400000019E-2,4.00000000,0.550000012,80.0000000,95000.0000,298.000000,0.800000038E-2,0.00000000,1.10000002,0.00000000,0.00000000,0.00000000,0.00000000,0.819999993,0.550000012,0.980000019,0.999999978E-2,0.256716430,0.00000000,0.00000000,0.109999999E-1,297.000000,0.00000000,0.00000000,0.00000000,7.50000000,2.00000000,1.00000000,4.00000000,0.00000000,3.25000000,0.250000000,0.00000000,0.300000014E-3,0.00000000,0.00000000,0.00000000,1.00000000,296.000000,0.00000000,0.00000000,0.00000000,0.00000000,0.00000000,0.500000000,0.119999997,0.119999997,295.000000,0.00000000,0.00000000,0.00000000,0.00000000,0.00000000,0.00000000,0.819999993,0.550000012,0.980000019,5.41069412,0.226139516,0.359590887E-2,0.294904172,0.294904172,289.591003,-33.9047165,0.232575371E-5,5.81438446,7.50027943,0.00000000,0.00000000,0.00000000,326.148285,3.25000000,0.00000000,0.895906519E-2,0.00000000,0.00000000,0.887951348E-2,0.122392429E-1,1.00000000,296.000000,22.8500061,390.690399,1398.88232,-1000.00000,0.00000000,0.00000000,0.119999997,0.119999997,295.000000,0.712418258E-1,0.00000000
1,1,excess_land_area,9,60.0000000,1,F,T,1,1,F,17,15,0.500000000,21,19,0,1004.50000,0.285714298,9.81000042,2500000.00,0.567051011E-7,3.00000000,15,4,1.00000000,0.00000000,290.000000,10.0000000,90.0000000,85.0000000,0.00000000,0.00000000,215.000000,70.0000000,0.499999989E-2,0.400000019E-2,4.00000000,0.550000012,80.0000000,95000.0000,298.000000,0.800000038E-2,0.00000000,1.10000002,0.00000000,0.00000000,0.00000000,0.00000000,0.819999993,0.550000012,0.980000019,0.999999978E-2,0.256716430,0.00000000,0.00000000,0.109999999E-1,297.000000,0.00000000,0.00000000,0.00000000,7.50000000,2.00000000,1.00000000,4.00000000,0.00000000,3.25000000,0.250000000,0.00000000,0.300000014E-3,0.00000000,0.00000000,0.00000000,1.00000000,296.000000,0.00000000,0.00000000,0.00000000,0.00000000,0.00000000,0.500000000,0.119999997,0.119999997,295.000000,0.00000000,0.00000000,0.00000000,0.00000000,0.00000000,0.00000000,0.819999993,0.550000012,0.980000019,5.41069412,0.226139516,0.359590887E-2,0.294904172,0.294904172,289.591003,-33.9047165,0.232575371E-5,5.81438446,7.50027943,0.00000000,0.00000000,0.00000000,326.148285,3.25000000,0.00000000,0.895906519E-2,0.00000000,0.00000000,0.887951348E-2,0.122392429E-1,1.00000000,296.000000,22.8500061,390.690399,1398.88232,-1000.00000,0.00000000,0.00000000,0.119999997,0.119999997,290.000000,0.712418258E-1,0.00000000
1,1,water_soil_fallback,1,60.0000000,1,F,T,1,1,F,17,15,0.500000000,21,19,0,1004.50000,0.285714298,9.81000042,2500000.00,0.567051011E-7,0.00000000,15,4,1.00000000,0.00000000,290.000000,10.0000000,90.0000000,85.0000000,0.00000000,0.00000000,225.000000,95.0000000,0.700000022E-2,0.600000005E-2,6.00000000,0.550000012,80.0000000,95000.0000,298.000000,0.800000038E-2,0.00000000,1.10000002,0.00000000,0.00000000,0.00000000,0.00000000,0.819999993,0.550000012,0.980000019,0.999999978E-2,0.256716430,0.00000000,0.00000000,0.109999999E-1,297.000000,0.00000000,0.00000000,0.00000000,7.50000000,2.00000000,1.00000000,4.00000000,0.00000000,3.25000000,0.250000000,0.159999996E-2,0.199999995E-3,0.00000000,0.00000000,0.00000000,1.00000000,296.000000,0.00000000,0.00000000,0.00000000,0.00000000,0.00000000,0.500000000,0.119999997,0.119999997,295.000000,0.00000000,0.00000000,0.00000000,0.00000000,0.00000000,0.00000000,0.819999993,0.550000012,0.980000019,4.91881275,0.256681085,0.539386366E-2,0.256850690,0.256850690,285.006989,-78.5809174,0.101679279E-5,2.54198194,7.50012207,0.00000000,0.00000000,0.00000000,574.455078,3.25000000,0.00000000,0.828073546E-2,0.00000000,0.00000000,0.821272749E-2,0.909356028E-2,1.00000000,296.000000,22.8500061,379.992798,1455.00000,-1000.00000,0.00000000,0.00000000,0.144987106,0.119999997,285.006989,0.955555439E-1,0.00000000
1,1,water_soil_fallback,2,60.0000000,1,F,T,1,1,F,17,15,0.500000000,21,19,0,1004.50000,0.285714298,9.81000042,2500000.00,0.567051011E-7,0.999999978E-2,15,4,1.00000000,0.00000000,290.000000,10.0000000,90.0000000,85.0000000,0.00000000,0.00000000,225.000000,95.0000000,0.700000022E-2,0.600000005E-2,6.00000000,0.550000012,80.0000000,95000.0000,298.000000,0.800000038E-2,0.00000000,1.10000002,0.00000000,0.00000000,0.00000000,0.00000000,0.819999993,0.550000012,0.980000019,0.999999978E-2,0.256716430,0.00000000,0.00000000,0.109999999E-1,297.000000,0.00000000,0.00000000,0.00000000,7.50000000,2.00000000,1.00000000,4.00000000,0.00000000,3.25000000,0.250000000,0.159999996E-2,0.199999995E-3,0.00000000,0.00000000,0.00000000,1.00000000,296.000000,0.00000000,0.00000000,0.00000000,0.00000000,0.00000000,0.500000000,0.119999997,0.119999997,295.000000,0.00000000,0.00000000,0.00000000,0.00000000,0.00000000,0.00000000,0.819999993,0.550000012,0.980000019,4.91881275,0.256681085,0.539386366E-2,0.256850690,0.256850690,285.006989,-78.5809174,0.101679279E-5,2.54198194,7.50012207,0.00000000,0.00000000,0.00000000,574.455078,3.25000000,0.00000000,0.828073546E-2,0.00000000,0.00000000,0.821272749E-2,0.909356028E-2,1.00000000,296.000000,22.8500061,379.992798,1455.00000,-1000.00000,0.00000000,0.00000000,0.144991010,0.119999997,294.274078,0.955555439E-1,0.00000000
1,1,water_soil_fallback,3,60.0000000,1,F,T,1,1,F,17,15,0.500000000,21,19,0,1004.50000,0.285714298,9.81000042,2500000.00,0.567051011E-7,0.399999991E-1,15,4,1.00000000,0.00000000,290.000000,10.0000000,90.0000000,85.0000000,0.00000000,0.00000000,225.000000,95.0000000,0.700000022E-2,0.600000005E-2,6.00000000,0.550000012,80.0000000,95000.0000,298.000000,0.800000038E-2,0.00000000,1.10000002,0.00000000,0.00000000,0.00000000,0.00000000,0.819999993,0.550000012,0.980000019,0.999999978E-2,0.256716430,0.00000000,0.00000000,0.109999999E-1,297.000000,0.00000000,0.00000000,0.00000000,7.50000000,2.00000000,1.00000000,4.00000000,0.00000000,3.25000000,0.250000000,0.159999996E-2,0.199999995E-3,0.00000000,0.00000000,0.00000000,1.00000000,296.000000,0.00000000,0.00000000,0.00000000,0.00000000,0.00000000,0.500000000,0.119999997,0.119999997,295.000000,0.00000000,0.00000000,0.00000000,0.00000000,0.00000000,0.00000000,0.819999993,0.550000012,0.980000019,4.91881275,0.256681085,0.539386366E-2,0.256850690,0.256850690,285.006989,-78.5809174,0.101679279E-5,2.54198194,7.50012207,0.00000000,0.00000000,0.00000000,574.455078,3.25000000,0.00000000,0.828073546E-2,0.00000000,0.00000000,0.821272749E-2,0.909356028E-2,1.00000000,296.000000,22.8500061,379.992798,1455.00000,-1000.00000,0.00000000,0.00000000,0.144991010,0.119999997,294.991547,0.955555439E-1,0.00000000
1,1,water_soil_fallback,4,60.0000000,1,F,T,1,1,F,17,15,0.500000000,21,19,0,1004.50000,0.285714298,9.81000042,2500000.00,0.567051011E-7,0.100000001,15,4,1.00000000,0.00000000,290.000000,10.0000000,90.0000000,85.0000000,0.00000000,0.00000000,225.000000,95.0000000,0.700000022E-2,0.600000005E-2,6.00000000,0.550000012,80.0000000,95000.0000,298.000000,0.800000038E-2,0.00000000,1.10000002,0.00000000,0.00000000,0.00000000,0.00000000,0.819999993,0.550000012,0.980000019,0.999999978E-2,0.256716430,0.00000000,0.00000000,0.109999999E-1,297.000000,0.00000000,0.00000000,0.00000000,7.50000000,2.00000000,1.00000000,4.00000000,0.00000000,3.25000000,0.250000000,0.159999996E-2,0.199999995E-3,0.00000000,0.00000000,0.00000000,1.00000000,296.000000,0.00000000,0.00000000,0.00000000,0.00000000,0.00000000,0.500000000,0.119999997,0.119999997,295.000000,0.00000000,0.00000000,0.00000000,0.00000000,0.00000000,0.00000000,0.819999993,0.550000012,0.980000019,4.91881275,0.256681085,0.539386366E-2,0.256850690,0.256850690,285.006989,-78.5809174,0.101679279E-5,2.54198194,7.50012207,0.00000000,0.00000000,0.00000000,574.455078,3.25000000,0.00000000,0.828073546E-2,0.00000000,0.00000000,0.821272749E-2,0.909356028E-2,1.00000000,296.000000,22.8500061,379.992798,1455.00000,-1000.00000,0.00000000,0.00000000,0.144991010,0.119999997,295.000031,0.955555439E-1,0.00000000
1,1,water_soil_fallback,5,60.0000000,1,F,T,1,1,F,17,15,0.500000000,21,19,0,1004.50000,0.285714298,9.81000042,2500000.00,0.567051011E-7,0.300000012,15,4,1.00000000,0.00000000,290.000000,10.0000000,90.0000000,85.0000000,0.00000000,0.00000000,225.000000,95.0000000,0.700000022E-2,0.600000005E-2,6.00000000,0.550000012,80.0000000,95000.0000,298.000000,0.800000038E-2,0.00000000,1.10000002,0.00000000,0.00000000,0.00000000,0.00000000,0.819999993,0.550000012,0.980000019,0.999999978E-2,0.256716430,0.00000000,0.00000000,0.109999999E-1,297.000000,0.00000000,0.00000000,0.00000000,7.50000000,2.00000000,1.00000000,4.00000000,0.00000000,3.25000000,0.250000000,0.159999996E-2,0.199999995E-3,0.00000000,0.00000000,0.00000000,1.00000000,296.000000,0.00000000,0.00000000,0.00000000,0.00000000,0.00000000,0.500000000,0.119999997,0.119999997,295.000000,0.00000000,0.00000000,0.00000000,0.00000000,0.00000000,0.00000000,0.819999993,0.550000012,0.980000019,4.91881275,0.256681085,0.539386366E-2,0.256850690,0.256850690,285.006989,-78.5809174,0.101679279E-5,2.54198194,7.50012207,0.00000000,0.00000000,0.00000000,574.455078,3.25000000,0.00000000,0.828073546E-2,0.00000000,0.00000000,0.821272749E-2,0.909356028E-2,1.00000000,296.000000,22.8500061,379.992798,1455.00000,-1000.00000,0.00000000,0.00000000,0.144991010,0.119999997,294.999969,0.955555439E-1,0.00000000
1,1,water_soil_fallback,6,60.0000000,1,F,T,1,1,F,17,15,0.500000000,21,19,0,1004.50000,0.285714298,9.81000042,2500000.00,0.567051011E-7,0.600000024,15,4,1.00000000,0.00000000,290.000000,10.0000000,90.0000000,85.0000000,0.00000000,0.00000000,225.000000,95.0000000,0.700000022E-2,0.600000005E-2,6.00000000,0.550000012,80.0000000,95000.0000,298.000000,0.800000038E-2,0.00000000,1.10000002,0.00000000,0.00000000,0.00000000,0.00000000,0.819999993,0.550000012,0.980000019,0.999999978E-2,0.256716430,0.00000000,0.00000000,0.109999999E-1,297.000000,0.00000000,0.00000000,0.00000000,7.50000000,2.00000000,1.00000000,4.00000000,0.00000000,3.25000000,0.250000000,0.159999996E-2,0.199999995E-3,0.00000000,0.00000000,0.00000000,1.00000000,296.000000,0.00000000,0.00000000,0.00000000,0.00000000,0.00000000,0.500000000,0.119999997,0.119999997,295.000000,0.00000000,0.00000000,0.00000000,0.00000000,0.00000000,0.00000000,0.819999993,0.550000012,0.980000019,4.91881275,0.256681085,0.539386366E-2,0.256850690,0.256850690,285.006989,-78.5809174,0.101679279E-5,2.54198194,7.50012207,0.00000000,0.00000000,0.00000000,574.455078,3.25000000,0.00000000,0.828073546E-2,0.00000000,0.00000000,0.821272749E-2,0.909356028E-2,1.00000000,296.000000,22.8500061,379.992798,1455.00000,-1000.00000,0.00000000,0.00000000,0.144991010,0.119999997,294.999969,0.955555439E-1,0.00000000
1,1,water_soil_fallback,7,60.0000000,1,F,T,1,1,F,17,15,0.500000000,21,19,0,1004.50000,0.285714298,9.81000042,2500000.00,0.567051011E-7,1.00000000,15,4,1.00000000,0.00000000,290.000000,10.0000000,90.0000000,85.0000000,0.00000000,0.00000000,225.000000,95.0000000,0.700000022E-2,0.600000005E-2,6.00000000,0.550000012,80.0000000,95000.0000,298.000000,0.800000038E-2,0.00000000,1.10000002,0.00000000,0.00000000,0.00000000,0.00000000,0.819999993,0.550000012,0.980000019,0.999999978E-2,0.256716430,0.00000000,0.00000000,0.109999999E-1,297.000000,0.00000000,0.00000000,0.00000000,7.50000000,2.00000000,1.00000000,4.00000000,0.00000000,3.25000000,0.250000000,0.159999996E-2,0.199999995E-3,0.00000000,0.00000000,0.00000000,1.00000000,296.000000,0.00000000,0.00000000,0.00000000,0.00000000,0.00000000,0.500000000,0.119999997,0.119999997,295.000000,0.00000000,0.00000000,0.00000000,0.00000000,0.00000000,0.00000000,0.819999993,0.550000012,0.980000019,4.91881275,0.256681085,0.539386366E-2,0.256850690,0.256850690,285.006989,-78.5809174,0.101679279E-5,2.54198194,7.50012207,0.00000000,0.00000000,0.00000000,574.455078,3.25000000,0.00000000,0.828073546E-2,0.00000000,0.00000000,0.821272749E-2,0.909356028E-2,1.00000000,296.000000,22.8500061,379.992798,1455.00000,-1000.00000,0.00000000,0.00000000,0.119999990,0.119999990,295.000000,0.955555439E-1,0.00000000
1,1,water_soil_fallback,8,60.0000000,1,F,T,1,1,F,17,15,0.500000000,21,19,0,1004.50000,0.285714298,9.81000042,2500000.00,0.567051011E-7,1.60000002,15,4,1.00000000,0.00000000,290.000000,10.0000000,90.0000000,85.0000000,0.00000000,0.00000000,225.000000,95.0000000,0.700000022E-2,0.600000005E-2,6.00000000,0.550000012,80.0000000,95000.0000,298.000000,0.800000038E-2,0.00000000,1.10000002,0.00000000,0.00000000,0.00000000,0.00000000,0.819999993,0.550000012,0.980000019,0.999999978E-2,0.256716430,0.00000000,0.00000000,0.109999999E-1,297.000000,0.00000000,0.00000000,0.00000000,7.50000000,2.00000000,1.00000000,4.00000000,0.00000000,3.25000000,0.250000000,0.159999996E-2,0.199999995E-3,0.00000000,0.00000000,0.00000000,1.00000000,296.000000,0.00000000,0.00000000,0.00000000,0.00000000,0.00000000,0.500000000,0.119999997,0.119999997,295.000000,0.00000000,0.00000000,0.00000000,0.00000000,0.00000000,0.00000000,0.819999993,0.550000012,0.980000019,4.91881275,0.256681085,0.539386366E-2,0.256850690,0.256850690,285.006989,-78.5809174,0.101679279E-5,2.54198194,7.50012207,0.00000000,0.00000000,0.00000000,574.455078,3.25000000,0.00000000,0.828073546E-2,0.00000000,0.00000000,0.821272749E-2,0.909356028E-2,1.00000000,296.000000,22.8500061,379.992798,1455.00000,-1000.00000,0.00000000,0.00000000,0.119999997,0.119999997,295.000000,0.955555439E-1,0.00000000
1,1,water_soil_fallback,9,60.0000000,1,F,T,1,1,F,17,15,0.500000000,21,19,0,1004.50000,0.285714298,9.81000042,2500000.00,0.567051011E-7,3.00000000,15,4,1.00000000,0.00000000,290.000000,10.0000000,90.0000000,85.0000000,0.00000000,0.00000000,225.000000,95.0000000,0.700000022E-2,0.600000005E-2,6.00000000,0.550000012,80.0000000,95000.0000,298.000000,0.800000038E-2,0.00000000,1.10000002,0.00000000,0.00000000,0.00000000,0.00000000,0.819999993,0.550000012,0.980000019,0.999999978E-2,0.256716430,0.00000000,0.00000000,0.109999999E-1,297.000000,0.00000000,0.00000000,0.00000000,7.50000000,2.00000000,1.00000000,4.00000000,0.00000000,3.25000000,0.250000000,0.159999996E-2,0.199999995E-3,0.00000000,0.00000000,0.00000000,1.00000000,296.000000,0.00000000,0.00000000,0.00000000,0.00000000,0.00000000,0.500000000,0.119999997,0.119999997,295.000000,0.00000000,0.00000000,0.00000000,0.00000000,0.00000000,0.00000000,0.819999993,0.550000012,0.980000019,4.91881275,0.256681085,0.539386366E-2,0.256850690,0.256850690,285.006989,-78.5809174,0.101679279E-5,2.54198194,7.50012207,0.00000000,0.00000000,0.00000000,574.455078,3.25000000,0.00000000,0.828073546E-2,0.00000000,0.00000000,0.821272749E-2,0.909356028E-2,1.00000000,296.000000,22.8500061,379.992798,1455.00000,-1000.00000,0.00000000,0.00000000,0.119999997,0.119999997,290.000000,0.955555439E-1,0.00000000
1,1,excess_soil_area,1,60.0000000,1,F,T,1,1,F,17,15,0.500000000,21,19,0,1004.50000,0.285714298,9.81000042,2500000.00,0.567051011E-7,0.00000000,16,4,1.00000000,0.00000000,290.000000,10.0000000,90.0000000,85.0000000,0.00000000,0.00000000,355.000000,610.000000,0.179999992E-1,0.170000009E-1,17.0000000,0.250000000,80.0000000,95000.0000,298.000000,0.800000038E-2,0.00000000,1.10000002,0.00000000,0.00000000,0.00000000,0.00000000,0.750000000,0.250000000,0.850000024,0.750000000,0.256716430,0.00000000,0.00000000,0.649999976E-1,297.000000,0.00000000,0.00000000,0.00000000,7.50000000,2.00000000,1.00000000,4.00000000,0.00000000,3.25000000,0.250000000,0.600000005E-2,0.999999975E-4,0.00000000,0.00000000,0.00000000,1.00000000,296.000000,0.00000000,0.00000000,0.00000000,0.00000000,0.00000000,0.500000000,0.119999997,0.119999997,295.000000,0.00000000,0.00000000,0.00000000,0.00000000,0.00000000,0.00000000,0.750000000,0.250000000,0.850000024,4.91881275,0.225640237,0.152826132E-1,0.256850690,0.256850690,291.978485,-103.183609,0.145230888E-4,36.3077202,7.50174236,0.00000000,0.00000000,0.00000000,182.188217,3.25000000,0.00000000,0.940914080E-2,0.00000000,0.00000000,0.932143349E-2,0.142286560E-1,1.00000000,296.000000,22.8500061,387.900055,1398.88232,-1000.00000,0.00000000,0.00000000,0.154819846,0.119999997,291.978485,0.712418258E-1,0.00000000
1,1,excess_soil_area,2,60.0000000,1,F,T,1,1,F,17,15,0.500000000,21,19,0,1004.50000,0.285714298,9.81000042,2500000.00,0.567051011E-7,0.999999978E-2,16,4,1.00000000,0.00000000,290.000000,10.0000000,90.0000000,85.0000000,0.00000000,0.00000000,355.000000,610.000000,0.179999992E-1,0.170000009E-1,17.0000000,0.250000000,80.0000000,95000.0000,298.000000,0.800000038E-2,0.00000000,1.10000002,0.00000000,0.00000000,0.00000000,0.00000000,0.750000000,0.250000000,0.850000024,0.750000000,0.256716430,0.00000000,0.00000000,0.649999976E-1,297.000000,0.00000000,0.00000000,0.00000000,7.50000000,2.00000000,1.00000000,4.00000000,0.00000000,3.25000000,0.250000000,0.600000005E-2,0.999999975E-4,0.00000000,0.00000000,0.00000000,1.00000000,296.000000,0.00000000,0.00000000,0.00000000,0.00000000,0.00000000,0.500000000,0.119999997,0.119999997,295.000000,0.00000000,0.00000000,0.00000000,0.00000000,0.00000000,0.00000000,0.750000000,0.250000000,0.850000024,4.91881275,0.225640237,0.152826132E-1,0.256850690,0.256850690,291.978485,-103.183609,0.145230888E-4,36.3077202,7.50174236,0.00000000,0.00000000,0.00000000,182.188217,3.25000000,0.00000000,0.940914080E-2,0.00000000,0.00000000,0.932143349E-2,0.142286560E-1,1.00000000,296.000000,22.8500061,387.900055,1398.88232,-1000.00000,0.00000000,0.00000000,0.154875383,0.119999997,294.775024,0.712418258E-1,0.00000000
1,1,excess_soil_area,3,60.0000000,1,F,T,1,1,F,17,15,0.500000000,21,19,0,1004.50000,0.285714298,9.81000042,2500000.00,0.567051011E-7,0.399999991E-1,16,4,1.00000000,0.00000000,290.000000,10.0000000,90.0000000,85.0000000,0.00000000,0.00000000,355.000000,610.000000,0.179999992E-1,0.170000009E-1,17.0000000,0.250000000,80.0000000,95000.0000,298.000000,0.800000038E-2,0.00000000,1.10000002,0.00000000,0.00000000,0.00000000,0.00000000,0.750000000,0.250000000,0.850000024,0.750000000,0.256716430,0.00000000,0.00000000,0.649999976E-1,297.000000,0.00000000,0.00000000,0.00000000,7.50000000,2.00000000,1.00000000,4.00000000,0.00000000,3.25000000,0.250000000,0.600000005E-2,0.999999975E-4,0.00000000,0.00000000,0.00000000,1.00000000,296.000000,0.00000000,0.00000000,0.00000000,0.00000000,0.00000000,0.500000000,0.119999997,0.119999997,295.000000,0.00000000,0.00000000,0.00000000,0.00000000,0.00000000,0.00000000,0.750000000,0.250000000,0.850000024,4.91881275,0.225640237,0.152826132E-1,0.256850690,0.256850690,291.978485,-103.183609,0.145230888E-4,36.3077202,7.50174236,0.00000000,0.00000000,0.00000000,182.188217,3.25000000,0.00000000,0.940914080E-2,0.00000000,0.00000000,0.932143349E-2,0.142286560E-1,1.00000000,296.000000,22.8500061,387.900055,1398.88232,-1000.00000,0.00000000,0.00000000,0.154875427,0.119999997,294.997314,0.712418258E-1,0.00000000
1,1,excess_soil_area,4,60.0000000,1,F,T,1,1,F,17,15,0.500000000,21,19,0,1004.50000,0.285714298,9.81000042,2500000.00,0.567051011E-7,0.100000001,16,4,1.00000000,0.00000000,290.000000,10.0000000,90.0000000,85.0000000,0.00000000,0.00000000,355.000000,610.000000,0.179999992E-1,0.170000009E-1,17.0000000,0.250000000,80.0000000,95000.0000,298.000000,0.800000038E-2,0.00000000,1.10000002,0.00000000,0.00000000,0.00000000,0.00000000,0.750000000,0.250000000,0.850000024,0.750000000,0.256716430,0.00000000,0.00000000,0.649999976E-1,297.000000,0.00000000,0.00000000,0.00000000,7.50000000,2.00000000,1.00000000,4.00000000,0.00000000,3.25000000,0.250000000,0.600000005E-2,0.999999975E-4,0.00000000,0.00000000,0.00000000,1.00000000,296.000000,0.00000000,0.00000000,0.00000000,0.00000000,0.00000000,0.500000000,0.119999997,0.119999997,295.000000,0.00000000,0.00000000,0.00000000,0.00000000,0.00000000,0.00000000,0.750000000,0.250000000,0.850000024,4.91881275,0.225640237,0.152826132E-1,0.256850690,0.256850690,291.978485,-103.183609,0.145230888E-4,36.3077202,7.50174236,0.00000000,0.00000000,0.00000000,182.188217,3.25000000,0.00000000,0.940914080E-2,0.00000000,0.00000000,0.932143349E-2,0.142286560E-1,1.00000000,296.000000,22.8500061,387.900055,1398.88232,-1000.00000,0.00000000,0.00000000,0.154875457,0.119999997,295.000000,0.712418258E-1,0.00000000
1,1,excess_soil_area,5,60.0000000,1,F,T,1,1,F,17,15,0.500000000,21,19,0,1004.50000,0.285714298,9.81000042,2500000.00,0.567051011E-7,0.300000012,16,4,1.00000000,0.00000000,290.000000,10.0000000,90.0000000,85.0000000,0.00000000,0.00000000,355.000000,610.000000,0.179999992E-1,0.170000009E-1,17.0000000,0.250000000,80.0000000,95000.0000,298.000000,0.800000038E-2,0.00000000,1.10000002,0.00000000,0.00000000,0.00000000,0.00000000,0.750000000,0.250000000,0.850000024,0.750000000,0.256716430,0.00000000,0.00000000,0.649999976E-1,297.000000,0.00000000,0.00000000,0.00000000,7.50000000,2.00000000,1.00000000,4.00000000,0.00000000,3.25000000,0.250000000,0.600000005E-2,0.999999975E-4,0.00000000,0.00000000,0.00000000,1.00000000,296.000000,0.00000000,0.00000000,0.00000000,0.00000000,0.00000000,0.500000000,0.119999997,0.119999997,295.000000,0.00000000,0.00000000,0.00000000,0.00000000,0.00000000,0.00000000,0.750000000,0.250000000,0.850000024,4.91881275,0.225640237,0.152826132E-1,0.256850690,0.256850690,291.978485,-103.183609,0.145230888E-4,36.3077202,7.50174236,0.00000000,0.00000000,0.00000000,182.188217,3.25000000,0.00000000,0.940914080E-2,0.00000000,0.00000000,0.932143349E-2,0.142286560E-1,1.00000000,296.000000,22.8500061,387.900055,1398.88232,-1000.00000,0.00000000,0.00000000,0.154875457,0.119999997,295.000031,0.712418258E-1,0.00000000
1,1,excess_soil_area,6,60.0000000,1,F,T,1,1,F,17,15,0.500000000,21,19,0,1004.50000,0.285714298,9.81000042,2500000.00,0.567051011E-7,0.600000024,16,4,1.00000000,0.00000000,290.000000,10.0000000,90.0000000,85.0000000,0.00000000,0.00000000,355.000000,610.000000,0.179999992E-1,0.170000009E-1,17.0000000,0.250000000,80.0000000,95000.0000,298.000000,0.800000038E-2,0.00000000,1.10000002,0.00000000,0.00000000,0.00000000,0.00000000,0.750000000,0.250000000,0.850000024,0.750000000,0.256716430,0.00000000,0.00000000,0.649999976E-1,297.000000,0.00000000,0.00000000,0.00000000,7.50000000,2.00000000,1.00000000,4.00000000,0.00000000,3.25000000,0.250000000,0.600000005E-2,0.999999975E-4,0.00000000,0.00000000,0.00000000,1.00000000,296.000000,0.00000000,0.00000000,0.00000000,0.00000000,0.00000000,0.500000000,0.119999997,0.119999997,295.000000,0.00000000,0.00000000,0.00000000,0.00000000,0.00000000,0.00000000,0.750000000,0.250000000,0.850000024,4.91881275,0.225640237,0.152826132E-1,0.256850690,0.256850690,291.978485,-103.183609,0.145230888E-4,36.3077202,7.50174236,0.00000000,0.00000000,0.00000000,182.188217,3.25000000,0.00000000,0.940914080E-2,0.00000000,0.00000000,0.932143349E-2,0.142286560E-1,1.00000000,296.000000,22.8500061,387.900055,1398.88232,-1000.00000,0.00000000,0.00000000,0.154875472,0.119999997,295.000031,0.712418258E-1,0.00000000
1,1,excess_soil_area,7,60.0000000,1,F,T,1,1,F,17,15,0.500000000,21,19,0,1004.50000,0.285714298,9.81000042,2500000.00,0.567051011E-7,1.00000000,16,4,1.00000000,0.00000000,290.000000,10.0000000,90.0000000,85.0000000,0.00000000,0.00000000,355.000000,610.000000,0.179999992E-1,0.170000009E-1,17.0000000,0.250000000,80.0000000,95000.0000,298.000000,0.800000038E-2,0.00000000,1.10000002,0.00000000,0.00000000,0.00000000,0.00000000,0.750000000,0.250000000,0.850000024,0.750000000,0.256716430,0.00000000,0.00000000,0.649999976E-1,297.000000,0.00000000,0.00000000,0.00000000,7.50000000,2.00000000,1.00000000,4.00000000,0.00000000,3.25000000,0.250000000,0.600000005E-2,0.999999975E-4,0.00000000,0.00000000,0.00000000,1.00000000,296.000000,0.00000000,0.00000000,0.00000000,0.00000000,0.00000000,0.500000000,0.119999997,0.119999997,295.000000,0.00000000,0.00000000,0.00000000,0.00000000,0.00000000,0.00000000,0.750000000,0.250000000,0.850000024,4.91881275,0.225640237,0.152826132E-1,0.256850690,0.256850690,291.978485,-103.183609,0.145230888E-4,36.3077202,7.50174236,0.00000000,0.00000000,0.00000000,182.188217,3.25000000,0.00000000,0.940914080E-2,0.00000000,0.00000000,0.932143349E-2,0.142286560E-1,1.00000000,296.000000,22.8500061,387.900055,1398.88232,-1000.00000,0.00000000,0.00000000,0.119999997,0.119999997,295.000000,0.712418258E-1,0.00000000
1,1,excess_soil_area,8,60.0000000,1,F,T,1,1,F,17,15,0.500000000,21,19,0,1004.50000,0.285714298,9.81000042,2500000.00,0.567051011E-7,1.60000002,16,4,1.00000000,0.00000000,290.000000,10.0000000,90.0000000,85.0000000,0.00000000,0.00000000,355.000000,610.000000,0.179999992E-1,0.170000009E-1,17.0000000,0.250000000,80.0000000,95000.0000,298.000000,0.800000038E-2,0.00000000,1.10000002,0.00000000,0.00000000,0.00000000,0.00000000,0.750000000,0.250000000,0.850000024,0.750000000,0.256716430,0.00000000,0.00000000,0.649999976E-1,297.000000,0.00000000,0.00000000,0.00000000,7.50000000,2.00000000,1.00000000,4.00000000,0.00000000,3.25000000,0.250000000,0.600000005E-2,0.999999975E-4,0.00000000,0.00000000,0.00000000,1.00000000,296.000000,0.00000000,0.00000000,0.00000000,0.00000000,0.00000000,0.500000000,0.119999997,0.119999997,295.000000,0.00000000,0.00000000,0.00000000,0.00000000,0.00000000,0.00000000,0.750000000,0.250000000,0.850000024,4.91881275,0.225640237,0.152826132E-1,0.256850690,0.256850690,291.978485,-103.183609,0.145230888E-4,36.3077202,7.50174236,0.00000000,0.00000000,0.00000000,182.188217,3.25000000,0.00000000,0.940914080E-2,0.00000000,0.00000000,0.932143349E-2,0.142286560E-1,1.00000000,296.000000,22.8500061,387.900055,1398.88232,-1000.00000,0.00000000,0.00000000,0.119999997,0.119999997,295.000000,0.712418258E-1,0.00000000
1,1,excess_soil_area,9,60.0000000,1,F,T,1,1,F,17,15,0.500000000,21,19,0,1004.50000,0.285714298,9.81000042,2500000.00,0.567051011E-7,3.00000000,16,4,1.00000000,0.00000000,290.000000,10.0000000,90.0000000,85.0000000,0.00000000,0.00000000,355.000000,610.000000,0.179999992E-1,0.170000009E-1,17.0000000,0.250000000,80.0000000,95000.0000,298.000000,0.800000038E-2,0.00000000,1.10000002,0.00000000,0.00000000,0.00000000,0.00000000,0.750000000,0.250000000,0.850000024,0.750000000,0.256716430,0.00000000,0.00000000,0.649999976E-1,297.000000,0.00000000,0.00000000,0.00000000,7.50000000,2.00000000,1.00000000,4.00000000,0.00000000,3.25000000,0.250000000,0.600000005E-2,0.999999975E-4,0.00000000,0.00000000,0.00000000,1.00000000,296.000000,0.00000000,0.00000000,0.00000000,0.00000000,0.00000000,0.500000000,0.119999997,0.119999997,295.000000,0.00000000,0.00000000,0.00000000,0.00000000,0.00000000,0.00000000,0.750000000,0.250000000,0.850000024,4.91881275,0.225640237,0.152826132E-1,0.256850690,0.256850690,291.978485,-103.183609,0.145230888E-4,36.3077202,7.50174236,0.00000000,0.00000000,0.00000000,182.188217,3.25000000,0.00000000,0.940914080E-2,0.00000000,0.00000000,0.932143349E-2,0.142286560E-1,1.00000000,296.000000,22.8500061,387.900055,1398.88232,-1000.00000,0.00000000,0.00000000,0.119999997,0.119999997,290.000000,0.712418258E-1,0.00000000
1,1,wet_soil,1,60.0000000,1,F,T,1,1,F,17,15,0.500000000,21,19,0,1004.50000,0.285714298,9.81000042,2500000.00,0.567051011E-7,0.00000000,13,4,1.00000000,0.00000000,290.000000,10.0000000,90.0000000,85.0000000,0.00000000,0.00000000,265.000000,180.000000,0.899999961E-2,0.800000038E-2,8.00000000,0.180000007,80.0000000,95000.0000,298.000000,0.800000038E-2,0.999999975E-5,1.10000002,0.00000000,0.00000000,0.00000000,0.199999996E-1,0.460000008,0.180000007,0.879999995,1.00000000,0.943283617,0.00000000,0.00000000,0.500000000,297.000000,0.00000000,0.00000000,0.00000000,7.50000000,2.00000000,1.00000000,4.00000000,0.00000000,3.25000000,0.250000000,0.260000001E-2,0.499999987E-4,0.00000000,0.00000000,0.00000000,1.00000000,296.000000,0.00000000,0.00000000,0.00000000,0.00000000,0.00000000,0.500000000,0.349999994,0.349999994,295.000000,0.00000000,0.00000000,0.00000000,0.00000000,0.00000000,0.198275037E-1,0.460000008,0.180000007,0.879999995,4.91881275,1.00000000,0.719181774E-2,0.256850690,0.256850690,286.446259,-93.1683960,0.146112779E-4,36.5281944,7.50175381,0.00000000,0.00000000,0.00000000,926.469543,3.25000000,0.00000000,0.999405514E-2,0.00000000,0.00000000,0.989516266E-2,0.999405514E-2,1.00000000,296.000000,22.8500061,1049.99915,1398.88232,-1000.00000,0.00000000,0.00000000,0.349977732,0.349977732,286.446259,0.326797366,0.00000000
1,1,wet_soil,2,60.0000000,1,F,T,1,1,F,17,15,0.500000000,21,19,0,1004.50000,0.285714298,9.81000042,2500000.00,0.567051011E-7,0.999999978E-2,13,4,1.00000000,0.00000000,290.000000,10.0000000,90.0000000,85.0000000,0.00000000,0.00000000,265.000000,180.000000,0.899999961E-2,0.800000038E-2,8.00000000,0.180000007,80.0000000,95000.0000,298.000000,0.800000038E-2,0.999999975E-5,1.10000002,0.00000000,0.00000000,0.00000000,0.199999996E-1,0.460000008,0.180000007,0.879999995,1.00000000,0.943283617,0.00000000,0.00000000,0.500000000,297.000000,0.00000000,0.00000000,0.00000000,7.50000000,2.00000000,1.00000000,4.00000000,0.00000000,3.25000000,0.250000000,0.260000001E-2,0.499999987E-4,0.00000000,0.00000000,0.00000000,1.00000000,296.000000,0.00000000,0.00000000,0.00000000,0.00000000,0.00000000,0.500000000,0.349999994,0.349999994,295.000000,0.00000000,0.00000000,0.00000000,0.00000000,0.00000000,0.198275037E-1,0.460000008,0.180000007,0.879999995,4.91881275,1.00000000,0.719181774E-2,0.256850690,0.256850690,286.446259,-93.1683960,0.146112779E-4,36.5281944,7.50175381,0.00000000,0.00000000,0.00000000,926.469543,3.25000000,0.00000000,0.999405514E-2,0.00000000,0.00000000,0.989516266E-2,0.999405514E-2,1.00000000,296.000000,22.8500061,1049.99915,1398.88232,-1000.00000,0.00000000,0.00000000,0.349992335,0.349992335,294.368927,0.326797366,0.00000000
1,1,wet_soil,3,60.0000000,1,F,T,1,1,F,17,15,0.500000000,21,19,0,1004.50000,0.285714298,9.81000042,2500000.00,0.567051011E-7,0.399999991E-1,13,4,1.00000000,0.00000000,290.000000,10.0000000,90.0000000,85.0000000,0.00000000,0.00000000,265.000000,180.000000,0.899999961E-2,0.800000038E-2,8.00000000,0.180000007,80.0000000,95000.0000,298.000000,0.800000038E-2,0.999999975E-5,1.10000002,0.00000000,0.00000000,0.00000000,0.199999996E-1,0.460000008,0.180000007,0.879999995,1.00000000,0.943283617,0.00000000,0.00000000,0.500000000,297.000000,0.00000000,0.00000000,0.00000000,7.50000000,2.00000000,1.00000000,4.00000000,0.00000000,3.25000000,0.250000000,0.260000001E-2,0.499999987E-4,0.00000000,0.00000000,0.00000000,1.00000000,296.000000,0.00000000,0.00000000,0.00000000,0.00000000,0.00000000,0.500000000,0.349999994,0.349999994,295.000000,0.00000000,0.00000000,0.00000000,0.00000000,0.00000000,0.198275037E-1,0.460000008,0.180000007,0.879999995,4.91881275,1.00000000,0.719181774E-2,0.256850690,0.256850690,286.446259,-93.1683960,0.146112779E-4,36.5281944,7.50175381,0.00000000,0.00000000,0.00000000,926.469543,3.25000000,0.00000000,0.999405514E-2,0.00000000,0.00000000,0.989516266E-2,0.999405514E-2,1.00000000,296.000000,22.8500061,1049.99915,1398.88232,-1000.00000,0.00000000,0.00000000,0.349998772,0.349998772,294.992493,0.326797366,0.00000000
1,1,wet_soil,4,60.0000000,1,F,T,1,1,F,17,15,0.500000000,21,19,0,1004.50000,0.285714298,9.81000042,2500000.00,0.567051011E-7,0.100000001,13,4,1.00000000,0.00000000,290.000000,10.0000000,90.0000000,85.0000000,0.00000000,0.00000000,265.000000,180.000000,0.899999961E-2,0.800000038E-2,8.00000000,0.180000007,80.0000000,95000.0000,298.000000,0.800000038E-2,0.999999975E-5,1.10000002,0.00000000,0.00000000,0.00000000,0.199999996E-1,0.460000008,0.180000007,0.879999995,1.00000000,0.943283617,0.00000000,0.00000000,0.500000000,297.000000,0.00000000,0.00000000,0.00000000,7.50000000,2.00000000,1.00000000,4.00000000,0.00000000,3.25000000,0.250000000,0.260000001E-2,0.499999987E-4,0.00000000,0.00000000,0.00000000,1.00000000,296.000000,0.00000000,0.00000000,0.00000000,0.00000000,0.00000000,0.500000000,0.349999994,0.349999994,295.000000,0.00000000,0.00000000,0.00000000,0.00000000,0.00000000,0.198275037E-1,0.460000008,0.180000007,0.879999995,4.91881275,1.00000000,0.719181774E-2,0.256850690,0.256850690,286.446259,-93.1683960,0.146112779E-4,36.5281944,7.50175381,0.00000000,0.00000000,0.00000000,926.469543,3.25000000,0.00000000,0.999405514E-2,0.00000000,0.00000000,0.989516266E-2,0.999405514E-2,1.00000000,296.000000,22.8500061,1049.99915,1398.88232,-1000.00000,0.00000000,0.00000000,0.349999249,0.349999249,295.000000,0.326797366,0.00000000
1,1,wet_soil,5,60.0000000,1,F,T,1,1,F,17,15,0.500000000,21,19,0,1004.50000,0.285714298,9.81000042,2500000.00,0.567051011E-7,0.300000012,13,4,1.00000000,0.00000000,290.000000,10.0000000,90.0000000,85.0000000,0.00000000,0.00000000,265.000000,180.000000,0.899999961E-2,0.800000038E-2,8.00000000,0.180000007,80.0000000,95000.0000,298.000000,0.800000038E-2,0.999999975E-5,1.10000002,0.00000000,0.00000000,0.00000000,0.199999996E-1,0.460000008,0.180000007,0.879999995,1.00000000,0.943283617,0.00000000,0.00000000,0.500000000,297.000000,0.00000000,0.00000000,0.00000000,7.50000000,2.00000000,1.00000000,4.00000000,0.00000000,3.25000000,0.250000000,0.260000001E-2,0.499999987E-4,0.00000000,0.00000000,0.00000000,1.00000000,296.000000,0.00000000,0.00000000,0.00000000,0.00000000,0.00000000,0.500000000,0.349999994,0.349999994,295.000000,0.00000000,0.00000000,0.00000000,0.00000000,0.00000000,0.198275037E-1,0.460000008,0.180000007,0.879999995,4.91881275,1.00000000,0.719181774E-2,0.256850690,0.256850690,286.446259,-93.1683960,0.146112779E-4,36.5281944,7.50175381,0.00000000,0.00000000,0.00000000,926.469543,3.25000000,0.00000000,0.999405514E-2,0.00000000,0.00000000,0.989516266E-2,0.999405514E-2,1.00000000,296.000000,22.8500061,1049.99915,1398.88232,-1000.00000,0.00000000,0.00000000,0.349999309,0.349999309,294.999969,0.326797366,0.00000000
1,1,wet_soil,6,60.0000000,1,F,T,1,1,F,17,15,0.500000000,21,19,0,1004.50000,0.285714298,9.81000042,2500000.00,0.567051011E-7,0.600000024,13,4,1.00000000,0.00000000,290.000000,10.0000000,90.0000000,85.0000000,0.00000000,0.00000000,265.000000,180.000000,0.899999961E-2,0.800000038E-2,8.00000000,0.180000007,80.0000000,95000.0000,298.000000,0.800000038E-2,0.999999975E-5,1.10000002,0.00000000,0.00000000,0.00000000,0.199999996E-1,0.460000008,0.180000007,0.879999995,1.00000000,0.943283617,0.00000000,0.00000000,0.500000000,297.000000,0.00000000,0.00000000,0.00000000,7.50000000,2.00000000,1.00000000,4.00000000,0.00000000,3.25000000,0.250000000,0.260000001E-2,0.499999987E-4,0.00000000,0.00000000,0.00000000,1.00000000,296.000000,0.00000000,0.00000000,0.00000000,0.00000000,0.00000000,0.500000000,0.349999994,0.349999994,295.000000,0.00000000,0.00000000,0.00000000,0.00000000,0.00000000,0.198275037E-1,0.460000008,0.180000007,0.879999995,4.91881275,1.00000000,0.719181774E-2,0.256850690,0.256850690,286.446259,-93.1683960,0.146112779E-4,36.5281944,7.50175381,0.00000000,0.00000000,0.00000000,926.469543,3.25000000,0.00000000,0.999405514E-2,0.00000000,0.00000000,0.989516266E-2,0.999405514E-2,1.00000000,296.000000,22.8500061,1049.99915,1398.88232,-1000.00000,0.00000000,0.00000000,0.349999309,0.349999309,295.000000,0.326797366,0.00000000
1,1,wet_soil,7,60.0000000,1,F,T,1,1,F,17,15,0.500000000,21,19,0,1004.50000,0.285714298,9.81000042,2500000.00,0.567051011E-7,1.00000000,13,4,1.00000000,0.00000000,290.000000,10.0000000,90.0000000,85.0000000,0.00000000,0.00000000,265.000000,180.000000,0.899999961E-2,0.800000038E-2,8.00000000,0.180000007,80.0000000,95000.0000,298.000000,0.800000038E-2,0.999999975E-5,1.10000002,0.00000000,0.00000000,0.00000000,0.199999996E-1,0.460000008,0.180000007,0.879999995,1.00000000,0.943283617,0.00000000,0.00000000,0.500000000,297.000000,0.00000000,0.00000000,0.00000000,7.50000000,2.00000000,1.00000000,4.00000000,0.00000000,3.25000000,0.250000000,0.260000001E-2,0.499999987E-4,0.00000000,0.00000000,0.00000000,1.00000000,296.000000,0.00000000,0.00000000,0.00000000,0.00000000,0.00000000,0.500000000,0.349999994,0.349999994,295.000000,0.00000000,0.00000000,0.00000000,0.00000000,0.00000000,0.198275037E-1,0.460000008,0.180000007,0.879999995,4.91881275,1.00000000,0.719181774E-2,0.256850690,0.256850690,286.446259,-93.1683960,0.146112779E-4,36.5281944,7.50175381,0.00000000,0.00000000,0.00000000,926.469543,3.25000000,0.00000000,0.999405514E-2,0.00000000,0.00000000,0.989516266E-2,0.999405514E-2,1.00000000,296.000000,22.8500061,1049.99915,1398.88232,-1000.00000,0.00000000,0.00000000,0.350000024,0.349999964,295.000031,0.326797366,0.00000000
1,1,wet_soil,8,60.0000000,1,F,T,1,1,F,17,15,0.500000000,21,19,0,1004.50000,0.285714298,9.81000042,2500000.00,0.567051011E-7,1.60000002,13,4,1.00000000,0.00000000,290.000000,10.0000000,90.0000000,85.0000000,0.00000000,0.00000000,265.000000,180.000000,0.899999961E-2,0.800000038E-2,8.00000000,0.180000007,80.0000000,95000.0000,298.000000,0.800000038E-2,0.999999975E-5,1.10000002,0.00000000,0.00000000,0.00000000,0.199999996E-1,0.460000008,0.180000007,0.879999995,1.00000000,0.943283617,0.00000000,0.00000000,0.500000000,297.000000,0.00000000,0.00000000,0.00000000,7.50000000,2.00000000,1.00000000,4.00000000,0.00000000,3.25000000,0.250000000,0.260000001E-2,0.499999987E-4,0.00000000,0.00000000,0.00000000,1.00000000,296.000000,0.00000000,0.00000000,0.00000000,0.00000000,0.00000000,0.500000000,0.349999994,0.349999994,295.000000,0.00000000,0.00000000,0.00000000,0.00000000,0.00000000,0.198275037E-1,0.460000008,0.180000007,0.879999995,4.91881275,1.00000000,0.719181774E-2,0.256850690,0.256850690,286.446259,-93.1683960,0.146112779E-4,36.5281944,7.50175381,0.00000000,0.00000000,0.00000000,926.469543,3.25000000,0.00000000,0.999405514E-2,0.00000000,0.00000000,0.989516266E-2,0.999405514E-2,1.00000000,296.000000,22.8500061,1049.99915,1398.88232,-1000.00000,0.00000000,0.00000000,0.349999964,0.349999964,295.000000,0.326797366,0.00000000
1,1,wet_soil,9,60.0000000,1,F,T,1,1,F,17,15,0.500000000,21,19,0,1004.50000,0.285714298,9.81000042,2500000.00,0.567051011E-7,3.00000000,13,4,1.00000000,0.00000000,290.000000,10.0000000,90.0000000,85.0000000,0.00000000,0.00000000,265.000000,180.000000,0.899999961E-2,0.800000038E-2,8.00000000,0.180000007,80.0000000,95000.0000,298.000000,0.800000038E-2,0.999999975E-5,1.10000002,0.00000000,0.00000000,0.00000000,0.199999996E-1,0.460000008,0.180000007,0.879999995,1.00000000,0.943283617,0.00000000,0.00000000,0.500000000,297.000000,0.00000000,0.00000000,0.00000000,7.50000000,2.00000000,1.00000000,4.00000000,0.00000000,3.25000000,0.250000000,0.260000001E-2,0.499999987E-4,0.00000000,0.00000000,0.00000000,1.00000000,296.000000,0.00000000,0.00000000,0.00000000,0.00000000,0.00000000,0.500000000,0.349999994,0.349999994,295.000000,0.00000000,0.00000000,0.00000000,0.00000000,0.00000000,0.198275037E-1,0.460000008,0.180000007,0.879999995,4.91881275,1.00000000,0.719181774E-2,0.256850690,0.256850690,286.446259,-93.1683960,0.146112779E-4,36.5281944,7.50175381,0.00000000,0.00000000,0.00000000,926.469543,3.25000000,0.00000000,0.999405514E-2,0.00000000,0.00000000,0.989516266E-2,0.999405514E-2,1.00000000,296.000000,22.8500061,1049.99915,1398.88232,-1000.00000,0.00000000,0.00000000,0.349999964,0.349999964,290.000000,0.326797366,0.00000000
1,1,mixed_cover_forest,1,60.0000000,1,F,T,1,1,F,17,15,0.500000000,21,19,0,1004.50000,0.285714298,9.81000042,2500000.00,0.567051011E-7,0.00000000,5,4,1.00000000,0.00000000,290.000000,10.0000000,90.0000000,85.0000000,0.00000000,0.00000000,305.000000,330.000000,0.130000003E-1,0.120000001E-1,12.0000000,0.129999995,80.0000000,95000.0000,298.000000,0.800000038E-2,0.00000000,1.10000002,0.00000000,0.00000000,0.00000000,0.100000001,0.529999971,0.129999995,0.939999998,5.50000000,0.256716430,0.00000000,0.00000000,0.800000012,297.000000,0.00000000,0.00000000,0.00000000,7.50000000,2.00000000,1.00000000,4.00000000,0.00000000,3.25000000,0.250000000,0.499999989E-2,0.599999985E-4,0.00000000,0.00000000,0.00000000,1.00000000,296.000000,0.00000000,0.00000000,0.00000000,0.00000000,0.00000000,0.500000000,0.119999997,0.119999997,295.000000,0.00000000,0.00000000,0.00000000,0.00000000,0.00000000,0.972518697E-1,0.529999971,0.129999995,0.939999998,4.91881275,0.225925237,0.107877273E-1,0.256850690,0.256850690,290.062012,-96.0169144,0.532123267E-4,133.030823,7.50638580,0.00000000,0.00000000,0.00000000,297.747528,3.25000000,0.00000000,0.904318411E-2,0.00000000,0.00000000,0.896213762E-2,0.126110623E-1,1.00000000,296.000000,22.8500061,440.213379,1398.88232,-1000.00000,0.00000000,0.00000000,0.154846489,0.119999997,290.062012,0.712418258E-1,0.00000000
1,1,mixed_cover_forest,2,60.0000000,1,F,T,1,1,F,17,15,0.500000000,21,19,0,1004.50000,0.285714298,9.81000042,2500000.00,0.567051011E-7,0.999999978E-2,5,4,1.00000000,0.00000000,290.000000,10.0000000,90.0000000,85.0000000,0.00000000,0.00000000,305.000000,330.000000,0.130000003E-1,0.120000001E-1,12.0000000,0.129999995,80.0000000,95000.0000,298.000000,0.800000038E-2,0.00000000,1.10000002,0.00000000,0.00000000,0.00000000,0.100000001,0.529999971,0.129999995,0.939999998,5.50000000,0.256716430,0.00000000,0.00000000,0.800000012,297.000000,0.00000000,0.00000000,0.00000000,7.50000000,2.00000000,1.00000000,4.00000000,0.00000000,3.25000000,0.250000000,0.499999989E-2,0.599999985E-4,0.00000000,0.00000000,0.00000000,1.00000000,296.000000,0.00000000,0.00000000,0.00000000,0.00000000,0.00000000,0.500000000,0.119999997,0.119999997,295.000000,0.00000000,0.00000000,0.00000000,0.00000000,0.00000000,0.972518697E-1,0.529999971,0.129999995,0.939999998,4.91881275,0.225925237,0.107877273E-1,0.256850690,0.256850690,290.062012,-96.0169144,0.532123267E-4,133.030823,7.50638580,0.00000000,0.00000000,0.00000000,297.747528,3.25000000,0.00000000,0.904318411E-2,0.00000000,0.00000000,0.896213762E-2,0.126110623E-1,1.00000000,296.000000,22.8500061,440.213379,1398.88232,-1000.00000,0.00000000,0.00000000,0.154875457,0.119999997,294.632355,0.712418258E-1,0.00000000
1,1,mixed_cover_forest,3,60.0000000,1,F,T,1,1,F,17,15,0.500000000,21,19,0,1004.50000,0.285714298,9.81000042,2500000.00,0.567051011E-7,0.399999991E-1,5,4,1.00000000,0.00000000,290.000000,10.0000000,90.0000000,85.0000000,0.00000000,0.00000000,305.000000,330.000000,0.130000003E-1,0.120000001E-1,12.0000000,0.129999995,80.0000000,95000.0000,298.000000,0.800000038E-2,0.00000000,1.10000002,0.00000000,0.00000000,0.00000000,0.100000001,0.529999971,0.129999995,0.939999998,5.50000000,0.256716430,0.00000000,0.00000000,0.800000012,297.000000,0.00000000,0.00000000,0.00000000,7.50000000,2.00000000,1.00000000,4.00000000,0.00000000,3.25000000,0.250000000,0.499999989E-2,0.599999985E-4,0.00000000,0.00000000,0.00000000,1.00000000,296.000000,0.00000000,0.00000000,0.00000000,0.00000000,0.00000000,0.500000000,0.119999997,0.119999997,295.000000,0.00000000,0.00000000,0.00000000,0.00000000,0.00000000,0.972518697E-1,0.529999971,0.129999995,0.939999998,4.91881275,0.225925237,0.107877273E-1,0.256850690,0.256850690,290.062012,-96.0169144,0.532123267E-4,133.030823,7.50638580,0.00000000,0.00000000,0.00000000,297.747528,3.25000000,0.00000000,0.904318411E-2,0.00000000,0.00000000,0.896213762E-2,0.126110623E-1,1.00000000,296.000000,22.8500061,440.213379,1398.88232,-1000.00000,0.00000000,0.00000000,0.154875457,0.119999997,294.995605,0.712418258E-1,0.00000000
1,1,mixed_cover_forest,4,60.0000000,1,F,T,1,1,F,17,15,0.500000000,21,19,0,1004.50000,0.285714298,9.81000042,2500000.00,0.567051011E-7,0.100000001,5,4,1.00000000,0.00000000,290.000000,10.0000000,90.0000000,85.0000000,0.00000000,0.00000000,305.000000,330.000000,0.130000003E-1,0.120000001E-1,12.0000000,0.129999995,80.0000000,95000.0000,298.000000,0.800000038E-2,0.00000000,1.10000002,0.00000000,0.00000000,0.00000000,0.100000001,0.529999971,0.129999995,0.939999998,5.50000000,0.256716430,0.00000000,0.00000000,0.800000012,297.000000,0.00000000,0.00000000,0.00000000,7.50000000,2.00000000,1.00000000,4.00000000,0.00000000,3.25000000,0.250000000,0.499999989E-2,0.599999985E-4,0.00000000,0.00000000,0.00000000,1.00000000,296.000000,0.00000000,0.00000000,0.00000000,0.00000000,0.00000000,0.500000000,0.119999997,0.119999997,295.000000,0.00000000,0.00000000,0.00000000,0.00000000,0.00000000,0.972518697E-1,0.529999971,0.129999995,0.939999998,4.91881275,0.225925237,0.107877273E-1,0.256850690,0.256850690,290.062012,-96.0169144,0.532123267E-4,133.030823,7.50638580,0.00000000,0.00000000,0.00000000,297.747528,3.25000000,0.00000000,0.904318411E-2,0.00000000,0.00000000,0.896213762E-2,0.126110623E-1,1.00000000,296.000000,22.8500061,440.213379,1398.88232,-1000.00000,0.00000000,0.00000000,0.154875457,0.119999997,295.000000,0.712418258E-1,0.00000000
1,1,mixed_cover_forest,5,60.0000000,1,F,T,1,1,F,17,15,0.500000000,21,19,0,1004.50000,0.285714298,9.81000042,2500000.00,0.567051011E-7,0.300000012,5,4,1.00000000,0.00000000,290.000000,10.0000000,90.0000000,85.0000000,0.00000000,0.00000000,305.000000,330.000000,0.130000003E-1,0.120000001E-1,12.0000000,0.129999995,80.0000000,95000.0000,298.000000,0.800000038E-2,0.00000000,1.10000002,0.00000000,0.00000000,0.00000000,0.100000001,0.529999971,0.129999995,0.939999998,5.50000000,0.256716430,0.00000000,0.00000000,0.800000012,297.000000,0.00000000,0.00000000,0.00000000,7.50000000,2.00000000,1.00000000,4.00000000,0.00000000,3.25000000,0.250000000,0.499999989E-2,0.599999985E-4,0.00000000,0.00000000,0.00000000,1.00000000,296.000000,0.00000000,0.00000000,0.00000000,0.00000000,0.00000000,0.500000000,0.119999997,0.119999997,295.000000,0.00000000,0.00000000,0.00000000,0.00000000,0.00000000,0.972518697E-1,0.529999971,0.129999995,0.939999998,4.91881275,0.225925237,0.107877273E-1,0.256850690,0.256850690,290.062012,-96.0169144,0.532123267E-4,133.030823,7.50638580,0.00000000,0.00000000,0.00000000,297.747528,3.25000000,0.00000000,0.904318411E-2,0.00000000,0.00000000,0.896213762E-2,0.126110623E-1,1.00000000,296.000000,22.8500061,440.213379,1398.88232,-1000.00000,0.00000000,0.00000000,0.154875457,0.119999997,295.000031,0.712418258E-1,0.00000000
1,1,mixed_cover_forest,6,60.0000000,1,F,T,1,1,F,17,15,0.500000000,21,19,0,1004.50000,0.285714298,9.81000042,2500000.00,0.567051011E-7,0.600000024,5,4,1.00000000,0.00000000,290.000000,10.0000000,90.0000000,85.0000000,0.00000000,0.00000000,305.000000,330.000000,0.130000003E-1,0.120000001E-1,12.0000000,0.129999995,80.0000000,95000.0000,298.000000,0.800000038E-2,0.00000000,1.10000002,0.00000000,0.00000000,0.00000000,0.100000001,0.529999971,0.129999995,0.939999998,5.50000000,0.256716430,0.00000000,0.00000000,0.800000012,297.000000,0.00000000,0.00000000,0.00000000,7.50000000,2.00000000,1.00000000,4.00000000,0.00000000,3.25000000,0.250000000,0.499999989E-2,0.599999985E-4,0.00000000,0.00000000,0.00000000,1.00000000,296.000000,0.00000000,0.00000000,0.00000000,0.00000000,0.00000000,0.500000000,0.119999997,0.119999997,295.000000,0.00000000,0.00000000,0.00000000,0.00000000,0.00000000,0.972518697E-1,0.529999971,0.129999995,0.939999998,4.91881275,0.225925237,0.107877273E-1,0.256850690,0.256850690,290.062012,-96.0169144,0.532123267E-4,133.030823,7.50638580,0.00000000,0.00000000,0.00000000,297.747528,3.25000000,0.00000000,0.904318411E-2,0.00000000,0.00000000,0.896213762E-2,0.126110623E-1,1.00000000,296.000000,22.8500061,440.213379,1398.88232,-1000.00000,0.00000000,0.00000000,0.154875457,0.119999997,295.000031,0.712418258E-1,0.00000000
1,1,mixed_cover_forest,7,60.0000000,1,F,T,1,1,F,17,15,0.500000000,21,19,0,1004.50000,0.285714298,9.81000042,2500000.00,0.567051011E-7,1.00000000,5,4,1.00000000,0.00000000,290.000000,10.0000000,90.0000000,85.0000000,0.00000000,0.00000000,305.000000,330.000000,0.130000003E-1,0.120000001E-1,12.0000000,0.129999995,80.0000000,95000.0000,298.000000,0.800000038E-2,0.00000000,1.10000002,0.00000000,0.00000000,0.00000000,0.100000001,0.529999971,0.129999995,0.939999998,5.50000000,0.256716430,0.00000000,0.00000000,0.800000012,297.000000,0.00000000,0.00000000,0.00000000,7.50000000,2.00000000,1.00000000,4.00000000,0.00000000,3.25000000,0.250000000,0.499999989E-2,0.599999985E-4,0.00000000,0.00000000,0.00000000,1.00000000,296.000000,0.00000000,0.00000000,0.00000000,0.00000000,0.00000000,0.500000000,0.119999997,0.119999997,295.000000,0.00000000,0.00000000,0.00000000,0.00000000,0.00000000,0.972518697E-1,0.529999971,0.129999995,0.939999998,4.91881275,0.225925237,0.107877273E-1,0.256850690,0.256850690,290.062012,-96.0169144,0.532123267E-4,133.030823,7.50638580,0.00000000,0.00000000,0.00000000,297.747528,3.25000000,0.00000000,0.904318411E-2,0.00000000,0.00000000,0.896213762E-2,0.126110623E-1,1.00000000,296.000000,22.8500061,440.213379,1398.88232,-1000.00000,0.00000000,0.00000000,0.154875457,0.119999997,295.000000,0.712418258E-1,0.00000000
1,1,mixed_cover_forest,8,60.0000000,1,F,T,1,1,F,17,15,0.500000000,21,19,0,1004.50000,0.285714298,9.81000042,2500000.00,0.567051011E-7,1.60000002,5,4,1.00000000,0.00000000,290.000000,10.0000000,90.0000000,85.0000000,0.00000000,0.00000000,305.000000,330.000000,0.130000003E-1,0.120000001E-1,12.0000000,0.129999995,80.0000000,95000.0000,298.000000,0.800000038E-2,0.00000000,1.10000002,0.00000000,0.00000000,0.00000000,0.100000001,0.529999971,0.129999995,0.939999998,5.50000000,0.256716430,0.00000000,0.00000000,0.800000012,297.000000,0.00000000,0.00000000,0.00000000,7.50000000,2.00000000,1.00000000,4.00000000,0.00000000,3.25000000,0.250000000,0.499999989E-2,0.599999985E-4,0.00000000,0.00000000,0.00000000,1.00000000,296.000000,0.00000000,0.00000000,0.00000000,0.00000000,0.00000000,0.500000000,0.119999997,0.119999997,295.000000,0.00000000,0.00000000,0.00000000,0.00000000,0.00000000,0.972518697E-1,0.529999971,0.129999995,0.939999998,4.91881275,0.225925237,0.107877273E-1,0.256850690,0.256850690,290.062012,-96.0169144,0.532123267E-4,133.030823,7.50638580,0.00000000,0.00000000,0.00000000,297.747528,3.25000000,0.00000000,0.904318411E-2,0.00000000,0.00000000,0.896213762E-2,0.126110623E-1,1.00000000,296.000000,22.8500061,440.213379,1398.88232,-1000.00000,0.00000000,0.00000000,0.154875457,0.119999997,295.000000,0.712418258E-1,0.00000000
1,1,mixed_cover_forest,9,60.0000000,1,F,T,1,1,F,17,15,0.500000000,21,19,0,1004.50000,0.285714298,9.81000042,2500000.00,0.567051011E-7,3.00000000,5,4,1.00000000,0.00000000,290.000000,10.0000000,90.0000000,85.0000000,0.00000000,0.00000000,305.000000,330.000000,0.130000003E-1,0.120000001E-1,12.0000000,0.129999995,80.0000000,95000.0000,298.000000,0.800000038E-2,0.00000000,1.10000002,0.00000000,0.00000000,0.00000000,0.100000001,0.529999971,0.129999995,0.939999998,5.50000000,0.256716430,0.00000000,0.00000000,0.800000012,297.000000,0.00000000,0.00000000,0.00000000,7.50000000,2.00000000,1.00000000,4.00000000,0.00000000,3.25000000,0.250000000,0.499999989E-2,0.599999985E-4,0.00000000,0.00000000,0.00000000,1.00000000,296.000000,0.00000000,0.00000000,0.00000000,0.00000000,0.00000000,0.500000000,0.119999997,0.119999997,295.000000,0.00000000,0.00000000,0.00000000,0.00000000,0.00000000,0.972518697E-1,0.529999971,0.129999995,0.939999998,4.91881275,0.225925237,0.107877273E-1,0.256850690,0.256850690,290.062012,-96.0169144,0.532123267E-4,133.030823,7.50638580,0.00000000,0.00000000,0.00000000,297.747528,3.25000000,0.00000000,0.904318411E-2,0.00000000,0.00000000,0.896213762E-2,0.126110623E-1,1.00000000,296.000000,22.8500061,440.213379,1398.88232,-1000.00000,0.00000000,0.00000000,0.119999997,0.119999997,290.000000,0.712418258E-1,0.00000000
1,1,mixed_cover_savanna,1,60.0000000,1,F,T,1,1,F,17,15,0.500000000,21,19,0,1004.50000,0.285714298,9.81000042,2500000.00,0.567051011E-7,0.00000000,9,4,1.00000000,0.00000000,290.000000,10.0000000,90.0000000,85.0000000,0.00000000,0.00000000,360.000000,470.000000,0.160000008E-1,0.149999997E-1,15.0000000,0.200000003,80.0000000,95000.0000,298.000000,0.800000038E-2,0.299999992E-4,1.10000002,0.00000000,0.00000000,0.00000000,0.180000007,0.500000000,0.200000003,0.920000017,3.66000009,0.256716430,0.00000000,0.00000000,0.150000006,297.000000,0.00000000,0.00000000,0.00000000,7.50000000,2.00000000,1.00000000,4.00000000,0.00000000,3.25000000,0.250000000,0.149999997E-1,0.999999975E-4,0.00000000,0.00000000,0.00000000,1.00000000,296.000000,0.00000000,0.00000000,0.00000000,0.00000000,0.00000000,0.500000000,0.119999997,0.119999997,295.000000,0.00000000,0.00000000,0.00000000,0.00000000,0.00000000,0.167027235,0.500000000,0.200000003,0.920000017,4.91881275,0.225290775,0.134846577E-1,0.256850690,0.256850690,301.597443,54.3927612,0.239458677E-3,598.646667,7.52873516,0.00000000,0.00000000,0.00000000,-397.811188,3.25000000,0.00000000,0.119395368E-1,0.00000000,0.00000000,0.117986659E-1,0.254134703E-1,1.00000000,296.000000,22.8500061,387.899933,1398.88232,-1000.00000,0.00000000,0.00000000,0.154787153,0.119999997,301.597443,0.712418258E-1,0.00000000
1,1,mixed_cover_savanna,2,60.0000000,1,F,T,1,1,F,17,15,0.500000000,21,19,0,1004.50000,0.285714298,9.81000042,2500000.00,0.567051011E-7,0.999999978E-2,9,4,1.00000000,0.00000000,290.000000,10.0000000,90.0000000,85.0000000,0.00000000,0.00000000,360.000000,470.000000,0.160000008E-1,0.149999997E-1,15.0000000,0.200000003,80.0000000,95000.0000,298.000000,0.800000038E-2,0.299999992E-4,1.10000002,0.00000000,0.00000000,0.00000000,0.180000007,0.500000000,0.200000003,0.920000017,3.66000009,0.256716430,0.00000000,0.00000000,0.150000006,297.000000,0.00000000,0.00000000,0.00000000,7.50000000,2.00000000,1.00000000,4.00000000,0.00000000,3.25000000,0.250000000,0.149999997E-1,0.999999975E-4,0.00000000,0.00000000,0.00000000,1.00000000,296.000000,0.00000000,0.00000000,0.00000000,0.00000000,0.00000000,0.500000000,0.119999997,0.119999997,295.000000,0.00000000,0.00000000,0.00000000,0.00000000,0.00000000,0.167027235,0.500000000,0.200000003,0.920000017,4.91881275,0.225290775,0.134846577E-1,0.256850690,0.256850690,301.597443,54.3927612,0.239458677E-3,598.646667,7.52873516,0.00000000,0.00000000,0.00000000,-397.811188,3.25000000,0.00000000,0.119395368E-1,0.00000000,0.00000000,0.117986659E-1,0.254134703E-1,1.00000000,296.000000,22.8500061,387.899933,1398.88232,-1000.00000,0.00000000,0.00000000,0.154875308,0.119999997,295.491150,0.712418258E-1,0.00000000
1,1,mixed_cover_savanna,3,60.0000000,1,F,T,1,1,F,17,15,0.500000000,21,19,0,1004.50000,0.285714298,9.81000042,2500000.00,0.567051011E-7,0.399999991E-1,9,4,1.00000000,0.00000000,290.000000,10.0000000,90.0000000,85.0000000,0.00000000,0.00000000,360.000000,470.000000,0.160000008E-1,0.149999997E-1,15.0000000,0.200000003,80.0000000,95000.0000,298.000000,0.800000038E-2,0.299999992E-4,1.10000002,0.00000000,0.00000000,0.00000000,0.180000007,0.500000000,0.200000003,0.920000017,3.66000009,0.256716430,0.00000000,0.00000000,0.150000006,297.000000,0.00000000,0.00000000,0.00000000,7.50000000,2.00000000,1.00000000,4.00000000,0.00000000,3.25000000,0.250000000,0.149999997E-1,0.999999975E-4,0.00000000,0.00000000,0.00000000,1.00000000,296.000000,0.00000000,0.00000000,0.00000000,0.00000000,0.00000000,0.500000000,0.119999997,0.119999997,295.000000,0.00000000,0.00000000,0.00000000,0.00000000,0.00000000,0.167027235,0.500000000,0.200000003,0.920000017,4.91881275,0.225290775,0.134846577E-1,0.256850690,0.256850690,301.597443,54.3927612,0.239458677E-3,598.646667,7.52873516,0.00000000,0.00000000,0.00000000,-397.811188,3.25000000,0.00000000,0.119395368E-1,0.00000000,0.00000000,0.117986659E-1,0.254134703E-1,1.00000000,296.000000,22.8500061,387.899933,1398.88232,-1000.00000,0.00000000,0.00000000,0.154875398,0.119999997,295.005920,0.712418258E-1,0.00000000
1,1,mixed_cover_savanna,4,60.0000000,1,F,T,1,1,F,17,15,0.500000000,21,19,0,1004.50000,0.285714298,9.81000042,2500000.00,0.567051011E-7,0.100000001,9,4,1.00000000,0.00000000,290.000000,10.0000000,90.0000000,85.0000000,0.00000000,0.00000000,360.000000,470.000000,0.160000008E-1,0.149999997E-1,15.0000000,0.200000003,80.0000000,95000.0000,298.000000,0.800000038E-2,0.299999992E-4,1.10000002,0.00000000,0.00000000,0.00000000,0.180000007,0.500000000,0.200000003,0.920000017,3.66000009,0.256716430,0.00000000,0.00000000,0.150000006,297.000000,0.00000000,0.00000000,0.00000000,7.50000000,2.00000000,1.00000000,4.00000000,0.00000000,3.25000000,0.250000000,0.149999997E-1,0.999999975E-4,0.00000000,0.00000000,0.00000000,1.00000000,296.000000,0.00000000,0.00000000,0.00000000,0.00000000,0.00000000,0.500000000,0.119999997,0.119999997,295.000000,0.00000000,0.00000000,0.00000000,0.00000000,0.00000000,0.167027235,0.500000000,0.200000003,0.920000017,4.91881275,0.225290775,0.134846577E-1,0.256850690,0.256850690,301.597443,54.3927612,0.239458677E-3,598.646667,7.52873516,0.00000000,0.00000000,0.00000000,-397.811188,3.25000000,0.00000000,0.119395368E-1,0.00000000,0.00000000,0.117986659E-1,0.254134703E-1,1.00000000,296.000000,22.8500061,387.899933,1398.88232,-1000.00000,0.00000000,0.00000000,0.154875442,0.119999997,295.000031,0.712418258E-1,0.00000000
1,1,mixed_cover_savanna,5,60.0000000,1,F,T,1,1,F,17,15,0.500000000,21,19,0,1004.50000,0.285714298,9.81000042,2500000.00,0.567051011E-7,0.300000012,9,4,1.00000000,0.00000000,290.000000,10.0000000,90.0000000,85.0000000,0.00000000,0.00000000,360.000000,470.000000,0.160000008E-1,0.149999997E-1,15.0000000,0.200000003,80.0000000,95000.0000,298.000000,0.800000038E-2,0.299999992E-4,1.10000002,0.00000000,0.00000000,0.00000000,0.180000007,0.500000000,0.200000003,0.920000017,3.66000009,0.256716430,0.00000000,0.00000000,0.150000006,297.000000,0.00000000,0.00000000,0.00000000,7.50000000,2.00000000,1.00000000,4.00000000,0.00000000,3.25000000,0.250000000,0.149999997E-1,0.999999975E-4,0.00000000,0.00000000,0.00000000,1.00000000,296.000000,0.00000000,0.00000000,0.00000000,0.00000000,0.00000000,0.500000000,0.119999997,0.119999997,295.000000,0.00000000,0.00000000,0.00000000,0.00000000,0.00000000,0.167027235,0.500000000,0.200000003,0.920000017,4.91881275,0.225290775,0.134846577E-1,0.256850690,0.256850690,301.597443,54.3927612,0.239458677E-3,598.646667,7.52873516,0.00000000,0.00000000,0.00000000,-397.811188,3.25000000,0.00000000,0.119395368E-1,0.00000000,0.00000000,0.117986659E-1,0.254134703E-1,1.00000000,296.000000,22.8500061,387.899933,1398.88232,-1000.00000,0.00000000,0.00000000,0.154875457,0.119999997,295.000031,0.712418258E-1,0.00000000
1,1,mixed_cover_savanna,6,60.0000000,1,F,T,1,1,F,17,15,0.500000000,21,19,0,1004.50000,0.285714298,9.81000042,2500000.00,0.567051011E-7,0.600000024,9,4,1.00000000,0.00000000,290.000000,10.0000000,90.0000000,85.0000000,0.00000000,0.00000000,360.000000,470.000000,0.160000008E-1,0.149999997E-1,15.0000000,0.200000003,80.0000000,95000.0000,298.000000,0.800000038E-2,0.299999992E-4,1.10000002,0.00000000,0.00000000,0.00000000,0.180000007,0.500000000,0.200000003,0.920000017,3.66000009,0.256716430,0.00000000,0.00000000,0.150000006,297.000000,0.00000000,0.00000000,0.00000000,7.50000000,2.00000000,1.00000000,4.00000000,0.00000000,3.25000000,0.250000000,0.149999997E-1,0.999999975E-4,0.00000000,0.00000000,0.00000000,1.00000000,296.000000,0.00000000,0.00000000,0.00000000,0.00000000,0.00000000,0.500000000,0.119999997,0.119999997,295.000000,0.00000000,0.00000000,0.00000000,0.00000000,0.00000000,0.167027235,0.500000000,0.200000003,0.920000017,4.91881275,0.225290775,0.134846577E-1,0.256850690,0.256850690,301.597443,54.3927612,0.239458677E-3,598.646667,7.52873516,0.00000000,0.00000000,0.00000000,-397.811188,3.25000000,0.00000000,0.119395368E-1,0.00000000,0.00000000,0.117986659E-1,0.254134703E-1,1.00000000,296.000000,22.8500061,387.899933,1398.88232,-1000.00000,0.00000000,0.00000000,0.154875457,0.119999997,295.000031,0.712418258E-1,0.00000000
1,1,mixed_cover_savanna,7,60.0000000,1,F,T,1,1,F,17,15,0.500000000,21,19,0,1004.50000,0.285714298,9.81000042,2500000.00,0.567051011E-7,1.00000000,9,4,1.00000000,0.00000000,290.000000,10.0000000,90.0000000,85.0000000,0.00000000,0.00000000,360.000000,470.000000,0.160000008E-1,0.149999997E-1,15.0000000,0.200000003,80.0000000,95000.0000,298.000000,0.800000038E-2,0.299999992E-4,1.10000002,0.00000000,0.00000000,0.00000000,0.180000007,0.500000000,0.200000003,0.920000017,3.66000009,0.256716430,0.00000000,0.00000000,0.150000006,297.000000,0.00000000,0.00000000,0.00000000,7.50000000,2.00000000,1.00000000,4.00000000,0.00000000,3.25000000,0.250000000,0.149999997E-1,0.999999975E-4,0.00000000,0.00000000,0.00000000,1.00000000,296.000000,0.00000000,0.00000000,0.00000000,0.00000000,0.00000000,0.500000000,0.119999997,0.119999997,295.000000,0.00000000,0.00000000,0.00000000,0.00000000,0.00000000,0.167027235,0.500000000,0.200000003,0.920000017,4.91881275,0.225290775,0.134846577E-1,0.256850690,0.256850690,301.597443,54.3927612,0.239458677E-3,598.646667,7.52873516,0.00000000,0.00000000,0.00000000,-397.811188,3.25000000,0.00000000,0.119395368E-1,0.00000000,0.00000000,0.117986659E-1,0.254134703E-1,1.00000000,296.000000,22.8500061,387.899933,1398.88232,-1000.00000,0.00000000,0.00000000,0.119999997,0.119999997,295.000000,0.712418258E-1,0.00000000
1,1,mixed_cover_savanna,8,60.0000000,1,F,T,1,1,F,17,15,0.500000000,21,19,0,1004.50000,0.285714298,9.81000042,2500000.00,0.567051011E-7,1.60000002,9,4,1.00000000,0.00000000,290.000000,10.0000000,90.0000000,85.0000000,0.00000000,0.00000000,360.000000,470.000000,0.160000008E-1,0.149999997E-1,15.0000000,0.200000003,80.0000000,95000.0000,298.000000,0.800000038E-2,0.299999992E-4,1.10000002,0.00000000,0.00000000,0.00000000,0.180000007,0.500000000,0.200000003,0.920000017,3.66000009,0.256716430,0.00000000,0.00000000,0.150000006,297.000000,0.00000000,0.00000000,0.00000000,7.50000000,2.00000000,1.00000000,4.00000000,0.00000000,3.25000000,0.250000000,0.149999997E-1,0.999999975E-4,0.00000000,0.00000000,0.00000000,1.00000000,296.000000,0.00000000,0.00000000,0.00000000,0.00000000,0.00000000,0.500000000,0.119999997,0.119999997,295.000000,0.00000000,0.00000000,0.00000000,0.00000000,0.00000000,0.167027235,0.500000000,0.200000003,0.920000017,4.91881275,0.225290775,0.134846577E-1,0.256850690,0.256850690,301.597443,54.3927612,0.239458677E-3,598.646667,7.52873516,0.00000000,0.00000000,0.00000000,-397.811188,3.25000000,0.00000000,0.119395368E-1,0.00000000,0.00000000,0.117986659E-1,0.254134703E-1,1.00000000,296.000000,22.8500061,387.899933,1398.88232,-1000.00000,0.00000000,0.00000000,0.119999997,0.119999997,295.000000,0.712418258E-1,0.00000000
1,1,mixed_cover_savanna,9,60.0000000,1,F,T,1,1,F,17,15,0.500000000,21,19,0,1004.50000,0.285714298,9.81000042,2500000.00,0.567051011E-7,3.00000000,9,4,1.00000000,0.00000000,290.000000,10.0000000,90.0000000,85.0000000,0.00000000,0.00000000,360.000000,470.000000,0.160000008E-1,0.149999997E-1,15.0000000,0.200000003,80.0000000,95000.0000,298.000000,0.800000038E-2,0.299999992E-4,1.10000002,0.00000000,0.00000000,0.00000000,0.180000007,0.500000000,0.200000003,0.920000017,3.66000009,0.256716430,0.00000000,0.00000000,0.150000006,297.000000,0.00000000,0.00000000,0.00000000,7.50000000,2.00000000,1.00000000,4.00000000,0.00000000,3.25000000,0.250000000,0.149999997E-1,0.999999975E-4,0.00000000,0.00000000,0.00000000,1.00000000,296.000000,0.00000000,0.00000000,0.00000000,0.00000000,0.00000000,0.500000000,0.119999997,0.119999997,295.000000,0.00000000,0.00000000,0.00000000,0.00000000,0.00000000,0.167027235,0.500000000,0.200000003,0.920000017,4.91881275,0.225290775,0.134846577E-1,0.256850690,0.256850690,301.597443,54.3927612,0.239458677E-3,598.646667,7.52873516,0.00000000,0.00000000,0.00000000,-397.811188,3.25000000,0.00000000,0.119395368E-1,0.00000000,0.00000000,0.117986659E-1,0.254134703E-1,1.00000000,296.000000,22.8500061,387.899933,1398.88232,-1000.00000,0.00000000,0.00000000,0.119999997,0.119999997,290.000000,0.712418258E-1,0.00000000
1,1,mixed_cover_shrub,1,60.0000000,1,F,T,1,1,F,17,15,0.500000000,21,19,0,1004.50000,0.285714298,9.81000042,2500000.00,0.567051011E-7,0.00000000,20,4,1.00000000,0.00000000,290.000000,10.0000000,90.0000000,85.0000000,0.00000000,0.00000000,240.000000,200.000000,0.999999978E-2,0.899999961E-2,9.00000000,0.150000006,80.0000000,95000.0000,298.000000,0.800000038E-2,0.00000000,1.10000002,0.00000000,0.00000000,0.00000000,0.00000000,0.750000000,0.150000006,0.899999976,3.34999990,0.256716430,0.00000000,0.00000000,0.599999987E-1,297.000000,0.00000000,0.00000000,0.00000000,7.50000000,2.00000000,1.00000000,4.00000000,0.00000000,3.25000000,0.250000000,0.200000009E-2,0.00000000,0.00000000,0.00000000,0.00000000,1.00000000,296.000000,0.00000000,0.00000000,0.00000000,0.00000000,0.00000000,0.500000000,0.119999997,0.119999997,295.000000,0.00000000,0.00000000,0.00000000,0.00000000,0.00000000,0.00000000,0.750000000,0.150000006,0.899999976,4.91881275,0.226151079,0.809079502E-2,0.256850690,0.256850690,285.919861,-109.589882,0.204415028E-5,5.11037588,7.50024509,0.00000000,0.00000000,0.00000000,547.509033,3.25000000,0.00000000,0.837464072E-2,0.00000000,0.00000000,0.830508862E-2,0.965597946E-2,1.00000000,296.000000,22.8500061,387.900299,1398.88232,-1000.00000,0.00000000,0.00000000,0.154867619,0.119999997,285.919861,0.712418258E-1,0.00000000
1,1,mixed_cover_shrub,2,60.0000000,1,F,T,1,1,F,17,15,0.500000000,21,19,0,1004.50000,0.285714298,9.81000042,2500000.00,0.567051011E-7,0.999999978E-2,20,4,1.00000000,0.00000000,290.000000,10.0000000,90.0000000,85.0000000,0.00000000,0.00000000,240.000000,200.000000,0.999999978E-2,0.899999961E-2,9.00000000,0.150000006,80.0000000,95000.0000,298.000000,0.800000038E-2,0.00000000,1.10000002,0.00000000,0.00000000,0.00000000,0.00000000,0.750000000,0.150000006,0.899999976,3.34999990,0.256716430,0.00000000,0.00000000,0.599999987E-1,297.000000,0.00000000,0.00000000,0.00000000,7.50000000,2.00000000,1.00000000,4.00000000,0.00000000,3.25000000,0.250000000,0.200000009E-2,0.00000000,0.00000000,0.00000000,0.00000000,1.00000000,296.000000,0.00000000,0.00000000,0.00000000,0.00000000,0.00000000,0.500000000,0.119999997,0.119999997,295.000000,0.00000000,0.00000000,0.00000000,0.00000000,0.00000000,0.00000000,0.750000000,0.150000006,0.899999976,4.91881275,0.226151079,0.809079502E-2,0.256850690,0.256850690,285.919861,-109.589882,0.204415028E-5,5.11037588,7.50024509,0.00000000,0.00000000,0.00000000,547.509033,3.25000000,0.00000000,0.837464072E-2,0.00000000,0.00000000,0.830508862E-2,0.965597946E-2,1.00000000,296.000000,22.8500061,387.900299,1398.88232,-1000.00000,0.00000000,0.00000000,0.154875457,0.119999997,294.323975,0.712418258E-1,0.00000000
1,1,mixed_cover_shrub,3,60.0000000,1,F,T,1,1,F,17,15,0.500000000,21,19,0,1004.50000,0.285714298,9.81000042,2500000.00,0.567051011E-7,0.399999991E-1,20,4,1.00000000,0.00000000,290.000000,10.0000000,90.0000000,85.0000000,0.00000000,0.00000000,240.000000,200.000000,0.999999978E-2,0.899999961E-2,9.00000000,0.150000006,80.0000000,95000.0000,298.000000,0.800000038E-2,0.00000000,1.10000002,0.00000000,0.00000000,0.00000000,0.00000000,0.750000000,0.150000006,0.899999976,3.34999990,0.256716430,0.00000000,0.00000000,0.599999987E-1,297.000000,0.00000000,0.00000000,0.00000000,7.50000000,2.00000000,1.00000000,4.00000000,0.00000000,3.25000000,0.250000000,0.200000009E-2,0.00000000,0.00000000,0.00000000,0.00000000,1.00000000,296.000000,0.00000000,0.00000000,0.00000000,0.00000000,0.00000000,0.500000000,0.119999997,0.119999997,295.000000,0.00000000,0.00000000,0.00000000,0.00000000,0.00000000,0.00000000,0.750000000,0.150000006,0.899999976,4.91881275,0.226151079,0.809079502E-2,0.256850690,0.256850690,285.919861,-109.589882,0.204415028E-5,5.11037588,7.50024509,0.00000000,0.00000000,0.00000000,547.509033,3.25000000,0.00000000,0.837464072E-2,0.00000000,0.00000000,0.830508862E-2,0.965597946E-2,1.00000000,296.000000,22.8500061,387.900299,1398.88232,-1000.00000,0.00000000,0.00000000,0.154875457,0.119999997,294.991882,0.712418258E-1,0.00000000
1,1,mixed_cover_shrub,4,60.0000000,1,F,T,1,1,F,17,15,0.500000000,21,19,0,1004.50000,0.285714298,9.81000042,2500000.00,0.567051011E-7,0.100000001,20,4,1.00000000,0.00000000,290.000000,10.0000000,90.0000000,85.0000000,0.00000000,0.00000000,240.000000,200.000000,0.999999978E-2,0.899999961E-2,9.00000000,0.150000006,80.0000000,95000.0000,298.000000,0.800000038E-2,0.00000000,1.10000002,0.00000000,0.00000000,0.00000000,0.00000000,0.750000000,0.150000006,0.899999976,3.34999990,0.256716430,0.00000000,0.00000000,0.599999987E-1,297.000000,0.00000000,0.00000000,0.00000000,7.50000000,2.00000000,1.00000000,4.00000000,0.00000000,3.25000000,0.250000000,0.200000009E-2,0.00000000,0.00000000,0.00000000,0.00000000,1.00000000,296.000000,0.00000000,0.00000000,0.00000000,0.00000000,0.00000000,0.500000000,0.119999997,0.119999997,295.000000,0.00000000,0.00000000,0.00000000,0.00000000,0.00000000,0.00000000,0.750000000,0.150000006,0.899999976,4.91881275,0.226151079,0.809079502E-2,0.256850690,0.256850690,285.919861,-109.589882,0.204415028E-5,5.11037588,7.50024509,0.00000000,0.00000000,0.00000000,547.509033,3.25000000,0.00000000,0.837464072E-2,0.00000000,0.00000000,0.830508862E-2,0.965597946E-2,1.00000000,296.000000,22.8500061,387.900299,1398.88232,-1000.00000,0.00000000,0.00000000,0.154875457,0.119999997,295.000000,0.712418258E-1,0.00000000
1,1,mixed_cover_shrub,5,60.0000000,1,F,T,1,1,F,17,15,0.500000000,21,19,0,1004.50000,0.285714298,9.81000042,2500000.00,0.567051011E-7,0.300000012,20,4,1.00000000,0.00000000,290.000000,10.0000000,90.0000000,85.0000000,0.00000000,0.00000000,240.000000,200.000000,0.999999978E-2,0.899999961E-2,9.00000000,0.150000006,80.0000000,95000.0000,298.000000,0.800000038E-2,0.00000000,1.10000002,0.00000000,0.00000000,0.00000000,0.00000000,0.750000000,0.150000006,0.899999976,3.34999990,0.256716430,0.00000000,0.00000000,0.599999987E-1,297.000000,0.00000000,0.00000000,0.00000000,7.50000000,2.00000000,1.00000000,4.00000000,0.00000000,3.25000000,0.250000000,0.200000009E-2,0.00000000,0.00000000,0.00000000,0.00000000,1.00000000,296.000000,0.00000000,0.00000000,0.00000000,0.00000000,0.00000000,0.500000000,0.119999997,0.119999997,295.000000,0.00000000,0.00000000,0.00000000,0.00000000,0.00000000,0.00000000,0.750000000,0.150000006,0.899999976,4.91881275,0.226151079,0.809079502E-2,0.256850690,0.256850690,285.919861,-109.589882,0.204415028E-5,5.11037588,7.50024509,0.00000000,0.00000000,0.00000000,547.509033,3.25000000,0.00000000,0.837464072E-2,0.00000000,0.00000000,0.830508862E-2,0.965597946E-2,1.00000000,296.000000,22.8500061,387.900299,1398.88232,-1000.00000,0.00000000,0.00000000,0.154875457,0.119999997,295.000031,0.712418258E-1,0.00000000
1,1,mixed_cover_shrub,6,60.0000000,1,F,T,1,1,F,17,15,0.500000000,21,19,0,1004.50000,0.285714298,9.81000042,2500000.00,0.567051011E-7,0.600000024,20,4,1.00000000,0.00000000,290.000000,10.0000000,90.0000000,85.0000000,0.00000000,0.00000000,240.000000,200.000000,0.999999978E-2,0.899999961E-2,9.00000000,0.150000006,80.0000000,95000.0000,298.000000,0.800000038E-2,0.00000000,1.10000002,0.00000000,0.00000000,0.00000000,0.00000000,0.750000000,0.150000006,0.899999976,3.34999990,0.256716430,0.00000000,0.00000000,0.599999987E-1,297.000000,0.00000000,0.00000000,0.00000000,7.50000000,2.00000000,1.00000000,4.00000000,0.00000000,3.25000000,0.250000000,0.200000009E-2,0.00000000,0.00000000,0.00000000,0.00000000,1.00000000,296.000000,0.00000000,0.00000000,0.00000000,0.00000000,0.00000000,0.500000000,0.119999997,0.119999997,295.000000,0.00000000,0.00000000,0.00000000,0.00000000,0.00000000,0.00000000,0.750000000,0.150000006,0.899999976,4.91881275,0.226151079,0.809079502E-2,0.256850690,0.256850690,285.919861,-109.589882,0.204415028E-5,5.11037588,7.50024509,0.00000000,0.00000000,0.00000000,547.509033,3.25000000,0.00000000,0.837464072E-2,0.00000000,0.00000000,0.830508862E-2,0.965597946E-2,1.00000000,296.000000,22.8500061,387.900299,1398.88232,-1000.00000,0.00000000,0.00000000,0.154875457,0.119999997,295.000031,0.712418258E-1,0.00000000
1,1,mixed_cover_shrub,7,60.0000000,1,F,T,1,1,F,17,15,0.500000000,21,19,0,1004.50000,0.285714298,9.81000042,2500000.00,0.567051011E-7,1.00000000,20,4,1.00000000,0.00000000,290.000000,10.0000000,90.0000000,85.0000000,0.00000000,0.00000000,240.000000,200.000000,0.999999978E-2,0.899999961E-2,9.00000000,0.150000006,80.0000000,95000.0000,298.000000,0.800000038E-2,0.00000000,1.10000002,0.00000000,0.00000000,0.00000000,0.00000000,0.750000000,0.150000006,0.899999976,3.34999990,0.256716430,0.00000000,0.00000000,0.599999987E-1,297.000000,0.00000000,0.00000000,0.00000000,7.50000000,2.00000000,1.00000000,4.00000000,0.00000000,3.25000000,0.250000000,0.200000009E-2,0.00000000,0.00000000,0.00000000,0.00000000,1.00000000,296.000000,0.00000000,0.00000000,0.00000000,0.00000000,0.00000000,0.500000000,0.119999997,0.119999997,295.000000,0.00000000,0.00000000,0.00000000,0.00000000,0.00000000,0.00000000,0.750000000,0.150000006,0.899999976,4.91881275,0.226151079,0.809079502E-2,0.256850690,0.256850690,285.919861,-109.589882,0.204415028E-5,5.11037588,7.50024509,0.00000000,0.00000000,0.00000000,547.509033,3.25000000,0.00000000,0.837464072E-2,0.00000000,0.00000000,0.830508862E-2,0.965597946E-2,1.00000000,296.000000,22.8500061,387.900299,1398.88232,-1000.00000,0.00000000,0.00000000,0.119999997,0.119999997,295.000000,0.712418258E-1,0.00000000
1,1,mixed_cover_shrub,8,60.0000000,1,F,T,1,1,F,17,15,0.500000000,21,19,0,1004.50000,0.285714298,9.81000042,2500000.00,0.567051011E-7,1.60000002,20,4,1.00000000,0.00000000,290.000000,10.0000000,90.0000000,85.0000000,0.00000000,0.00000000,240.000000,200.000000,0.999999978E-2,0.899999961E-2,9.00000000,0.150000006,80.0000000,95000.0000,298.000000,0.800000038E-2,0.00000000,1.10000002,0.00000000,0.00000000,0.00000000,0.00000000,0.750000000,0.150000006,0.899999976,3.34999990,0.256716430,0.00000000,0.00000000,0.599999987E-1,297.000000,0.00000000,0.00000000,0.00000000,7.50000000,2.00000000,1.00000000,4.00000000,0.00000000,3.25000000,0.250000000,0.200000009E-2,0.00000000,0.00000000,0.00000000,0.00000000,1.00000000,296.000000,0.00000000,0.00000000,0.00000000,0.00000000,0.00000000,0.500000000,0.119999997,0.119999997,295.000000,0.00000000,0.00000000,0.00000000,0.00000000,0.00000000,0.00000000,0.750000000,0.150000006,0.899999976,4.91881275,0.226151079,0.809079502E-2,0.256850690,0.256850690,285.919861,-109.589882,0.204415028E-5,5.11037588,7.50024509,0.00000000,0.00000000,0.00000000,547.509033,3.25000000,0.00000000,0.837464072E-2,0.00000000,0.00000000,0.830508862E-2,0.965597946E-2,1.00000000,296.000000,22.8500061,387.900299,1398.88232,-1000.00000,0.00000000,0.00000000,0.119999997,0.119999997,295.000000,0.712418258E-1,0.00000000
1,1,mixed_cover_shrub,9,60.0000000,1,F,T,1,1,F,17,15,0.500000000,21,19,0,1004.50000,0.285714298,9.81000042,2500000.00,0.567051011E-7,3.00000000,20,4,1.00000000,0.00000000,290.000000,10.0000000,90.0000000,85.0000000,0.00000000,0.00000000,240.000000,200.000000,0.999999978E-2,0.899999961E-2,9.00000000,0.150000006,80.0000000,95000.0000,298.000000,0.800000038E-2,0.00000000,1.10000002,0.00000000,0.00000000,0.00000000,0.00000000,0.750000000,0.150000006,0.899999976,3.34999990,0.256716430,0.00000000,0.00000000,0.599999987E-1,297.000000,0.00000000,0.00000000,0.00000000,7.50000000,2.00000000,1.00000000,4.00000000,0.00000000,3.25000000,0.250000000,0.200000009E-2,0.00000000,0.00000000,0.00000000,0.00000000,1.00000000,296.000000,0.00000000,0.00000000,0.00000000,0.00000000,0.00000000,0.500000000,0.119999997,0.119999997,295.000000,0.00000000,0.00000000,0.00000000,0.00000000,0.00000000,0.00000000,0.750000000,0.150000006,0.899999976,4.91881275,0.226151079,0.809079502E-2,0.256850690,0.256850690,285.919861,-109.589882,0.204415028E-5,5.11037588,7.50024509,0.00000000,0.00000000,0.00000000,547.509033,3.25000000,0.00000000,0.837464072E-2,0.00000000,0.00000000,0.830508862E-2,0.965597946E-2,1.00000000,296.000000,22.8500061,387.900299,1398.88232,-1000.00000,0.00000000,0.00000000,0.119999997,0.119999997,290.000000,0.712418258E-1,0.00000000
1,2,dry_root_irrigation,1,60.0000000,2,F,T,1,1,F,17,15,0.500000000,21,19,0,1004.50000,0.285714298,9.81000042,2500000.00,0.567051011E-7,0.00000000,1,4,1.00000000,0.00000000,290.000000,10.0000000,90.0000000,85.0000000,0.00000000,0.00000000,340.000000,520.000000,0.120000001E-1,0.109999999E-1,11.0000000,0.119999997,80.0000000,95000.0000,298.000000,0.800000038E-2,0.00000000,1.10000002,0.00000000,0.00000000,0.00000000,0.147360593,0.519999981,0.119999997,0.949999988,4.91881275,0.225937486,0.988874957E-2,0.256850690,0.256850690,290.335114,-84.9873734,0.511070757E-4,127.767693,7.50613308,0.00000000,0.00000000,0.00000000,281.279663,3.25000000,0.00000000,0.909299497E-2,0.00000000,0.00000000,0.901105721E-2,0.128312372E-1,1.00000000,296.000000,22.8500061,440.213379,1398.88232,-1000.00000,0.00000000,0.00000000,0.154847652,0.119999997,290.335114,0.712418258E-1,0.00000000,0.00000000,0.00000000,0.00000000,0.144284621,0.519999981,0.119999997,0.949999988,4.91881275,0.348678619,0.988874957E-2,0.256850690,0.256850690,290.487122,-83.3019257,0.635424731E-4,158.856186,7.51375771,0.00000000,0.00000000,0.00000000,272.631775,3.25000000,0.00000000,0.973034464E-2,0.00000000,0.00000000,0.963657722E-2,0.129552698E-1,1.00000000,296.000000,22.8500061,466.683746,1398.88232,-1000.00000,0.00000000,0.00000000,0.166327119,0.154847652,290.487122,0.109961443,0.00000000
1,2,dry_root_irrigation,2,60.0000000,2,F,T,1,1,F,17,15,0.500000000,21,19,0,1004.50000,0.285714298,9.81000042,2500000.00,0.567051011E-7,0.999999978E-2,1,4,1.00000000,0.00000000,290.000000,10.0000000,90.0000000,85.0000000,0.00000000,0.00000000,340.000000,520.000000,0.120000001E-1,0.109999999E-1,11.0000000,0.119999997,80.0000000,95000.0000,298.000000,0.800000038E-2,0.00000000,1.10000002,0.00000000,0.00000000,0.00000000,0.147360593,0.519999981,0.119999997,0.949999988,4.91881275,0.225937486,0.988874957E-2,0.256850690,0.256850690,290.335114,-84.9873734,0.511070757E-4,127.767693,7.50613308,0.00000000,0.00000000,0.00000000,281.279663,3.25000000,0.00000000,0.909299497E-2,0.00000000,0.00000000,0.901105721E-2,0.128312372E-1,1.00000000,296.000000,22.8500061,440.213379,1398.88232,-1000.00000,0.00000000,0.00000000,0.154875457,0.119999997,294.652679,0.712418258E-1,0.00000000,0.00000000,0.00000000,0.00000000,0.144284621,0.519999981,0.119999997,0.949999988,4.91881275,0.348678619,0.988874957E-2,0.256850690,0.256850690,290.487122,-83.3019257,0.635424731E-4,158.856186,7.51375771,0.00000000,0.00000000,0.00000000,272.631775,3.25000000,0.00000000,0.973034464E-2,0.00000000,0.00000000,0.963657722E-2,0.129552698E-1,1.00000000,296.000000,22.8500061,466.683746,1398.88232,-1000.00000,0.00000000,0.00000000,0.166384324,0.154875457,294.005524,0.109992340,0.00000000
1,2,dry_root_irrigation,3,60.0000000,2,F,T,1,1,F,17,15,0.500000000,21,19,0,1004.50000,0.285714298,9.81000042,2500000.00,0.567051011E-7,0.399999991E-1,1,4,1.00000000,0.00000000,290.000000,10.0000000,90.0000000,85.0000000,0.00000000,0.00000000,340.000000,520.000000,0.120000001E-1,0.109999999E-1,11.0000000,0.119999997,80.0000000,95000.0000,298.000000,0.800000038E-2,0.00000000,1.10000002,0.00000000,0.00000000,0.00000000,0.147360593,0.519999981,0.119999997,0.949999988,4.91881275,0.225937486,0.988874957E-2,0.256850690,0.256850690,290.335114,-84.9873734,0.511070757E-4,127.767693,7.50613308,0.00000000,0.00000000,0.00000000,281.279663,3.25000000,0.00000000,0.909299497E-2,0.00000000,0.00000000,0.901105721E-2,0.128312372E-1,1.00000000,296.000000,22.8500061,440.213379,1398.88232,-1000.00000,0.00000000,0.00000000,0.154875457,0.119999997,294.995850,0.712418258E-1,0.00000000,0.00000000,0.00000000,0.00000000,0.144284621,0.519999981,0.119999997,0.949999988,4.91881275,0.348678619,0.988874957E-2,0.256850690,0.256850690,290.487122,-83.3019257,0.635424731E-4,158.856186,7.51375771,0.00000000,0.00000000,0.00000000,272.631775,3.25000000,0.00000000,0.973034464E-2,0.00000000,0.00000000,0.963657722E-2,0.129552698E-1,1.00000000,296.000000,22.8500061,466.683746,1398.88232,-1000.00000,0.00000000,0.00000000,0.166384369,0.154875457,294.978973,0.109992340,0.00000000
1,2,dry_root_irrigation,4,60.0000000,2,F,T,1,1,F,17,15,0.500000000,21,19,0,1004.50000,0.285714298,9.81000042,2500000.00,0.567051011E-7,0.100000001,1,4,1.00000000,0.00000000,290.000000,10.0000000,90.0000000,85.0000000,0.00000000,0.00000000,340.000000,520.000000,0.120000001E-1,0.109999999E-1,11.0000000,0.119999997,80.0000000,95000.0000,298.000000,0.800000038E-2,0.00000000,1.10000002,0.00000000,0.00000000,0.00000000,0.147360593,0.519999981,0.119999997,0.949999988,4.91881275,0.225937486,0.988874957E-2,0.256850690,0.256850690,290.335114,-84.9873734,0.511070757E-4,127.767693,7.50613308,0.00000000,0.00000000,0.00000000,281.279663,3.25000000,0.00000000,0.909299497E-2,0.00000000,0.00000000,0.901105721E-2,0.128312372E-1,1.00000000,296.000000,22.8500061,440.213379,1398.88232,-1000.00000,0.00000000,0.00000000,0.154875457,0.119999997,295.000000,0.712418258E-1,0.00000000,0.00000000,0.00000000,0.00000000,0.144284621,0.519999981,0.119999997,0.949999988,4.91881275,0.348678619,0.988874957E-2,0.256850690,0.256850690,290.487122,-83.3019257,0.635424731E-4,158.856186,7.51375771,0.00000000,0.00000000,0.00000000,272.631775,3.25000000,0.00000000,0.973034464E-2,0.00000000,0.00000000,0.963657722E-2,0.129552698E-1,1.00000000,296.000000,22.8500061,466.683746,1398.88232,-1000.00000,0.00000000,0.00000000,0.166384369,0.154875457,294.999939,0.109992340,0.00000000
1,2,dry_root_irrigation,5,60.0000000,2,F,T,1,1,F,17,15,0.500000000,21,19,0,1004.50000,0.285714298,9.81000042,2500000.00,0.567051011E-7,0.300000012,1,4,1.00000000,0.00000000,290.000000,10.0000000,90.0000000,85.0000000,0.00000000,0.00000000,340.000000,520.000000,0.120000001E-1,0.109999999E-1,11.0000000,0.119999997,80.0000000,95000.0000,298.000000,0.800000038E-2,0.00000000,1.10000002,0.00000000,0.00000000,0.00000000,0.147360593,0.519999981,0.119999997,0.949999988,4.91881275,0.225937486,0.988874957E-2,0.256850690,0.256850690,290.335114,-84.9873734,0.511070757E-4,127.767693,7.50613308,0.00000000,0.00000000,0.00000000,281.279663,3.25000000,0.00000000,0.909299497E-2,0.00000000,0.00000000,0.901105721E-2,0.128312372E-1,1.00000000,296.000000,22.8500061,440.213379,1398.88232,-1000.00000,0.00000000,0.00000000,0.154875457,0.119999997,295.000031,0.712418258E-1,0.00000000,0.00000000,0.00000000,0.00000000,0.144284621,0.519999981,0.119999997,0.949999988,4.91881275,0.348678619,0.988874957E-2,0.256850690,0.256850690,290.487122,-83.3019257,0.635424731E-4,158.856186,7.51375771,0.00000000,0.00000000,0.00000000,272.631775,3.25000000,0.00000000,0.973034464E-2,0.00000000,0.00000000,0.963657722E-2,0.129552698E-1,1.00000000,296.000000,22.8500061,466.683746,1398.88232,-1000.00000,0.00000000,0.00000000,0.166384369,0.154875457,295.000031,0.109992340,0.00000000
1,2,dry_root_irrigation,6,60.0000000,2,F,T,1,1,F,17,15,0.500000000,21,19,0,1004.50000,0.285714298,9.81000042,2500000.00,0.567051011E-7,0.600000024,1,4,1.00000000,0.00000000,290.000000,10.0000000,90.0000000,85.0000000,0.00000000,0.00000000,340.000000,520.000000,0.120000001E-1,0.109999999E-1,11.0000000,0.119999997,80.0000000,95000.0000,298.000000,0.800000038E-2,0.00000000,1.10000002,0.00000000,0.00000000,0.00000000,0.147360593,0.519999981,0.119999997,0.949999988,4.91881275,0.225937486,0.988874957E-2,0.256850690,0.256850690,290.335114,-84.9873734,0.511070757E-4,127.767693,7.50613308,0.00000000,0.00000000,0.00000000,281.279663,3.25000000,0.00000000,0.909299497E-2,0.00000000,0.00000000,0.901105721E-2,0.128312372E-1,1.00000000,296.000000,22.8500061,440.213379,1398.88232,-1000.00000,0.00000000,0.00000000,0.154875457,0.119999997,295.000031,0.712418258E-1,0.00000000,0.00000000,0.00000000,0.00000000,0.144284621,0.519999981,0.119999997,0.949999988,4.91881275,0.348678619,0.988874957E-2,0.256850690,0.256850690,290.487122,-83.3019257,0.635424731E-4,158.856186,7.51375771,0.00000000,0.00000000,0.00000000,272.631775,3.25000000,0.00000000,0.973034464E-2,0.00000000,0.00000000,0.963657722E-2,0.129552698E-1,1.00000000,296.000000,22.8500061,466.683746,1398.88232,-1000.00000,0.00000000,0.00000000,0.166384369,0.154875457,295.000031,0.109992340,0.00000000
1,2,dry_root_irrigation,7,60.0000000,2,F,T,1,1,F,17,15,0.500000000,21,19,0,1004.50000,0.285714298,9.81000042,2500000.00,0.567051011E-7,1.00000000,1,4,1.00000000,0.00000000,290.000000,10.0000000,90.0000000,85.0000000,0.00000000,0.00000000,340.000000,520.000000,0.120000001E-1,0.109999999E-1,11.0000000,0.119999997,80.0000000,95000.0000,298.000000,0.800000038E-2,0.00000000,1.10000002,0.00000000,0.00000000,0.00000000,0.147360593,0.519999981,0.119999997,0.949999988,4.91881275,0.225937486,0.988874957E-2,0.256850690,0.256850690,290.335114,-84.9873734,0.511070757E-4,127.767693,7.50613308,0.00000000,0.00000000,0.00000000,281.279663,3.25000000,0.00000000,0.909299497E-2,0.00000000,0.00000000,0.901105721E-2,0.128312372E-1,1.00000000,296.000000,22.8500061,440.213379,1398.88232,-1000.00000,0.00000000,0.00000000,0.154875457,0.119999997,295.000000,0.712418258E-1,0.00000000,0.00000000,0.00000000,0.00000000,0.144284621,0.519999981,0.119999997,0.949999988,4.91881275,0.348678619,0.988874957E-2,0.256850690,0.256850690,290.487122,-83.3019257,0.635424731E-4,158.856186,7.51375771,0.00000000,0.00000000,0.00000000,272.631775,3.25000000,0.00000000,0.973034464E-2,0.00000000,0.00000000,0.963657722E-2,0.129552698E-1,1.00000000,296.000000,22.8500061,466.683746,1398.88232,-1000.00000,0.00000000,0.00000000,0.166384369,0.154875457,295.000031,0.109992340,0.00000000
1,2,dry_root_irrigation,8,60.0000000,2,F,T,1,1,F,17,15,0.500000000,21,19,0,1004.50000,0.285714298,9.81000042,2500000.00,0.567051011E-7,1.60000002,1,4,1.00000000,0.00000000,290.000000,10.0000000,90.0000000,85.0000000,0.00000000,0.00000000,340.000000,520.000000,0.120000001E-1,0.109999999E-1,11.0000000,0.119999997,80.0000000,95000.0000,298.000000,0.800000038E-2,0.00000000,1.10000002,0.00000000,0.00000000,0.00000000,0.147360593,0.519999981,0.119999997,0.949999988,4.91881275,0.225937486,0.988874957E-2,0.256850690,0.256850690,290.335114,-84.9873734,0.511070757E-4,127.767693,7.50613308,0.00000000,0.00000000,0.00000000,281.279663,3.25000000,0.00000000,0.909299497E-2,0.00000000,0.00000000,0.901105721E-2,0.128312372E-1,1.00000000,296.000000,22.8500061,440.213379,1398.88232,-1000.00000,0.00000000,0.00000000,0.154875457,0.119999997,295.000000,0.712418258E-1,0.00000000,0.00000000,0.00000000,0.00000000,0.144284621,0.519999981,0.119999997,0.949999988,4.91881275,0.348678619,0.988874957E-2,0.256850690,0.256850690,290.487122,-83.3019257,0.635424731E-4,158.856186,7.51375771,0.00000000,0.00000000,0.00000000,272.631775,3.25000000,0.00000000,0.973034464E-2,0.00000000,0.00000000,0.963657722E-2,0.129552698E-1,1.00000000,296.000000,22.8500061,466.683746,1398.88232,-1000.00000,0.00000000,0.00000000,0.166384369,0.154875457,294.999847,0.109992340,0.00000000
1,2,dry_root_irrigation,9,60.0000000,2,F,T,1,1,F,17,15,0.500000000,21,19,0,1004.50000,0.285714298,9.81000042,2500000.00,0.567051011E-7,3.00000000,1,4,1.00000000,0.00000000,290.000000,10.0000000,90.0000000,85.0000000,0.00000000,0.00000000,340.000000,520.000000,0.120000001E-1,0.109999999E-1,11.0000000,0.119999997,80.0000000,95000.0000,298.000000,0.800000038E-2,0.00000000,1.10000002,0.00000000,0.00000000,0.00000000,0.147360593,0.519999981,0.119999997,0.949999988,4.91881275,0.225937486,0.988874957E-2,0.256850690,0.256850690,290.335114,-84.9873734,0.511070757E-4,127.767693,7.50613308,0.00000000,0.00000000,0.00000000,281.279663,3.25000000,0.00000000,0.909299497E-2,0.00000000,0.00000000,0.901105721E-2,0.128312372E-1,1.00000000,296.000000,22.8500061,440.213379,1398.88232,-1000.00000,0.00000000,0.00000000,0.119999997,0.119999997,290.000000,0.712418258E-1,0.00000000,0.00000000,0.00000000,0.00000000,0.144284621,0.519999981,0.119999997,0.949999988,4.91881275,0.348678619,0.988874957E-2,0.256850690,0.256850690,290.487122,-83.3019257,0.635424731E-4,158.856186,7.51375771,0.00000000,0.00000000,0.00000000,272.631775,3.25000000,0.00000000,0.973034464E-2,0.00000000,0.00000000,0.963657722E-2,0.129552698E-1,1.00000000,296.000000,22.8500061,466.683746,1398.88232,-1000.00000,0.00000000,0.00000000,0.119999997,0.119999997,290.000000,0.712418258E-1,0.00000000
1,2,threshold_greenness,1,60.0000000,2,F,T,1,1,F,17,15,0.500000000,21,19,0,1004.50000,0.285714298,9.81000042,2500000.00,0.567051011E-7,0.00000000,10,4,1.00000000,0.00000000,290.000000,10.0000000,90.0000000,70.0000000,0.00000000,0.00000000,300.000000,430.000000,0.140000004E-1,0.130000003E-1,13.0000000,0.189999998,80.0000000,95000.0000,298.000000,0.800000038E-2,0.999999975E-5,1.10000002,0.00000000,0.00000000,0.00000000,0.775093287E-1,0.699999988,0.189999998,0.920000017,4.81325006,0.225555614,0.116867041E-1,0.243747935,0.243747935,290.153290,-102.822220,0.577975225E-4,144.493805,7.50693607,0.00000000,0.00000000,0.00000000,292.242340,3.25000000,0.00000000,0.905973837E-2,0.00000000,0.00000000,0.897839572E-2,0.126842372E-1,1.00000000,296.000000,22.8500061,359.998993,1398.88232,-1000.00000,0.00000000,0.00000000,0.119807459,0.119807459,290.153290,0.712418258E-1,0.00000000,0.00000000,0.00000000,0.00000000,0.743096396E-1,0.699999988,0.189999998,0.920000017,4.81325006,0.224995404,0.116867041E-1,0.243747935,0.243747935,290.887939,-93.1954651,0.668226276E-4,167.056564,7.51495457,0.00000000,0.00000000,0.00000000,205.456238,3.25000000,0.00000000,0.919257104E-2,0.00000000,0.00000000,0.910883769E-2,0.132872555E-1,1.00000000,296.000000,22.8500061,359.998230,1398.88232,-1000.00000,0.00000000,0.00000000,0.119648688,0.119648688,290.887939,0.710278973E-1,0.00000000
1,2,threshold_greenness,2,60.0000000,2,F,T,1,1,F,17,15,0.500000000,21,19,0,1004.50000,0.285714298,9.81000042,2500000.00,0.567051011E-7,0.999999978E-2,10,4,1.00000000,0.00000000,290.000000,10.0000000,90.0000000,70.0000000,0.00000000,0.00000000,300.000000,430.000000,0.140000004E-1,0.130000003E-1,13.0000000,0.189999998,80.0000000,95000.0000,298.000000,0.800000038E-2,0.999999975E-5,1.10000002,0.00000000,0.00000000,0.00000000,0.775093287E-1,0.699999988,0.189999998,0.920000017,4.81325006,0.225555614,0.116867041E-1,0.243747935,0.243747935,290.153290,-102.822220,0.577975225E-4,144.493805,7.50693607,0.00000000,0.00000000,0.00000000,292.242340,3.25000000,0.00000000,0.905973837E-2,0.00000000,0.00000000,0.897839572E-2,0.126842372E-1,1.00000000,296.000000,22.8500061,359.998993,1398.88232,-1000.00000,0.00000000,0.00000000,0.119999893,0.119999893,294.639130,0.712418258E-1,0.00000000,0.00000000,0.00000000,0.00000000,0.743096396E-1,0.699999988,0.189999998,0.920000017,4.81325006,0.224995404,0.116867041E-1,0.243747935,0.243747935,290.887939,-93.1954651,0.668226276E-4,167.056564,7.51495457,0.00000000,0.00000000,0.00000000,205.456238,3.25000000,0.00000000,0.919257104E-2,0.00000000,0.00000000,0.910883769E-2,0.132872555E-1,1.00000000,296.000000,22.8500061,359.998230,1398.88232,-1000.00000,0.00000000,0.00000000,0.119999759,0.119999759,294.043518,0.712417141E-1,0.00000000
1,2,threshold_greenness,3,60.0000000,2,F,T,1,1,F,17,15,0.500000000,21,19,0,1004.50000,0.285714298,9.81000042,2500000.00,0.567051011E-7,0.399999991E-1,10,4,1.00000000,0.00000000,290.000000,10.0000000,90.0000000,70.0000000,0.00000000,0.00000000,300.000000,430.000000,0.140000004E-1,0.130000003E-1,13.0000000,0.189999998,80.0000000,95000.0000,298.000000,0.800000038E-2,0.999999975E-5,1.10000002,0.00000000,0.00000000,0.00000000,0.775093287E-1,0.699999988,0.189999998,0.920000017,4.81325006,0.225555614,0.116867041E-1,0.243747935,0.243747935,290.153290,-102.822220,0.577975225E-4,144.493805,7.50693607,0.00000000,0.00000000,0.00000000,292.242340,3.25000000,0.00000000,0.905973837E-2,0.00000000,0.00000000,0.897839572E-2,0.126842372E-1,1.00000000,296.000000,22.8500061,359.998993,1398.88232,-1000.00000,0.00000000,0.00000000,0.119999953,0.119999953,294.995667,0.712418258E-1,0.00000000,0.00000000,0.00000000,0.00000000,0.743096396E-1,0.699999988,0.189999998,0.920000017,4.81325006,0.224995404,0.116867041E-1,0.243747935,0.243747935,290.887939,-93.1954651,0.668226276E-4,167.056564,7.51495457,0.00000000,0.00000000,0.00000000,205.456238,3.25000000,0.00000000,0.919257104E-2,0.00000000,0.00000000,0.910883769E-2,0.132872555E-1,1.00000000,296.000000,22.8500061,359.998230,1398.88232,-1000.00000,0.00000000,0.00000000,0.119999900,0.119999900,294.980011,0.712417811E-1,0.00000000
1,2,threshold_greenness,4,60.0000000,2,F,T,1,1,F,17,15,0.500000000,21,19,0,1004.50000,0.285714298,9.81000042,2500000.00,0.567051011E-7,0.100000001,10,4,1.00000000,0.00000000,290.000000,10.0000000,90.0000000,70.0000000,0.00000000,0.00000000,300.000000,430.000000,0.140000004E-1,0.130000003E-1,13.0000000,0.189999998,80.0000000,95000.0000,298.000000,0.800000038E-2,0.999999975E-5,1.10000002,0.00000000,0.00000000,0.00000000,0.775093287E-1,0.699999988,0.189999998,0.920000017,4.81325006,0.225555614,0.116867041E-1,0.243747935,0.243747935,290.153290,-102.822220,0.577975225E-4,144.493805,7.50693607,0.00000000,0.00000000,0.00000000,292.242340,3.25000000,0.00000000,0.905973837E-2,0.00000000,0.00000000,0.897839572E-2,0.126842372E-1,1.00000000,296.000000,22.8500061,359.998993,1398.88232,-1000.00000,0.00000000,0.00000000,0.119999982,0.119999982,295.000000,0.712418258E-1,0.00000000,0.00000000,0.00000000,0.00000000,0.743096396E-1,0.699999988,0.189999998,0.920000017,4.81325006,0.224995404,0.116867041E-1,0.243747935,0.243747935,290.887939,-93.1954651,0.668226276E-4,167.056564,7.51495457,0.00000000,0.00000000,0.00000000,205.456238,3.25000000,0.00000000,0.919257104E-2,0.00000000,0.00000000,0.910883769E-2,0.132872555E-1,1.00000000,296.000000,22.8500061,359.998230,1398.88232,-1000.00000,0.00000000,0.00000000,0.119999968,0.119999968,294.999969,0.712418109E-1,0.00000000
1,2,threshold_greenness,5,60.0000000,2,F,T,1,1,F,17,15,0.500000000,21,19,0,1004.50000,0.285714298,9.81000042,2500000.00,0.567051011E-7,0.300000012,10,4,1.00000000,0.00000000,290.000000,10.0000000,90.0000000,70.0000000,0.00000000,0.00000000,300.000000,430.000000,0.140000004E-1,0.130000003E-1,13.0000000,0.189999998,80.0000000,95000.0000,298.000000,0.800000038E-2,0.999999975E-5,1.10000002,0.00000000,0.00000000,0.00000000,0.775093287E-1,0.699999988,0.189999998,0.920000017,4.81325006,0.225555614,0.116867041E-1,0.243747935,0.243747935,290.153290,-102.822220,0.577975225E-4,144.493805,7.50693607,0.00000000,0.00000000,0.00000000,292.242340,3.25000000,0.00000000,0.905973837E-2,0.00000000,0.00000000,0.897839572E-2,0.126842372E-1,1.00000000,296.000000,22.8500061,359.998993,1398.88232,-1000.00000,0.00000000,0.00000000,0.119999990,0.119999990,295.000031,0.712418258E-1,0.00000000,0.00000000,0.00000000,0.00000000,0.743096396E-1,0.699999988,0.189999998,0.920000017,4.81325006,0.224995404,0.116867041E-1,0.243747935,0.243747935,290.887939,-93.1954651,0.668226276E-4,167.056564,7.51495457,0.00000000,0.00000000,0.00000000,205.456238,3.25000000,0.00000000,0.919257104E-2,0.00000000,0.00000000,0.910883769E-2,0.132872555E-1,1.00000000,296.000000,22.8500061,359.998230,1398.88232,-1000.00000,0.00000000,0.00000000,0.119999982,0.119999982,295.000061,0.712418184E-1,0.00000000
1,2,threshold_greenness,6,60.0000000,2,F,T,1,1,F,17,15,0.500000000,21,19,0,1004.50000,0.285714298,9.81000042,2500000.00,0.567051011E-7,0.600000024,10,4,1.00000000,0.00000000,290.000000,10.0000000,90.0000000,70.0000000,0.00000000,0.00000000,300.000000,430.000000,0.140000004E-1,0.130000003E-1,13.0000000,0.189999998,80.0000000,95000.0000,298.000000,0.800000038E-2,0.999999975E-5,1.10000002,0.00000000,0.00000000,0.00000000,0.775093287E-1,0.699999988,0.189999998,0.920000017,4.81325006,0.225555614,0.116867041E-1,0.243747935,0.243747935,290.153290,-102.822220,0.577975225E-4,144.493805,7.50693607,0.00000000,0.00000000,0.00000000,292.242340,3.25000000,0.00000000,0.905973837E-2,0.00000000,0.00000000,0.897839572E-2,0.126842372E-1,1.00000000,296.000000,22.8500061,359.998993,1398.88232,-1000.00000,0.00000000,0.00000000,0.119999990,0.119999990,295.000031,0.712418258E-1,0.00000000,0.00000000,0.00000000,0.00000000,0.743096396E-1,0.699999988,0.189999998,0.920000017,4.81325006,0.224995404,0.116867041E-1,0.243747935,0.243747935,290.887939,-93.1954651,0.668226276E-4,167.056564,7.51495457,0.00000000,0.00000000,0.00000000,205.456238,3.25000000,0.00000000,0.919257104E-2,0.00000000,0.00000000,0.910883769E-2,0.132872555E-1,1.00000000,296.000000,22.8500061,359.998230,1398.88232,-1000.00000,0.00000000,0.00000000,0.119999982,0.119999982,295.000061,0.712418184E-1,0.00000000
1,2,threshold_greenness,7,60.0000000,2,F,T,1,1,F,17,15,0.500000000,21,19,0,1004.50000,0.285714298,9.81000042,2500000.00,0.567051011E-7,1.00000000,10,4,1.00000000,0.00000000,290.000000,10.0000000,90.0000000,70.0000000,0.00000000,0.00000000,300.000000,430.000000,0.140000004E-1,0.130000003E-1,13.0000000,0.189999998,80.0000000,95000.0000,298.000000,0.800000038E-2,0.999999975E-5,1.10000002,0.00000000,0.00000000,0.00000000,0.775093287E-1,0.699999988,0.189999998,0.920000017,4.81325006,0.225555614,0.116867041E-1,0.243747935,0.243747935,290.153290,-102.822220,0.577975225E-4,144.493805,7.50693607,0.00000000,0.00000000,0.00000000,292.242340,3.25000000,0.00000000,0.905973837E-2,0.00000000,0.00000000,0.897839572E-2,0.126842372E-1,1.00000000,296.000000,22.8500061,359.998993,1398.88232,-1000.00000,0.00000000,0.00000000,0.119999997,0.119999997,295.000000,0.712418258E-1,0.00000000,0.00000000,0.00000000,0.00000000,0.743096396E-1,0.699999988,0.189999998,0.920000017,4.81325006,0.224995404,0.116867041E-1,0.243747935,0.243747935,290.887939,-93.1954651,0.668226276E-4,167.056564,7.51495457,0.00000000,0.00000000,0.00000000,205.456238,3.25000000,0.00000000,0.919257104E-2,0.00000000,0.00000000,0.910883769E-2,0.132872555E-1,1.00000000,296.000000,22.8500061,359.998230,1398.88232,-1000.00000,0.00000000,0.00000000,0.119999997,0.119999997,295.000000,0.712418258E-1,0.00000000
1,2,threshold_greenness,8,60.0000000,2,F,T,1,1,F,17,15,0.500000000,21,19,0,1004.50000,0.285714298,9.81000042,2500000.00,0.567051011E-7,1.60000002,10,4,1.00000000,0.00000000,290.000000,10.0000000,90.0000000,70.0000000,0.00000000,0.00000000,300.000000,430.000000,0.140000004E-1,0.130000003E-1,13.0000000,0.189999998,80.0000000,95000.0000,298.000000,0.800000038E-2,0.999999975E-5,1.10000002,0.00000000,0.00000000,0.00000000,0.775093287E-1,0.699999988,0.189999998,0.920000017,4.81325006,0.225555614,0.116867041E-1,0.243747935,0.243747935,290.153290,-102.822220,0.577975225E-4,144.493805,7.50693607,0.00000000,0.00000000,0.00000000,292.242340,3.25000000,0.00000000,0.905973837E-2,0.00000000,0.00000000,0.897839572E-2,0.126842372E-1,1.00000000,296.000000,22.8500061,359.998993,1398.88232,-1000.00000,0.00000000,0.00000000,0.119999997,0.119999997,295.000000,0.712418258E-1,0.00000000,0.00000000,0.00000000,0.00000000,0.743096396E-1,0.699999988,0.189999998,0.920000017,4.81325006,0.224995404,0.116867041E-1,0.243747935,0.243747935,290.887939,-93.1954651,0.668226276E-4,167.056564,7.51495457,0.00000000,0.00000000,0.00000000,205.456238,3.25000000,0.00000000,0.919257104E-2,0.00000000,0.00000000,0.910883769E-2,0.132872555E-1,1.00000000,296.000000,22.8500061,359.998230,1398.88232,-1000.00000,0.00000000,0.00000000,0.119999997,0.119999997,294.999878,0.712418258E-1,0.00000000
1,2,threshold_greenness,9,60.0000000,2,F,T,1,1,F,17,15,0.500000000,21,19,0,1004.50000,0.285714298,9.81000042,2500000.00,0.567051011E-7,3.00000000,10,4,1.00000000,0.00000000,290.000000,10.0000000,90.0000000,70.0000000,0.00000000,0.00000000,300.000000,430.000000,0.140000004E-1,0.130000003E-1,13.0000000,0.189999998,80.0000000,95000.0000,298.000000,0.800000038E-2,0.999999975E-5,1.10000002,0.00000000,0.00000000,0.00000000,0.775093287E-1,0.699999988,0.189999998,0.920000017,4.81325006,0.225555614,0.116867041E-1,0.243747935,0.243747935,290.153290,-102.822220,0.577975225E-4,144.493805,7.50693607,0.00000000,0.00000000,0.00000000,292.242340,3.25000000,0.00000000,0.905973837E-2,0.00000000,0.00000000,0.897839572E-2,0.126842372E-1,1.00000000,296.000000,22.8500061,359.998993,1398.88232,-1000.00000,0.00000000,0.00000000,0.119999997,0.119999997,290.000000,0.712418258E-1,0.00000000,0.00000000,0.00000000,0.00000000,0.743096396E-1,0.699999988,0.189999998,0.920000017,4.81325006,0.224995404,0.116867041E-1,0.243747935,0.243747935,290.887939,-93.1954651,0.668226276E-4,167.056564,7.51495457,0.00000000,0.00000000,0.00000000,205.456238,3.25000000,0.00000000,0.919257104E-2,0.00000000,0.00000000,0.910883769E-2,0.132872555E-1,1.00000000,296.000000,22.8500061,359.998230,1398.88232,-1000.00000,0.00000000,0.00000000,0.119999997,0.119999997,290.000000,0.712418258E-1,0.00000000
1,2,below_threshold,1,60.0000000,2,F,T,1,1,F,17,15,0.500000000,21,19,0,1004.50000,0.285714298,9.81000042,2500000.00,0.567051011E-7,0.00000000,12,4,1.00000000,0.00000000,290.000000,10.0000000,90.0000000,69.0000000,0.00000000,0.00000000,250.000000,150.000000,0.800000038E-2,0.700000022E-2,7.00000000,0.180000007,80.0000000,95000.0000,298.000000,0.800000038E-2,0.199999995E-4,1.10000002,0.00000000,0.00000000,0.00000000,0.118774481,0.660000026,0.180000007,0.935000002,4.80621243,0.225884914,0.629284047E-2,0.242868006,0.242868006,289.723053,-58.4015274,0.288216797E-4,72.0541992,7.50345898,0.00000000,0.00000000,0.00000000,318.185730,3.25000000,0.00000000,0.898242183E-2,0.00000000,0.00000000,0.890245661E-2,0.123424828E-1,1.00000000,296.000000,22.8500061,359.999481,1398.88232,-1000.00000,0.00000000,0.00000000,0.119900785,0.119900785,289.723053,0.712418258E-1,0.00000000,0.00000000,0.00000000,0.00000000,0.117285967,0.660000026,0.180000007,0.935000002,4.80621243,0.225611195,0.629284047E-2,0.242868006,0.242868006,290.099182,-55.7475891,0.314046083E-4,78.5115204,7.50722790,0.00000000,0.00000000,0.00000000,249.295227,3.25000000,0.00000000,0.904830918E-2,0.00000000,0.00000000,0.896717142E-2,0.126408963E-1,1.00000000,296.000000,22.8500061,359.999115,1398.88232,-1000.00000,0.00000000,0.00000000,0.119823210,0.119823210,290.099182,0.711315945E-1,0.00000000
1,2,below_threshold,2,60.0000000,2,F,T,1,1,F,17,15,0.500000000,21,19,0,1004.50000,0.285714298,9.81000042,2500000.00,0.567051011E-7,0.999999978E-2,12,4,1.00000000,0.00000000,290.000000,10.0000000,90.0000000,69.0000000,0.00000000,0.00000000,250.000000,150.000000,0.800000038E-2,0.700000022E-2,7.00000000,0.180000007,80.0000000,95000.0000,298.000000,0.800000038E-2,0.199999995E-4,1.10000002,0.00000000,0.00000000,0.00000000,0.118774481,0.660000026,0.180000007,0.935000002,4.80621243,0.225884914,0.629284047E-2,0.242868006,0.242868006,289.723053,-58.4015274,0.288216797E-4,72.0541992,7.50345898,0.00000000,0.00000000,0.00000000,318.185730,3.25000000,0.00000000,0.898242183E-2,0.00000000,0.00000000,0.890245661E-2,0.123424828E-1,1.00000000,296.000000,22.8500061,359.999481,1398.88232,-1000.00000,0.00000000,0.00000000,0.119999945,0.119999945,294.607117,0.712418258E-1,0.00000000,0.00000000,0.00000000,0.00000000,0.117285967,0.660000026,0.180000007,0.935000002,4.80621243,0.225611195,0.629284047E-2,0.242868006,0.242868006,290.099182,-55.7475891,0.314046083E-4,78.5115204,7.50722790,0.00000000,0.00000000,0.00000000,249.295227,3.25000000,0.00000000,0.904830918E-2,0.00000000,0.00000000,0.896717142E-2,0.126408963E-1,1.00000000,296.000000,22.8500061,359.999115,1398.88232,-1000.00000,0.00000000,0.00000000,0.119999878,0.119999878,293.926971,0.712417737E-1,0.00000000
1,2,below_threshold,3,60.0000000,2,F,T,1,1,F,17,15,0.500000000,21,19,0,1004.50000,0.285714298,9.81000042,2500000.00,0.567051011E-7,0.399999991E-1,12,4,1.00000000,0.00000000,290.000000,10.0000000,90.0000000,69.0000000,0.00000000,0.00000000,250.000000,150.000000,0.800000038E-2,0.700000022E-2,7.00000000,0.180000007,80.0000000,95000.0000,298.000000,0.800000038E-2,0.199999995E-4,1.10000002,0.00000000,0.00000000,0.00000000,0.118774481,0.660000026,0.180000007,0.935000002,4.80621243,0.225884914,0.629284047E-2,0.242868006,0.242868006,289.723053,-58.4015274,0.288216797E-4,72.0541992,7.50345898,0.00000000,0.00000000,0.00000000,318.185730,3.25000000,0.00000000,0.898242183E-2,0.00000000,0.00000000,0.890245661E-2,0.123424828E-1,1.00000000,296.000000,22.8500061,359.999481,1398.88232,-1000.00000,0.00000000,0.00000000,0.119999975,0.119999975,294.995300,0.712418258E-1,0.00000000,0.00000000,0.00000000,0.00000000,0.117285967,0.660000026,0.180000007,0.935000002,4.80621243,0.225611195,0.629284047E-2,0.242868006,0.242868006,290.099182,-55.7475891,0.314046083E-4,78.5115204,7.50722790,0.00000000,0.00000000,0.00000000,249.295227,3.25000000,0.00000000,0.904830918E-2,0.00000000,0.00000000,0.896717142E-2,0.126408963E-1,1.00000000,296.000000,22.8500061,359.999115,1398.88232,-1000.00000,0.00000000,0.00000000,0.119999953,0.119999953,294.977844,0.712418035E-1,0.00000000
1,2,below_threshold,4,60.0000000,2,F,T,1,1,F,17,15,0.500000000,21,19,0,1004.50000,0.285714298,9.81000042,2500000.00,0.567051011E-7,0.100000001,12,4,1.00000000,0.00000000,290.000000,10.0000000,90.0000000,69.0000000,0.00000000,0.00000000,250.000000,150.000000,0.800000038E-2,0.700000022E-2,7.00000000,0.180000007,80.0000000,95000.0000,298.000000,0.800000038E-2,0.199999995E-4,1.10000002,0.00000000,0.00000000,0.00000000,0.118774481,0.660000026,0.180000007,0.935000002,4.80621243,0.225884914,0.629284047E-2,0.242868006,0.242868006,289.723053,-58.4015274,0.288216797E-4,72.0541992,7.50345898,0.00000000,0.00000000,0.00000000,318.185730,3.25000000,0.00000000,0.898242183E-2,0.00000000,0.00000000,0.890245661E-2,0.123424828E-1,1.00000000,296.000000,22.8500061,359.999481,1398.88232,-1000.00000,0.00000000,0.00000000,0.119999990,0.119999990,295.000000,0.712418258E-1,0.00000000,0.00000000,0.00000000,0.00000000,0.117285967,0.660000026,0.180000007,0.935000002,4.80621243,0.225611195,0.629284047E-2,0.242868006,0.242868006,290.099182,-55.7475891,0.314046083E-4,78.5115204,7.50722790,0.00000000,0.00000000,0.00000000,249.295227,3.25000000,0.00000000,0.904830918E-2,0.00000000,0.00000000,0.896717142E-2,0.126408963E-1,1.00000000,296.000000,22.8500061,359.999115,1398.88232,-1000.00000,0.00000000,0.00000000,0.119999982,0.119999982,294.999969,0.712418184E-1,0.00000000
1,2,below_threshold,5,60.0000000,2,F,T,1,1,F,17,15,0.500000000,21,19,0,1004.50000,0.285714298,9.81000042,2500000.00,0.567051011E-7,0.300000012,12,4,1.00000000,0.00000000,290.000000,10.0000000,90.0000000,69.0000000,0.00000000,0.00000000,250.000000,150.000000,0.800000038E-2,0.700000022E-2,7.00000000,0.180000007,80.0000000,95000.0000,298.000000,0.800000038E-2,0.199999995E-4,1.10000002,0.00000000,0.00000000,0.00000000,0.118774481,0.660000026,0.180000007,0.935000002,4.80621243,0.225884914,0.629284047E-2,0.242868006,0.242868006,289.723053,-58.4015274,0.288216797E-4,72.0541992,7.50345898,0.00000000,0.00000000,0.00000000,318.185730,3.25000000,0.00000000,0.898242183E-2,0.00000000,0.00000000,0.890245661E-2,0.123424828E-1,1.00000000,296.000000,22.8500061,359.999481,1398.88232,-1000.00000,0.00000000,0.00000000,0.119999997,0.119999997,295.000031,0.712418258E-1,0.00000000,0.00000000,0.00000000,0.00000000,0.117285967,0.660000026,0.180000007,0.935000002,4.80621243,0.225611195,0.629284047E-2,0.242868006,0.242868006,290.099182,-55.7475891,0.314046083E-4,78.5115204,7.50722790,0.00000000,0.00000000,0.00000000,249.295227,3.25000000,0.00000000,0.904830918E-2,0.00000000,0.00000000,0.896717142E-2,0.126408963E-1,1.00000000,296.000000,22.8500061,359.999115,1398.88232,-1000.00000,0.00000000,0.00000000,0.119999990,0.119999990,295.000061,0.712418258E-1,0.00000000
1,2,below_threshold,6,60.0000000,2,F,T,1,1,F,17,15,0.500000000,21,19,0,1004.50000,0.285714298,9.81000042,2500000.00,0.567051011E-7,0.600000024,12,4,1.00000000,0.00000000,290.000000,10.0000000,90.0000000,69.0000000,0.00000000,0.00000000,250.000000,150.000000,0.800000038E-2,0.700000022E-2,7.00000000,0.180000007,80.0000000,95000.0000,298.000000,0.800000038E-2,0.199999995E-4,1.10000002,0.00000000,0.00000000,0.00000000,0.118774481,0.660000026,0.180000007,0.935000002,4.80621243,0.225884914,0.629284047E-2,0.242868006,0.242868006,289.723053,-58.4015274,0.288216797E-4,72.0541992,7.50345898,0.00000000,0.00000000,0.00000000,318.185730,3.25000000,0.00000000,0.898242183E-2,0.00000000,0.00000000,0.890245661E-2,0.123424828E-1,1.00000000,296.000000,22.8500061,359.999481,1398.88232,-1000.00000,0.00000000,0.00000000,0.119999997,0.119999997,295.000031,0.712418258E-1,0.00000000,0.00000000,0.00000000,0.00000000,0.117285967,0.660000026,0.180000007,0.935000002,4.80621243,0.225611195,0.629284047E-2,0.242868006,0.242868006,290.099182,-55.7475891,0.314046083E-4,78.5115204,7.50722790,0.00000000,0.00000000,0.00000000,249.295227,3.25000000,0.00000000,0.904830918E-2,0.00000000,0.00000000,0.896717142E-2,0.126408963E-1,1.00000000,296.000000,22.8500061,359.999115,1398.88232,-1000.00000,0.00000000,0.00000000,0.119999997,0.119999997,295.000061,0.712418258E-1,0.00000000
1,2,below_threshold,7,60.0000000,2,F,T,1,1,F,17,15,0.500000000,21,19,0,1004.50000,0.285714298,9.81000042,2500000.00,0.567051011E-7,1.00000000,12,4,1.00000000,0.00000000,290.000000,10.0000000,90.0000000,69.0000000,0.00000000,0.00000000,250.000000,150.000000,0.800000038E-2,0.700000022E-2,7.00000000,0.180000007,80.0000000,95000.0000,298.000000,0.800000038E-2,0.199999995E-4,1.10000002,0.00000000,0.00000000,0.00000000,0.118774481,0.660000026,0.180000007,0.935000002,4.80621243,0.225884914,0.629284047E-2,0.242868006,0.242868006,289.723053,-58.4015274,0.288216797E-4,72.0541992,7.50345898,0.00000000,0.00000000,0.00000000,318.185730,3.25000000,0.00000000,0.898242183E-2,0.00000000,0.00000000,0.890245661E-2,0.123424828E-1,1.00000000,296.000000,22.8500061,359.999481,1398.88232,-1000.00000,0.00000000,0.00000000,0.119999997,0.119999997,295.000000,0.712418258E-1,0.00000000,0.00000000,0.00000000,0.00000000,0.117285967,0.660000026,0.180000007,0.935000002,4.80621243,0.225611195,0.629284047E-2,0.242868006,0.242868006,290.099182,-55.7475891,0.314046083E-4,78.5115204,7.50722790,0.00000000,0.00000000,0.00000000,249.295227,3.25000000,0.00000000,0.904830918E-2,0.00000000,0.00000000,0.896717142E-2,0.126408963E-1,1.00000000,296.000000,22.8500061,359.999115,1398.88232,-1000.00000,0.00000000,0.00000000,0.119999997,0.119999997,295.000000,0.712418258E-1,0.00000000
1,2,below_threshold,8,60.0000000,2,F,T,1,1,F,17,15,0.500000000,21,19,0,1004.50000,0.285714298,9.81000042,2500000.00,0.567051011E-7,1.60000002,12,4,1.00000000,0.00000000,290.000000,10.0000000,90.0000000,69.0000000,0.00000000,0.00000000,250.000000,150.000000,0.800000038E-2,0.700000022E-2,7.00000000,0.180000007,80.0000000,95000.0000,298.000000,0.800000038E-2,0.199999995E-4,1.10000002,0.00000000,0.00000000,0.00000000,0.118774481,0.660000026,0.180000007,0.935000002,4.80621243,0.225884914,0.629284047E-2,0.242868006,0.242868006,289.723053,-58.4015274,0.288216797E-4,72.0541992,7.50345898,0.00000000,0.00000000,0.00000000,318.185730,3.25000000,0.00000000,0.898242183E-2,0.00000000,0.00000000,0.890245661E-2,0.123424828E-1,1.00000000,296.000000,22.8500061,359.999481,1398.88232,-1000.00000,0.00000000,0.00000000,0.119999997,0.119999997,295.000000,0.712418258E-1,0.00000000,0.00000000,0.00000000,0.00000000,0.117285967,0.660000026,0.180000007,0.935000002,4.80621243,0.225611195,0.629284047E-2,0.242868006,0.242868006,290.099182,-55.7475891,0.314046083E-4,78.5115204,7.50722790,0.00000000,0.00000000,0.00000000,249.295227,3.25000000,0.00000000,0.904830918E-2,0.00000000,0.00000000,0.896717142E-2,0.126408963E-1,1.00000000,296.000000,22.8500061,359.999115,1398.88232,-1000.00000,0.00000000,0.00000000,0.119999997,0.119999997,294.999878,0.712418258E-1,0.00000000
1,2,below_threshold,9,60.0000000,2,F,T,1,1,F,17,15,0.500000000,21,19,0,1004.50000,0.285714298,9.81000042,2500000.00,0.567051011E-7,3.00000000,12,4,1.00000000,0.00000000,290.000000,10.0000000,90.0000000,69.0000000,0.00000000,0.00000000,250.000000,150.000000,0.800000038E-2,0.700000022E-2,7.00000000,0.180000007,80.0000000,95000.0000,298.000000,0.800000038E-2,0.199999995E-4,1.10000002,0.00000000,0.00000000,0.00000000,0.118774481,0.660000026,0.180000007,0.935000002,4.80621243,0.225884914,0.629284047E-2,0.242868006,0.242868006,289.723053,-58.4015274,0.288216797E-4,72.0541992,7.50345898,0.00000000,0.00000000,0.00000000,318.185730,3.25000000,0.00000000,0.898242183E-2,0.00000000,0.00000000,0.890245661E-2,0.123424828E-1,1.00000000,296.000000,22.8500061,359.999481,1398.88232,-1000.00000,0.00000000,0.00000000,0.119999997,0.119999997,290.000000,0.712418258E-1,0.00000000,0.00000000,0.00000000,0.00000000,0.117285967,0.660000026,0.180000007,0.935000002,4.80621243,0.225611195,0.629284047E-2,0.242868006,0.242868006,290.099182,-55.7475891,0.314046083E-4,78.5115204,7.50722790,0.00000000,0.00000000,0.00000000,249.295227,3.25000000,0.00000000,0.904830918E-2,0.00000000,0.00000000,0.896717142E-2,0.126408963E-1,1.00000000,296.000000,22.8500061,359.999115,1398.88232,-1000.00000,0.00000000,0.00000000,0.119999997,0.119999997,290.000000,0.712418258E-1,0.00000000
1,2,no_irrigation_cover,1,60.0000000,2,F,T,1,1,F,17,15,0.500000000,21,19,0,1004.50000,0.285714298,9.81000042,2500000.00,0.567051011E-7,0.00000000,2,4,1.00000000,0.00000000,290.000000,10.0000000,90.0000000,85.0000000,0.00000000,0.00000000,235.000000,110.000000,0.600000005E-2,0.499999989E-2,5.00000000,0.119999997,80.0000000,95000.0000,298.000000,0.800000038E-2,0.00000000,1.10000002,0.00000000,0.00000000,0.00000000,0.489365496E-1,0.349999994,0.119999997,0.949999988,6.38750029,0.226115018,0.449488638E-2,0.800000072,0.800000072,289.646393,-42.1017418,0.205916749E-4,51.4791870,7.50247097,0.00000000,0.00000000,0.00000000,322.808167,3.25000000,0.00000000,0.896883942E-2,0.00000000,0.00000000,0.888911448E-2,0.122824432E-1,1.00000000,296.000000,22.8500061,359.999847,1398.88232,-1000.00000,0.00000000,0.00000000,0.119966000,0.119966000,289.646393,0.712418258E-1,0.00000000,0.00000000,0.00000000,0.00000000,0.476610735E-1,0.349999994,0.119999997,0.949999988,6.38750029,0.226022243,0.449488638E-2,0.800000072,0.800000072,289.952759,-40.5576744,0.234896597E-4,58.7241478,7.50529003,0.00000000,0.00000000,0.00000000,257.502106,3.25000000,0.00000000,0.902294461E-2,0.00000000,0.00000000,0.894225948E-2,0.125239985E-1,1.00000000,296.000000,22.8500061,359.999664,1398.88232,-1000.00000,0.00000000,0.00000000,0.119939707,0.119939707,289.952759,0.712040514E-1,0.00000000
1,2,no_irrigation_cover,2,60.0000000,2,F,T,1,1,F,17,15,0.500000000,21,19,0,1004.50000,0.285714298,9.81000042,2500000.00,0.567051011E-7,0.999999978E-2,2,4,1.00000000,0.00000000,290.000000,10.0000000,90.0000000,85.0000000,0.00000000,0.00000000,235.000000,110.000000,0.600000005E-2,0.499999989E-2,5.00000000,0.119999997,80.0000000,95000.0000,298.000000,0.800000038E-2,0.00000000,1.10000002,0.00000000,0.00000000,0.00000000,0.489365496E-1,0.349999994,0.119999997,0.949999988,6.38750029,0.226115018,0.449488638E-2,0.800000072,0.800000072,289.646393,-42.1017418,0.205916749E-4,51.4791870,7.50247097,0.00000000,0.00000000,0.00000000,322.808167,3.25000000,0.00000000,0.896883942E-2,0.00000000,0.00000000,0.888911448E-2,0.122824432E-1,1.00000000,296.000000,22.8500061,359.999847,1398.88232,-1000.00000,0.00000000,0.00000000,0.119999982,0.119999982,294.601410,0.712418258E-1,0.00000000,0.00000000,0.00000000,0.00000000,0.476610735E-1,0.349999994,0.119999997,0.949999988,6.38750029,0.226022243,0.449488638E-2,0.800000072,0.800000072,289.952759,-40.5576744,0.234896597E-4,58.7241478,7.50529003,0.00000000,0.00000000,0.00000000,257.502106,3.25000000,0.00000000,0.902294461E-2,0.00000000,0.00000000,0.894225948E-2,0.125239985E-1,1.00000000,296.000000,22.8500061,359.999664,1398.88232,-1000.00000,0.00000000,0.00000000,0.119999968,0.119999968,293.905762,0.712418109E-1,0.00000000
1,2,no_irrigation_cover,3,60.0000000,2,F,T,1,1,F,17,15,0.500000000,21,19,0,1004.50000,0.285714298,9.81000042,2500000.00,0.567051011E-7,0.399999991E-1,2,4,1.00000000,0.00000000,290.000000,10.0000000,90.0000000,85.0000000,0.00000000,0.00000000,235.000000,110.000000,0.600000005E-2,0.499999989E-2,5.00000000,0.119999997,80.0000000,95000.0000,298.000000,0.800000038E-2,0.00000000,1.10000002,0.00000000,0.00000000,0.00000000,0.489365496E-1,0.349999994,0.119999997,0.949999988,6.38750029,0.226115018,0.449488638E-2,0.800000072,0.800000072,289.646393,-42.1017418,0.205916749E-4,51.4791870,7.50247097,0.00000000,0.00000000,0.00000000,322.808167,3.25000000,0.00000000,0.896883942E-2,0.00000000,0.00000000,0.888911448E-2,0.122824432E-1,1.00000000,296.000000,22.8500061,359.999847,1398.88232,-1000.00000,0.00000000,0.00000000,0.119999990,0.119999990,294.995239,0.712418258E-1,0.00000000,0.00000000,0.00000000,0.00000000,0.476610735E-1,0.349999994,0.119999997,0.949999988,6.38750029,0.226022243,0.449488638E-2,0.800000072,0.800000072,289.952759,-40.5576744,0.234896597E-4,58.7241478,7.50529003,0.00000000,0.00000000,0.00000000,257.502106,3.25000000,0.00000000,0.902294461E-2,0.00000000,0.00000000,0.894225948E-2,0.125239985E-1,1.00000000,296.000000,22.8500061,359.999664,1398.88232,-1000.00000,0.00000000,0.00000000,0.119999982,0.119999982,294.977478,0.712418184E-1,0.00000000
1,2,no_irrigation_cover,4,60.0000000,2,F,T,1,1,F,17,15,0.500000000,21,19,0,1004.50000,0.285714298,9.81000042,2500000.00,0.567051011E-7,0.100000001,2,4,1.00000000,0.00000000,290.000000,10.0000000,90.0000000,85.0000000,0.00000000,0.00000000,235.000000,110.000000,0.600000005E-2,0.499999989E-2,5.00000000,0.119999997,80.0000000,95000.0000,298.000000,0.800000038E-2,0.00000000,1.10000002,0.00000000,0.00000000,0.00000000,0.489365496E-1,0.349999994,0.119999997,0.949999988,6.38750029,0.226115018,0.449488638E-2,0.800000072,0.800000072,289.646393,-42.1017418,0.205916749E-4,51.4791870,7.50247097,0.00000000,0.00000000,0.00000000,322.808167,3.25000000,0.00000000,0.896883942E-2,0.00000000,0.00000000,0.888911448E-2,0.122824432E-1,1.00000000,296.000000,22.8500061,359.999847,1398.88232,-1000.00000,0.00000000,0.00000000,0.119999997,0.119999997,295.000000,0.712418258E-1,0.00000000,0.00000000,0.00000000,0.00000000,0.476610735E-1,0.349999994,0.119999997,0.949999988,6.38750029,0.226022243,0.449488638E-2,0.800000072,0.800000072,289.952759,-40.5576744,0.234896597E-4,58.7241478,7.50529003,0.00000000,0.00000000,0.00000000,257.502106,3.25000000,0.00000000,0.902294461E-2,0.00000000,0.00000000,0.894225948E-2,0.125239985E-1,1.00000000,296.000000,22.8500061,359.999664,1398.88232,-1000.00000,0.00000000,0.00000000,0.119999997,0.119999997,294.999969,0.712418258E-1,0.00000000
1,2,no_irrigation_cover,5,60.0000000,2,F,T,1,1,F,17,15,0.500000000,21,19,0,1004.50000,0.285714298,9.81000042,2500000.00,0.567051011E-7,0.300000012,2,4,1.00000000,0.00000000,290.000000,10.0000000,90.0000000,85.0000000,0.00000000,0.00000000,235.000000,110.000000,0.600000005E-2,0.499999989E-2,5.00000000,0.119999997,80.0000000,95000.0000,298.000000,0.800000038E-2,0.00000000,1.10000002,0.00000000,0.00000000,0.00000000,0.489365496E-1,0.349999994,0.119999997,0.949999988,6.38750029,0.226115018,0.449488638E-2,0.800000072,0.800000072,289.646393,-42.1017418,0.205916749E-4,51.4791870,7.50247097,0.00000000,0.00000000,0.00000000,322.808167,3.25000000,0.00000000,0.896883942E-2,0.00000000,0.00000000,0.888911448E-2,0.122824432E-1,1.00000000,296.000000,22.8500061,359.999847,1398.88232,-1000.00000,0.00000000,0.00000000,0.119999997,0.119999997,295.000031,0.712418258E-1,0.00000000,0.00000000,0.00000000,0.00000000,0.476610735E-1,0.349999994,0.119999997,0.949999988,6.38750029,0.226022243,0.449488638E-2,0.800000072,0.800000072,289.952759,-40.5576744,0.234896597E-4,58.7241478,7.50529003,0.00000000,0.00000000,0.00000000,257.502106,3.25000000,0.00000000,0.902294461E-2,0.00000000,0.00000000,0.894225948E-2,0.125239985E-1,1.00000000,296.000000,22.8500061,359.999664,1398.88232,-1000.00000,0.00000000,0.00000000,0.119999997,0.119999997,295.000061,0.712418258E-1,0.00000000
1,2,no_irrigation_cover,6,60.0000000,2,F,T,1,1,F,17,15,0.500000000,21,19,0,1004.50000,0.285714298,9.81000042,2500000.00,0.567051011E-7,0.600000024,2,4,1.00000000,0.00000000,290.000000,10.0000000,90.0000000,85.0000000,0.00000000,0.00000000,235.000000,110.000000,0.600000005E-2,0.499999989E-2,5.00000000,0.119999997,80.0000000,95000.0000,298.000000,0.800000038E-2,0.00000000,1.10000002,0.00000000,0.00000000,0.00000000,0.489365496E-1,0.349999994,0.119999997,0.949999988,6.38750029,0.226115018,0.449488638E-2,0.800000072,0.800000072,289.646393,-42.1017418,0.205916749E-4,51.4791870,7.50247097,0.00000000,0.00000000,0.00000000,322.808167,3.25000000,0.00000000,0.896883942E-2,0.00000000,0.00000000,0.888911448E-2,0.122824432E-1,1.00000000,296.000000,22.8500061,359.999847,1398.88232,-1000.00000,0.00000000,0.00000000,0.119999997,0.119999997,295.000031,0.712418258E-1,0.00000000,0.00000000,0.00000000,0.00000000,0.476610735E-1,0.349999994,0.119999997,0.949999988,6.38750029,0.226022243,0.449488638E-2,0.800000072,0.800000072,289.952759,-40.5576744,0.234896597E-4,58.7241478,7.50529003,0.00000000,0.00000000,0.00000000,257.502106,3.25000000,0.00000000,0.902294461E-2,0.00000000,0.00000000,0.894225948E-2,0.125239985E-1,1.00000000,296.000000,22.8500061,359.999664,1398.88232,-1000.00000,0.00000000,0.00000000,0.119999997,0.119999997,295.000061,0.712418258E-1,0.00000000
1,2,no_irrigation_cover,7,60.0000000,2,F,T,1,1,F,17,15,0.500000000,21,19,0,1004.50000,0.285714298,9.81000042,2500000.00,0.567051011E-7,1.00000000,2,4,1.00000000,0.00000000,290.000000,10.0000000,90.0000000,85.0000000,0.00000000,0.00000000,235.000000,110.000000,0.600000005E-2,0.499999989E-2,5.00000000,0.119999997,80.0000000,95000.0000,298.000000,0.800000038E-2,0.00000000,1.10000002,0.00000000,0.00000000,0.00000000,0.489365496E-1,0.349999994,0.119999997,0.949999988,6.38750029,0.226115018,0.449488638E-2,0.800000072,0.800000072,289.646393,-42.1017418,0.205916749E-4,51.4791870,7.50247097,0.00000000,0.00000000,0.00000000,322.808167,3.25000000,0.00000000,0.896883942E-2,0.00000000,0.00000000,0.888911448E-2,0.122824432E-1,1.00000000,296.000000,22.8500061,359.999847,1398.88232,-1000.00000,0.00000000,0.00000000,0.119999997,0.119999997,295.000000,0.712418258E-1,0.00000000,0.00000000,0.00000000,0.00000000,0.476610735E-1,0.349999994,0.119999997,0.949999988,6.38750029,0.226022243,0.449488638E-2,0.800000072,0.800000072,289.952759,-40.5576744,0.234896597E-4,58.7241478,7.50529003,0.00000000,0.00000000,0.00000000,257.502106,3.25000000,0.00000000,0.902294461E-2,0.00000000,0.00000000,0.894225948E-2,0.125239985E-1,1.00000000,296.000000,22.8500061,359.999664,1398.88232,-1000.00000,0.00000000,0.00000000,0.119999997,0.119999997,295.000000,0.712418258E-1,0.00000000
1,2,no_irrigation_cover,8,60.0000000,2,F,T,1,1,F,17,15,0.500000000,21,19,0,1004.50000,0.285714298,9.81000042,2500000.00,0.567051011E-7,1.60000002,2,4,1.00000000,0.00000000,290.000000,10.0000000,90.0000000,85.0000000,0.00000000,0.00000000,235.000000,110.000000,0.600000005E-2,0.499999989E-2,5.00000000,0.119999997,80.0000000,95000.0000,298.000000,0.800000038E-2,0.00000000,1.10000002,0.00000000,0.00000000,0.00000000,0.489365496E-1,0.349999994,0.119999997,0.949999988,6.38750029,0.226115018,0.449488638E-2,0.800000072,0.800000072,289.646393,-42.1017418,0.205916749E-4,51.4791870,7.50247097,0.00000000,0.00000000,0.00000000,322.808167,3.25000000,0.00000000,0.896883942E-2,0.00000000,0.00000000,0.888911448E-2,0.122824432E-1,1.00000000,296.000000,22.8500061,359.999847,1398.88232,-1000.00000,0.00000000,0.00000000,0.119999997,0.119999997,295.000000,0.712418258E-1,0.00000000,0.00000000,0.00000000,0.00000000,0.476610735E-1,0.349999994,0.119999997,0.949999988,6.38750029,0.226022243,0.449488638E-2,0.800000072,0.800000072,289.952759,-40.5576744,0.234896597E-4,58.7241478,7.50529003,0.00000000,0.00000000,0.00000000,257.502106,3.25000000,0.00000000,0.902294461E-2,0.00000000,0.00000000,0.894225948E-2,0.125239985E-1,1.00000000,296.000000,22.8500061,359.999664,1398.88232,-1000.00000,0.00000000,0.00000000,0.119999997,0.119999997,294.999878,0.712418258E-1,0.00000000
1,2,no_irrigation_cover,9,60.0000000,2,F,T,1,1,F,17,15,0.500000000,21,19,0,1004.50000,0.285714298,9.81000042,2500000.00,0.567051011E-7,3.00000000,2,4,1.00000000,0.00000000,290.000000,10.0000000,90.0000000,85.0000000,0.00000000,0.00000000,235.000000,110.000000,0.600000005E-2,0.499999989E-2,5.00000000,0.119999997,80.0000000,95000.0000,298.000000,0.800000038E-2,0.00000000,1.10000002,0.00000000,0.00000000,0.00000000,0.489365496E-1,0.349999994,0.119999997,0.949999988,6.38750029,0.226115018,0.449488638E-2,0.800000072,0.800000072,289.646393,-42.1017418,0.205916749E-4,51.4791870,7.50247097,0.00000000,0.00000000,0.00000000,322.808167,3.25000000,0.00000000,0.896883942E-2,0.00000000,0.00000000,0.888911448E-2,0.122824432E-1,1.00000000,296.000000,22.8500061,359.999847,1398.88232,-1000.00000,0.00000000,0.00000000,0.119999997,0.119999997,290.000000,0.712418258E-1,0.00000000,0.00000000,0.00000000,0.00000000,0.476610735E-1,0.349999994,0.119999997,0.949999988,6.38750029,0.226022243,0.449488638E-2,0.800000072,0.800000072,289.952759,-40.5576744,0.234896597E-4,58.7241478,7.50529003,0.00000000,0.00000000,0.00000000,257.502106,3.25000000,0.00000000,0.902294461E-2,0.00000000,0.00000000,0.894225948E-2,0.125239985E-1,1.00000000,296.000000,22.8500061,359.999664,1398.88232,-1000.00000,0.00000000,0.00000000,0.119999997,0.119999997,290.000000,0.712418258E-1,0.00000000
1,2,partial_land_area,1,60.0000000,2,F,T,1,1,F,17,15,0.500000000,21,19,0,1004.50000,0.285714298,9.81000042,2500000.00,0.567051011E-7,0.00000000,1,4,1.00000000,0.00000000,290.000000,10.0000000,90.0000000,85.0000000,0.00000000,0.00000000,350.000000,400.000000,0.199999996E-1,0.189999994E-1,19.0000000,0.799999982E-1,80.0000000,95000.0000,298.000000,0.800000038E-2,0.00000000,1.10000002,0.00000000,0.00000000,0.00000000,0.00000000,0.699999988,0.799999982E-1,0.949999988,4.91881275,0.225715682,0.170805659E-1,0.750999451E-1,0.750999451E-1,290.400574,-145.542679,0.124814615E-4,31.2036533,7.50149822,0.00000000,0.00000000,0.00000000,277.333191,3.25000000,0.00000000,0.910502486E-2,0.00000000,0.00000000,0.902287196E-2,0.128844120E-1,1.00000000,296.000000,22.8500061,400.106323,1398.88232,-1000.00000,0.00000000,0.00000000,0.137339860,0.119999997,290.400574,0.712418258E-1,0.00000000,0.00000000,0.00000000,0.00000000,0.00000000,0.699999988,0.799999982E-1,0.949999988,4.91881275,0.286732703,0.170805659E-1,0.750999451E-1,0.750999451E-1,290.964569,-134.741165,0.164608282E-4,41.1520691,7.50347328,0.00000000,0.00000000,0.00000000,222.167709,3.25000000,0.00000000,0.953813922E-2,0.00000000,0.00000000,0.944802258E-2,0.133515829E-1,1.00000000,296.000000,22.8500061,426.776825,1398.88232,-1000.00000,0.00000000,0.00000000,0.148839667,0.137339860,290.964569,0.905083418E-1,0.00000000
1,2,partial_land_area,2,60.0000000,2,F,T,1,1,F,17,15,0.500000000,21,19,0,1004.50000,0.285714298,9.81000042,2500000.00,0.567051011E-7,0.999999978E-2,1,4,1.00000000,0.00000000,290.000000,10.0000000,90.0000000,85.0000000,0.00000000,0.00000000,350.000000,400.000000,0.199999996E-1,0.189999994E-1,19.0000000,0.799999982E-1,80.0000000,95000.0000,298.000000,0.800000038E-2,0.00000000,1.10000002,0.00000000,0.00000000,0.00000000,0.00000000,0.699999988,0.799999982E-1,0.949999988,4.91881275,0.225715682,0.170805659E-1,0.750999451E-1,0.750999451E-1,290.400574,-145.542679,0.124814615E-4,31.2036533,7.50149822,0.00000000,0.00000000,0.00000000,277.333191,3.25000000,0.00000000,0.910502486E-2,0.00000000,0.00000000,0.902287196E-2,0.128844120E-1,1.00000000,296.000000,22.8500061,400.106323,1398.88232,-1000.00000,0.00000000,0.00000000,0.137437671,0.119999997,294.657562,0.712418258E-1,0.00000000,0.00000000,0.00000000,0.00000000,0.00000000,0.699999988,0.799999982E-1,0.949999988,4.91881275,0.286732703,0.170805659E-1,0.750999451E-1,0.750999451E-1,290.964569,-134.741165,0.164608282E-4,41.1520691,7.50347328,0.00000000,0.00000000,0.00000000,222.167709,3.25000000,0.00000000,0.953813922E-2,0.00000000,0.00000000,0.944802258E-2,0.133515829E-1,1.00000000,296.000000,22.8500061,426.776825,1398.88232,-1000.00000,0.00000000,0.00000000,0.149033695,0.137437671,294.063354,0.906170234E-1,0.00000000
1,2,partial_land_area,3,60.0000000,2,F,T,1,1,F,17,15,0.500000000,21,19,0,1004.50000,0.285714298,9.81000042,2500000.00,0.567051011E-7,0.399999991E-1,1,4,1.00000000,0.00000000,290.000000,10.0000000,90.0000000,85.0000000,0.00000000,0.00000000,350.000000,400.000000,0.199999996E-1,0.189999994E-1,19.0000000,0.799999982E-1,80.0000000,95000.0000,298.000000,0.800000038E-2,0.00000000,1.10000002,0.00000000,0.00000000,0.00000000,0.00000000,0.699999988,0.799999982E-1,0.949999988,4.91881275,0.225715682,0.170805659E-1,0.750999451E-1,0.750999451E-1,290.400574,-145.542679,0.124814615E-4,31.2036533,7.50149822,0.00000000,0.00000000,0.00000000,277.333191,3.25000000,0.00000000,0.910502486E-2,0.00000000,0.00000000,0.902287196E-2,0.128844120E-1,1.00000000,296.000000,22.8500061,400.106323,1398.88232,-1000.00000,0.00000000,0.00000000,0.137437701,0.119999997,294.995911,0.712418258E-1,0.00000000,0.00000000,0.00000000,0.00000000,0.00000000,0.699999988,0.799999982E-1,0.949999988,4.91881275,0.286732703,0.170805659E-1,0.750999451E-1,0.750999451E-1,290.964569,-134.741165,0.164608282E-4,41.1520691,7.50347328,0.00000000,0.00000000,0.00000000,222.167709,3.25000000,0.00000000,0.953813922E-2,0.00000000,0.00000000,0.944802258E-2,0.133515829E-1,1.00000000,296.000000,22.8500061,426.776825,1398.88232,-1000.00000,0.00000000,0.00000000,0.149033770,0.137437701,294.980164,0.906170532E-1,0.00000000
1,2,partial_land_area,4,60.0000000,2,F,T,1,1,F,17,15,0.500000000,21,19,0,1004.50000,0.285714298,9.81000042,2500000.00,0.567051011E-7,0.100000001,1,4,1.00000000,0.00000000,290.000000,10.0000000,90.0000000,85.0000000,0.00000000,0.00000000,350.000000,400.000000,0.199999996E-1,0.189999994E-1,19.0000000,0.799999982E-1,80.0000000,95000.0000,298.000000,0.800000038E-2,0.00000000,1.10000002,0.00000000,0.00000000,0.00000000,0.00000000,0.699999988,0.799999982E-1,0.949999988,4.91881275,0.225715682,0.170805659E-1,0.750999451E-1,0.750999451E-1,290.400574,-145.542679,0.124814615E-4,31.2036533,7.50149822,0.00000000,0.00000000,0.00000000,277.333191,3.25000000,0.00000000,0.910502486E-2,0.00000000,0.00000000,0.902287196E-2,0.128844120E-1,1.00000000,296.000000,22.8500061,400.106323,1398.88232,-1000.00000,0.00000000,0.00000000,0.137437716,0.119999997,295.000000,0.712418258E-1,0.00000000,0.00000000,0.00000000,0.00000000,0.00000000,0.699999988,0.799999982E-1,0.949999988,4.91881275,0.286732703,0.170805659E-1,0.750999451E-1,0.750999451E-1,290.964569,-134.741165,0.164608282E-4,41.1520691,7.50347328,0.00000000,0.00000000,0.00000000,222.167709,3.25000000,0.00000000,0.953813922E-2,0.00000000,0.00000000,0.944802258E-2,0.133515829E-1,1.00000000,296.000000,22.8500061,426.776825,1398.88232,-1000.00000,0.00000000,0.00000000,0.149033800,0.137437716,294.999939,0.906170681E-1,0.00000000
1,2,partial_land_area,5,60.0000000,2,F,T,1,1,F,17,15,0.500000000,21,19,0,1004.50000,0.285714298,9.81000042,2500000.00,0.567051011E-7,0.300000012,1,4,1.00000000,0.00000000,290.000000,10.0000000,90.0000000,85.0000000,0.00000000,0.00000000,350.000000,400.000000,0.199999996E-1,0.189999994E-1,19.0000000,0.799999982E-1,80.0000000,95000.0000,298.000000,0.800000038E-2,0.00000000,1.10000002,0.00000000,0.00000000,0.00000000,0.00000000,0.699999988,0.799999982E-1,0.949999988,4.91881275,0.225715682,0.170805659E-1,0.750999451E-1,0.750999451E-1,290.400574,-145.542679,0.124814615E-4,31.2036533,7.50149822,0.00000000,0.00000000,0.00000000,277.333191,3.25000000,0.00000000,0.910502486E-2,0.00000000,0.00000000,0.902287196E-2,0.128844120E-1,1.00000000,296.000000,22.8500061,400.106323,1398.88232,-1000.00000,0.00000000,0.00000000,0.137437731,0.119999997,295.000031,0.712418258E-1,0.00000000,0.00000000,0.00000000,0.00000000,0.00000000,0.699999988,0.799999982E-1,0.949999988,4.91881275,0.286732703,0.170805659E-1,0.750999451E-1,0.750999451E-1,290.964569,-134.741165,0.164608282E-4,41.1520691,7.50347328,0.00000000,0.00000000,0.00000000,222.167709,3.25000000,0.00000000,0.953813922E-2,0.00000000,0.00000000,0.944802258E-2,0.133515829E-1,1.00000000,296.000000,22.8500061,426.776825,1398.88232,-1000.00000,0.00000000,0.00000000,0.149033815,0.137437731,295.000031,0.906170905E-1,0.00000000
1,2,partial_land_area,6,60.0000000,2,F,T,1,1,F,17,15,0.500000000,21,19,0,1004.50000,0.285714298,9.81000042,2500000.00,0.567051011E-7,0.600000024,1,4,1.00000000,0.00000000,290.000000,10.0000000,90.0000000,85.0000000,0.00000000,0.00000000,350.000000,400.000000,0.199999996E-1,0.189999994E-1,19.0000000,0.799999982E-1,80.0000000,95000.0000,298.000000,0.800000038E-2,0.00000000,1.10000002,0.00000000,0.00000000,0.00000000,0.00000000,0.699999988,0.799999982E-1,0.949999988,4.91881275,0.225715682,0.170805659E-1,0.750999451E-1,0.750999451E-1,290.400574,-145.542679,0.124814615E-4,31.2036533,7.50149822,0.00000000,0.00000000,0.00000000,277.333191,3.25000000,0.00000000,0.910502486E-2,0.00000000,0.00000000,0.902287196E-2,0.128844120E-1,1.00000000,296.000000,22.8500061,400.106323,1398.88232,-1000.00000,0.00000000,0.00000000,0.137437731,0.119999997,295.000031,0.712418258E-1,0.00000000,0.00000000,0.00000000,0.00000000,0.00000000,0.699999988,0.799999982E-1,0.949999988,4.91881275,0.286732703,0.170805659E-1,0.750999451E-1,0.750999451E-1,290.964569,-134.741165,0.164608282E-4,41.1520691,7.50347328,0.00000000,0.00000000,0.00000000,222.167709,3.25000000,0.00000000,0.953813922E-2,0.00000000,0.00000000,0.944802258E-2,0.133515829E-1,1.00000000,296.000000,22.8500061,426.776825,1398.88232,-1000.00000,0.00000000,0.00000000,0.149033815,0.137437731,295.000000,0.906170905E-1,0.00000000
1,2,partial_land_area,7,60.0000000,2,F,T,1,1,F,17,15,0.500000000,21,19,0,1004.50000,0.285714298,9.81000042,2500000.00,0.567051011E-7,1.00000000,1,4,1.00000000,0.00000000,290.000000,10.0000000,90.0000000,85.0000000,0.00000000,0.00000000,350.000000,400.000000,0.199999996E-1,0.189999994E-1,19.0000000,0.799999982E-1,80.0000000,95000.0000,298.000000,0.800000038E-2,0.00000000,1.10000002,0.00000000,0.00000000,0.00000000,0.00000000,0.699999988,0.799999982E-1,0.949999988,4.91881275,0.225715682,0.170805659E-1,0.750999451E-1,0.750999451E-1,290.400574,-145.542679,0.124814615E-4,31.2036533,7.50149822,0.00000000,0.00000000,0.00000000,277.333191,3.25000000,0.00000000,0.910502486E-2,0.00000000,0.00000000,0.902287196E-2,0.128844120E-1,1.00000000,296.000000,22.8500061,400.106323,1398.88232,-1000.00000,0.00000000,0.00000000,0.137437731,0.119999997,295.000000,0.712418258E-1,0.00000000,0.00000000,0.00000000,0.00000000,0.00000000,0.699999988,0.799999982E-1,0.949999988,4.91881275,0.286732703,0.170805659E-1,0.750999451E-1,0.750999451E-1,290.964569,-134.741165,0.164608282E-4,41.1520691,7.50347328,0.00000000,0.00000000,0.00000000,222.167709,3.25000000,0.00000000,0.953813922E-2,0.00000000,0.00000000,0.944802258E-2,0.133515829E-1,1.00000000,296.000000,22.8500061,426.776825,1398.88232,-1000.00000,0.00000000,0.00000000,0.149033815,0.137437731,295.000000,0.906170905E-1,0.00000000
1,2,partial_land_area,8,60.0000000,2,F,T,1,1,F,17,15,0.500000000,21,19,0,1004.50000,0.285714298,9.81000042,2500000.00,0.567051011E-7,1.60000002,1,4,1.00000000,0.00000000,290.000000,10.0000000,90.0000000,85.0000000,0.00000000,0.00000000,350.000000,400.000000,0.199999996E-1,0.189999994E-1,19.0000000,0.799999982E-1,80.0000000,95000.0000,298.000000,0.800000038E-2,0.00000000,1.10000002,0.00000000,0.00000000,0.00000000,0.00000000,0.699999988,0.799999982E-1,0.949999988,4.91881275,0.225715682,0.170805659E-1,0.750999451E-1,0.750999451E-1,290.400574,-145.542679,0.124814615E-4,31.2036533,7.50149822,0.00000000,0.00000000,0.00000000,277.333191,3.25000000,0.00000000,0.910502486E-2,0.00000000,0.00000000,0.902287196E-2,0.128844120E-1,1.00000000,296.000000,22.8500061,400.106323,1398.88232,-1000.00000,0.00000000,0.00000000,0.137437731,0.119999997,295.000000,0.712418258E-1,0.00000000,0.00000000,0.00000000,0.00000000,0.00000000,0.699999988,0.799999982E-1,0.949999988,4.91881275,0.286732703,0.170805659E-1,0.750999451E-1,0.750999451E-1,290.964569,-134.741165,0.164608282E-4,41.1520691,7.50347328,0.00000000,0.00000000,0.00000000,222.167709,3.25000000,0.00000000,0.953813922E-2,0.00000000,0.00000000,0.944802258E-2,0.133515829E-1,1.00000000,296.000000,22.8500061,426.776825,1398.88232,-1000.00000,0.00000000,0.00000000,0.149033830,0.137437731,294.999847,0.906170905E-1,0.00000000
1,2,partial_land_area,9,60.0000000,2,F,T,1,1,F,17,15,0.500000000,21,19,0,1004.50000,0.285714298,9.81000042,2500000.00,0.567051011E-7,3.00000000,1,4,1.00000000,0.00000000,290.000000,10.0000000,90.0000000,85.0000000,0.00000000,0.00000000,350.000000,400.000000,0.199999996E-1,0.189999994E-1,19.0000000,0.799999982E-1,80.0000000,95000.0000,298.000000,0.800000038E-2,0.00000000,1.10000002,0.00000000,0.00000000,0.00000000,0.00000000,0.699999988,0.799999982E-1,0.949999988,4.91881275,0.225715682,0.170805659E-1,0.750999451E-1,0.750999451E-1,290.400574,-145.542679,0.124814615E-4,31.2036533,7.50149822,0.00000000,0.00000000,0.00000000,277.333191,3.25000000,0.00000000,0.910502486E-2,0.00000000,0.00000000,0.902287196E-2,0.128844120E-1,1.00000000,296.000000,22.8500061,400.106323,1398.88232,-1000.00000,0.00000000,0.00000000,0.119999997,0.119999997,290.000000,0.712418258E-1,0.00000000,0.00000000,0.00000000,0.00000000,0.00000000,0.699999988,0.799999982E-1,0.949999988,4.91881275,0.286732703,0.170805659E-1,0.750999451E-1,0.750999451E-1,290.964569,-134.741165,0.164608282E-4,41.1520691,7.50347328,0.00000000,0.00000000,0.00000000,222.167709,3.25000000,0.00000000,0.953813922E-2,0.00000000,0.00000000,0.944802258E-2,0.133515829E-1,1.00000000,296.000000,22.8500061,426.776825,1398.88232,-1000.00000,0.00000000,0.00000000,0.119999997,0.119999997,290.000000,0.712418258E-1,0.00000000
1,2,excess_land_area,1,60.0000000,2,F,T,1,1,F,17,15,0.500000000,21,19,0,1004.50000,0.285714298,9.81000042,2500000.00,0.567051011E-7,0.00000000,15,4,1.00000000,0.00000000,290.000000,10.0000000,90.0000000,85.0000000,0.00000000,0.00000000,215.000000,70.0000000,0.499999989E-2,0.400000019E-2,4.00000000,0.550000012,80.0000000,95000.0000,298.000000,0.800000038E-2,0.00000000,1.10000002,0.00000000,0.00000000,0.00000000,0.00000000,0.819999993,0.550000012,0.980000019,5.41069412,0.226139516,0.359590887E-2,0.294904172,0.294904172,289.591003,-33.9047165,0.232575371E-5,5.81438446,7.50027943,0.00000000,0.00000000,0.00000000,326.148285,3.25000000,0.00000000,0.895906519E-2,0.00000000,0.00000000,0.887951348E-2,0.122392429E-1,1.00000000,296.000000,22.8500061,390.690399,1398.88232,-1000.00000,0.00000000,0.00000000,0.158355892,0.119999997,289.591003,0.712418258E-1,0.00000000,0.00000000,0.00000000,0.00000000,0.00000000,0.819999993,0.550000012,0.980000019,5.41069412,0.361413479,0.359590887E-2,0.294904172,0.294904172,289.236053,-35.3358612,0.424573091E-5,10.6143274,7.50078869,0.00000000,0.00000000,0.00000000,358.831238,3.25000000,0.00000000,0.943378173E-2,0.00000000,0.00000000,0.934561715E-2,0.119654182E-1,1.00000000,296.000000,22.8500061,398.761932,1398.88232,-1000.00000,0.00000000,0.00000000,0.168438852,0.158355892,289.236053,0.113859490,0.00000000
1,2,excess_land_area,2,60.0000000,2,F,T,1,1,F,17,15,0.500000000,21,19,0,1004.50000,0.285714298,9.81000042,2500000.00,0.567051011E-7,0.999999978E-2,15,4,1.00000000,0.00000000,290.000000,10.0000000,90.0000000,85.0000000,0.00000000,0.00000000,215.000000,70.0000000,0.499999989E-2,0.400000019E-2,4.00000000,0.550000012,80.0000000,95000.0000,298.000000,0.800000038E-2,0.00000000,1.10000002,0.00000000,0.00000000,0.00000000,0.00000000,0.819999993,0.550000012,0.980000019,5.41069412,0.226139516,0.359590887E-2,0.294904172,0.294904172,289.591003,-33.9047165,0.232575371E-5,5.81438446,7.50027943,0.00000000,0.00000000,0.00000000,326.148285,3.25000000,0.00000000,0.895906519E-2,0.00000000,0.00000000,0.887951348E-2,0.122392429E-1,1.00000000,296.000000,22.8500061,390.690399,1398.88232,-1000.00000,0.00000000,0.00000000,0.158363014,0.119999997,294.597290,0.712418258E-1,0.00000000,0.00000000,0.00000000,0.00000000,0.00000000,0.819999993,0.550000012,0.980000019,5.41069412,0.361413479,0.359590887E-2,0.294904172,0.294904172,289.236053,-35.3358612,0.424573091E-5,10.6143274,7.50078869,0.00000000,0.00000000,0.00000000,358.831238,3.25000000,0.00000000,0.943378173E-2,0.00000000,0.00000000,0.934561715E-2,0.119654182E-1,1.00000000,296.000000,22.8500061,398.761932,1398.88232,-1000.00000,0.00000000,0.00000000,0.168452471,0.158363014,293.803192,0.113867402,0.00000000
1,2,excess_land_area,3,60.0000000,2,F,T,1,1,F,17,15,0.500000000,21,19,0,1004.50000,0.285714298,9.81000042,2500000.00,0.567051011E-7,0.399999991E-1,15,4,1.00000000,0.00000000,290.000000,10.0000000,90.0000000,85.0000000,0.00000000,0.00000000,215.000000,70.0000000,0.499999989E-2,0.400000019E-2,4.00000000,0.550000012,80.0000000,95000.0000,298.000000,0.800000038E-2,0.00000000,1.10000002,0.00000000,0.00000000,0.00000000,0.00000000,0.819999993,0.550000012,0.980000019,5.41069412,0.226139516,0.359590887E-2,0.294904172,0.294904172,289.591003,-33.9047165,0.232575371E-5,5.81438446,7.50027943,0.00000000,0.00000000,0.00000000,326.148285,3.25000000,0.00000000,0.895906519E-2,0.00000000,0.00000000,0.887951348E-2,0.122392429E-1,1.00000000,296.000000,22.8500061,390.690399,1398.88232,-1000.00000,0.00000000,0.00000000,0.158363014,0.119999997,294.995178,0.712418258E-1,0.00000000,0.00000000,0.00000000,0.00000000,0.00000000,0.819999993,0.550000012,0.980000019,5.41069412,0.361413479,0.359590887E-2,0.294904172,0.294904172,289.236053,-35.3358612,0.424573091E-5,10.6143274,7.50078869,0.00000000,0.00000000,0.00000000,358.831238,3.25000000,0.00000000,0.943378173E-2,0.00000000,0.00000000,0.934561715E-2,0.119654182E-1,1.00000000,296.000000,22.8500061,398.761932,1398.88232,-1000.00000,0.00000000,0.00000000,0.168452471,0.158363014,294.974945,0.113867402,0.00000000
1,2,excess_land_area,4,60.0000000,2,F,T,1,1,F,17,15,0.500000000,21,19,0,1004.50000,0.285714298,9.81000042,2500000.00,0.567051011E-7,0.100000001,15,4,1.00000000,0.00000000,290.000000,10.0000000,90.0000000,85.0000000,0.00000000,0.00000000,215.000000,70.0000000,0.499999989E-2,0.400000019E-2,4.00000000,0.550000012,80.0000000,95000.0000,298.000000,0.800000038E-2,0.00000000,1.10000002,0.00000000,0.00000000,0.00000000,0.00000000,0.819999993,0.550000012,0.980000019,5.41069412,0.226139516,0.359590887E-2,0.294904172,0.294904172,289.591003,-33.9047165,0.232575371E-5,5.81438446,7.50027943,0.00000000,0.00000000,0.00000000,326.148285,3.25000000,0.00000000,0.895906519E-2,0.00000000,0.00000000,0.887951348E-2,0.122392429E-1,1.00000000,296.000000,22.8500061,390.690399,1398.88232,-1000.00000,0.00000000,0.00000000,0.158363014,0.119999997,295.000000,0.712418258E-1,0.00000000,0.00000000,0.00000000,0.00000000,0.00000000,0.819999993,0.550000012,0.980000019,5.41069412,0.361413479,0.359590887E-2,0.294904172,0.294904172,289.236053,-35.3358612,0.424573091E-5,10.6143274,7.50078869,0.00000000,0.00000000,0.00000000,358.831238,3.25000000,0.00000000,0.943378173E-2,0.00000000,0.00000000,0.934561715E-2,0.119654182E-1,1.00000000,296.000000,22.8500061,398.761932,1398.88232,-1000.00000,0.00000000,0.00000000,0.168452471,0.158363014,294.999939,0.113867402,0.00000000
1,2,excess_land_area,5,60.0000000,2,F,T,1,1,F,17,15,0.500000000,21,19,0,1004.50000,0.285714298,9.81000042,2500000.00,0.567051011E-7,0.300000012,15,4,1.00000000,0.00000000,290.000000,10.0000000,90.0000000,85.0000000,0.00000000,0.00000000,215.000000,70.0000000,0.499999989E-2,0.400000019E-2,4.00000000,0.550000012,80.0000000,95000.0000,298.000000,0.800000038E-2,0.00000000,1.10000002,0.00000000,0.00000000,0.00000000,0.00000000,0.819999993,0.550000012,0.980000019,5.41069412,0.226139516,0.359590887E-2,0.294904172,0.294904172,289.591003,-33.9047165,0.232575371E-5,5.81438446,7.50027943,0.00000000,0.00000000,0.00000000,326.148285,3.25000000,0.00000000,0.895906519E-2,0.00000000,0.00000000,0.887951348E-2,0.122392429E-1,1.00000000,296.000000,22.8500061,390.690399,1398.88232,-1000.00000,0.00000000,0.00000000,0.158363014,0.119999997,295.000031,0.712418258E-1,0.00000000,0.00000000,0.00000000,0.00000000,0.00000000,0.819999993,0.550000012,0.980000019,5.41069412,0.361413479,0.359590887E-2,0.294904172,0.294904172,289.236053,-35.3358612,0.424573091E-5,10.6143274,7.50078869,0.00000000,0.00000000,0.00000000,358.831238,3.25000000,0.00000000,0.943378173E-2,0.00000000,0.00000000,0.934561715E-2,0.119654182E-1,1.00000000,296.000000,22.8500061,398.761932,1398.88232,-1000.00000,0.00000000,0.00000000,0.168452471,0.158363014,295.000000,0.113867402,0.00000000
1,2,excess_land_area,6,60.0000000,2,F,T,1,1,F,17,15,0.500000000,21,19,0,1004.50000,0.285714298,9.81000042,2500000.00,0.567051011E-7,0.600000024,15,4,1.00000000,0.00000000,290.000000,10.0000000,90.0000000,85.0000000,0.00000000,0.00000000,215.000000,70.0000000,0.499999989E-2,0.400000019E-2,4.00000000,0.550000012,80.0000000,95000.0000,298.000000,0.800000038E-2,0.00000000,1.10000002,0.00000000,0.00000000,0.00000000,0.00000000,0.819999993,0.550000012,0.980000019,5.41069412,0.226139516,0.359590887E-2,0.294904172,0.294904172,289.591003,-33.9047165,0.232575371E-5,5.81438446,7.50027943,0.00000000,0.00000000,0.00000000,326.148285,3.25000000,0.00000000,0.895906519E-2,0.00000000,0.00000000,0.887951348E-2,0.122392429E-1,1.00000000,296.000000,22.8500061,390.690399,1398.88232,-1000.00000,0.00000000,0.00000000,0.158363014,0.119999997,295.000031,0.712418258E-1,0.00000000,0.00000000,0.00000000,0.00000000,0.00000000,0.819999993,0.550000012,0.980000019,5.41069412,0.361413479,0.359590887E-2,0.294904172,0.294904172,289.236053,-35.3358612,0.424573091E-5,10.6143274,7.50078869,0.00000000,0.00000000,0.00000000,358.831238,3.25000000,0.00000000,0.943378173E-2,0.00000000,0.00000000,0.934561715E-2,0.119654182E-1,1.00000000,296.000000,22.8500061,398.761932,1398.88232,-1000.00000,0.00000000,0.00000000,0.168452471,0.158363014,295.000031,0.113867402,0.00000000
1,2,excess_land_area,7,60.0000000,2,F,T,1,1,F,17,15,0.500000000,21,19,0,1004.50000,0.285714298,9.81000042,2500000.00,0.567051011E-7,1.00000000,15,4,1.00000000,0.00000000,290.000000,10.0000000,90.0000000,85.0000000,0.00000000,0.00000000,215.000000,70.0000000,0.499999989E-2,0.400000019E-2,4.00000000,0.550000012,80.0000000,95000.0000,298.000000,0.800000038E-2,0.00000000,1.10000002,0.00000000,0.00000000,0.00000000,0.00000000,0.819999993,0.550000012,0.980000019,5.41069412,0.226139516,0.359590887E-2,0.294904172,0.294904172,289.591003,-33.9047165,0.232575371E-5,5.81438446,7.50027943,0.00000000,0.00000000,0.00000000,326.148285,3.25000000,0.00000000,0.895906519E-2,0.00000000,0.00000000,0.887951348E-2,0.122392429E-1,1.00000000,296.000000,22.8500061,390.690399,1398.88232,-1000.00000,0.00000000,0.00000000,0.119999997,0.119999997,295.000000,0.712418258E-1,0.00000000,0.00000000,0.00000000,0.00000000,0.00000000,0.819999993,0.550000012,0.980000019,5.41069412,0.361413479,0.359590887E-2,0.294904172,0.294904172,289.236053,-35.3358612,0.424573091E-5,10.6143274,7.50078869,0.00000000,0.00000000,0.00000000,358.831238,3.25000000,0.00000000,0.943378173E-2,0.00000000,0.00000000,0.934561715E-2,0.119654182E-1,1.00000000,296.000000,22.8500061,398.761932,1398.88232,-1000.00000,0.00000000,0.00000000,0.120000005,0.119999997,294.999969,0.712418258E-1,0.00000000
1,2,excess_land_area,8,60.0000000,2,F,T,1,1,F,17,15,0.500000000,21,19,0,1004.50000,0.285714298,9.81000042,2500000.00,0.567051011E-7,1.60000002,15,4,1.00000000,0.00000000,290.000000,10.0000000,90.0000000,85.0000000,0.00000000,0.00000000,215.000000,70.0000000,0.499999989E-2,0.400000019E-2,4.00000000,0.550000012,80.0000000,95000.0000,298.000000,0.800000038E-2,0.00000000,1.10000002,0.00000000,0.00000000,0.00000000,0.00000000,0.819999993,0.550000012,0.980000019,5.41069412,0.226139516,0.359590887E-2,0.294904172,0.294904172,289.591003,-33.9047165,0.232575371E-5,5.81438446,7.50027943,0.00000000,0.00000000,0.00000000,326.148285,3.25000000,0.00000000,0.895906519E-2,0.00000000,0.00000000,0.887951348E-2,0.122392429E-1,1.00000000,296.000000,22.8500061,390.690399,1398.88232,-1000.00000,0.00000000,0.00000000,0.119999997,0.119999997,295.000000,0.712418258E-1,0.00000000,0.00000000,0.00000000,0.00000000,0.00000000,0.819999993,0.550000012,0.980000019,5.41069412,0.361413479,0.359590887E-2,0.294904172,0.294904172,289.236053,-35.3358612,0.424573091E-5,10.6143274,7.50078869,0.00000000,0.00000000,0.00000000,358.831238,3.25000000,0.00000000,0.943378173E-2,0.00000000,0.00000000,0.934561715E-2,0.119654182E-1,1.00000000,296.000000,22.8500061,398.761932,1398.88232,-1000.00000,0.00000000,0.00000000,0.119999997,0.119999997,294.999878,0.712418258E-1,0.00000000
1,2,excess_land_area,9,60.0000000,2,F,T,1,1,F,17,15,0.500000000,21,19,0,1004.50000,0.285714298,9.81000042,2500000.00,0.567051011E-7,3.00000000,15,4,1.00000000,0.00000000,290.000000,10.0000000,90.0000000,85.0000000,0.00000000,0.00000000,215.000000,70.0000000,0.499999989E-2,0.400000019E-2,4.00000000,0.550000012,80.0000000,95000.0000,298.000000,0.800000038E-2,0.00000000,1.10000002,0.00000000,0.00000000,0.00000000,0.00000000,0.819999993,0.550000012,0.980000019,5.41069412,0.226139516,0.359590887E-2,0.294904172,0.294904172,289.591003,-33.9047165,0.232575371E-5,5.81438446,7.50027943,0.00000000,0.00000000,0.00000000,326.148285,3.25000000,0.00000000,0.895906519E-2,0.00000000,0.00000000,0.887951348E-2,0.122392429E-1,1.00000000,296.000000,22.8500061,390.690399,1398.88232,-1000.00000,0.00000000,0.00000000,0.119999997,0.119999997,290.000000,0.712418258E-1,0.00000000,0.00000000,0.00000000,0.00000000,0.00000000,0.819999993,0.550000012,0.980000019,5.41069412,0.361413479,0.359590887E-2,0.294904172,0.294904172,289.236053,-35.3358612,0.424573091E-5,10.6143274,7.50078869,0.00000000,0.00000000,0.00000000,358.831238,3.25000000,0.00000000,0.943378173E-2,0.00000000,0.00000000,0.934561715E-2,0.119654182E-1,1.00000000,296.000000,22.8500061,398.761932,1398.88232,-1000.00000,0.00000000,0.00000000,0.119999997,0.119999997,290.000000,0.712418258E-1,0.00000000
1,2,water_soil_fallback,1,60.0000000,2,F,T,1,1,F,17,15,0.500000000,21,19,0,1004.50000,0.285714298,9.81000042,2500000.00,0.567051011E-7,0.00000000,15,4,1.00000000,0.00000000,290.000000,10.0000000,90.0000000,85.0000000,0.00000000,0.00000000,225.000000,95.0000000,0.700000022E-2,0.600000005E-2,6.00000000,0.550000012,80.0000000,95000.0000,298.000000,0.800000038E-2,0.00000000,1.10000002,0.00000000,0.00000000,0.00000000,0.00000000,0.819999993,0.550000012,0.980000019,4.91881275,0.256681085,0.539386366E-2,0.256850690,0.256850690,285.006989,-78.5809174,0.101679279E-5,2.54198194,7.50012207,0.00000000,0.00000000,0.00000000,574.455078,3.25000000,0.00000000,0.828073546E-2,0.00000000,0.00000000,0.821272749E-2,0.909356028E-2,1.00000000,296.000000,22.8500061,379.992798,1455.00000,-1000.00000,0.00000000,0.00000000,0.144987106,0.119999997,285.006989,0.955555439E-1,0.00000000,0.00000000,0.00000000,0.00000000,0.00000000,0.819999993,0.550000012,0.980000019,4.91881275,0.331254870,0.539386366E-2,0.256850690,0.256850690,285.712036,-74.3168335,0.163057859E-5,4.07644653,7.50031757,0.00000000,0.00000000,0.00000000,515.070435,3.25000000,0.00000000,0.850536861E-2,0.00000000,0.00000000,0.843363721E-2,0.952538755E-2,1.00000000,296.000000,22.8500061,386.590424,1455.00000,-1000.00000,0.00000000,0.00000000,0.153231233,0.144987106,285.712036,0.123319000,0.00000000
1,2,water_soil_fallback,2,60.0000000,2,F,T,1,1,F,17,15,0.500000000,21,19,0,1004.50000,0.285714298,9.81000042,2500000.00,0.567051011E-7,0.999999978E-2,15,4,1.00000000,0.00000000,290.000000,10.0000000,90.0000000,85.0000000,0.00000000,0.00000000,225.000000,95.0000000,0.700000022E-2,0.600000005E-2,6.00000000,0.550000012,80.0000000,95000.0000,298.000000,0.800000038E-2,0.00000000,1.10000002,0.00000000,0.00000000,0.00000000,0.00000000,0.819999993,0.550000012,0.980000019,4.91881275,0.256681085,0.539386366E-2,0.256850690,0.256850690,285.006989,-78.5809174,0.101679279E-5,2.54198194,7.50012207,0.00000000,0.00000000,0.00000000,574.455078,3.25000000,0.00000000,0.828073546E-2,0.00000000,0.00000000,0.821272749E-2,0.909356028E-2,1.00000000,296.000000,22.8500061,379.992798,1455.00000,-1000.00000,0.00000000,0.00000000,0.144991010,0.119999997,294.274078,0.955555439E-1,0.00000000,0.00000000,0.00000000,0.00000000,0.00000000,0.819999993,0.550000012,0.980000019,4.91881275,0.331254870,0.539386366E-2,0.256850690,0.256850690,285.712036,-74.3168335,0.163057859E-5,4.07644653,7.50031757,0.00000000,0.00000000,0.00000000,515.070435,3.25000000,0.00000000,0.850536861E-2,0.00000000,0.00000000,0.843363721E-2,0.952538755E-2,1.00000000,296.000000,22.8500061,386.590424,1455.00000,-1000.00000,0.00000000,0.00000000,0.153238028,0.144991010,292.954102,0.123323336,0.00000000
1,2,water_soil_fallback,3,60.0000000,2,F,T,1,1,F,17,15,0.500000000,21,19,0,1004.50000,0.285714298,9.81000042,2500000.00,0.567051011E-7,0.399999991E-1,15,4,1.00000000,0.00000000,290.000000,10.0000000,90.0000000,85.0000000,0.00000000,0.00000000,225.000000,95.0000000,0.700000022E-2,0.600000005E-2,6.00000000,0.550000012,80.0000000,95000.0000,298.000000,0.800000038E-2,0.00000000,1.10000002,0.00000000,0.00000000,0.00000000,0.00000000,0.819999993,0.550000012,0.980000019,4.91881275,0.256681085,0.539386366E-2,0.256850690,0.256850690,285.006989,-78.5809174,0.101679279E-5,2.54198194,7.50012207,0.00000000,0.00000000,0.00000000,574.455078,3.25000000,0.00000000,0.828073546E-2,0.00000000,0.00000000,0.821272749E-2,0.909356028E-2,1.00000000,296.000000,22.8500061,379.992798,1455.00000,-1000.00000,0.00000000,0.00000000,0.144991010,0.119999997,294.991547,0.955555439E-1,0.00000000,0.00000000,0.00000000,0.00000000,0.00000000,0.819999993,0.550000012,0.980000019,4.91881275,0.331254870,0.539386366E-2,0.256850690,0.256850690,285.712036,-74.3168335,0.163057859E-5,4.07644653,7.50031757,0.00000000,0.00000000,0.00000000,515.070435,3.25000000,0.00000000,0.850536861E-2,0.00000000,0.00000000,0.843363721E-2,0.952538755E-2,1.00000000,296.000000,22.8500061,386.590424,1455.00000,-1000.00000,0.00000000,0.00000000,0.153238028,0.144991010,294.957764,0.123323336,0.00000000
1,2,water_soil_fallback,4,60.0000000,2,F,T,1,1,F,17,15,0.500000000,21,19,0,1004.50000,0.285714298,9.81000042,2500000.00,0.567051011E-7,0.100000001,15,4,1.00000000,0.00000000,290.000000,10.0000000,90.0000000,85.0000000,0.00000000,0.00000000,225.000000,95.0000000,0.700000022E-2,0.600000005E-2,6.00000000,0.550000012,80.0000000,95000.0000,298.000000,0.800000038E-2,0.00000000,1.10000002,0.00000000,0.00000000,0.00000000,0.00000000,0.819999993,0.550000012,0.980000019,4.91881275,0.256681085,0.539386366E-2,0.256850690,0.256850690,285.006989,-78.5809174,0.101679279E-5,2.54198194,7.50012207,0.00000000,0.00000000,0.00000000,574.455078,3.25000000,0.00000000,0.828073546E-2,0.00000000,0.00000000,0.821272749E-2,0.909356028E-2,1.00000000,296.000000,22.8500061,379.992798,1455.00000,-1000.00000,0.00000000,0.00000000,0.144991010,0.119999997,295.000031,0.955555439E-1,0.00000000,0.00000000,0.00000000,0.00000000,0.00000000,0.819999993,0.550000012,0.980000019,4.91881275,0.331254870,0.539386366E-2,0.256850690,0.256850690,285.712036,-74.3168335,0.163057859E-5,4.07644653,7.50031757,0.00000000,0.00000000,0.00000000,515.070435,3.25000000,0.00000000,0.850536861E-2,0.00000000,0.00000000,0.843363721E-2,0.952538755E-2,1.00000000,296.000000,22.8500061,386.590424,1455.00000,-1000.00000,0.00000000,0.00000000,0.153238028,0.144991010,294.999908,0.123323336,0.00000000
1,2,water_soil_fallback,5,60.0000000,2,F,T,1,1,F,17,15,0.500000000,21,19,0,1004.50000,0.285714298,9.81000042,2500000.00,0.567051011E-7,0.300000012,15,4,1.00000000,0.00000000,290.000000,10.0000000,90.0000000,85.0000000,0.00000000,0.00000000,225.000000,95.0000000,0.700000022E-2,0.600000005E-2,6.00000000,0.550000012,80.0000000,95000.0000,298.000000,0.800000038E-2,0.00000000,1.10000002,0.00000000,0.00000000,0.00000000,0.00000000,0.819999993,0.550000012,0.980000019,4.91881275,0.256681085,0.539386366E-2,0.256850690,0.256850690,285.006989,-78.5809174,0.101679279E-5,2.54198194,7.50012207,0.00000000,0.00000000,0.00000000,574.455078,3.25000000,0.00000000,0.828073546E-2,0.00000000,0.00000000,0.821272749E-2,0.909356028E-2,1.00000000,296.000000,22.8500061,379.992798,1455.00000,-1000.00000,0.00000000,0.00000000,0.144991010,0.119999997,294.999969,0.955555439E-1,0.00000000,0.00000000,0.00000000,0.00000000,0.00000000,0.819999993,0.550000012,0.980000019,4.91881275,0.331254870,0.539386366E-2,0.256850690,0.256850690,285.712036,-74.3168335,0.163057859E-5,4.07644653,7.50031757,0.00000000,0.00000000,0.00000000,515.070435,3.25000000,0.00000000,0.850536861E-2,0.00000000,0.00000000,0.843363721E-2,0.952538755E-2,1.00000000,296.000000,22.8500061,386.590424,1455.00000,-1000.00000,0.00000000,0.00000000,0.153238028,0.144991010,294.999969,0.123323336,0.00000000
1,2,water_soil_fallback,6,60.0000000,2,F,T,1,1,F,17,15,0.500000000,21,19,0,1004.50000,0.285714298,9.81000042,2500000.00,0.567051011E-7,0.600000024,15,4,1.00000000,0.00000000,290.000000,10.0000000,90.0000000,85.0000000,0.00000000,0.00000000,225.000000,95.0000000,0.700000022E-2,0.600000005E-2,6.00000000,0.550000012,80.0000000,95000.0000,298.000000,0.800000038E-2,0.00000000,1.10000002,0.00000000,0.00000000,0.00000000,0.00000000,0.819999993,0.550000012,0.980000019,4.91881275,0.256681085,0.539386366E-2,0.256850690,0.256850690,285.006989,-78.5809174,0.101679279E-5,2.54198194,7.50012207,0.00000000,0.00000000,0.00000000,574.455078,3.25000000,0.00000000,0.828073546E-2,0.00000000,0.00000000,0.821272749E-2,0.909356028E-2,1.00000000,296.000000,22.8500061,379.992798,1455.00000,-1000.00000,0.00000000,0.00000000,0.144991010,0.119999997,294.999969,0.955555439E-1,0.00000000,0.00000000,0.00000000,0.00000000,0.00000000,0.819999993,0.550000012,0.980000019,4.91881275,0.331254870,0.539386366E-2,0.256850690,0.256850690,285.712036,-74.3168335,0.163057859E-5,4.07644653,7.50031757,0.00000000,0.00000000,0.00000000,515.070435,3.25000000,0.00000000,0.850536861E-2,0.00000000,0.00000000,0.843363721E-2,0.952538755E-2,1.00000000,296.000000,22.8500061,386.590424,1455.00000,-1000.00000,0.00000000,0.00000000,0.153238028,0.144991010,294.999939,0.123323336,0.00000000
1,2,water_soil_fallback,7,60.0000000,2,F,T,1,1,F,17,15,0.500000000,21,19,0,1004.50000,0.285714298,9.81000042,2500000.00,0.567051011E-7,1.00000000,15,4,1.00000000,0.00000000,290.000000,10.0000000,90.0000000,85.0000000,0.00000000,0.00000000,225.000000,95.0000000,0.700000022E-2,0.600000005E-2,6.00000000,0.550000012,80.0000000,95000.0000,298.000000,0.800000038E-2,0.00000000,1.10000002,0.00000000,0.00000000,0.00000000,0.00000000,0.819999993,0.550000012,0.980000019,4.91881275,0.256681085,0.539386366E-2,0.256850690,0.256850690,285.006989,-78.5809174,0.101679279E-5,2.54198194,7.50012207,0.00000000,0.00000000,0.00000000,574.455078,3.25000000,0.00000000,0.828073546E-2,0.00000000,0.00000000,0.821272749E-2,0.909356028E-2,1.00000000,296.000000,22.8500061,379.992798,1455.00000,-1000.00000,0.00000000,0.00000000,0.119999990,0.119999990,295.000000,0.955555439E-1,0.00000000,0.00000000,0.00000000,0.00000000,0.00000000,0.819999993,0.550000012,0.980000019,4.91881275,0.331254870,0.539386366E-2,0.256850690,0.256850690,285.712036,-74.3168335,0.163057859E-5,4.07644653,7.50031757,0.00000000,0.00000000,0.00000000,515.070435,3.25000000,0.00000000,0.850536861E-2,0.00000000,0.00000000,0.843363721E-2,0.952538755E-2,1.00000000,296.000000,22.8500061,386.590424,1455.00000,-1000.00000,0.00000000,0.00000000,0.120000020,0.119999990,295.000000,0.955555364E-1,0.00000000
1,2,water_soil_fallback,8,60.0000000,2,F,T,1,1,F,17,15,0.500000000,21,19,0,1004.50000,0.285714298,9.81000042,2500000.00,0.567051011E-7,1.60000002,15,4,1.00000000,0.00000000,290.000000,10.0000000,90.0000000,85.0000000,0.00000000,0.00000000,225.000000,95.0000000,0.700000022E-2,0.600000005E-2,6.00000000,0.550000012,80.0000000,95000.0000,298.000000,0.800000038E-2,0.00000000,1.10000002,0.00000000,0.00000000,0.00000000,0.00000000,0.819999993,0.550000012,0.980000019,4.91881275,0.256681085,0.539386366E-2,0.256850690,0.256850690,285.006989,-78.5809174,0.101679279E-5,2.54198194,7.50012207,0.00000000,0.00000000,0.00000000,574.455078,3.25000000,0.00000000,0.828073546E-2,0.00000000,0.00000000,0.821272749E-2,0.909356028E-2,1.00000000,296.000000,22.8500061,379.992798,1455.00000,-1000.00000,0.00000000,0.00000000,0.119999997,0.119999997,295.000000,0.955555439E-1,0.00000000,0.00000000,0.00000000,0.00000000,0.00000000,0.819999993,0.550000012,0.980000019,4.91881275,0.331254870,0.539386366E-2,0.256850690,0.256850690,285.712036,-74.3168335,0.163057859E-5,4.07644653,7.50031757,0.00000000,0.00000000,0.00000000,515.070435,3.25000000,0.00000000,0.850536861E-2,0.00000000,0.00000000,0.843363721E-2,0.952538755E-2,1.00000000,296.000000,22.8500061,386.590424,1455.00000,-1000.00000,0.00000000,0.00000000,0.119999997,0.119999997,294.999878,0.955555439E-1,0.00000000
1,2,water_soil_fallback,9,60.0000000,2,F,T,1,1,F,17,15,0.500000000,21,19,0,1004.50000,0.285714298,9.81000042,2500000.00,0.567051011E-7,3.00000000,15,4,1.00000000,0.00000000,290.000000,10.0000000,90.0000000,85.0000000,0.00000000,0.00000000,225.000000,95.0000000,0.700000022E-2,0.600000005E-2,6.00000000,0.550000012,80.0000000,95000.0000,298.000000,0.800000038E-2,0.00000000,1.10000002,0.00000000,0.00000000,0.00000000,0.00000000,0.819999993,0.550000012,0.980000019,4.91881275,0.256681085,0.539386366E-2,0.256850690,0.256850690,285.006989,-78.5809174,0.101679279E-5,2.54198194,7.50012207,0.00000000,0.00000000,0.00000000,574.455078,3.25000000,0.00000000,0.828073546E-2,0.00000000,0.00000000,0.821272749E-2,0.909356028E-2,1.00000000,296.000000,22.8500061,379.992798,1455.00000,-1000.00000,0.00000000,0.00000000,0.119999997,0.119999997,290.000000,0.955555439E-1,0.00000000,0.00000000,0.00000000,0.00000000,0.00000000,0.819999993,0.550000012,0.980000019,4.91881275,0.331254870,0.539386366E-2,0.256850690,0.256850690,285.712036,-74.3168335,0.163057859E-5,4.07644653,7.50031757,0.00000000,0.00000000,0.00000000,515.070435,3.25000000,0.00000000,0.850536861E-2,0.00000000,0.00000000,0.843363721E-2,0.952538755E-2,1.00000000,296.000000,22.8500061,386.590424,1455.00000,-1000.00000,0.00000000,0.00000000,0.119999997,0.119999997,290.000000,0.955555439E-1,0.00000000
1,2,excess_soil_area,1,60.0000000,2,F,T,1,1,F,17,15,0.500000000,21,19,0,1004.50000,0.285714298,9.81000042,2500000.00,0.567051011E-7,0.00000000,16,4,1.00000000,0.00000000,290.000000,10.0000000,90.0000000,85.0000000,0.00000000,0.00000000,355.000000,610.000000,0.179999992E-1,0.170000009E-1,17.0000000,0.250000000,80.0000000,95000.0000,298.000000,0.800000038E-2,0.00000000,1.10000002,0.00000000,0.00000000,0.00000000,0.00000000,0.750000000,0.250000000,0.850000024,4.91881275,0.225640237,0.152826132E-1,0.256850690,0.256850690,291.978485,-103.183609,0.145230888E-4,36.3077202,7.50174236,0.00000000,0.00000000,0.00000000,182.188217,3.25000000,0.00000000,0.940914080E-2,0.00000000,0.00000000,0.932143349E-2,0.142286560E-1,1.00000000,296.000000,22.8500061,387.900055,1398.88232,-1000.00000,0.00000000,0.00000000,0.154819846,0.119999997,291.978485,0.712418258E-1,0.00000000,0.00000000,0.00000000,0.00000000,0.00000000,0.750000000,0.250000000,0.850000024,4.91881275,0.348080188,0.152826132E-1,0.256850690,0.256850690,292.071167,-101.595428,0.245815809E-4,61.4539528,7.50469208,0.00000000,0.00000000,0.00000000,176.992249,3.25000000,0.00000000,0.102032488E-1,0.00000000,0.00000000,0.101001943E-1,0.143113229E-1,1.00000000,296.000000,22.8500061,397.106934,1398.88232,-1000.00000,0.00000000,0.00000000,0.166271150,0.154819846,292.071167,0.109930545,0.00000000
1,2,excess_soil_area,2,60.0000000,2,F,T,1,1,F,17,15,0.500000000,21,19,0,1004.50000,0.285714298,9.81000042,2500000.00,0.567051011E-7,0.999999978E-2,16,4,1.00000000,0.00000000,290.000000,10.0000000,90.0000000,85.0000000,0.00000000,0.00000000,355.000000,610.000000,0.179999992E-1,0.170000009E-1,17.0000000,0.250000000,80.0000000,95000.0000,298.000000,0.800000038E-2,0.00000000,1.10000002,0.00000000,0.00000000,0.00000000,0.00000000,0.750000000,0.250000000,0.850000024,4.91881275,0.225640237,0.152826132E-1,0.256850690,0.256850690,291.978485,-103.183609,0.145230888E-4,36.3077202,7.50174236,0.00000000,0.00000000,0.00000000,182.188217,3.25000000,0.00000000,0.940914080E-2,0.00000000,0.00000000,0.932143349E-2,0.142286560E-1,1.00000000,296.000000,22.8500061,387.900055,1398.88232,-1000.00000,0.00000000,0.00000000,0.154875383,0.119999997,294.775024,0.712418258E-1,0.00000000,0.00000000,0.00000000,0.00000000,0.00000000,0.750000000,0.250000000,0.850000024,4.91881275,0.348080188,0.152826132E-1,0.256850690,0.256850690,292.071167,-101.595428,0.245815809E-4,61.4539528,7.50469208,0.00000000,0.00000000,0.00000000,176.992249,3.25000000,0.00000000,0.102032488E-1,0.00000000,0.00000000,0.101001943E-1,0.143113229E-1,1.00000000,296.000000,22.8500061,397.106934,1398.88232,-1000.00000,0.00000000,0.00000000,0.166384190,0.154875383,294.355438,0.109992258,0.00000000
1,2,excess_soil_area,3,60.0000000,2,F,T,1,1,F,17,15,0.500000000,21,19,0,1004.50000,0.285714298,9.81000042,2500000.00,0.567051011E-7,0.399999991E-1,16,4,1.00000000,0.00000000,290.000000,10.0000000,90.0000000,85.0000000,0.00000000,0.00000000,355.000000,610.000000,0.179999992E-1,0.170000009E-1,17.0000000,0.250000000,80.0000000,95000.0000,298.000000,0.800000038E-2,0.00000000,1.10000002,0.00000000,0.00000000,0.00000000,0.00000000,0.750000000,0.250000000,0.850000024,4.91881275,0.225640237,0.152826132E-1,0.256850690,0.256850690,291.978485,-103.183609,0.145230888E-4,36.3077202,7.50174236,0.00000000,0.00000000,0.00000000,182.188217,3.25000000,0.00000000,0.940914080E-2,0.00000000,0.00000000,0.932143349E-2,0.142286560E-1,1.00000000,296.000000,22.8500061,387.900055,1398.88232,-1000.00000,0.00000000,0.00000000,0.154875427,0.119999997,294.997314,0.712418258E-1,0.00000000,0.00000000,0.00000000,0.00000000,0.00000000,0.750000000,0.250000000,0.850000024,4.91881275,0.348080188,0.152826132E-1,0.256850690,0.256850690,292.071167,-101.595428,0.245815809E-4,61.4539528,7.50469208,0.00000000,0.00000000,0.00000000,176.992249,3.25000000,0.00000000,0.102032488E-1,0.00000000,0.00000000,0.101001943E-1,0.143113229E-1,1.00000000,296.000000,22.8500061,397.106934,1398.88232,-1000.00000,0.00000000,0.00000000,0.166384324,0.154875427,294.986420,0.109992303,0.00000000
1,2,excess_soil_area,4,60.0000000,2,F,T,1,1,F,17,15,0.500000000,21,19,0,1004.50000,0.285714298,9.81000042,2500000.00,0.567051011E-7,0.100000001,16,4,1.00000000,0.00000000,290.000000,10.0000000,90.0000000,85.0000000,0.00000000,0.00000000,355.000000,610.000000,0.179999992E-1,0.170000009E-1,17.0000000,0.250000000,80.0000000,95000.0000,298.000000,0.800000038E-2,0.00000000,1.10000002,0.00000000,0.00000000,0.00000000,0.00000000,0.750000000,0.250000000,0.850000024,4.91881275,0.225640237,0.152826132E-1,0.256850690,0.256850690,291.978485,-103.183609,0.145230888E-4,36.3077202,7.50174236,0.00000000,0.00000000,0.00000000,182.188217,3.25000000,0.00000000,0.940914080E-2,0.00000000,0.00000000,0.932143349E-2,0.142286560E-1,1.00000000,296.000000,22.8500061,387.900055,1398.88232,-1000.00000,0.00000000,0.00000000,0.154875457,0.119999997,295.000000,0.712418258E-1,0.00000000,0.00000000,0.00000000,0.00000000,0.00000000,0.750000000,0.250000000,0.850000024,4.91881275,0.348080188,0.152826132E-1,0.256850690,0.256850690,292.071167,-101.595428,0.245815809E-4,61.4539528,7.50469208,0.00000000,0.00000000,0.00000000,176.992249,3.25000000,0.00000000,0.102032488E-1,0.00000000,0.00000000,0.101001943E-1,0.143113229E-1,1.00000000,296.000000,22.8500061,397.106934,1398.88232,-1000.00000,0.00000000,0.00000000,0.166384354,0.154875457,294.999969,0.109992340,0.00000000
1,2,excess_soil_area,5,60.0000000,2,F,T,1,1,F,17,15,0.500000000,21,19,0,1004.50000,0.285714298,9.81000042,2500000.00,0.567051011E-7,0.300000012,16,4,1.00000000,0.00000000,290.000000,10.0000000,90.0000000,85.0000000,0.00000000,0.00000000,355.000000,610.000000,0.179999992E-1,0.170000009E-1,17.0000000,0.250000000,80.0000000,95000.0000,298.000000,0.800000038E-2,0.00000000,1.10000002,0.00000000,0.00000000,0.00000000,0.00000000,0.750000000,0.250000000,0.850000024,4.91881275,0.225640237,0.152826132E-1,0.256850690,0.256850690,291.978485,-103.183609,0.145230888E-4,36.3077202,7.50174236,0.00000000,0.00000000,0.00000000,182.188217,3.25000000,0.00000000,0.940914080E-2,0.00000000,0.00000000,0.932143349E-2,0.142286560E-1,1.00000000,296.000000,22.8500061,387.900055,1398.88232,-1000.00000,0.00000000,0.00000000,0.154875457,0.119999997,295.000031,0.712418258E-1,0.00000000,0.00000000,0.00000000,0.00000000,0.00000000,0.750000000,0.250000000,0.850000024,4.91881275,0.348080188,0.152826132E-1,0.256850690,0.256850690,292.071167,-101.595428,0.245815809E-4,61.4539528,7.50469208,0.00000000,0.00000000,0.00000000,176.992249,3.25000000,0.00000000,0.102032488E-1,0.00000000,0.00000000,0.101001943E-1,0.143113229E-1,1.00000000,296.000000,22.8500061,397.106934,1398.88232,-1000.00000,0.00000000,0.00000000,0.166384369,0.154875457,295.000031,0.109992340,0.00000000
1,2,excess_soil_area,6,60.0000000,2,F,T,1,1,F,17,15,0.500000000,21,19,0,1004.50000,0.285714298,9.81000042,2500000.00,0.567051011E-7,0.600000024,16,4,1.00000000,0.00000000,290.000000,10.0000000,90.0000000,85.0000000,0.00000000,0.00000000,355.000000,610.000000,0.179999992E-1,0.170000009E-1,17.0000000,0.250000000,80.0000000,95000.0000,298.000000,0.800000038E-2,0.00000000,1.10000002,0.00000000,0.00000000,0.00000000,0.00000000,0.750000000,0.250000000,0.850000024,4.91881275,0.225640237,0.152826132E-1,0.256850690,0.256850690,291.978485,-103.183609,0.145230888E-4,36.3077202,7.50174236,0.00000000,0.00000000,0.00000000,182.188217,3.25000000,0.00000000,0.940914080E-2,0.00000000,0.00000000,0.932143349E-2,0.142286560E-1,1.00000000,296.000000,22.8500061,387.900055,1398.88232,-1000.00000,0.00000000,0.00000000,0.154875472,0.119999997,295.000031,0.712418258E-1,0.00000000,0.00000000,0.00000000,0.00000000,0.00000000,0.750000000,0.250000000,0.850000024,4.91881275,0.348080188,0.152826132E-1,0.256850690,0.256850690,292.071167,-101.595428,0.245815809E-4,61.4539528,7.50469208,0.00000000,0.00000000,0.00000000,176.992249,3.25000000,0.00000000,0.102032488E-1,0.00000000,0.00000000,0.101001943E-1,0.143113229E-1,1.00000000,296.000000,22.8500061,397.106934,1398.88232,-1000.00000,0.00000000,0.00000000,0.166384369,0.154875472,295.000000,0.109992355,0.00000000
1,2,excess_soil_area,7,60.0000000,2,F,T,1,1,F,17,15,0.500000000,21,19,0,1004.50000,0.285714298,9.81000042,2500000.00,0.567051011E-7,1.00000000,16,4,1.00000000,0.00000000,290.000000,10.0000000,90.0000000,85.0000000,0.00000000,0.00000000,355.000000,610.000000,0.179999992E-1,0.170000009E-1,17.0000000,0.250000000,80.0000000,95000.0000,298.000000,0.800000038E-2,0.00000000,1.10000002,0.00000000,0.00000000,0.00000000,0.00000000,0.750000000,0.250000000,0.850000024,4.91881275,0.225640237,0.152826132E-1,0.256850690,0.256850690,291.978485,-103.183609,0.145230888E-4,36.3077202,7.50174236,0.00000000,0.00000000,0.00000000,182.188217,3.25000000,0.00000000,0.940914080E-2,0.00000000,0.00000000,0.932143349E-2,0.142286560E-1,1.00000000,296.000000,22.8500061,387.900055,1398.88232,-1000.00000,0.00000000,0.00000000,0.119999997,0.119999997,295.000000,0.712418258E-1,0.00000000,0.00000000,0.00000000,0.00000000,0.00000000,0.750000000,0.250000000,0.850000024,4.91881275,0.348080188,0.152826132E-1,0.256850690,0.256850690,292.071167,-101.595428,0.245815809E-4,61.4539528,7.50469208,0.00000000,0.00000000,0.00000000,176.992249,3.25000000,0.00000000,0.102032488E-1,0.00000000,0.00000000,0.101001943E-1,0.143113229E-1,1.00000000,296.000000,22.8500061,397.106934,1398.88232,-1000.00000,0.00000000,0.00000000,0.120000005,0.119999997,294.999969,0.712418258E-1,0.00000000
1,2,excess_soil_area,8,60.0000000,2,F,T,1,1,F,17,15,0.500000000,21,19,0,1004.50000,0.285714298,9.81000042,2500000.00,0.567051011E-7,1.60000002,16,4,1.00000000,0.00000000,290.000000,10.0000000,90.0000000,85.0000000,0.00000000,0.00000000,355.000000,610.000000,0.179999992E-1,0.170000009E-1,17.0000000,0.250000000,80.0000000,95000.0000,298.000000,0.800000038E-2,0.00000000,1.10000002,0.00000000,0.00000000,0.00000000,0.00000000,0.750000000,0.250000000,0.850000024,4.91881275,0.225640237,0.152826132E-1,0.256850690,0.256850690,291.978485,-103.183609,0.145230888E-4,36.3077202,7.50174236,0.00000000,0.00000000,0.00000000,182.188217,3.25000000,0.00000000,0.940914080E-2,0.00000000,0.00000000,0.932143349E-2,0.142286560E-1,1.00000000,296.000000,22.8500061,387.900055,1398.88232,-1000.00000,0.00000000,0.00000000,0.119999997,0.119999997,295.000000,0.712418258E-1,0.00000000,0.00000000,0.00000000,0.00000000,0.00000000,0.750000000,0.250000000,0.850000024,4.91881275,0.348080188,0.152826132E-1,0.256850690,0.256850690,292.071167,-101.595428,0.245815809E-4,61.4539528,7.50469208,0.00000000,0.00000000,0.00000000,176.992249,3.25000000,0.00000000,0.102032488E-1,0.00000000,0.00000000,0.101001943E-1,0.143113229E-1,1.00000000,296.000000,22.8500061,397.106934,1398.88232,-1000.00000,0.00000000,0.00000000,0.119999997,0.119999997,294.999878,0.712418258E-1,0.00000000
1,2,excess_soil_area,9,60.0000000,2,F,T,1,1,F,17,15,0.500000000,21,19,0,1004.50000,0.285714298,9.81000042,2500000.00,0.567051011E-7,3.00000000,16,4,1.00000000,0.00000000,290.000000,10.0000000,90.0000000,85.0000000,0.00000000,0.00000000,355.000000,610.000000,0.179999992E-1,0.170000009E-1,17.0000000,0.250000000,80.0000000,95000.0000,298.000000,0.800000038E-2,0.00000000,1.10000002,0.00000000,0.00000000,0.00000000,0.00000000,0.750000000,0.250000000,0.850000024,4.91881275,0.225640237,0.152826132E-1,0.256850690,0.256850690,291.978485,-103.183609,0.145230888E-4,36.3077202,7.50174236,0.00000000,0.00000000,0.00000000,182.188217,3.25000000,0.00000000,0.940914080E-2,0.00000000,0.00000000,0.932143349E-2,0.142286560E-1,1.00000000,296.000000,22.8500061,387.900055,1398.88232,-1000.00000,0.00000000,0.00000000,0.119999997,0.119999997,290.000000,0.712418258E-1,0.00000000,0.00000000,0.00000000,0.00000000,0.00000000,0.750000000,0.250000000,0.850000024,4.91881275,0.348080188,0.152826132E-1,0.256850690,0.256850690,292.071167,-101.595428,0.245815809E-4,61.4539528,7.50469208,0.00000000,0.00000000,0.00000000,176.992249,3.25000000,0.00000000,0.102032488E-1,0.00000000,0.00000000,0.101001943E-1,0.143113229E-1,1.00000000,296.000000,22.8500061,397.106934,1398.88232,-1000.00000,0.00000000,0.00000000,0.119999997,0.119999997,290.000000,0.712418258E-1,0.00000000
1,2,wet_soil,1,60.0000000,2,F,T,1,1,F,17,15,0.500000000,21,19,0,1004.50000,0.285714298,9.81000042,2500000.00,0.567051011E-7,0.00000000,13,4,1.00000000,0.00000000,290.000000,10.0000000,90.0000000,85.0000000,0.00000000,0.00000000,265.000000,180.000000,0.899999961E-2,0.800000038E-2,8.00000000,0.180000007,80.0000000,95000.0000,298.000000,0.800000038E-2,0.999999975E-5,1.10000002,0.00000000,0.00000000,0.00000000,0.198275037E-1,0.460000008,0.180000007,0.879999995,4.91881275,1.00000000,0.719181774E-2,0.256850690,0.256850690,286.446259,-93.1683960,0.146112779E-4,36.5281944,7.50175381,0.00000000,0.00000000,0.00000000,926.469543,3.25000000,0.00000000,0.999405514E-2,0.00000000,0.00000000,0.989516266E-2,0.999405514E-2,1.00000000,296.000000,22.8500061,1049.99915,1398.88232,-1000.00000,0.00000000,0.00000000,0.349977732,0.349977732,286.446259,0.326797366,0.00000000,0.00000000,0.00000000,0.00000000,0.196267199E-1,0.460000008,0.180000007,0.879999995,4.91881275,1.00000000,0.719181774E-2,0.256850690,0.256850690,287.163330,-87.3859940,0.170781968E-4,42.6954918,7.50380325,0.00000000,0.00000000,0.00000000,715.636169,3.25000000,0.00000000,0.104712835E-1,0.00000000,0.00000000,0.103627723E-1,0.104712835E-1,1.00000000,296.000000,22.8500061,1049.99817,1398.88232,-1000.00000,0.00000000,0.00000000,0.349962533,0.349962533,287.163330,0.326772660,0.00000000
1,2,wet_soil,2,60.0000000,2,F,T,1,1,F,17,15,0.500000000,21,19,0,1004.50000,0.285714298,9.81000042,2500000.00,0.567051011E-7,0.999999978E-2,13,4,1.00000000,0.00000000,290.000000,10.0000000,90.0000000,85.0000000,0.00000000,0.00000000,265.000000,180.000000,0.899999961E-2,0.800000038E-2,8.00000000,0.180000007,80.0000000,95000.0000,298.000000,0.800000038E-2,0.999999975E-5,1.10000002,0.00000000,0.00000000,0.00000000,0.198275037E-1,0.460000008,0.180000007,0.879999995,4.91881275,1.00000000,0.719181774E-2,0.256850690,0.256850690,286.446259,-93.1683960,0.146112779E-4,36.5281944,7.50175381,0.00000000,0.00000000,0.00000000,926.469543,3.25000000,0.00000000,0.999405514E-2,0.00000000,0.00000000,0.989516266E-2,0.999405514E-2,1.00000000,296.000000,22.8500061,1049.99915,1398.88232,-1000.00000,0.00000000,0.00000000,0.349992335,0.349992335,294.368927,0.326797366,0.00000000,0.00000000,0.00000000,0.00000000,0.196267199E-1,0.460000008,0.180000007,0.879999995,4.91881275,1.00000000,0.719181774E-2,0.256850690,0.256850690,287.163330,-87.3859940,0.170781968E-4,42.6954918,7.50380325,0.00000000,0.00000000,0.00000000,715.636169,3.25000000,0.00000000,0.104712835E-1,0.00000000,0.00000000,0.103627723E-1,0.104712835E-1,1.00000000,296.000000,22.8500061,1049.99817,1398.88232,-1000.00000,0.00000000,0.00000000,0.349982858,0.349982858,293.283173,0.326788872,0.00000000
1,2,wet_soil,3,60.0000000,2,F,T,1,1,F,17,15,0.500000000,21,19,0,1004.50000,0.285714298,9.81000042,2500000.00,0.567051011E-7,0.399999991E-1,13,4,1.00000000,0.00000000,290.000000,10.0000000,90.0000000,85.0000000,0.00000000,0.00000000,265.000000,180.000000,0.899999961E-2,0.800000038E-2,8.00000000,0.180000007,80.0000000,95000.0000,298.000000,0.800000038E-2,0.999999975E-5,1.10000002,0.00000000,0.00000000,0.00000000,0.198275037E-1,0.460000008,0.180000007,0.879999995,4.91881275,1.00000000,0.719181774E-2,0.256850690,0.256850690,286.446259,-93.1683960,0.146112779E-4,36.5281944,7.50175381,0.00000000,0.00000000,0.00000000,926.469543,3.25000000,0.00000000,0.999405514E-2,0.00000000,0.00000000,0.989516266E-2,0.999405514E-2,1.00000000,296.000000,22.8500061,1049.99915,1398.88232,-1000.00000,0.00000000,0.00000000,0.349998772,0.349998772,294.992493,0.326797366,0.00000000,0.00000000,0.00000000,0.00000000,0.196267199E-1,0.460000008,0.180000007,0.879999995,4.91881275,1.00000000,0.719181774E-2,0.256850690,0.256850690,287.163330,-87.3859940,0.170781968E-4,42.6954918,7.50380325,0.00000000,0.00000000,0.00000000,715.636169,3.25000000,0.00000000,0.104712835E-1,0.00000000,0.00000000,0.103627723E-1,0.104712835E-1,1.00000000,296.000000,22.8500061,1049.99817,1398.88232,-1000.00000,0.00000000,0.00000000,0.349996924,0.349996924,294.964783,0.326796025,0.00000000
1,2,wet_soil,4,60.0000000,2,F,T,1,1,F,17,15,0.500000000,21,19,0,1004.50000,0.285714298,9.81000042,2500000.00,0.567051011E-7,0.100000001,13,4,1.00000000,0.00000000,290.000000,10.0000000,90.0000000,85.0000000,0.00000000,0.00000000,265.000000,180.000000,0.899999961E-2,0.800000038E-2,8.00000000,0.180000007,80.0000000,95000.0000,298.000000,0.800000038E-2,0.999999975E-5,1.10000002,0.00000000,0.00000000,0.00000000,0.198275037E-1,0.460000008,0.180000007,0.879999995,4.91881275,1.00000000,0.719181774E-2,0.256850690,0.256850690,286.446259,-93.1683960,0.146112779E-4,36.5281944,7.50175381,0.00000000,0.00000000,0.00000000,926.469543,3.25000000,0.00000000,0.999405514E-2,0.00000000,0.00000000,0.989516266E-2,0.999405514E-2,1.00000000,296.000000,22.8500061,1049.99915,1398.88232,-1000.00000,0.00000000,0.00000000,0.349999249,0.349999249,295.000000,0.326797366,0.00000000,0.00000000,0.00000000,0.00000000,0.196267199E-1,0.460000008,0.180000007,0.879999995,4.91881275,1.00000000,0.719181774E-2,0.256850690,0.256850690,287.163330,-87.3859940,0.170781968E-4,42.6954918,7.50380325,0.00000000,0.00000000,0.00000000,715.636169,3.25000000,0.00000000,0.104712835E-1,0.00000000,0.00000000,0.103627723E-1,0.104712835E-1,1.00000000,296.000000,22.8500061,1049.99817,1398.88232,-1000.00000,0.00000000,0.00000000,0.349998415,0.349998415,294.999908,0.326796561,0.00000000
1,2,wet_soil,5,60.0000000,2,F,T,1,1,F,17,15,0.500000000,21,19,0,1004.50000,0.285714298,9.81000042,2500000.00,0.567051011E-7,0.300000012,13,4,1.00000000,0.00000000,290.000000,10.0000000,90.0000000,85.0000000,0.00000000,0.00000000,265.000000,180.000000,0.899999961E-2,0.800000038E-2,8.00000000,0.180000007,80.0000000,95000.0000,298.000000,0.800000038E-2,0.999999975E-5,1.10000002,0.00000000,0.00000000,0.00000000,0.198275037E-1,0.460000008,0.180000007,0.879999995,4.91881275,1.00000000,0.719181774E-2,0.256850690,0.256850690,286.446259,-93.1683960,0.146112779E-4,36.5281944,7.50175381,0.00000000,0.00000000,0.00000000,926.469543,3.25000000,0.00000000,0.999405514E-2,0.00000000,0.00000000,0.989516266E-2,0.999405514E-2,1.00000000,296.000000,22.8500061,1049.99915,1398.88232,-1000.00000,0.00000000,0.00000000,0.349999309,0.349999309,294.999969,0.326797366,0.00000000,0.00000000,0.00000000,0.00000000,0.196267199E-1,0.460000008,0.180000007,0.879999995,4.91881275,1.00000000,0.719181774E-2,0.256850690,0.256850690,287.163330,-87.3859940,0.170781968E-4,42.6954918,7.50380325,0.00000000,0.00000000,0.00000000,715.636169,3.25000000,0.00000000,0.104712835E-1,0.00000000,0.00000000,0.103627723E-1,0.104712835E-1,1.00000000,296.000000,22.8500061,1049.99817,1398.88232,-1000.00000,0.00000000,0.00000000,0.349998474,0.349998474,294.999939,0.326796621,0.00000000
1,2,wet_soil,6,60.0000000,2,F,T,1,1,F,17,15,0.500000000,21,19,0,1004.50000,0.285714298,9.81000042,2500000.00,0.567051011E-7,0.600000024,13,4,1.00000000,0.00000000,290.000000,10.0000000,90.0000000,85.0000000,0.00000000,0.00000000,265.000000,180.000000,0.899999961E-2,0.800000038E-2,8.00000000,0.180000007,80.0000000,95000.0000,298.000000,0.800000038E-2,0.999999975E-5,1.10000002,0.00000000,0.00000000,0.00000000,0.198275037E-1,0.460000008,0.180000007,0.879999995,4.91881275,1.00000000,0.719181774E-2,0.256850690,0.256850690,286.446259,-93.1683960,0.146112779E-4,36.5281944,7.50175381,0.00000000,0.00000000,0.00000000,926.469543,3.25000000,0.00000000,0.999405514E-2,0.00000000,0.00000000,0.989516266E-2,0.999405514E-2,1.00000000,296.000000,22.8500061,1049.99915,1398.88232,-1000.00000,0.00000000,0.00000000,0.349999309,0.349999309,295.000000,0.326797366,0.00000000,0.00000000,0.00000000,0.00000000,0.196267199E-1,0.460000008,0.180000007,0.879999995,4.91881275,1.00000000,0.719181774E-2,0.256850690,0.256850690,287.163330,-87.3859940,0.170781968E-4,42.6954918,7.50380325,0.00000000,0.00000000,0.00000000,715.636169,3.25000000,0.00000000,0.104712835E-1,0.00000000,0.00000000,0.103627723E-1,0.104712835E-1,1.00000000,296.000000,22.8500061,1049.99817,1398.88232,-1000.00000,0.00000000,0.00000000,0.349998534,0.349998534,295.000000,0.326796621,0.00000000
1,2,wet_soil,7,60.0000000,2,F,T,1,1,F,17,15,0.500000000,21,19,0,1004.50000,0.285714298,9.81000042,2500000.00,0.567051011E-7,1.00000000,13,4,1.00000000,0.00000000,290.000000,10.0000000,90.0000000,85.0000000,0.00000000,0.00000000,265.000000,180.000000,0.899999961E-2,0.800000038E-2,8.00000000,0.180000007,80.0000000,95000.0000,298.000000,0.800000038E-2,0.999999975E-5,1.10000002,0.00000000,0.00000000,0.00000000,0.198275037E-1,0.460000008,0.180000007,0.879999995,4.91881275,1.00000000,0.719181774E-2,0.256850690,0.256850690,286.446259,-93.1683960,0.146112779E-4,36.5281944,7.50175381,0.00000000,0.00000000,0.00000000,926.469543,3.25000000,0.00000000,0.999405514E-2,0.00000000,0.00000000,0.989516266E-2,0.999405514E-2,1.00000000,296.000000,22.8500061,1049.99915,1398.88232,-1000.00000,0.00000000,0.00000000,0.350000024,0.349999964,295.000031,0.326797366,0.00000000,0.00000000,0.00000000,0.00000000,0.196267199E-1,0.460000008,0.180000007,0.879999995,4.91881275,1.00000000,0.719181774E-2,0.256850690,0.256850690,287.163330,-87.3859940,0.170781968E-4,42.6954918,7.50380325,0.00000000,0.00000000,0.00000000,715.636169,3.25000000,0.00000000,0.104712835E-1,0.00000000,0.00000000,0.103627723E-1,0.104712835E-1,1.00000000,296.000000,22.8500061,1049.99817,1398.88232,-1000.00000,0.00000000,0.00000000,0.350000083,0.350000024,295.000061,0.326797426,0.00000000
1,2,wet_soil,8,60.0000000,2,F,T,1,1,F,17,15,0.500000000,21,19,0,1004.50000,0.285714298,9.81000042,2500000.00,0.567051011E-7,1.60000002,13,4,1.00000000,0.00000000,290.000000,10.0000000,90.0000000,85.0000000,0.00000000,0.00000000,265.000000,180.000000,0.899999961E-2,0.800000038E-2,8.00000000,0.180000007,80.0000000,95000.0000,298.000000,0.800000038E-2,0.999999975E-5,1.10000002,0.00000000,0.00000000,0.00000000,0.198275037E-1,0.460000008,0.180000007,0.879999995,4.91881275,1.00000000,0.719181774E-2,0.256850690,0.256850690,286.446259,-93.1683960,0.146112779E-4,36.5281944,7.50175381,0.00000000,0.00000000,0.00000000,926.469543,3.25000000,0.00000000,0.999405514E-2,0.00000000,0.00000000,0.989516266E-2,0.999405514E-2,1.00000000,296.000000,22.8500061,1049.99915,1398.88232,-1000.00000,0.00000000,0.00000000,0.349999964,0.349999964,295.000000,0.326797366,0.00000000,0.00000000,0.00000000,0.00000000,0.196267199E-1,0.460000008,0.180000007,0.879999995,4.91881275,1.00000000,0.719181774E-2,0.256850690,0.256850690,287.163330,-87.3859940,0.170781968E-4,42.6954918,7.50380325,0.00000000,0.00000000,0.00000000,715.636169,3.25000000,0.00000000,0.104712835E-1,0.00000000,0.00000000,0.103627723E-1,0.104712835E-1,1.00000000,296.000000,22.8500061,1049.99817,1398.88232,-1000.00000,0.00000000,0.00000000,0.349999964,0.349999964,294.999878,0.326797366,0.00000000
1,2,wet_soil,9,60.0000000,2,F,T,1,1,F,17,15,0.500000000,21,19,0,1004.50000,0.285714298,9.81000042,2500000.00,0.567051011E-7,3.00000000,13,4,1.00000000,0.00000000,290.000000,10.0000000,90.0000000,85.0000000,0.00000000,0.00000000,265.000000,180.000000,0.899999961E-2,0.800000038E-2,8.00000000,0.180000007,80.0000000,95000.0000,298.000000,0.800000038E-2,0.999999975E-5,1.10000002,0.00000000,0.00000000,0.00000000,0.198275037E-1,0.460000008,0.180000007,0.879999995,4.91881275,1.00000000,0.719181774E-2,0.256850690,0.256850690,286.446259,-93.1683960,0.146112779E-4,36.5281944,7.50175381,0.00000000,0.00000000,0.00000000,926.469543,3.25000000,0.00000000,0.999405514E-2,0.00000000,0.00000000,0.989516266E-2,0.999405514E-2,1.00000000,296.000000,22.8500061,1049.99915,1398.88232,-1000.00000,0.00000000,0.00000000,0.349999964,0.349999964,290.000000,0.326797366,0.00000000,0.00000000,0.00000000,0.00000000,0.196267199E-1,0.460000008,0.180000007,0.879999995,4.91881275,1.00000000,0.719181774E-2,0.256850690,0.256850690,287.163330,-87.3859940,0.170781968E-4,42.6954918,7.50380325,0.00000000,0.00000000,0.00000000,715.636169,3.25000000,0.00000000,0.104712835E-1,0.00000000,0.00000000,0.103627723E-1,0.104712835E-1,1.00000000,296.000000,22.8500061,1049.99817,1398.88232,-1000.00000,0.00000000,0.00000000,0.349999964,0.349999964,290.000000,0.326797366,0.00000000
1,2,mixed_cover_forest,1,60.0000000,2,F,T,1,1,F,17,15,0.500000000,21,19,0,1004.50000,0.285714298,9.81000042,2500000.00,0.567051011E-7,0.00000000,5,4,1.00000000,0.00000000,290.000000,10.0000000,90.0000000,85.0000000,0.00000000,0.00000000,305.000000,330.000000,0.130000003E-1,0.120000001E-1,12.0000000,0.129999995,80.0000000,95000.0000,298.000000,0.800000038E-2,0.00000000,1.10000002,0.00000000,0.00000000,0.00000000,0.972518697E-1,0.529999971,0.129999995,0.939999998,4.91881275,0.225925237,0.107877273E-1,0.256850690,0.256850690,290.062012,-96.0169144,0.532123267E-4,133.030823,7.50638580,0.00000000,0.00000000,0.00000000,297.747528,3.25000000,0.00000000,0.904318411E-2,0.00000000,0.00000000,0.896213762E-2,0.126110623E-1,1.00000000,296.000000,22.8500061,440.213379,1398.88232,-1000.00000,0.00000000,0.00000000,0.154846489,0.119999997,290.062012,0.712418258E-1,0.00000000,0.00000000,0.00000000,0.00000000,0.941586792E-1,0.529999971,0.129999995,0.939999998,4.91881275,0.348671675,0.107877273E-1,0.256850690,0.256850690,290.007416,-96.6772995,0.638981728E-4,159.745438,7.51405334,0.00000000,0.00000000,0.00000000,303.980225,3.25000000,0.00000000,0.959492847E-2,0.00000000,0.00000000,0.950374082E-2,0.125675257E-1,1.00000000,296.000000,22.8500061,466.683746,1398.88232,-1000.00000,0.00000000,0.00000000,0.166326463,0.154846489,290.007416,0.109960154,0.00000000
1,2,mixed_cover_forest,2,60.0000000,2,F,T,1,1,F,17,15,0.500000000,21,19,0,1004.50000,0.285714298,9.81000042,2500000.00,0.567051011E-7,0.999999978E-2,5,4,1.00000000,0.00000000,290.000000,10.0000000,90.0000000,85.0000000,0.00000000,0.00000000,305.000000,330.000000,0.130000003E-1,0.120000001E-1,12.0000000,0.129999995,80.0000000,95000.0000,298.000000,0.800000038E-2,0.00000000,1.10000002,0.00000000,0.00000000,0.00000000,0.972518697E-1,0.529999971,0.129999995,0.939999998,4.91881275,0.225925237,0.107877273E-1,0.256850690,0.256850690,290.062012,-96.0169144,0.532123267E-4,133.030823,7.50638580,0.00000000,0.00000000,0.00000000,297.747528,3.25000000,0.00000000,0.904318411E-2,0.00000000,0.00000000,0.896213762E-2,0.126110623E-1,1.00000000,296.000000,22.8500061,440.213379,1398.88232,-1000.00000,0.00000000,0.00000000,0.154875457,0.119999997,294.632355,0.712418258E-1,0.00000000,0.00000000,0.00000000,0.00000000,0.941586792E-1,0.529999971,0.129999995,0.939999998,4.91881275,0.348671675,0.107877273E-1,0.256850690,0.256850690,290.007416,-96.6772995,0.638981728E-4,159.745438,7.51405334,0.00000000,0.00000000,0.00000000,303.980225,3.25000000,0.00000000,0.959492847E-2,0.00000000,0.00000000,0.950374082E-2,0.125675257E-1,1.00000000,296.000000,22.8500061,466.683746,1398.88232,-1000.00000,0.00000000,0.00000000,0.166384324,0.154875457,293.930389,0.109992340,0.00000000
1,2,mixed_cover_forest,3,60.0000000,2,F,T,1,1,F,17,15,0.500000000,21,19,0,1004.50000,0.285714298,9.81000042,2500000.00,0.567051011E-7,0.399999991E-1,5,4,1.00000000,0.00000000,290.000000,10.0000000,90.0000000,85.0000000,0.00000000,0.00000000,305.000000,330.000000,0.130000003E-1,0.120000001E-1,12.0000000,0.129999995,80.0000000,95000.0000,298.000000,0.800000038E-2,0.00000000,1.10000002,0.00000000,0.00000000,0.00000000,0.972518697E-1,0.529999971,0.129999995,0.939999998,4.91881275,0.225925237,0.107877273E-1,0.256850690,0.256850690,290.062012,-96.0169144,0.532123267E-4,133.030823,7.50638580,0.00000000,0.00000000,0.00000000,297.747528,3.25000000,0.00000000,0.904318411E-2,0.00000000,0.00000000,0.896213762E-2,0.126110623E-1,1.00000000,296.000000,22.8500061,440.213379,1398.88232,-1000.00000,0.00000000,0.00000000,0.154875457,0.119999997,294.995605,0.712418258E-1,0.00000000,0.00000000,0.00000000,0.00000000,0.941586792E-1,0.529999971,0.129999995,0.939999998,4.91881275,0.348671675,0.107877273E-1,0.256850690,0.256850690,290.007416,-96.6772995,0.638981728E-4,159.745438,7.51405334,0.00000000,0.00000000,0.00000000,303.980225,3.25000000,0.00000000,0.959492847E-2,0.00000000,0.00000000,0.950374082E-2,0.125675257E-1,1.00000000,296.000000,22.8500061,466.683746,1398.88232,-1000.00000,0.00000000,0.00000000,0.166384369,0.154875457,294.977539,0.109992340,0.00000000
1,2,mixed_cover_forest,4,60.0000000,2,F,T,1,1,F,17,15,0.500000000,21,19,0,1004.50000,0.285714298,9.81000042,2500000.00,0.567051011E-7,0.100000001,5,4,1.00000000,0.00000000,290.000000,10.0000000,90.0000000,85.0000000,0.00000000,0.00000000,305.000000,330.000000,0.130000003E-1,0.120000001E-1,12.0000000,0.129999995,80.0000000,95000.0000,298.000000,0.800000038E-2,0.00000000,1.10000002,0.00000000,0.00000000,0.00000000,0.972518697E-1,0.529999971,0.129999995,0.939999998,4.91881275,0.225925237,0.107877273E-1,0.256850690,0.256850690,290.062012,-96.0169144,0.532123267E-4,133.030823,7.50638580,0.00000000,0.00000000,0.00000000,297.747528,3.25000000,0.00000000,0.904318411E-2,0.00000000,0.00000000,0.896213762E-2,0.126110623E-1,1.00000000,296.000000,22.8500061,440.213379,1398.88232,-1000.00000,0.00000000,0.00000000,0.154875457,0.119999997,295.000000,0.712418258E-1,0.00000000,0.00000000,0.00000000,0.00000000,0.941586792E-1,0.529999971,0.129999995,0.939999998,4.91881275,0.348671675,0.107877273E-1,0.256850690,0.256850690,290.007416,-96.6772995,0.638981728E-4,159.745438,7.51405334,0.00000000,0.00000000,0.00000000,303.980225,3.25000000,0.00000000,0.959492847E-2,0.00000000,0.00000000,0.950374082E-2,0.125675257E-1,1.00000000,296.000000,22.8500061,466.683746,1398.88232,-1000.00000,0.00000000,0.00000000,0.166384369,0.154875457,294.999939,0.109992340,0.00000000
1,2,mixed_cover_forest,5,60.0000000,2,F,T,1,1,F,17,15,0.500000000,21,19,0,1004.50000,0.285714298,9.81000042,2500000.00,0.567051011E-7,0.300000012,5,4,1.00000000,0.00000000,290.000000,10.0000000,90.0000000,85.0000000,0.00000000,0.00000000,305.000000,330.000000,0.130000003E-1,0.120000001E-1,12.0000000,0.129999995,80.0000000,95000.0000,298.000000,0.800000038E-2,0.00000000,1.10000002,0.00000000,0.00000000,0.00000000,0.972518697E-1,0.529999971,0.129999995,0.939999998,4.91881275,0.225925237,0.107877273E-1,0.256850690,0.256850690,290.062012,-96.0169144,0.532123267E-4,133.030823,7.50638580,0.00000000,0.00000000,0.00000000,297.747528,3.25000000,0.00000000,0.904318411E-2,0.00000000,0.00000000,0.896213762E-2,0.126110623E-1,1.00000000,296.000000,22.8500061,440.213379,1398.88232,-1000.00000,0.00000000,0.00000000,0.154875457,0.119999997,295.000031,0.712418258E-1,0.00000000,0.00000000,0.00000000,0.00000000,0.941586792E-1,0.529999971,0.129999995,0.939999998,4.91881275,0.348671675,0.107877273E-1,0.256850690,0.256850690,290.007416,-96.6772995,0.638981728E-4,159.745438,7.51405334,0.00000000,0.00000000,0.00000000,303.980225,3.25000000,0.00000000,0.959492847E-2,0.00000000,0.00000000,0.950374082E-2,0.125675257E-1,1.00000000,296.000000,22.8500061,466.683746,1398.88232,-1000.00000,0.00000000,0.00000000,0.166384369,0.154875457,295.000031,0.109992340,0.00000000
1,2,mixed_cover_forest,6,60.0000000,2,F,T,1,1,F,17,15,0.500000000,21,19,0,1004.50000,0.285714298,9.81000042,2500000.00,0.567051011E-7,0.600000024,5,4,1.00000000,0.00000000,290.000000,10.0000000,90.0000000,85.0000000,0.00000000,0.00000000,305.000000,330.000000,0.130000003E-1,0.120000001E-1,12.0000000,0.129999995,80.0000000,95000.0000,298.000000,0.800000038E-2,0.00000000,1.10000002,0.00000000,0.00000000,0.00000000,0.972518697E-1,0.529999971,0.129999995,0.939999998,4.91881275,0.225925237,0.107877273E-1,0.256850690,0.256850690,290.062012,-96.0169144,0.532123267E-4,133.030823,7.50638580,0.00000000,0.00000000,0.00000000,297.747528,3.25000000,0.00000000,0.904318411E-2,0.00000000,0.00000000,0.896213762E-2,0.126110623E-1,1.00000000,296.000000,22.8500061,440.213379,1398.88232,-1000.00000,0.00000000,0.00000000,0.154875457,0.119999997,295.000031,0.712418258E-1,0.00000000,0.00000000,0.00000000,0.00000000,0.941586792E-1,0.529999971,0.129999995,0.939999998,4.91881275,0.348671675,0.107877273E-1,0.256850690,0.256850690,290.007416,-96.6772995,0.638981728E-4,159.745438,7.51405334,0.00000000,0.00000000,0.00000000,303.980225,3.25000000,0.00000000,0.959492847E-2,0.00000000,0.00000000,0.950374082E-2,0.125675257E-1,1.00000000,296.000000,22.8500061,466.683746,1398.88232,-1000.00000,0.00000000,0.00000000,0.166384369,0.154875457,295.000031,0.109992340,0.00000000
1,2,mixed_cover_forest,7,60.0000000,2,F,T,1,1,F,17,15,0.500000000,21,19,0,1004.50000,0.285714298,9.81000042,2500000.00,0.567051011E-7,1.00000000,5,4,1.00000000,0.00000000,290.000000,10.0000000,90.0000000,85.0000000,0.00000000,0.00000000,305.000000,330.000000,0.130000003E-1,0.120000001E-1,12.0000000,0.129999995,80.0000000,95000.0000,298.000000,0.800000038E-2,0.00000000,1.10000002,0.00000000,0.00000000,0.00000000,0.972518697E-1,0.529999971,0.129999995,0.939999998,4.91881275,0.225925237,0.107877273E-1,0.256850690,0.256850690,290.062012,-96.0169144,0.532123267E-4,133.030823,7.50638580,0.00000000,0.00000000,0.00000000,297.747528,3.25000000,0.00000000,0.904318411E-2,0.00000000,0.00000000,0.896213762E-2,0.126110623E-1,1.00000000,296.000000,22.8500061,440.213379,1398.88232,-1000.00000,0.00000000,0.00000000,0.154875457,0.119999997,295.000000,0.712418258E-1,0.00000000,0.00000000,0.00000000,0.00000000,0.941586792E-1,0.529999971,0.129999995,0.939999998,4.91881275,0.348671675,0.107877273E-1,0.256850690,0.256850690,290.007416,-96.6772995,0.638981728E-4,159.745438,7.51405334,0.00000000,0.00000000,0.00000000,303.980225,3.25000000,0.00000000,0.959492847E-2,0.00000000,0.00000000,0.950374082E-2,0.125675257E-1,1.00000000,296.000000,22.8500061,466.683746,1398.88232,-1000.00000,0.00000000,0.00000000,0.166384369,0.154875457,295.000031,0.109992340,0.00000000
1,2,mixed_cover_forest,8,60.0000000,2,F,T,1,1,F,17,15,0.500000000,21,19,0,1004.50000,0.285714298,9.81000042,2500000.00,0.567051011E-7,1.60000002,5,4,1.00000000,0.00000000,290.000000,10.0000000,90.0000000,85.0000000,0.00000000,0.00000000,305.000000,330.000000,0.130000003E-1,0.120000001E-1,12.0000000,0.129999995,80.0000000,95000.0000,298.000000,0.800000038E-2,0.00000000,1.10000002,0.00000000,0.00000000,0.00000000,0.972518697E-1,0.529999971,0.129999995,0.939999998,4.91881275,0.225925237,0.107877273E-1,0.256850690,0.256850690,290.062012,-96.0169144,0.532123267E-4,133.030823,7.50638580,0.00000000,0.00000000,0.00000000,297.747528,3.25000000,0.00000000,0.904318411E-2,0.00000000,0.00000000,0.896213762E-2,0.126110623E-1,1.00000000,296.000000,22.8500061,440.213379,1398.88232,-1000.00000,0.00000000,0.00000000,0.154875457,0.119999997,295.000000,0.712418258E-1,0.00000000,0.00000000,0.00000000,0.00000000,0.941586792E-1,0.529999971,0.129999995,0.939999998,4.91881275,0.348671675,0.107877273E-1,0.256850690,0.256850690,290.007416,-96.6772995,0.638981728E-4,159.745438,7.51405334,0.00000000,0.00000000,0.00000000,303.980225,3.25000000,0.00000000,0.959492847E-2,0.00000000,0.00000000,0.950374082E-2,0.125675257E-1,1.00000000,296.000000,22.8500061,466.683746,1398.88232,-1000.00000,0.00000000,0.00000000,0.166384369,0.154875457,294.999847,0.109992340,0.00000000
1,2,mixed_cover_forest,9,60.0000000,2,F,T,1,1,F,17,15,0.500000000,21,19,0,1004.50000,0.285714298,9.81000042,2500000.00,0.567051011E-7,3.00000000,5,4,1.00000000,0.00000000,290.000000,10.0000000,90.0000000,85.0000000,0.00000000,0.00000000,305.000000,330.000000,0.130000003E-1,0.120000001E-1,12.0000000,0.129999995,80.0000000,95000.0000,298.000000,0.800000038E-2,0.00000000,1.10000002,0.00000000,0.00000000,0.00000000,0.972518697E-1,0.529999971,0.129999995,0.939999998,4.91881275,0.225925237,0.107877273E-1,0.256850690,0.256850690,290.062012,-96.0169144,0.532123267E-4,133.030823,7.50638580,0.00000000,0.00000000,0.00000000,297.747528,3.25000000,0.00000000,0.904318411E-2,0.00000000,0.00000000,0.896213762E-2,0.126110623E-1,1.00000000,296.000000,22.8500061,440.213379,1398.88232,-1000.00000,0.00000000,0.00000000,0.119999997,0.119999997,290.000000,0.712418258E-1,0.00000000,0.00000000,0.00000000,0.00000000,0.941586792E-1,0.529999971,0.129999995,0.939999998,4.91881275,0.348671675,0.107877273E-1,0.256850690,0.256850690,290.007416,-96.6772995,0.638981728E-4,159.745438,7.51405334,0.00000000,0.00000000,0.00000000,303.980225,3.25000000,0.00000000,0.959492847E-2,0.00000000,0.00000000,0.950374082E-2,0.125675257E-1,1.00000000,296.000000,22.8500061,466.683746,1398.88232,-1000.00000,0.00000000,0.00000000,0.119999997,0.119999997,290.000000,0.712418258E-1,0.00000000
1,2,mixed_cover_savanna,1,60.0000000,2,F,T,1,1,F,17,15,0.500000000,21,19,0,1004.50000,0.285714298,9.81000042,2500000.00,0.567051011E-7,0.00000000,9,4,1.00000000,0.00000000,290.000000,10.0000000,90.0000000,85.0000000,0.00000000,0.00000000,360.000000,470.000000,0.160000008E-1,0.149999997E-1,15.0000000,0.200000003,80.0000000,95000.0000,298.000000,0.800000038E-2,0.299999992E-4,1.10000002,0.00000000,0.00000000,0.00000000,0.167027235,0.500000000,0.200000003,0.920000017,4.91881275,0.225290775,0.134846577E-1,0.256850690,0.256850690,301.597443,54.3927612,0.239458677E-3,598.646667,7.52873516,0.00000000,0.00000000,0.00000000,-397.811188,3.25000000,0.00000000,0.119395368E-1,0.00000000,0.00000000,0.117986659E-1,0.254134703E-1,1.00000000,296.000000,22.8500061,387.899933,1398.88232,-1000.00000,0.00000000,0.00000000,0.154787153,0.119999997,301.597443,0.712418258E-1,0.00000000,0.00000000,0.00000000,0.00000000,0.155331045,0.500000000,0.200000003,0.920000017,4.91881275,0.347034544,0.134846577E-1,0.256850690,0.256850690,298.969086,14.6524220,0.242044451E-3,605.111145,7.55778027,0.00000000,0.00000000,0.00000000,-213.203735,3.25000000,0.00000000,0.128082410E-1,0.00000000,0.00000000,0.126462653E-1,0.217780154E-1,1.00000000,296.000000,22.8500061,397.106415,1398.88232,-1000.00000,0.00000000,0.00000000,0.166173354,0.154787153,298.969086,0.109894224,0.00000000
1,2,mixed_cover_savanna,2,60.0000000,2,F,T,1,1,F,17,15,0.500000000,21,19,0,1004.50000,0.285714298,9.81000042,2500000.00,0.567051011E-7,0.999999978E-2,9,4,1.00000000,0.00000000,290.000000,10.0000000,90.0000000,85.0000000,0.00000000,0.00000000,360.000000,470.000000,0.160000008E-1,0.149999997E-1,15.0000000,0.200000003,80.0000000,95000.0000,298.000000,0.800000038E-2,0.299999992E-4,1.10000002,0.00000000,0.00000000,0.00000000,0.167027235,0.500000000,0.200000003,0.920000017,4.91881275,0.225290775,0.134846577E-1,0.256850690,0.256850690,301.597443,54.3927612,0.239458677E-3,598.646667,7.52873516,0.00000000,0.00000000,0.00000000,-397.811188,3.25000000,0.00000000,0.119395368E-1,0.00000000,0.00000000,0.117986659E-1,0.254134703E-1,1.00000000,296.000000,22.8500061,387.899933,1398.88232,-1000.00000,0.00000000,0.00000000,0.154875308,0.119999997,295.491150,0.712418258E-1,0.00000000,0.00000000,0.00000000,0.00000000,0.155331045,0.500000000,0.200000003,0.920000017,4.91881275,0.347034544,0.134846577E-1,0.256850690,0.256850690,298.969086,14.6524220,0.242044451E-3,605.111145,7.55778027,0.00000000,0.00000000,0.00000000,-213.203735,3.25000000,0.00000000,0.128082410E-1,0.00000000,0.00000000,0.126462653E-1,0.217780154E-1,1.00000000,296.000000,22.8500061,397.106415,1398.88232,-1000.00000,0.00000000,0.00000000,0.166384071,0.154875308,296.217285,0.109992169,0.00000000
1,2,mixed_cover_savanna,3,60.0000000,2,F,T,1,1,F,17,15,0.500000000,21,19,0,1004.50000,0.285714298,9.81000042,2500000.00,0.567051011E-7,0.399999991E-1,9,4,1.00000000,0.00000000,290.000000,10.0000000,90.0000000,85.0000000,0.00000000,0.00000000,360.000000,470.000000,0.160000008E-1,0.149999997E-1,15.0000000,0.200000003,80.0000000,95000.0000,298.000000,0.800000038E-2,0.299999992E-4,1.10000002,0.00000000,0.00000000,0.00000000,0.167027235,0.500000000,0.200000003,0.920000017,4.91881275,0.225290775,0.134846577E-1,0.256850690,0.256850690,301.597443,54.3927612,0.239458677E-3,598.646667,7.52873516,0.00000000,0.00000000,0.00000000,-397.811188,3.25000000,0.00000000,0.119395368E-1,0.00000000,0.00000000,0.117986659E-1,0.254134703E-1,1.00000000,296.000000,22.8500061,387.899933,1398.88232,-1000.00000,0.00000000,0.00000000,0.154875398,0.119999997,295.005920,0.712418258E-1,0.00000000,0.00000000,0.00000000,0.00000000,0.155331045,0.500000000,0.200000003,0.920000017,4.91881275,0.347034544,0.134846577E-1,0.256850690,0.256850690,298.969086,14.6524220,0.242044451E-3,605.111145,7.55778027,0.00000000,0.00000000,0.00000000,-213.203735,3.25000000,0.00000000,0.128082410E-1,0.00000000,0.00000000,0.126462653E-1,0.217780154E-1,1.00000000,296.000000,22.8500061,397.106415,1398.88232,-1000.00000,0.00000000,0.00000000,0.166384280,0.154875398,295.027435,0.109992273,0.00000000
1,2,mixed_cover_savanna,4,60.0000000,2,F,T,1,1,F,17,15,0.500000000,21,19,0,1004.50000,0.285714298,9.81000042,2500000.00,0.567051011E-7,0.100000001,9,4,1.00000000,0.00000000,290.000000,10.0000000,90.0000000,85.0000000,0.00000000,0.00000000,360.000000,470.000000,0.160000008E-1,0.149999997E-1,15.0000000,0.200000003,80.0000000,95000.0000,298.000000,0.800000038E-2,0.299999992E-4,1.10000002,0.00000000,0.00000000,0.00000000,0.167027235,0.500000000,0.200000003,0.920000017,4.91881275,0.225290775,0.134846577E-1,0.256850690,0.256850690,301.597443,54.3927612,0.239458677E-3,598.646667,7.52873516,0.00000000,0.00000000,0.00000000,-397.811188,3.25000000,0.00000000,0.119395368E-1,0.00000000,0.00000000,0.117986659E-1,0.254134703E-1,1.00000000,296.000000,22.8500061,387.899933,1398.88232,-1000.00000,0.00000000,0.00000000,0.154875442,0.119999997,295.000031,0.712418258E-1,0.00000000,0.00000000,0.00000000,0.00000000,0.155331045,0.500000000,0.200000003,0.920000017,4.91881275,0.347034544,0.134846577E-1,0.256850690,0.256850690,298.969086,14.6524220,0.242044451E-3,605.111145,7.55778027,0.00000000,0.00000000,0.00000000,-213.203735,3.25000000,0.00000000,0.128082410E-1,0.00000000,0.00000000,0.126462653E-1,0.217780154E-1,1.00000000,296.000000,22.8500061,397.106415,1398.88232,-1000.00000,0.00000000,0.00000000,0.166384339,0.154875442,295.000092,0.109992318,0.00000000
1,2,mixed_cover_savanna,5,60.0000000,2,F,T,1,1,F,17,15,0.500000000,21,19,0,1004.50000,0.285714298,9.81000042,2500000.00,0.567051011E-7,0.300000012,9,4,1.00000000,0.00000000,290.000000,10.0000000,90.0000000,85.0000000,0.00000000,0.00000000,360.000000,470.000000,0.160000008E-1,0.149999997E-1,15.0000000,0.200000003,80.0000000,95000.0000,298.000000,0.800000038E-2,0.299999992E-4,1.10000002,0.00000000,0.00000000,0.00000000,0.167027235,0.500000000,0.200000003,0.920000017,4.91881275,0.225290775,0.134846577E-1,0.256850690,0.256850690,301.597443,54.3927612,0.239458677E-3,598.646667,7.52873516,0.00000000,0.00000000,0.00000000,-397.811188,3.25000000,0.00000000,0.119395368E-1,0.00000000,0.00000000,0.117986659E-1,0.254134703E-1,1.00000000,296.000000,22.8500061,387.899933,1398.88232,-1000.00000,0.00000000,0.00000000,0.154875457,0.119999997,295.000031,0.712418258E-1,0.00000000,0.00000000,0.00000000,0.00000000,0.155331045,0.500000000,0.200000003,0.920000017,4.91881275,0.347034544,0.134846577E-1,0.256850690,0.256850690,298.969086,14.6524220,0.242044451E-3,605.111145,7.55778027,0.00000000,0.00000000,0.00000000,-213.203735,3.25000000,0.00000000,0.128082410E-1,0.00000000,0.00000000,0.126462653E-1,0.217780154E-1,1.00000000,296.000000,22.8500061,397.106415,1398.88232,-1000.00000,0.00000000,0.00000000,0.166384354,0.154875457,295.000031,0.109992340,0.00000000
1,2,mixed_cover_savanna,6,60.0000000,2,F,T,1,1,F,17,15,0.500000000,21,19,0,1004.50000,0.285714298,9.81000042,2500000.00,0.567051011E-7,0.600000024,9,4,1.00000000,0.00000000,290.000000,10.0000000,90.0000000,85.0000000,0.00000000,0.00000000,360.000000,470.000000,0.160000008E-1,0.149999997E-1,15.0000000,0.200000003,80.0000000,95000.0000,298.000000,0.800000038E-2,0.299999992E-4,1.10000002,0.00000000,0.00000000,0.00000000,0.167027235,0.500000000,0.200000003,0.920000017,4.91881275,0.225290775,0.134846577E-1,0.256850690,0.256850690,301.597443,54.3927612,0.239458677E-3,598.646667,7.52873516,0.00000000,0.00000000,0.00000000,-397.811188,3.25000000,0.00000000,0.119395368E-1,0.00000000,0.00000000,0.117986659E-1,0.254134703E-1,1.00000000,296.000000,22.8500061,387.899933,1398.88232,-1000.00000,0.00000000,0.00000000,0.154875457,0.119999997,295.000031,0.712418258E-1,0.00000000,0.00000000,0.00000000,0.00000000,0.155331045,0.500000000,0.200000003,0.920000017,4.91881275,0.347034544,0.134846577E-1,0.256850690,0.256850690,298.969086,14.6524220,0.242044451E-3,605.111145,7.55778027,0.00000000,0.00000000,0.00000000,-213.203735,3.25000000,0.00000000,0.128082410E-1,0.00000000,0.00000000,0.126462653E-1,0.217780154E-1,1.00000000,296.000000,22.8500061,397.106415,1398.88232,-1000.00000,0.00000000,0.00000000,0.166384354,0.154875457,295.000000,0.109992340,0.00000000
1,2,mixed_cover_savanna,7,60.0000000,2,F,T,1,1,F,17,15,0.500000000,21,19,0,1004.50000,0.285714298,9.81000042,2500000.00,0.567051011E-7,1.00000000,9,4,1.00000000,0.00000000,290.000000,10.0000000,90.0000000,85.0000000,0.00000000,0.00000000,360.000000,470.000000,0.160000008E-1,0.149999997E-1,15.0000000,0.200000003,80.0000000,95000.0000,298.000000,0.800000038E-2,0.299999992E-4,1.10000002,0.00000000,0.00000000,0.00000000,0.167027235,0.500000000,0.200000003,0.920000017,4.91881275,0.225290775,0.134846577E-1,0.256850690,0.256850690,301.597443,54.3927612,0.239458677E-3,598.646667,7.52873516,0.00000000,0.00000000,0.00000000,-397.811188,3.25000000,0.00000000,0.119395368E-1,0.00000000,0.00000000,0.117986659E-1,0.254134703E-1,1.00000000,296.000000,22.8500061,387.899933,1398.88232,-1000.00000,0.00000000,0.00000000,0.119999997,0.119999997,295.000000,0.712418258E-1,0.00000000,0.00000000,0.00000000,0.00000000,0.155331045,0.500000000,0.200000003,0.920000017,4.91881275,0.347034544,0.134846577E-1,0.256850690,0.256850690,298.969086,14.6524220,0.242044451E-3,605.111145,7.55778027,0.00000000,0.00000000,0.00000000,-213.203735,3.25000000,0.00000000,0.128082410E-1,0.00000000,0.00000000,0.126462653E-1,0.217780154E-1,1.00000000,296.000000,22.8500061,397.106415,1398.88232,-1000.00000,0.00000000,0.00000000,0.120000005,0.119999997,294.999969,0.712418258E-1,0.00000000
1,2,mixed_cover_savanna,8,60.0000000,2,F,T,1,1,F,17,15,0.500000000,21,19,0,1004.50000,0.285714298,9.81000042,2500000.00,0.567051011E-7,1.60000002,9,4,1.00000000,0.00000000,290.000000,10.0000000,90.0000000,85.0000000,0.00000000,0.00000000,360.000000,470.000000,0.160000008E-1,0.149999997E-1,15.0000000,0.200000003,80.0000000,95000.0000,298.000000,0.800000038E-2,0.299999992E-4,1.10000002,0.00000000,0.00000000,0.00000000,0.167027235,0.500000000,0.200000003,0.920000017,4.91881275,0.225290775,0.134846577E-1,0.256850690,0.256850690,301.597443,54.3927612,0.239458677E-3,598.646667,7.52873516,0.00000000,0.00000000,0.00000000,-397.811188,3.25000000,0.00000000,0.119395368E-1,0.00000000,0.00000000,0.117986659E-1,0.254134703E-1,1.00000000,296.000000,22.8500061,387.899933,1398.88232,-1000.00000,0.00000000,0.00000000,0.119999997,0.119999997,295.000000,0.712418258E-1,0.00000000,0.00000000,0.00000000,0.00000000,0.155331045,0.500000000,0.200000003,0.920000017,4.91881275,0.347034544,0.134846577E-1,0.256850690,0.256850690,298.969086,14.6524220,0.242044451E-3,605.111145,7.55778027,0.00000000,0.00000000,0.00000000,-213.203735,3.25000000,0.00000000,0.128082410E-1,0.00000000,0.00000000,0.126462653E-1,0.217780154E-1,1.00000000,296.000000,22.8500061,397.106415,1398.88232,-1000.00000,0.00000000,0.00000000,0.119999997,0.119999997,294.999878,0.712418258E-1,0.00000000
1,2,mixed_cover_savanna,9,60.0000000,2,F,T,1,1,F,17,15,0.500000000,21,19,0,1004.50000,0.285714298,9.81000042,2500000.00,0.567051011E-7,3.00000000,9,4,1.00000000,0.00000000,290.000000,10.0000000,90.0000000,85.0000000,0.00000000,0.00000000,360.000000,470.000000,0.160000008E-1,0.149999997E-1,15.0000000,0.200000003,80.0000000,95000.0000,298.000000,0.800000038E-2,0.299999992E-4,1.10000002,0.00000000,0.00000000,0.00000000,0.167027235,0.500000000,0.200000003,0.920000017,4.91881275,0.225290775,0.134846577E-1,0.256850690,0.256850690,301.597443,54.3927612,0.239458677E-3,598.646667,7.52873516,0.00000000,0.00000000,0.00000000,-397.811188,3.25000000,0.00000000,0.119395368E-1,0.00000000,0.00000000,0.117986659E-1,0.254134703E-1,1.00000000,296.000000,22.8500061,387.899933,1398.88232,-1000.00000,0.00000000,0.00000000,0.119999997,0.119999997,290.000000,0.712418258E-1,0.00000000,0.00000000,0.00000000,0.00000000,0.155331045,0.500000000,0.200000003,0.920000017,4.91881275,0.347034544,0.134846577E-1,0.256850690,0.256850690,298.969086,14.6524220,0.242044451E-3,605.111145,7.55778027,0.00000000,0.00000000,0.00000000,-213.203735,3.25000000,0.00000000,0.128082410E-1,0.00000000,0.00000000,0.126462653E-1,0.217780154E-1,1.00000000,296.000000,22.8500061,397.106415,1398.88232,-1000.00000,0.00000000,0.00000000,0.119999997,0.119999997,290.000000,0.712418258E-1,0.00000000
1,2,mixed_cover_shrub,1,60.0000000,2,F,T,1,1,F,17,15,0.500000000,21,19,0,1004.50000,0.285714298,9.81000042,2500000.00,0.567051011E-7,0.00000000,20,4,1.00000000,0.00000000,290.000000,10.0000000,90.0000000,85.0000000,0.00000000,0.00000000,240.000000,200.000000,0.999999978E-2,0.899999961E-2,9.00000000,0.150000006,80.0000000,95000.0000,298.000000,0.800000038E-2,0.00000000,1.10000002,0.00000000,0.00000000,0.00000000,0.00000000,0.750000000,0.150000006,0.899999976,4.91881275,0.226151079,0.809079502E-2,0.256850690,0.256850690,285.919861,-109.589882,0.204415028E-5,5.11037588,7.50024509,0.00000000,0.00000000,0.00000000,547.509033,3.25000000,0.00000000,0.837464072E-2,0.00000000,0.00000000,0.830508862E-2,0.965597946E-2,1.00000000,296.000000,22.8500061,387.900299,1398.88232,-1000.00000,0.00000000,0.00000000,0.154867619,0.119999997,285.919861,0.712418258E-1,0.00000000,0.00000000,0.00000000,0.00000000,0.00000000,0.750000000,0.150000006,0.899999976,4.91881275,0.349083871,0.809079502E-2,0.256850690,0.256850690,286.614594,-103.287331,0.433237710E-5,10.8309431,7.50076485,0.00000000,0.00000000,0.00000000,502.207825,3.25000000,0.00000000,0.873497128E-2,0.00000000,0.00000000,0.865933206E-2,0.101043480E-1,1.00000000,296.000000,22.8500061,397.107422,1398.88232,-1000.00000,0.00000000,0.00000000,0.166365013,0.154867619,286.614594,0.109983630,0.00000000
1,2,mixed_cover_shrub,2,60.0000000,2,F,T,1,1,F,17,15,0.500000000,21,19,0,1004.50000,0.285714298,9.81000042,2500000.00,0.567051011E-7,0.999999978E-2,20,4,1.00000000,0.00000000,290.000000,10.0000000,90.0000000,85.0000000,0.00000000,0.00000000,240.000000,200.000000,0.999999978E-2,0.899999961E-2,9.00000000,0.150000006,80.0000000,95000.0000,298.000000,0.800000038E-2,0.00000000,1.10000002,0.00000000,0.00000000,0.00000000,0.00000000,0.750000000,0.150000006,0.899999976,4.91881275,0.226151079,0.809079502E-2,0.256850690,0.256850690,285.919861,-109.589882,0.204415028E-5,5.11037588,7.50024509,0.00000000,0.00000000,0.00000000,547.509033,3.25000000,0.00000000,0.837464072E-2,0.00000000,0.00000000,0.830508862E-2,0.965597946E-2,1.00000000,296.000000,22.8500061,387.900299,1398.88232,-1000.00000,0.00000000,0.00000000,0.154875457,0.119999997,294.323975,0.712418258E-1,0.00000000,0.00000000,0.00000000,0.00000000,0.00000000,0.750000000,0.150000006,0.899999976,4.91881275,0.349083871,0.809079502E-2,0.256850690,0.256850690,286.614594,-103.287331,0.433237710E-5,10.8309431,7.50076485,0.00000000,0.00000000,0.00000000,502.207825,3.25000000,0.00000000,0.873497128E-2,0.00000000,0.00000000,0.865933206E-2,0.101043480E-1,1.00000000,296.000000,22.8500061,397.107422,1398.88232,-1000.00000,0.00000000,0.00000000,0.166384339,0.154875457,293.095490,0.109992340,0.00000000
1,2,mixed_cover_shrub,3,60.0000000,2,F,T,1,1,F,17,15,0.500000000,21,19,0,1004.50000,0.285714298,9.81000042,2500000.00,0.567051011E-7,0.399999991E-1,20,4,1.00000000,0.00000000,290.000000,10.0000000,90.0000000,85.0000000,0.00000000,0.00000000,240.000000,200.000000,0.999999978E-2,0.899999961E-2,9.00000000,0.150000006,80.0000000,95000.0000,298.000000,0.800000038E-2,0.00000000,1.10000002,0.00000000,0.00000000,0.00000000,0.00000000,0.750000000,0.150000006,0.899999976,4.91881275,0.226151079,0.809079502E-2,0.256850690,0.256850690,285.919861,-109.589882,0.204415028E-5,5.11037588,7.50024509,0.00000000,0.00000000,0.00000000,547.509033,3.25000000,0.00000000,0.837464072E-2,0.00000000,0.00000000,0.830508862E-2,0.965597946E-2,1.00000000,296.000000,22.8500061,387.900299,1398.88232,-1000.00000,0.00000000,0.00000000,0.154875457,0.119999997,294.991882,0.712418258E-1,0.00000000,0.00000000,0.00000000,0.00000000,0.00000000,0.750000000,0.150000006,0.899999976,4.91881275,0.349083871,0.809079502E-2,0.256850690,0.256850690,286.614594,-103.287331,0.433237710E-5,10.8309431,7.50076485,0.00000000,0.00000000,0.00000000,502.207825,3.25000000,0.00000000,0.873497128E-2,0.00000000,0.00000000,0.865933206E-2,0.101043480E-1,1.00000000,296.000000,22.8500061,397.107422,1398.88232,-1000.00000,0.00000000,0.00000000,0.166384354,0.154875457,294.959412,0.109992340,0.00000000
1,2,mixed_cover_shrub,4,60.0000000,2,F,T,1,1,F,17,15,0.500000000,21,19,0,1004.50000,0.285714298,9.81000042,2500000.00,0.567051011E-7,0.100000001,20,4,1.00000000,0.00000000,290.000000,10.0000000,90.0000000,85.0000000,0.00000000,0.00000000,240.000000,200.000000,0.999999978E-2,0.899999961E-2,9.00000000,0.150000006,80.0000000,95000.0000,298.000000,0.800000038E-2,0.00000000,1.10000002,0.00000000,0.00000000,0.00000000,0.00000000,0.750000000,0.150000006,0.899999976,4.91881275,0.226151079,0.809079502E-2,0.256850690,0.256850690,285.919861,-109.589882,0.204415028E-5,5.11037588,7.50024509,0.00000000,0.00000000,0.00000000,547.509033,3.25000000,0.00000000,0.837464072E-2,0.00000000,0.00000000,0.830508862E-2,0.965597946E-2,1.00000000,296.000000,22.8500061,387.900299,1398.88232,-1000.00000,0.00000000,0.00000000,0.154875457,0.119999997,295.000000,0.712418258E-1,0.00000000,0.00000000,0.00000000,0.00000000,0.00000000,0.750000000,0.150000006,0.899999976,4.91881275,0.349083871,0.809079502E-2,0.256850690,0.256850690,286.614594,-103.287331,0.433237710E-5,10.8309431,7.50076485,0.00000000,0.00000000,0.00000000,502.207825,3.25000000,0.00000000,0.873497128E-2,0.00000000,0.00000000,0.865933206E-2,0.101043480E-1,1.00000000,296.000000,22.8500061,397.107422,1398.88232,-1000.00000,0.00000000,0.00000000,0.166384369,0.154875457,294.999878,0.109992340,0.00000000
1,2,mixed_cover_shrub,5,60.0000000,2,F,T,1,1,F,17,15,0.500000000,21,19,0,1004.50000,0.285714298,9.81000042,2500000.00,0.567051011E-7,0.300000012,20,4,1.00000000,0.00000000,290.000000,10.0000000,90.0000000,85.0000000,0.00000000,0.00000000,240.000000,200.000000,0.999999978E-2,0.899999961E-2,9.00000000,0.150000006,80.0000000,95000.0000,298.000000,0.800000038E-2,0.00000000,1.10000002,0.00000000,0.00000000,0.00000000,0.00000000,0.750000000,0.150000006,0.899999976,4.91881275,0.226151079,0.809079502E-2,0.256850690,0.256850690,285.919861,-109.589882,0.204415028E-5,5.11037588,7.50024509,0.00000000,0.00000000,0.00000000,547.509033,3.25000000,0.00000000,0.837464072E-2,0.00000000,0.00000000,0.830508862E-2,0.965597946E-2,1.00000000,296.000000,22.8500061,387.900299,1398.88232,-1000.00000,0.00000000,0.00000000,0.154875457,0.119999997,295.000031,0.712418258E-1,0.00000000,0.00000000,0.00000000,0.00000000,0.00000000,0.750000000,0.150000006,0.899999976,4.91881275,0.349083871,0.809079502E-2,0.256850690,0.256850690,286.614594,-103.287331,0.433237710E-5,10.8309431,7.50076485,0.00000000,0.00000000,0.00000000,502.207825,3.25000000,0.00000000,0.873497128E-2,0.00000000,0.00000000,0.865933206E-2,0.101043480E-1,1.00000000,296.000000,22.8500061,397.107422,1398.88232,-1000.00000,0.00000000,0.00000000,0.166384369,0.154875457,295.000031,0.109992340,0.00000000
1,2,mixed_cover_shrub,6,60.0000000,2,F,T,1,1,F,17,15,0.500000000,21,19,0,1004.50000,0.285714298,9.81000042,2500000.00,0.567051011E-7,0.600000024,20,4,1.00000000,0.00000000,290.000000,10.0000000,90.0000000,85.0000000,0.00000000,0.00000000,240.000000,200.000000,0.999999978E-2,0.899999961E-2,9.00000000,0.150000006,80.0000000,95000.0000,298.000000,0.800000038E-2,0.00000000,1.10000002,0.00000000,0.00000000,0.00000000,0.00000000,0.750000000,0.150000006,0.899999976,4.91881275,0.226151079,0.809079502E-2,0.256850690,0.256850690,285.919861,-109.589882,0.204415028E-5,5.11037588,7.50024509,0.00000000,0.00000000,0.00000000,547.509033,3.25000000,0.00000000,0.837464072E-2,0.00000000,0.00000000,0.830508862E-2,0.965597946E-2,1.00000000,296.000000,22.8500061,387.900299,1398.88232,-1000.00000,0.00000000,0.00000000,0.154875457,0.119999997,295.000031,0.712418258E-1,0.00000000,0.00000000,0.00000000,0.00000000,0.00000000,0.750000000,0.150000006,0.899999976,4.91881275,0.349083871,0.809079502E-2,0.256850690,0.256850690,286.614594,-103.287331,0.433237710E-5,10.8309431,7.50076485,0.00000000,0.00000000,0.00000000,502.207825,3.25000000,0.00000000,0.873497128E-2,0.00000000,0.00000000,0.865933206E-2,0.101043480E-1,1.00000000,296.000000,22.8500061,397.107422,1398.88232,-1000.00000,0.00000000,0.00000000,0.166384369,0.154875457,295.000000,0.109992340,0.00000000
1,2,mixed_cover_shrub,7,60.0000000,2,F,T,1,1,F,17,15,0.500000000,21,19,0,1004.50000,0.285714298,9.81000042,2500000.00,0.567051011E-7,1.00000000,20,4,1.00000000,0.00000000,290.000000,10.0000000,90.0000000,85.0000000,0.00000000,0.00000000,240.000000,200.000000,0.999999978E-2,0.899999961E-2,9.00000000,0.150000006,80.0000000,95000.0000,298.000000,0.800000038E-2,0.00000000,1.10000002,0.00000000,0.00000000,0.00000000,0.00000000,0.750000000,0.150000006,0.899999976,4.91881275,0.226151079,0.809079502E-2,0.256850690,0.256850690,285.919861,-109.589882,0.204415028E-5,5.11037588,7.50024509,0.00000000,0.00000000,0.00000000,547.509033,3.25000000,0.00000000,0.837464072E-2,0.00000000,0.00000000,0.830508862E-2,0.965597946E-2,1.00000000,296.000000,22.8500061,387.900299,1398.88232,-1000.00000,0.00000000,0.00000000,0.119999997,0.119999997,295.000000,0.712418258E-1,0.00000000,0.00000000,0.00000000,0.00000000,0.00000000,0.750000000,0.150000006,0.899999976,4.91881275,0.349083871,0.809079502E-2,0.256850690,0.256850690,286.614594,-103.287331,0.433237710E-5,10.8309431,7.50076485,0.00000000,0.00000000,0.00000000,502.207825,3.25000000,0.00000000,0.873497128E-2,0.00000000,0.00000000,0.865933206E-2,0.101043480E-1,1.00000000,296.000000,22.8500061,397.107422,1398.88232,-1000.00000,0.00000000,0.00000000,0.120000005,0.119999997,294.999969,0.712418258E-1,0.00000000
1,2,mixed_cover_shrub,8,60.0000000,2,F,T,1,1,F,17,15,0.500000000,21,19,0,1004.50000,0.285714298,9.81000042,2500000.00,0.567051011E-7,1.60000002,20,4,1.00000000,0.00000000,290.000000,10.0000000,90.0000000,85.0000000,0.00000000,0.00000000,240.000000,200.000000,0.999999978E-2,0.899999961E-2,9.00000000,0.150000006,80.0000000,95000.0000,298.000000,0.800000038E-2,0.00000000,1.10000002,0.00000000,0.00000000,0.00000000,0.00000000,0.750000000,0.150000006,0.899999976,4.91881275,0.226151079,0.809079502E-2,0.256850690,0.256850690,285.919861,-109.589882,0.204415028E-5,5.11037588,7.50024509,0.00000000,0.00000000,0.00000000,547.509033,3.25000000,0.00000000,0.837464072E-2,0.00000000,0.00000000,0.830508862E-2,0.965597946E-2,1.00000000,296.000000,22.8500061,387.900299,1398.88232,-1000.00000,0.00000000,0.00000000,0.119999997,0.119999997,295.000000,0.712418258E-1,0.00000000,0.00000000,0.00000000,0.00000000,0.00000000,0.750000000,0.150000006,0.899999976,4.91881275,0.349083871,0.809079502E-2,0.256850690,0.256850690,286.614594,-103.287331,0.433237710E-5,10.8309431,7.50076485,0.00000000,0.00000000,0.00000000,502.207825,3.25000000,0.00000000,0.873497128E-2,0.00000000,0.00000000,0.865933206E-2,0.101043480E-1,1.00000000,296.000000,22.8500061,397.107422,1398.88232,-1000.00000,0.00000000,0.00000000,0.119999997,0.119999997,294.999878,0.712418258E-1,0.00000000
1,2,mixed_cover_shrub,9,60.0000000,2,F,T,1,1,F,17,15,0.500000000,21,19,0,1004.50000,0.285714298,9.81000042,2500000.00,0.567051011E-7,3.00000000,20,4,1.00000000,0.00000000,290.000000,10.0000000,90.0000000,85.0000000,0.00000000,0.00000000,240.000000,200.000000,0.999999978E-2,0.899999961E-2,9.00000000,0.150000006,80.0000000,95000.0000,298.000000,0.800000038E-2,0.00000000,1.10000002,0.00000000,0.00000000,0.00000000,0.00000000,0.750000000,0.150000006,0.899999976,4.91881275,0.226151079,0.809079502E-2,0.256850690,0.256850690,285.919861,-109.589882,0.204415028E-5,5.11037588,7.50024509,0.00000000,0.00000000,0.00000000,547.509033,3.25000000,0.00000000,0.837464072E-2,0.00000000,0.00000000,0.830508862E-2,0.965597946E-2,1.00000000,296.000000,22.8500061,387.900299,1398.88232,-1000.00000,0.00000000,0.00000000,0.119999997,0.119999997,290.000000,0.712418258E-1,0.00000000,0.00000000,0.00000000,0.00000000,0.00000000,0.750000000,0.150000006,0.899999976,4.91881275,0.349083871,0.809079502E-2,0.256850690,0.256850690,286.614594,-103.287331,0.433237710E-5,10.8309431,7.50076485,0.00000000,0.00000000,0.00000000,502.207825,3.25000000,0.00000000,0.873497128E-2,0.00000000,0.00000000,0.865933206E-2,0.101043480E-1,1.00000000,296.000000,22.8500061,397.107422,1398.88232,-1000.00000,0.00000000,0.00000000,0.119999997,0.119999997,290.000000,0.712418258E-1,0.00000000
2,1,dry_root_irrigation,1,180.000000,1,F,F,1,1,T,16,24,0.500000000,28,19,1,1004.50000,0.285714298,9.81000042,2500000.00,0.567051011E-7,0.00000000,3,4,1.00000000,0.00000000,290.000000,10.0000000,90.0000000,85.0000000,0.00000000,0.00000000,345.000000,505.000000,0.149999997E-1,0.140000004E-1,14.0000000,0.180000007,60.0000000,98000.0000,298.000000,0.800000038E-2,0.999999975E-5,1.17999995,0.00000000,0.00000000,0.00000000,0.200000003,0.639999986,0.180000007,0.920000017,5.67999983,0.256716430,0.00000000,0.00000000,0.200000003,297.000000,0.00000000,0.00000000,0.00000000,7.50000000,2.00000000,1.00000000,4.00000000,0.00000000,3.25000000,0.250000000,0.899999961E-2,0.199999995E-3,0.00000000,0.00000000,0.00000000,1.00000000,296.000000,0.00000000,0.00000000,0.00000000,0.00000000,0.00000000,0.500000000,0.119999997,0.119999997,295.000000,0.00000000,0.00000000,0.00000000,0.00000000,0.00000000,0.180423602,0.639999986,0.180000007,0.920000017,5.67999983,0.224812746,0.117324153E-1,0.254662424,0.254662424,295.733734,-31.6983814,0.120450604E-3,301.126526,7.54336262,0.00000000,0.00000000,0.00000000,-38.8763123,3.25000000,0.00000000,0.101231802E-1,0.00000000,0.00000000,0.100217285E-1,0.173848420E-1,1.00000000,296.000000,22.8500061,387.899689,1398.88232,-1000.00000,0.00000000,0.00000000,0.154742450,0.119999997,295.733734,0.712418258E-1,0.00000000
2,1,dry_root_irrigation,2,180.000000,1,F,F,1,1,T,16,24,0.500000000,28,19,1,1004.50000,0.285714298,9.81000042,2500000.00,0.567051011E-7,0.999999978E-2,3,4,1.00000000,0.00000000,290.000000,10.0000000,90.0000000,85.0000000,0.00000000,0.00000000,345.000000,505.000000,0.149999997E-1,0.140000004E-1,14.0000000,0.180000007,60.0000000,98000.0000,298.000000,0.800000038E-2,0.999999975E-5,1.17999995,0.00000000,0.00000000,0.00000000,0.200000003,0.639999986,0.180000007,0.920000017,5.67999983,0.256716430,0.00000000,0.00000000,0.200000003,297.000000,0.00000000,0.00000000,0.00000000,7.50000000,2.00000000,1.00000000,4.00000000,0.00000000,3.25000000,0.250000000,0.899999961E-2,0.199999995E-3,0.00000000,0.00000000,0.00000000,1.00000000,296.000000,0.00000000,0.00000000,0.00000000,0.00000000,0.00000000,0.500000000,0.119999997,0.119999997,295.000000,0.00000000,0.00000000,0.00000000,0.00000000,0.00000000,0.180423602,0.639999986,0.180000007,0.920000017,5.67999983,0.224812746,0.117324153E-1,0.254662424,0.254662424,295.733734,-31.6983814,0.120450604E-3,301.126526,7.54336262,0.00000000,0.00000000,0.00000000,-38.8763123,3.25000000,0.00000000,0.101231802E-1,0.00000000,0.00000000,0.100217285E-1,0.173848420E-1,1.00000000,296.000000,22.8500061,387.899689,1398.88232,-1000.00000,0.00000000,0.00000000,0.154875204,0.119999997,295.136993,0.712418258E-1,0.00000000
2,1,dry_root_irrigation,3,180.000000,1,F,F,1,1,T,16,24,0.500000000,28,19,1,1004.50000,0.285714298,9.81000042,2500000.00,0.567051011E-7,0.399999991E-1,3,4,1.00000000,0.00000000,290.000000,10.0000000,90.0000000,85.0000000,0.00000000,0.00000000,345.000000,505.000000,0.149999997E-1,0.140000004E-1,14.0000000,0.180000007,60.0000000,98000.0000,298.000000,0.800000038E-2,0.999999975E-5,1.17999995,0.00000000,0.00000000,0.00000000,0.200000003,0.639999986,0.180000007,0.920000017,5.67999983,0.256716430,0.00000000,0.00000000,0.200000003,297.000000,0.00000000,0.00000000,0.00000000,7.50000000,2.00000000,1.00000000,4.00000000,0.00000000,3.25000000,0.250000000,0.899999961E-2,0.199999995E-3,0.00000000,0.00000000,0.00000000,1.00000000,296.000000,0.00000000,0.00000000,0.00000000,0.00000000,0.00000000,0.500000000,0.119999997,0.119999997,295.000000,0.00000000,0.00000000,0.00000000,0.00000000,0.00000000,0.180423602,0.639999986,0.180000007,0.920000017,5.67999983,0.224812746,0.117324153E-1,0.254662424,0.254662424,295.733734,-31.6983814,0.120450604E-3,301.126526,7.54336262,0.00000000,0.00000000,0.00000000,-38.8763123,3.25000000,0.00000000,0.101231802E-1,0.00000000,0.00000000,0.100217285E-1,0.173848420E-1,1.00000000,296.000000,22.8500061,387.899689,1398.88232,-1000.00000,0.00000000,0.00000000,0.154875353,0.119999997,295.004761,0.712418258E-1,0.00000000
2,1,dry_root_irrigation,4,180.000000,1,F,F,1,1,T,16,24,0.500000000,28,19,1,1004.50000,0.285714298,9.81000042,2500000.00,0.567051011E-7,0.100000001,3,4,1.00000000,0.00000000,290.000000,10.0000000,90.0000000,85.0000000,0.00000000,0.00000000,345.000000,505.000000,0.149999997E-1,0.140000004E-1,14.0000000,0.180000007,60.0000000,98000.0000,298.000000,0.800000038E-2,0.999999975E-5,1.17999995,0.00000000,0.00000000,0.00000000,0.200000003,0.639999986,0.180000007,0.920000017,5.67999983,0.256716430,0.00000000,0.00000000,0.200000003,297.000000,0.00000000,0.00000000,0.00000000,7.50000000,2.00000000,1.00000000,4.00000000,0.00000000,3.25000000,0.250000000,0.899999961E-2,0.199999995E-3,0.00000000,0.00000000,0.00000000,1.00000000,296.000000,0.00000000,0.00000000,0.00000000,0.00000000,0.00000000,0.500000000,0.119999997,0.119999997,295.000000,0.00000000,0.00000000,0.00000000,0.00000000,0.00000000,0.180423602,0.639999986,0.180000007,0.920000017,5.67999983,0.224812746,0.117324153E-1,0.254662424,0.254662424,295.733734,-31.6983814,0.120450604E-3,301.126526,7.54336262,0.00000000,0.00000000,0.00000000,-38.8763123,3.25000000,0.00000000,0.101231802E-1,0.00000000,0.00000000,0.100217285E-1,0.173848420E-1,1.00000000,296.000000,22.8500061,387.899689,1398.88232,-1000.00000,0.00000000,0.00000000,0.154875427,0.119999997,295.000061,0.712418258E-1,0.00000000
2,1,dry_root_irrigation,5,180.000000,1,F,F,1,1,T,16,24,0.500000000,28,19,1,1004.50000,0.285714298,9.81000042,2500000.00,0.567051011E-7,0.300000012,3,4,1.00000000,0.00000000,290.000000,10.0000000,90.0000000,85.0000000,0.00000000,0.00000000,345.000000,505.000000,0.149999997E-1,0.140000004E-1,14.0000000,0.180000007,60.0000000,98000.0000,298.000000,0.800000038E-2,0.999999975E-5,1.17999995,0.00000000,0.00000000,0.00000000,0.200000003,0.639999986,0.180000007,0.920000017,5.67999983,0.256716430,0.00000000,0.00000000,0.200000003,297.000000,0.00000000,0.00000000,0.00000000,7.50000000,2.00000000,1.00000000,4.00000000,0.00000000,3.25000000,0.250000000,0.899999961E-2,0.199999995E-3,0.00000000,0.00000000,0.00000000,1.00000000,296.000000,0.00000000,0.00000000,0.00000000,0.00000000,0.00000000,0.500000000,0.119999997,0.119999997,295.000000,0.00000000,0.00000000,0.00000000,0.00000000,0.00000000,0.180423602,0.639999986,0.180000007,0.920000017,5.67999983,0.224812746,0.117324153E-1,0.254662424,0.254662424,295.733734,-31.6983814,0.120450604E-3,301.126526,7.54336262,0.00000000,0.00000000,0.00000000,-38.8763123,3.25000000,0.00000000,0.101231802E-1,0.00000000,0.00000000,0.100217285E-1,0.173848420E-1,1.00000000,296.000000,22.8500061,387.899689,1398.88232,-1000.00000,0.00000000,0.00000000,0.154875442,0.119999997,295.000031,0.712418258E-1,0.00000000
2,1,dry_root_irrigation,6,180.000000,1,F,F,1,1,T,16,24,0.500000000,28,19,1,1004.50000,0.285714298,9.81000042,2500000.00,0.567051011E-7,0.600000024,3,4,1.00000000,0.00000000,290.000000,10.0000000,90.0000000,85.0000000,0.00000000,0.00000000,345.000000,505.000000,0.149999997E-1,0.140000004E-1,14.0000000,0.180000007,60.0000000,98000.0000,298.000000,0.800000038E-2,0.999999975E-5,1.17999995,0.00000000,0.00000000,0.00000000,0.200000003,0.639999986,0.180000007,0.920000017,5.67999983,0.256716430,0.00000000,0.00000000,0.200000003,297.000000,0.00000000,0.00000000,0.00000000,7.50000000,2.00000000,1.00000000,4.00000000,0.00000000,3.25000000,0.250000000,0.899999961E-2,0.199999995E-3,0.00000000,0.00000000,0.00000000,1.00000000,296.000000,0.00000000,0.00000000,0.00000000,0.00000000,0.00000000,0.500000000,0.119999997,0.119999997,295.000000,0.00000000,0.00000000,0.00000000,0.00000000,0.00000000,0.180423602,0.639999986,0.180000007,0.920000017,5.67999983,0.224812746,0.117324153E-1,0.254662424,0.254662424,295.733734,-31.6983814,0.120450604E-3,301.126526,7.54336262,0.00000000,0.00000000,0.00000000,-38.8763123,3.25000000,0.00000000,0.101231802E-1,0.00000000,0.00000000,0.100217285E-1,0.173848420E-1,1.00000000,296.000000,22.8500061,387.899689,1398.88232,-1000.00000,0.00000000,0.00000000,0.154875457,0.119999997,294.999969,0.712418258E-1,0.00000000
2,1,dry_root_irrigation,7,180.000000,1,F,F,1,1,T,16,24,0.500000000,28,19,1,1004.50000,0.285714298,9.81000042,2500000.00,0.567051011E-7,1.00000000,3,4,1.00000000,0.00000000,290.000000,10.0000000,90.0000000,85.0000000,0.00000000,0.00000000,345.000000,505.000000,0.149999997E-1,0.140000004E-1,14.0000000,0.180000007,60.0000000,98000.0000,298.000000,0.800000038E-2,0.999999975E-5,1.17999995,0.00000000,0.00000000,0.00000000,0.200000003,0.639999986,0.180000007,0.920000017,5.67999983,0.256716430,0.00000000,0.00000000,0.200000003,297.000000,0.00000000,0.00000000,0.00000000,7.50000000,2.00000000,1.00000000,4.00000000,0.00000000,3.25000000,0.250000000,0.899999961E-2,0.199999995E-3,0.00000000,0.00000000,0.00000000,1.00000000,296.000000,0.00000000,0.00000000,0.00000000,0.00000000,0.00000000,0.500000000,0.119999997,0.119999997,295.000000,0.00000000,0.00000000,0.00000000,0.00000000,0.00000000,0.180423602,0.639999986,0.180000007,0.920000017,5.67999983,0.224812746,0.117324153E-1,0.254662424,0.254662424,295.733734,-31.6983814,0.120450604E-3,301.126526,7.54336262,0.00000000,0.00000000,0.00000000,-38.8763123,3.25000000,0.00000000,0.101231802E-1,0.00000000,0.00000000,0.100217285E-1,0.173848420E-1,1.00000000,296.000000,22.8500061,387.899689,1398.88232,-1000.00000,0.00000000,0.00000000,0.119999997,0.119999997,295.000000,0.712418258E-1,0.00000000
2,1,dry_root_irrigation,8,180.000000,1,F,F,1,1,T,16,24,0.500000000,28,19,1,1004.50000,0.285714298,9.81000042,2500000.00,0.567051011E-7,1.60000002,3,4,1.00000000,0.00000000,290.000000,10.0000000,90.0000000,85.0000000,0.00000000,0.00000000,345.000000,505.000000,0.149999997E-1,0.140000004E-1,14.0000000,0.180000007,60.0000000,98000.0000,298.000000,0.800000038E-2,0.999999975E-5,1.17999995,0.00000000,0.00000000,0.00000000,0.200000003,0.639999986,0.180000007,0.920000017,5.67999983,0.256716430,0.00000000,0.00000000,0.200000003,297.000000,0.00000000,0.00000000,0.00000000,7.50000000,2.00000000,1.00000000,4.00000000,0.00000000,3.25000000,0.250000000,0.899999961E-2,0.199999995E-3,0.00000000,0.00000000,0.00000000,1.00000000,296.000000,0.00000000,0.00000000,0.00000000,0.00000000,0.00000000,0.500000000,0.119999997,0.119999997,295.000000,0.00000000,0.00000000,0.00000000,0.00000000,0.00000000,0.180423602,0.639999986,0.180000007,0.920000017,5.67999983,0.224812746,0.117324153E-1,0.254662424,0.254662424,295.733734,-31.6983814,0.120450604E-3,301.126526,7.54336262,0.00000000,0.00000000,0.00000000,-38.8763123,3.25000000,0.00000000,0.101231802E-1,0.00000000,0.00000000,0.100217285E-1,0.173848420E-1,1.00000000,296.000000,22.8500061,387.899689,1398.88232,-1000.00000,0.00000000,0.00000000,0.119999997,0.119999997,295.000000,0.712418258E-1,0.00000000
2,1,dry_root_irrigation,9,180.000000,1,F,F,1,1,T,16,24,0.500000000,28,19,1,1004.50000,0.285714298,9.81000042,2500000.00,0.567051011E-7,3.00000000,3,4,1.00000000,0.00000000,290.000000,10.0000000,90.0000000,85.0000000,0.00000000,0.00000000,345.000000,505.000000,0.149999997E-1,0.140000004E-1,14.0000000,0.180000007,60.0000000,98000.0000,298.000000,0.800000038E-2,0.999999975E-5,1.17999995,0.00000000,0.00000000,0.00000000,0.200000003,0.639999986,0.180000007,0.920000017,5.67999983,0.256716430,0.00000000,0.00000000,0.200000003,297.000000,0.00000000,0.00000000,0.00000000,7.50000000,2.00000000,1.00000000,4.00000000,0.00000000,3.25000000,0.250000000,0.899999961E-2,0.199999995E-3,0.00000000,0.00000000,0.00000000,1.00000000,296.000000,0.00000000,0.00000000,0.00000000,0.00000000,0.00000000,0.500000000,0.119999997,0.119999997,295.000000,0.00000000,0.00000000,0.00000000,0.00000000,0.00000000,0.180423602,0.639999986,0.180000007,0.920000017,5.67999983,0.224812746,0.117324153E-1,0.254662424,0.254662424,295.733734,-31.6983814,0.120450604E-3,301.126526,7.54336262,0.00000000,0.00000000,0.00000000,-38.8763123,3.25000000,0.00000000,0.101231802E-1,0.00000000,0.00000000,0.100217285E-1,0.173848420E-1,1.00000000,296.000000,22.8500061,387.899689,1398.88232,-1000.00000,0.00000000,0.00000000,0.119999997,0.119999997,290.000000,0.712418258E-1,0.00000000
2,1,threshold_greenness,1,180.000000,1,F,F,1,1,T,16,24,0.500000000,28,19,1,1004.50000,0.285714298,9.81000042,2500000.00,0.567051011E-7,0.00000000,7,4,1.00000000,0.00000000,290.000000,10.0000000,90.0000000,70.0000000,0.00000000,0.00000000,295.000000,415.000000,0.109999999E-1,0.999999978E-2,10.0000000,0.189999998,60.0000000,98000.0000,298.000000,0.800000038E-2,0.00000000,1.17999995,0.00000000,0.00000000,0.00000000,0.599999987E-1,0.639999986,0.189999998,0.920000017,2.90000010,0.256716430,0.00000000,0.00000000,0.750000030E-1,297.000000,0.00000000,0.00000000,0.00000000,7.50000000,2.00000000,1.00000000,4.00000000,0.00000000,3.25000000,0.250000000,0.00000000,-2.00000000,0.00000000,0.00000000,0.00000000,1.00000000,296.000000,0.00000000,0.00000000,0.00000000,0.00000000,0.00000000,0.500000000,0.119999997,0.119999997,295.000000,0.00000000,0.00000000,0.00000000,0.00000000,0.00000000,0.531956889E-1,0.639999986,0.189999998,0.920000017,2.90000010,0.224385366,0.838029664E-2,0.234522894,0.234522894,291.688843,-63.0531998,0.526325312E-4,131.581329,7.51894760,0.00000000,0.00000000,0.00000000,175.438446,3.25000000,0.00000000,0.925454777E-2,0.00000000,0.00000000,0.916968659E-2,0.135453278E-1,1.00000000,296.000000,22.8500061,359.997345,1398.88232,-1000.00000,0.00000000,0.00000000,0.119475797,0.119475797,291.688843,0.712418258E-1,0.00000000
2,1,threshold_greenness,2,180.000000,1,F,F,1,1,T,16,24,0.500000000,28,19,1,1004.50000,0.285714298,9.81000042,2500000.00,0.567051011E-7,0.999999978E-2,7,4,1.00000000,0.00000000,290.000000,10.0000000,90.0000000,70.0000000,0.00000000,0.00000000,295.000000,415.000000,0.109999999E-1,0.999999978E-2,10.0000000,0.189999998,60.0000000,98000.0000,298.000000,0.800000038E-2,0.00000000,1.17999995,0.00000000,0.00000000,0.00000000,0.599999987E-1,0.639999986,0.189999998,0.920000017,2.90000010,0.256716430,0.00000000,0.00000000,0.750000030E-1,297.000000,0.00000000,0.00000000,0.00000000,7.50000000,2.00000000,1.00000000,4.00000000,0.00000000,3.25000000,0.250000000,0.00000000,-2.00000000,0.00000000,0.00000000,0.00000000,1.00000000,296.000000,0.00000000,0.00000000,0.00000000,0.00000000,0.00000000,0.500000000,0.119999997,0.119999997,295.000000,0.00000000,0.00000000,0.00000000,0.00000000,0.00000000,0.531956889E-1,0.639999986,0.189999998,0.920000017,2.90000010,0.224385366,0.838029664E-2,0.234522894,0.234522894,291.688843,-63.0531998,0.526325312E-4,131.581329,7.51894760,0.00000000,0.00000000,0.00000000,175.438446,3.25000000,0.00000000,0.925454777E-2,0.00000000,0.00000000,0.916968659E-2,0.135453278E-1,1.00000000,296.000000,22.8500061,359.997345,1398.88232,-1000.00000,0.00000000,0.00000000,0.119999669,0.119999669,294.381775,0.712418258E-1,0.00000000
2,1,threshold_greenness,3,180.000000,1,F,F,1,1,T,16,24,0.500000000,28,19,1,1004.50000,0.285714298,9.81000042,2500000.00,0.567051011E-7,0.399999991E-1,7,4,1.00000000,0.00000000,290.000000,10.0000000,90.0000000,70.0000000,0.00000000,0.00000000,295.000000,415.000000,0.109999999E-1,0.999999978E-2,10.0000000,0.189999998,60.0000000,98000.0000,298.000000,0.800000038E-2,0.00000000,1.17999995,0.00000000,0.00000000,0.00000000,0.599999987E-1,0.639999986,0.189999998,0.920000017,2.90000010,0.256716430,0.00000000,0.00000000,0.750000030E-1,297.000000,0.00000000,0.00000000,0.00000000,7.50000000,2.00000000,1.00000000,4.00000000,0.00000000,3.25000000,0.250000000,0.00000000,-2.00000000,0.00000000,0.00000000,0.00000000,1.00000000,296.000000,0.00000000,0.00000000,0.00000000,0.00000000,0.00000000,0.500000000,0.119999997,0.119999997,295.000000,0.00000000,0.00000000,0.00000000,0.00000000,0.00000000,0.531956889E-1,0.639999986,0.189999998,0.920000017,2.90000010,0.224385366,0.838029664E-2,0.234522894,0.234522894,291.688843,-63.0531998,0.526325312E-4,131.581329,7.51894760,0.00000000,0.00000000,0.00000000,175.438446,3.25000000,0.00000000,0.925454777E-2,0.00000000,0.00000000,0.916968659E-2,0.135453278E-1,1.00000000,296.000000,22.8500061,359.997345,1398.88232,-1000.00000,0.00000000,0.00000000,0.119999886,0.119999886,294.978455,0.712418258E-1,0.00000000
2,1,threshold_greenness,4,180.000000,1,F,F,1,1,T,16,24,0.500000000,28,19,1,1004.50000,0.285714298,9.81000042,2500000.00,0.567051011E-7,0.100000001,7,4,1.00000000,0.00000000,290.000000,10.0000000,90.0000000,70.0000000,0.00000000,0.00000000,295.000000,415.000000,0.109999999E-1,0.999999978E-2,10.0000000,0.189999998,60.0000000,98000.0000,298.000000,0.800000038E-2,0.00000000,1.17999995,0.00000000,0.00000000,0.00000000,0.599999987E-1,0.639999986,0.189999998,0.920000017,2.90000010,0.256716430,0.00000000,0.00000000,0.750000030E-1,297.000000,0.00000000,0.00000000,0.00000000,7.50000000,2.00000000,1.00000000,4.00000000,0.00000000,3.25000000,0.250000000,0.00000000,-2.00000000,0.00000000,0.00000000,0.00000000,1.00000000,296.000000,0.00000000,0.00000000,0.00000000,0.00000000,0.00000000,0.500000000,0.119999997,0.119999997,295.000000,0.00000000,0.00000000,0.00000000,0.00000000,0.00000000,0.531956889E-1,0.639999986,0.189999998,0.920000017,2.90000010,0.224385366,0.838029664E-2,0.234522894,0.234522894,291.688843,-63.0531998,0.526325312E-4,131.581329,7.51894760,0.00000000,0.00000000,0.00000000,175.438446,3.25000000,0.00000000,0.925454777E-2,0.00000000,0.00000000,0.916968659E-2,0.135453278E-1,1.00000000,296.000000,22.8500061,359.997345,1398.88232,-1000.00000,0.00000000,0.00000000,0.119999953,0.119999953,294.999878,0.712418258E-1,0.00000000
2,1,threshold_greenness,5,180.000000,1,F,F,1,1,T,16,24,0.500000000,28,19,1,1004.50000,0.285714298,9.81000042,2500000.00,0.567051011E-7,0.300000012,7,4,1.00000000,0.00000000,290.000000,10.0000000,90.0000000,70.0000000,0.00000000,0.00000000,295.000000,415.000000,0.109999999E-1,0.999999978E-2,10.0000000,0.189999998,60.0000000,98000.0000,298.000000,0.800000038E-2,0.00000000,1.17999995,0.00000000,0.00000000,0.00000000,0.599999987E-1,0.639999986,0.189999998,0.920000017,2.90000010,0.256716430,0.00000000,0.00000000,0.750000030E-1,297.000000,0.00000000,0.00000000,0.00000000,7.50000000,2.00000000,1.00000000,4.00000000,0.00000000,3.25000000,0.250000000,0.00000000,-2.00000000,0.00000000,0.00000000,0.00000000,1.00000000,296.000000,0.00000000,0.00000000,0.00000000,0.00000000,0.00000000,0.500000000,0.119999997,0.119999997,295.000000,0.00000000,0.00000000,0.00000000,0.00000000,0.00000000,0.531956889E-1,0.639999986,0.189999998,0.920000017,2.90000010,0.224385366,0.838029664E-2,0.234522894,0.234522894,291.688843,-63.0531998,0.526325312E-4,131.581329,7.51894760,0.00000000,0.00000000,0.00000000,175.438446,3.25000000,0.00000000,0.925454777E-2,0.00000000,0.00000000,0.916968659E-2,0.135453278E-1,1.00000000,296.000000,22.8500061,359.997345,1398.88232,-1000.00000,0.00000000,0.00000000,0.119999975,0.119999975,295.000031,0.712418258E-1,0.00000000
2,1,threshold_greenness,6,180.000000,1,F,F,1,1,T,16,24,0.500000000,28,19,1,1004.50000,0.285714298,9.81000042,2500000.00,0.567051011E-7,0.600000024,7,4,1.00000000,0.00000000,290.000000,10.0000000,90.0000000,70.0000000,0.00000000,0.00000000,295.000000,415.000000,0.109999999E-1,0.999999978E-2,10.0000000,0.189999998,60.0000000,98000.0000,298.000000,0.800000038E-2,0.00000000,1.17999995,0.00000000,0.00000000,0.00000000,0.599999987E-1,0.639999986,0.189999998,0.920000017,2.90000010,0.256716430,0.00000000,0.00000000,0.750000030E-1,297.000000,0.00000000,0.00000000,0.00000000,7.50000000,2.00000000,1.00000000,4.00000000,0.00000000,3.25000000,0.250000000,0.00000000,-2.00000000,0.00000000,0.00000000,0.00000000,1.00000000,296.000000,0.00000000,0.00000000,0.00000000,0.00000000,0.00000000,0.500000000,0.119999997,0.119999997,295.000000,0.00000000,0.00000000,0.00000000,0.00000000,0.00000000,0.531956889E-1,0.639999986,0.189999998,0.920000017,2.90000010,0.224385366,0.838029664E-2,0.234522894,0.234522894,291.688843,-63.0531998,0.526325312E-4,131.581329,7.51894760,0.00000000,0.00000000,0.00000000,175.438446,3.25000000,0.00000000,0.925454777E-2,0.00000000,0.00000000,0.916968659E-2,0.135453278E-1,1.00000000,296.000000,22.8500061,359.997345,1398.88232,-1000.00000,0.00000000,0.00000000,0.119999982,0.119999982,294.999969,0.712418258E-1,0.00000000
2,1,threshold_greenness,7,180.000000,1,F,F,1,1,T,16,24,0.500000000,28,19,1,1004.50000,0.285714298,9.81000042,2500000.00,0.567051011E-7,1.00000000,7,4,1.00000000,0.00000000,290.000000,10.0000000,90.0000000,70.0000000,0.00000000,0.00000000,295.000000,415.000000,0.109999999E-1,0.999999978E-2,10.0000000,0.189999998,60.0000000,98000.0000,298.000000,0.800000038E-2,0.00000000,1.17999995,0.00000000,0.00000000,0.00000000,0.599999987E-1,0.639999986,0.189999998,0.920000017,2.90000010,0.256716430,0.00000000,0.00000000,0.750000030E-1,297.000000,0.00000000,0.00000000,0.00000000,7.50000000,2.00000000,1.00000000,4.00000000,0.00000000,3.25000000,0.250000000,0.00000000,-2.00000000,0.00000000,0.00000000,0.00000000,1.00000000,296.000000,0.00000000,0.00000000,0.00000000,0.00000000,0.00000000,0.500000000,0.119999997,0.119999997,295.000000,0.00000000,0.00000000,0.00000000,0.00000000,0.00000000,0.531956889E-1,0.639999986,0.189999998,0.920000017,2.90000010,0.224385366,0.838029664E-2,0.234522894,0.234522894,291.688843,-63.0531998,0.526325312E-4,131.581329,7.51894760,0.00000000,0.00000000,0.00000000,175.438446,3.25000000,0.00000000,0.925454777E-2,0.00000000,0.00000000,0.916968659E-2,0.135453278E-1,1.00000000,296.000000,22.8500061,359.997345,1398.88232,-1000.00000,0.00000000,0.00000000,0.119999997,0.119999997,295.000000,0.712418258E-1,0.00000000
2,1,threshold_greenness,8,180.000000,1,F,F,1,1,T,16,24,0.500000000,28,19,1,1004.50000,0.285714298,9.81000042,2500000.00,0.567051011E-7,1.60000002,7,4,1.00000000,0.00000000,290.000000,10.0000000,90.0000000,70.0000000,0.00000000,0.00000000,295.000000,415.000000,0.109999999E-1,0.999999978E-2,10.0000000,0.189999998,60.0000000,98000.0000,298.000000,0.800000038E-2,0.00000000,1.17999995,0.00000000,0.00000000,0.00000000,0.599999987E-1,0.639999986,0.189999998,0.920000017,2.90000010,0.256716430,0.00000000,0.00000000,0.750000030E-1,297.000000,0.00000000,0.00000000,0.00000000,7.50000000,2.00000000,1.00000000,4.00000000,0.00000000,3.25000000,0.250000000,0.00000000,-2.00000000,0.00000000,0.00000000,0.00000000,1.00000000,296.000000,0.00000000,0.00000000,0.00000000,0.00000000,0.00000000,0.500000000,0.119999997,0.119999997,295.000000,0.00000000,0.00000000,0.00000000,0.00000000,0.00000000,0.531956889E-1,0.639999986,0.189999998,0.920000017,2.90000010,0.224385366,0.838029664E-2,0.234522894,0.234522894,291.688843,-63.0531998,0.526325312E-4,131.581329,7.51894760,0.00000000,0.00000000,0.00000000,175.438446,3.25000000,0.00000000,0.925454777E-2,0.00000000,0.00000000,0.916968659E-2,0.135453278E-1,1.00000000,296.000000,22.8500061,359.997345,1398.88232,-1000.00000,0.00000000,0.00000000,0.119999997,0.119999997,295.000000,0.712418258E-1,0.00000000
2,1,threshold_greenness,9,180.000000,1,F,F,1,1,T,16,24,0.500000000,28,19,1,1004.50000,0.285714298,9.81000042,2500000.00,0.567051011E-7,3.00000000,7,4,1.00000000,0.00000000,290.000000,10.0000000,90.0000000,70.0000000,0.00000000,0.00000000,295.000000,415.000000,0.109999999E-1,0.999999978E-2,10.0000000,0.189999998,60.0000000,98000.0000,298.000000,0.800000038E-2,0.00000000,1.17999995,0.00000000,0.00000000,0.00000000,0.599999987E-1,0.639999986,0.189999998,0.920000017,2.90000010,0.256716430,0.00000000,0.00000000,0.750000030E-1,297.000000,0.00000000,0.00000000,0.00000000,7.50000000,2.00000000,1.00000000,4.00000000,0.00000000,3.25000000,0.250000000,0.00000000,-2.00000000,0.00000000,0.00000000,0.00000000,1.00000000,296.000000,0.00000000,0.00000000,0.00000000,0.00000000,0.00000000,0.500000000,0.119999997,0.119999997,295.000000,0.00000000,0.00000000,0.00000000,0.00000000,0.00000000,0.531956889E-1,0.639999986,0.189999998,0.920000017,2.90000010,0.224385366,0.838029664E-2,0.234522894,0.234522894,291.688843,-63.0531998,0.526325312E-4,131.581329,7.51894760,0.00000000,0.00000000,0.00000000,175.438446,3.25000000,0.00000000,0.925454777E-2,0.00000000,0.00000000,0.916968659E-2,0.135453278E-1,1.00000000,296.000000,22.8500061,359.997345,1398.88232,-1000.00000,0.00000000,0.00000000,0.119999997,0.119999997,290.000000,0.712418258E-1,0.00000000
2,1,below_threshold,1,180.000000,1,F,F,1,1,T,16,24,0.500000000,28,19,1,1004.50000,0.285714298,9.81000042,2500000.00,0.567051011E-7,0.00000000,2,4,1.00000000,0.00000000,290.000000,10.0000000,90.0000000,69.0000000,0.00000000,0.00000000,245.000000,140.000000,0.899999961E-2,0.800000038E-2,8.00000000,0.170000002,60.0000000,98000.0000,298.000000,0.800000038E-2,0.299999992E-4,1.17999995,0.00000000,0.00000000,0.00000000,0.140000001,0.639999986,0.170000002,0.920000017,5.67999983,0.256716430,0.00000000,0.00000000,0.200000003,297.000000,0.00000000,0.00000000,0.00000000,7.50000000,2.00000000,1.00000000,4.00000000,0.00000000,3.25000000,0.250000000,0.179999997E-2,0.999999975E-4,0.00000000,0.00000000,0.00000000,1.00000000,296.000000,0.00000000,0.00000000,0.00000000,0.00000000,0.00000000,0.500000000,0.119999997,0.119999997,295.000000,0.00000000,0.00000000,0.00000000,0.00000000,0.00000000,0.137710005,0.639999986,0.170000002,0.920000017,5.67999983,0.225587264,0.670423731E-2,0.233173668,0.233173668,287.488220,-84.0164719,0.179518138E-4,44.8795357,7.50646305,0.00000000,0.00000000,0.00000000,398.006042,3.25000000,0.00000000,0.853542052E-2,0.00000000,0.00000000,0.846318435E-2,0.103666568E-1,1.00000000,296.000000,22.8500061,359.999054,1398.88232,-1000.00000,0.00000000,0.00000000,0.119816430,0.119816430,287.488220,0.712418258E-1,0.00000000
2,1,below_threshold,2,180.000000,1,F,F,1,1,T,16,24,0.500000000,28,19,1,1004.50000,0.285714298,9.81000042,2500000.00,0.567051011E-7,0.999999978E-2,2,4,1.00000000,0.00000000,290.000000,10.0000000,90.0000000,69.0000000,0.00000000,0.00000000,245.000000,140.000000,0.899999961E-2,0.800000038E-2,8.00000000,0.170000002,60.0000000,98000.0000,298.000000,0.800000038E-2,0.299999992E-4,1.17999995,0.00000000,0.00000000,0.00000000,0.140000001,0.639999986,0.170000002,0.920000017,5.67999983,0.256716430,0.00000000,0.00000000,0.200000003,297.000000,0.00000000,0.00000000,0.00000000,7.50000000,2.00000000,1.00000000,4.00000000,0.00000000,3.25000000,0.250000000,0.179999997E-2,0.999999975E-4,0.00000000,0.00000000,0.00000000,1.00000000,296.000000,0.00000000,0.00000000,0.00000000,0.00000000,0.00000000,0.500000000,0.119999997,0.119999997,295.000000,0.00000000,0.00000000,0.00000000,0.00000000,0.00000000,0.137710005,0.639999986,0.170000002,0.920000017,5.67999983,0.225587264,0.670423731E-2,0.233173668,0.233173668,287.488220,-84.0164719,0.179518138E-4,44.8795357,7.50646305,0.00000000,0.00000000,0.00000000,398.006042,3.25000000,0.00000000,0.853542052E-2,0.00000000,0.00000000,0.846318435E-2,0.103666568E-1,1.00000000,296.000000,22.8500061,359.999054,1398.88232,-1000.00000,0.00000000,0.00000000,0.119999878,0.119999878,293.597504,0.712418258E-1,0.00000000
2,1,below_threshold,3,180.000000,1,F,F,1,1,T,16,24,0.500000000,28,19,1,1004.50000,0.285714298,9.81000042,2500000.00,0.567051011E-7,0.399999991E-1,2,4,1.00000000,0.00000000,290.000000,10.0000000,90.0000000,69.0000000,0.00000000,0.00000000,245.000000,140.000000,0.899999961E-2,0.800000038E-2,8.00000000,0.170000002,60.0000000,98000.0000,298.000000,0.800000038E-2,0.299999992E-4,1.17999995,0.00000000,0.00000000,0.00000000,0.140000001,0.639999986,0.170000002,0.920000017,5.67999983,0.256716430,0.00000000,0.00000000,0.200000003,297.000000,0.00000000,0.00000000,0.00000000,7.50000000,2.00000000,1.00000000,4.00000000,0.00000000,3.25000000,0.250000000,0.179999997E-2,0.999999975E-4,0.00000000,0.00000000,0.00000000,1.00000000,296.000000,0.00000000,0.00000000,0.00000000,0.00000000,0.00000000,0.500000000,0.119999997,0.119999997,295.000000,0.00000000,0.00000000,0.00000000,0.00000000,0.00000000,0.137710005,0.639999986,0.170000002,0.920000017,5.67999983,0.225587264,0.670423731E-2,0.233173668,0.233173668,287.488220,-84.0164719,0.179518138E-4,44.8795357,7.50646305,0.00000000,0.00000000,0.00000000,398.006042,3.25000000,0.00000000,0.853542052E-2,0.00000000,0.00000000,0.846318435E-2,0.103666568E-1,1.00000000,296.000000,22.8500061,359.999054,1398.88232,-1000.00000,0.00000000,0.00000000,0.119999960,0.119999960,294.951172,0.712418258E-1,0.00000000
2,1,below_threshold,4,180.000000,1,F,F,1,1,T,16,24,0.500000000,28,19,1,1004.50000,0.285714298,9.81000042,2500000.00,0.567051011E-7,0.100000001,2,4,1.00000000,0.00000000,290.000000,10.0000000,90.0000000,69.0000000,0.00000000,0.00000000,245.000000,140.000000,0.899999961E-2,0.800000038E-2,8.00000000,0.170000002,60.0000000,98000.0000,298.000000,0.800000038E-2,0.299999992E-4,1.17999995,0.00000000,0.00000000,0.00000000,0.140000001,0.639999986,0.170000002,0.920000017,5.67999983,0.256716430,0.00000000,0.00000000,0.200000003,297.000000,0.00000000,0.00000000,0.00000000,7.50000000,2.00000000,1.00000000,4.00000000,0.00000000,3.25000000,0.250000000,0.179999997E-2,0.999999975E-4,0.00000000,0.00000000,0.00000000,1.00000000,296.000000,0.00000000,0.00000000,0.00000000,0.00000000,0.00000000,0.500000000,0.119999997,0.119999997,295.000000,0.00000000,0.00000000,0.00000000,0.00000000,0.00000000,0.137710005,0.639999986,0.170000002,0.920000017,5.67999983,0.225587264,0.670423731E-2,0.233173668,0.233173668,287.488220,-84.0164719,0.179518138E-4,44.8795357,7.50646305,0.00000000,0.00000000,0.00000000,398.006042,3.25000000,0.00000000,0.853542052E-2,0.00000000,0.00000000,0.846318435E-2,0.103666568E-1,1.00000000,296.000000,22.8500061,359.999054,1398.88232,-1000.00000,0.00000000,0.00000000,0.119999975,0.119999975,294.999725,0.712418258E-1,0.00000000
2,1,below_threshold,5,180.000000,1,F,F,1,1,T,16,24,0.500000000,28,19,1,1004.50000,0.285714298,9.81000042,2500000.00,0.567051011E-7,0.300000012,2,4,1.00000000,0.00000000,290.000000,10.0000000,90.0000000,69.0000000,0.00000000,0.00000000,245.000000,140.000000,0.899999961E-2,0.800000038E-2,8.00000000,0.170000002,60.0000000,98000.0000,298.000000,0.800000038E-2,0.299999992E-4,1.17999995,0.00000000,0.00000000,0.00000000,0.140000001,0.639999986,0.170000002,0.920000017,5.67999983,0.256716430,0.00000000,0.00000000,0.200000003,297.000000,0.00000000,0.00000000,0.00000000,7.50000000,2.00000000,1.00000000,4.00000000,0.00000000,3.25000000,0.250000000,0.179999997E-2,0.999999975E-4,0.00000000,0.00000000,0.00000000,1.00000000,296.000000,0.00000000,0.00000000,0.00000000,0.00000000,0.00000000,0.500000000,0.119999997,0.119999997,295.000000,0.00000000,0.00000000,0.00000000,0.00000000,0.00000000,0.137710005,0.639999986,0.170000002,0.920000017,5.67999983,0.225587264,0.670423731E-2,0.233173668,0.233173668,287.488220,-84.0164719,0.179518138E-4,44.8795357,7.50646305,0.00000000,0.00000000,0.00000000,398.006042,3.25000000,0.00000000,0.853542052E-2,0.00000000,0.00000000,0.846318435E-2,0.103666568E-1,1.00000000,296.000000,22.8500061,359.999054,1398.88232,-1000.00000,0.00000000,0.00000000,0.119999990,0.119999990,295.000031,0.712418258E-1,0.00000000
2,1,below_threshold,6,180.000000,1,F,F,1,1,T,16,24,0.500000000,28,19,1,1004.50000,0.285714298,9.81000042,2500000.00,0.567051011E-7,0.600000024,2,4,1.00000000,0.00000000,290.000000,10.0000000,90.0000000,69.0000000,0.00000000,0.00000000,245.000000,140.000000,0.899999961E-2,0.800000038E-2,8.00000000,0.170000002,60.0000000,98000.0000,298.000000,0.800000038E-2,0.299999992E-4,1.17999995,0.00000000,0.00000000,0.00000000,0.140000001,0.639999986,0.170000002,0.920000017,5.67999983,0.256716430,0.00000000,0.00000000,0.200000003,297.000000,0.00000000,0.00000000,0.00000000,7.50000000,2.00000000,1.00000000,4.00000000,0.00000000,3.25000000,0.250000000,0.179999997E-2,0.999999975E-4,0.00000000,0.00000000,0.00000000,1.00000000,296.000000,0.00000000,0.00000000,0.00000000,0.00000000,0.00000000,0.500000000,0.119999997,0.119999997,295.000000,0.00000000,0.00000000,0.00000000,0.00000000,0.00000000,0.137710005,0.639999986,0.170000002,0.920000017,5.67999983,0.225587264,0.670423731E-2,0.233173668,0.233173668,287.488220,-84.0164719,0.179518138E-4,44.8795357,7.50646305,0.00000000,0.00000000,0.00000000,398.006042,3.25000000,0.00000000,0.853542052E-2,0.00000000,0.00000000,0.846318435E-2,0.103666568E-1,1.00000000,296.000000,22.8500061,359.999054,1398.88232,-1000.00000,0.00000000,0.00000000,0.119999990,0.119999990,294.999969,0.712418258E-1,0.00000000
2,1,below_threshold,7,180.000000,1,F,F,1,1,T,16,24,0.500000000,28,19,1,1004.50000,0.285714298,9.81000042,2500000.00,0.567051011E-7,1.00000000,2,4,1.00000000,0.00000000,290.000000,10.0000000,90.0000000,69.0000000,0.00000000,0.00000000,245.000000,140.000000,0.899999961E-2,0.800000038E-2,8.00000000,0.170000002,60.0000000,98000.0000,298.000000,0.800000038E-2,0.299999992E-4,1.17999995,0.00000000,0.00000000,0.00000000,0.140000001,0.639999986,0.170000002,0.920000017,5.67999983,0.256716430,0.00000000,0.00000000,0.200000003,297.000000,0.00000000,0.00000000,0.00000000,7.50000000,2.00000000,1.00000000,4.00000000,0.00000000,3.25000000,0.250000000,0.179999997E-2,0.999999975E-4,0.00000000,0.00000000,0.00000000,1.00000000,296.000000,0.00000000,0.00000000,0.00000000,0.00000000,0.00000000,0.500000000,0.119999997,0.119999997,295.000000,0.00000000,0.00000000,0.00000000,0.00000000,0.00000000,0.137710005,0.639999986,0.170000002,0.920000017,5.67999983,0.225587264,0.670423731E-2,0.233173668,0.233173668,287.488220,-84.0164719,0.179518138E-4,44.8795357,7.50646305,0.00000000,0.00000000,0.00000000,398.006042,3.25000000,0.00000000,0.853542052E-2,0.00000000,0.00000000,0.846318435E-2,0.103666568E-1,1.00000000,296.000000,22.8500061,359.999054,1398.88232,-1000.00000,0.00000000,0.00000000,0.119999997,0.119999997,295.000000,0.712418258E-1,0.00000000
2,1,below_threshold,8,180.000000,1,F,F,1,1,T,16,24,0.500000000,28,19,1,1004.50000,0.285714298,9.81000042,2500000.00,0.567051011E-7,1.60000002,2,4,1.00000000,0.00000000,290.000000,10.0000000,90.0000000,69.0000000,0.00000000,0.00000000,245.000000,140.000000,0.899999961E-2,0.800000038E-2,8.00000000,0.170000002,60.0000000,98000.0000,298.000000,0.800000038E-2,0.299999992E-4,1.17999995,0.00000000,0.00000000,0.00000000,0.140000001,0.639999986,0.170000002,0.920000017,5.67999983,0.256716430,0.00000000,0.00000000,0.200000003,297.000000,0.00000000,0.00000000,0.00000000,7.50000000,2.00000000,1.00000000,4.00000000,0.00000000,3.25000000,0.250000000,0.179999997E-2,0.999999975E-4,0.00000000,0.00000000,0.00000000,1.00000000,296.000000,0.00000000,0.00000000,0.00000000,0.00000000,0.00000000,0.500000000,0.119999997,0.119999997,295.000000,0.00000000,0.00000000,0.00000000,0.00000000,0.00000000,0.137710005,0.639999986,0.170000002,0.920000017,5.67999983,0.225587264,0.670423731E-2,0.233173668,0.233173668,287.488220,-84.0164719,0.179518138E-4,44.8795357,7.50646305,0.00000000,0.00000000,0.00000000,398.006042,3.25000000,0.00000000,0.853542052E-2,0.00000000,0.00000000,0.846318435E-2,0.103666568E-1,1.00000000,296.000000,22.8500061,359.999054,1398.88232,-1000.00000,0.00000000,0.00000000,0.119999997,0.119999997,295.000000,0.712418258E-1,0.00000000
2,1,below_threshold,9,180.000000,1,F,F,1,1,T,16,24,0.500000000,28,19,1,1004.50000,0.285714298,9.81000042,2500000.00,0.567051011E-7,3.00000000,2,4,1.00000000,0.00000000,290.000000,10.0000000,90.0000000,69.0000000,0.00000000,0.00000000,245.000000,140.000000,0.899999961E-2,0.800000038E-2,8.00000000,0.170000002,60.0000000,98000.0000,298.000000,0.800000038E-2,0.299999992E-4,1.17999995,0.00000000,0.00000000,0.00000000,0.140000001,0.639999986,0.170000002,0.920000017,5.67999983,0.256716430,0.00000000,0.00000000,0.200000003,297.000000,0.00000000,0.00000000,0.00000000,7.50000000,2.00000000,1.00000000,4.00000000,0.00000000,3.25000000,0.250000000,0.179999997E-2,0.999999975E-4,0.00000000,0.00000000,0.00000000,1.00000000,296.000000,0.00000000,0.00000000,0.00000000,0.00000000,0.00000000,0.500000000,0.119999997,0.119999997,295.000000,0.00000000,0.00000000,0.00000000,0.00000000,0.00000000,0.137710005,0.639999986,0.170000002,0.920000017,5.67999983,0.225587264,0.670423731E-2,0.233173668,0.233173668,287.488220,-84.0164719,0.179518138E-4,44.8795357,7.50646305,0.00000000,0.00000000,0.00000000,398.006042,3.25000000,0.00000000,0.853542052E-2,0.00000000,0.00000000,0.846318435E-2,0.103666568E-1,1.00000000,296.000000,22.8500061,359.999054,1398.88232,-1000.00000,0.00000000,0.00000000,0.119999997,0.119999997,290.000000,0.712418258E-1,0.00000000
2,1,no_irrigation_cover,1,180.000000,1,F,F,1,1,T,16,24,0.500000000,28,19,1,1004.50000,0.285714298,9.81000042,2500000.00,0.567051011E-7,0.00000000,14,4,1.00000000,0.00000000,290.000000,10.0000000,90.0000000,85.0000000,0.00000000,0.00000000,230.000000,105.000000,0.700000022E-2,0.600000005E-2,6.00000000,0.119999997,60.0000000,98000.0000,298.000000,0.800000038E-2,0.00000000,1.17999995,0.00000000,0.00000000,0.00000000,0.399999991E-1,0.349999994,0.119999997,0.920000017,6.40000010,0.256716430,0.00000000,0.00000000,0.800000012,297.000000,0.00000000,0.00000000,0.00000000,7.50000000,2.00000000,1.00000000,4.00000000,0.00000000,3.25000000,0.250000000,0.500000000,0.300000012,0.00000000,0.00000000,0.00000000,1.00000000,296.000000,0.00000000,0.00000000,0.00000000,0.00000000,0.00000000,0.500000000,0.119999997,0.119999997,295.000000,0.00000000,0.00000000,0.00000000,0.00000000,0.00000000,0.360305309E-1,0.349999994,0.119999997,0.949999988,6.40000010,0.225788012,0.502817798E-2,0.500000000,0.500000000,290.337341,-45.9334297,0.256203493E-4,64.0508728,7.50922298,0.00000000,0.00000000,0.00000000,247.047684,3.25000000,0.00000000,0.900453143E-2,0.00000000,0.00000000,0.892417412E-2,0.124402130E-1,1.00000000,296.000000,22.8500061,359.999359,1398.88232,-1000.00000,0.00000000,0.00000000,0.119873323,0.119873323,290.337341,0.712418258E-1,0.00000000
2,1,no_irrigation_cover,2,180.000000,1,F,F,1,1,T,16,24,0.500000000,28,19,1,1004.50000,0.285714298,9.81000042,2500000.00,0.567051011E-7,0.999999978E-2,14,4,1.00000000,0.00000000,290.000000,10.0000000,90.0000000,85.0000000,0.00000000,0.00000000,230.000000,105.000000,0.700000022E-2,0.600000005E-2,6.00000000,0.119999997,60.0000000,98000.0000,298.000000,0.800000038E-2,0.00000000,1.17999995,0.00000000,0.00000000,0.00000000,0.399999991E-1,0.349999994,0.119999997,0.920000017,6.40000010,0.256716430,0.00000000,0.00000000,0.800000012,297.000000,0.00000000,0.00000000,0.00000000,7.50000000,2.00000000,1.00000000,4.00000000,0.00000000,3.25000000,0.250000000,0.500000000,0.300000012,0.00000000,0.00000000,0.00000000,1.00000000,296.000000,0.00000000,0.00000000,0.00000000,0.00000000,0.00000000,0.500000000,0.119999997,0.119999997,295.000000,0.00000000,0.00000000,0.00000000,0.00000000,0.00000000,0.360305309E-1,0.349999994,0.119999997,0.949999988,6.40000010,0.225788012,0.502817798E-2,0.500000000,0.500000000,290.337341,-45.9334297,0.256203493E-4,64.0508728,7.50922298,0.00000000,0.00000000,0.00000000,247.047684,3.25000000,0.00000000,0.900453143E-2,0.00000000,0.00000000,0.892417412E-2,0.124402130E-1,1.00000000,296.000000,22.8500061,359.999359,1398.88232,-1000.00000,0.00000000,0.00000000,0.119999923,0.119999923,294.129456,0.712418258E-1,0.00000000
2,1,no_irrigation_cover,3,180.000000,1,F,F,1,1,T,16,24,0.500000000,28,19,1,1004.50000,0.285714298,9.81000042,2500000.00,0.567051011E-7,0.399999991E-1,14,4,1.00000000,0.00000000,290.000000,10.0000000,90.0000000,85.0000000,0.00000000,0.00000000,230.000000,105.000000,0.700000022E-2,0.600000005E-2,6.00000000,0.119999997,60.0000000,98000.0000,298.000000,0.800000038E-2,0.00000000,1.17999995,0.00000000,0.00000000,0.00000000,0.399999991E-1,0.349999994,0.119999997,0.920000017,6.40000010,0.256716430,0.00000000,0.00000000,0.800000012,297.000000,0.00000000,0.00000000,0.00000000,7.50000000,2.00000000,1.00000000,4.00000000,0.00000000,3.25000000,0.250000000,0.500000000,0.300000012,0.00000000,0.00000000,0.00000000,1.00000000,296.000000,0.00000000,0.00000000,0.00000000,0.00000000,0.00000000,0.500000000,0.119999997,0.119999997,295.000000,0.00000000,0.00000000,0.00000000,0.00000000,0.00000000,0.360305309E-1,0.349999994,0.119999997,0.949999988,6.40000010,0.225788012,0.502817798E-2,0.500000000,0.500000000,290.337341,-45.9334297,0.256203493E-4,64.0508728,7.50922298,0.00000000,0.00000000,0.00000000,247.047684,3.25000000,0.00000000,0.900453143E-2,0.00000000,0.00000000,0.892417412E-2,0.124402130E-1,1.00000000,296.000000,22.8500061,359.999359,1398.88232,-1000.00000,0.00000000,0.00000000,0.119999975,0.119999975,294.969696,0.712418258E-1,0.00000000
2,1,no_irrigation_cover,4,180.000000,1,F,F,1,1,T,16,24,0.500000000,28,19,1,1004.50000,0.285714298,9.81000042,2500000.00,0.567051011E-7,0.100000001,14,4,1.00000000,0.00000000,290.000000,10.0000000,90.0000000,85.0000000,0.00000000,0.00000000,230.000000,105.000000,0.700000022E-2,0.600000005E-2,6.00000000,0.119999997,60.0000000,98000.0000,298.000000,0.800000038E-2,0.00000000,1.17999995,0.00000000,0.00000000,0.00000000,0.399999991E-1,0.349999994,0.119999997,0.920000017,6.40000010,0.256716430,0.00000000,0.00000000,0.800000012,297.000000,0.00000000,0.00000000,0.00000000,7.50000000,2.00000000,1.00000000,4.00000000,0.00000000,3.25000000,0.250000000,0.500000000,0.300000012,0.00000000,0.00000000,0.00000000,1.00000000,296.000000,0.00000000,0.00000000,0.00000000,0.00000000,0.00000000,0.500000000,0.119999997,0.119999997,295.000000,0.00000000,0.00000000,0.00000000,0.00000000,0.00000000,0.360305309E-1,0.349999994,0.119999997,0.949999988,6.40000010,0.225788012,0.502817798E-2,0.500000000,0.500000000,290.337341,-45.9334297,0.256203493E-4,64.0508728,7.50922298,0.00000000,0.00000000,0.00000000,247.047684,3.25000000,0.00000000,0.900453143E-2,0.00000000,0.00000000,0.892417412E-2,0.124402130E-1,1.00000000,296.000000,22.8500061,359.999359,1398.88232,-1000.00000,0.00000000,0.00000000,0.119999982,0.119999982,294.999847,0.712418258E-1,0.00000000
2,1,no_irrigation_cover,5,180.000000,1,F,F,1,1,T,16,24,0.500000000,28,19,1,1004.50000,0.285714298,9.81000042,2500000.00,0.567051011E-7,0.300000012,14,4,1.00000000,0.00000000,290.000000,10.0000000,90.0000000,85.0000000,0.00000000,0.00000000,230.000000,105.000000,0.700000022E-2,0.600000005E-2,6.00000000,0.119999997,60.0000000,98000.0000,298.000000,0.800000038E-2,0.00000000,1.17999995,0.00000000,0.00000000,0.00000000,0.399999991E-1,0.349999994,0.119999997,0.920000017,6.40000010,0.256716430,0.00000000,0.00000000,0.800000012,297.000000,0.00000000,0.00000000,0.00000000,7.50000000,2.00000000,1.00000000,4.00000000,0.00000000,3.25000000,0.250000000,0.500000000,0.300000012,0.00000000,0.00000000,0.00000000,1.00000000,296.000000,0.00000000,0.00000000,0.00000000,0.00000000,0.00000000,0.500000000,0.119999997,0.119999997,295.000000,0.00000000,0.00000000,0.00000000,0.00000000,0.00000000,0.360305309E-1,0.349999994,0.119999997,0.949999988,6.40000010,0.225788012,0.502817798E-2,0.500000000,0.500000000,290.337341,-45.9334297,0.256203493E-4,64.0508728,7.50922298,0.00000000,0.00000000,0.00000000,247.047684,3.25000000,0.00000000,0.900453143E-2,0.00000000,0.00000000,0.892417412E-2,0.124402130E-1,1.00000000,296.000000,22.8500061,359.999359,1398.88232,-1000.00000,0.00000000,0.00000000,0.119999990,0.119999990,295.000031,0.712418258E-1,0.00000000
2,1,no_irrigation_cover,6,180.000000,1,F,F,1,1,T,16,24,0.500000000,28,19,1,1004.50000,0.285714298,9.81000042,2500000.00,0.567051011E-7,0.600000024,14,4,1.00000000,0.00000000,290.000000,10.0000000,90.0000000,85.0000000,0.00000000,0.00000000,230.000000,105.000000,0.700000022E-2,0.600000005E-2,6.00000000,0.119999997,60.0000000,98000.0000,298.000000,0.800000038E-2,0.00000000,1.17999995,0.00000000,0.00000000,0.00000000,0.399999991E-1,0.349999994,0.119999997,0.920000017,6.40000010,0.256716430,0.00000000,0.00000000,0.800000012,297.000000,0.00000000,0.00000000,0.00000000,7.50000000,2.00000000,1.00000000,4.00000000,0.00000000,3.25000000,0.250000000,0.500000000,0.300000012,0.00000000,0.00000000,0.00000000,1.00000000,296.000000,0.00000000,0.00000000,0.00000000,0.00000000,0.00000000,0.500000000,0.119999997,0.119999997,295.000000,0.00000000,0.00000000,0.00000000,0.00000000,0.00000000,0.360305309E-1,0.349999994,0.119999997,0.949999988,6.40000010,0.225788012,0.502817798E-2,0.500000000,0.500000000,290.337341,-45.9334297,0.256203493E-4,64.0508728,7.50922298,0.00000000,0.00000000,0.00000000,247.047684,3.25000000,0.00000000,0.900453143E-2,0.00000000,0.00000000,0.892417412E-2,0.124402130E-1,1.00000000,296.000000,22.8500061,359.999359,1398.88232,-1000.00000,0.00000000,0.00000000,0.119999997,0.119999997,294.999969,0.712418258E-1,0.00000000
2,1,no_irrigation_cover,7,180.000000,1,F,F,1,1,T,16,24,0.500000000,28,19,1,1004.50000,0.285714298,9.81000042,2500000.00,0.567051011E-7,1.00000000,14,4,1.00000000,0.00000000,290.000000,10.0000000,90.0000000,85.0000000,0.00000000,0.00000000,230.000000,105.000000,0.700000022E-2,0.600000005E-2,6.00000000,0.119999997,60.0000000,98000.0000,298.000000,0.800000038E-2,0.00000000,1.17999995,0.00000000,0.00000000,0.00000000,0.399999991E-1,0.349999994,0.119999997,0.920000017,6.40000010,0.256716430,0.00000000,0.00000000,0.800000012,297.000000,0.00000000,0.00000000,0.00000000,7.50000000,2.00000000,1.00000000,4.00000000,0.00000000,3.25000000,0.250000000,0.500000000,0.300000012,0.00000000,0.00000000,0.00000000,1.00000000,296.000000,0.00000000,0.00000000,0.00000000,0.00000000,0.00000000,0.500000000,0.119999997,0.119999997,295.000000,0.00000000,0.00000000,0.00000000,0.00000000,0.00000000,0.360305309E-1,0.349999994,0.119999997,0.949999988,6.40000010,0.225788012,0.502817798E-2,0.500000000,0.500000000,290.337341,-45.9334297,0.256203493E-4,64.0508728,7.50922298,0.00000000,0.00000000,0.00000000,247.047684,3.25000000,0.00000000,0.900453143E-2,0.00000000,0.00000000,0.892417412E-2,0.124402130E-1,1.00000000,296.000000,22.8500061,359.999359,1398.88232,-1000.00000,0.00000000,0.00000000,0.119999997,0.119999997,295.000000,0.712418258E-1,0.00000000
2,1,no_irrigation_cover,8,180.000000,1,F,F,1,1,T,16,24,0.500000000,28,19,1,1004.50000,0.285714298,9.81000042,2500000.00,0.567051011E-7,1.60000002,14,4,1.00000000,0.00000000,290.000000,10.0000000,90.0000000,85.0000000,0.00000000,0.00000000,230.000000,105.000000,0.700000022E-2,0.600000005E-2,6.00000000,0.119999997,60.0000000,98000.0000,298.000000,0.800000038E-2,0.00000000,1.17999995,0.00000000,0.00000000,0.00000000,0.399999991E-1,0.349999994,0.119999997,0.920000017,6.40000010,0.256716430,0.00000000,0.00000000,0.800000012,297.000000,0.00000000,0.00000000,0.00000000,7.50000000,2.00000000,1.00000000,4.00000000,0.00000000,3.25000000,0.250000000,0.500000000,0.300000012,0.00000000,0.00000000,0.00000000,1.00000000,296.000000,0.00000000,0.00000000,0.00000000,0.00000000,0.00000000,0.500000000,0.119999997,0.119999997,295.000000,0.00000000,0.00000000,0.00000000,0.00000000,0.00000000,0.360305309E-1,0.349999994,0.119999997,0.949999988,6.40000010,0.225788012,0.502817798E-2,0.500000000,0.500000000,290.337341,-45.9334297,0.256203493E-4,64.0508728,7.50922298,0.00000000,0.00000000,0.00000000,247.047684,3.25000000,0.00000000,0.900453143E-2,0.00000000,0.00000000,0.892417412E-2,0.124402130E-1,1.00000000,296.000000,22.8500061,359.999359,1398.88232,-1000.00000,0.00000000,0.00000000,0.119999997,0.119999997,295.000000,0.712418258E-1,0.00000000
2,1,no_irrigation_cover,9,180.000000,1,F,F,1,1,T,16,24,0.500000000,28,19,1,1004.50000,0.285714298,9.81000042,2500000.00,0.567051011E-7,3.00000000,14,4,1.00000000,0.00000000,290.000000,10.0000000,90.0000000,85.0000000,0.00000000,0.00000000,230.000000,105.000000,0.700000022E-2,0.600000005E-2,6.00000000,0.119999997,60.0000000,98000.0000,298.000000,0.800000038E-2,0.00000000,1.17999995,0.00000000,0.00000000,0.00000000,0.399999991E-1,0.349999994,0.119999997,0.920000017,6.40000010,0.256716430,0.00000000,0.00000000,0.800000012,297.000000,0.00000000,0.00000000,0.00000000,7.50000000,2.00000000,1.00000000,4.00000000,0.00000000,3.25000000,0.250000000,0.500000000,0.300000012,0.00000000,0.00000000,0.00000000,1.00000000,296.000000,0.00000000,0.00000000,0.00000000,0.00000000,0.00000000,0.500000000,0.119999997,0.119999997,295.000000,0.00000000,0.00000000,0.00000000,0.00000000,0.00000000,0.360305309E-1,0.349999994,0.119999997,0.949999988,6.40000010,0.225788012,0.502817798E-2,0.500000000,0.500000000,290.337341,-45.9334297,0.256203493E-4,64.0508728,7.50922298,0.00000000,0.00000000,0.00000000,247.047684,3.25000000,0.00000000,0.900453143E-2,0.00000000,0.00000000,0.892417412E-2,0.124402130E-1,1.00000000,296.000000,22.8500061,359.999359,1398.88232,-1000.00000,0.00000000,0.00000000,0.119999997,0.119999997,290.000000,0.712418258E-1,0.00000000
2,1,partial_land_area,1,180.000000,1,F,F,1,1,T,16,24,0.500000000,28,19,1,1004.50000,0.285714298,9.81000042,2500000.00,0.567051011E-7,0.00000000,1,4,1.00000000,0.00000000,290.000000,10.0000000,90.0000000,85.0000000,0.00000000,0.00000000,352.000000,395.000000,0.209999997E-1,0.199999996E-1,20.0000000,0.799999982E-1,60.0000000,98000.0000,298.000000,0.800000038E-2,0.00000000,1.17999995,0.00000000,0.00000000,0.00000000,0.00000000,0.699999988,0.799999982E-1,0.980000019,0.999999978E-2,0.256716430,0.00000000,0.00000000,0.500000000,297.000000,0.00000000,0.00000000,0.00000000,7.50000000,2.00000000,1.00000000,4.00000000,0.00000000,3.25000000,0.250000000,0.949999969E-2,0.399999990E-3,0.00000000,0.00000000,0.00000000,1.00000000,296.000000,0.00000000,0.00000000,0.00000000,0.00000000,0.00000000,0.500000000,0.119999997,0.119999997,295.000000,0.00000000,0.00000000,0.00000000,0.00000000,0.00000000,0.00000000,0.699999988,0.799999982E-1,0.879999995,0.999999978E-2,0.223950252,0.167605933E-1,0.741966963E-1,0.741966963E-1,296.811676,-23.7444973,0.190519313E-4,47.6298294,7.50685883,0.00000000,0.00000000,0.00000000,-95.9899368,3.25000000,0.00000000,0.103882859E-1,0.00000000,0.00000000,0.102814790E-1,0.185566582E-1,1.00000000,296.000000,22.8500061,373.947906,1398.88232,-1000.00000,0.00000000,0.00000000,0.137007132,0.119999997,296.811676,0.712418258E-1,0.00000000
2,1,partial_land_area,2,180.000000,1,F,F,1,1,T,16,24,0.500000000,28,19,1,1004.50000,0.285714298,9.81000042,2500000.00,0.567051011E-7,0.999999978E-2,1,4,1.00000000,0.00000000,290.000000,10.0000000,90.0000000,85.0000000,0.00000000,0.00000000,352.000000,395.000000,0.209999997E-1,0.199999996E-1,20.0000000,0.799999982E-1,60.0000000,98000.0000,298.000000,0.800000038E-2,0.00000000,1.17999995,0.00000000,0.00000000,0.00000000,0.00000000,0.699999988,0.799999982E-1,0.980000019,0.999999978E-2,0.256716430,0.00000000,0.00000000,0.500000000,297.000000,0.00000000,0.00000000,0.00000000,7.50000000,2.00000000,1.00000000,4.00000000,0.00000000,3.25000000,0.250000000,0.949999969E-2,0.399999990E-3,0.00000000,0.00000000,0.00000000,1.00000000,296.000000,0.00000000,0.00000000,0.00000000,0.00000000,0.00000000,0.500000000,0.119999997,0.119999997,295.000000,0.00000000,0.00000000,0.00000000,0.00000000,0.00000000,0.00000000,0.699999988,0.799999982E-1,0.879999995,0.999999978E-2,0.223950252,0.167605933E-1,0.741966963E-1,0.741966963E-1,296.811676,-23.7444973,0.190519313E-4,47.6298294,7.50685883,0.00000000,0.00000000,0.00000000,-95.9899368,3.25000000,0.00000000,0.103882859E-1,0.00000000,0.00000000,0.102814790E-1,0.185566582E-1,1.00000000,296.000000,22.8500061,373.947906,1398.88232,-1000.00000,0.00000000,0.00000000,0.137436628,0.119999997,295.338257,0.712418258E-1,0.00000000
2,1,partial_land_area,3,180.000000,1,F,F,1,1,T,16,24,0.500000000,28,19,1,1004.50000,0.285714298,9.81000042,2500000.00,0.567051011E-7,0.399999991E-1,1,4,1.00000000,0.00000000,290.000000,10.0000000,90.0000000,85.0000000,0.00000000,0.00000000,352.000000,395.000000,0.209999997E-1,0.199999996E-1,20.0000000,0.799999982E-1,60.0000000,98000.0000,298.000000,0.800000038E-2,0.00000000,1.17999995,0.00000000,0.00000000,0.00000000,0.00000000,0.699999988,0.799999982E-1,0.980000019,0.999999978E-2,0.256716430,0.00000000,0.00000000,0.500000000,297.000000,0.00000000,0.00000000,0.00000000,7.50000000,2.00000000,1.00000000,4.00000000,0.00000000,3.25000000,0.250000000,0.949999969E-2,0.399999990E-3,0.00000000,0.00000000,0.00000000,1.00000000,296.000000,0.00000000,0.00000000,0.00000000,0.00000000,0.00000000,0.500000000,0.119999997,0.119999997,295.000000,0.00000000,0.00000000,0.00000000,0.00000000,0.00000000,0.00000000,0.699999988,0.799999982E-1,0.879999995,0.999999978E-2,0.223950252,0.167605933E-1,0.741966963E-1,0.741966963E-1,296.811676,-23.7444973,0.190519313E-4,47.6298294,7.50685883,0.00000000,0.00000000,0.00000000,-95.9899368,3.25000000,0.00000000,0.103882859E-1,0.00000000,0.00000000,0.102814790E-1,0.185566582E-1,1.00000000,296.000000,22.8500061,373.947906,1398.88232,-1000.00000,0.00000000,0.00000000,0.137437269,0.119999997,295.011749,0.712418258E-1,0.00000000
2,1,partial_land_area,4,180.000000,1,F,F,1,1,T,16,24,0.500000000,28,19,1,1004.50000,0.285714298,9.81000042,2500000.00,0.567051011E-7,0.100000001,1,4,1.00000000,0.00000000,290.000000,10.0000000,90.0000000,85.0000000,0.00000000,0.00000000,352.000000,395.000000,0.209999997E-1,0.199999996E-1,20.0000000,0.799999982E-1,60.0000000,98000.0000,298.000000,0.800000038E-2,0.00000000,1.17999995,0.00000000,0.00000000,0.00000000,0.00000000,0.699999988,0.799999982E-1,0.980000019,0.999999978E-2,0.256716430,0.00000000,0.00000000,0.500000000,297.000000,0.00000000,0.00000000,0.00000000,7.50000000,2.00000000,1.00000000,4.00000000,0.00000000,3.25000000,0.250000000,0.949999969E-2,0.399999990E-3,0.00000000,0.00000000,0.00000000,1.00000000,296.000000,0.00000000,0.00000000,0.00000000,0.00000000,0.00000000,0.500000000,0.119999997,0.119999997,295.000000,0.00000000,0.00000000,0.00000000,0.00000000,0.00000000,0.00000000,0.699999988,0.799999982E-1,0.879999995,0.999999978E-2,0.223950252,0.167605933E-1,0.741966963E-1,0.741966963E-1,296.811676,-23.7444973,0.190519313E-4,47.6298294,7.50685883,0.00000000,0.00000000,0.00000000,-95.9899368,3.25000000,0.00000000,0.103882859E-1,0.00000000,0.00000000,0.102814790E-1,0.185566582E-1,1.00000000,296.000000,22.8500061,373.947906,1398.88232,-1000.00000,0.00000000,0.00000000,0.137437567,0.119999997,295.000092,0.712418258E-1,0.00000000
2,1,partial_land_area,5,180.000000,1,F,F,1,1,T,16,24,0.500000000,28,19,1,1004.50000,0.285714298,9.81000042,2500000.00,0.567051011E-7,0.300000012,1,4,1.00000000,0.00000000,290.000000,10.0000000,90.0000000,85.0000000,0.00000000,0.00000000,352.000000,395.000000,0.209999997E-1,0.199999996E-1,20.0000000,0.799999982E-1,60.0000000,98000.0000,298.000000,0.800000038E-2,0.00000000,1.17999995,0.00000000,0.00000000,0.00000000,0.00000000,0.699999988,0.799999982E-1,0.980000019,0.999999978E-2,0.256716430,0.00000000,0.00000000,0.500000000,297.000000,0.00000000,0.00000000,0.00000000,7.50000000,2.00000000,1.00000000,4.00000000,0.00000000,3.25000000,0.250000000,0.949999969E-2,0.399999990E-3,0.00000000,0.00000000,0.00000000,1.00000000,296.000000,0.00000000,0.00000000,0.00000000,0.00000000,0.00000000,0.500000000,0.119999997,0.119999997,295.000000,0.00000000,0.00000000,0.00000000,0.00000000,0.00000000,0.00000000,0.699999988,0.799999982E-1,0.879999995,0.999999978E-2,0.223950252,0.167605933E-1,0.741966963E-1,0.741966963E-1,296.811676,-23.7444973,0.190519313E-4,47.6298294,7.50685883,0.00000000,0.00000000,0.00000000,-95.9899368,3.25000000,0.00000000,0.103882859E-1,0.00000000,0.00000000,0.102814790E-1,0.185566582E-1,1.00000000,296.000000,22.8500061,373.947906,1398.88232,-1000.00000,0.00000000,0.00000000,0.137437642,0.119999997,295.000031,0.712418258E-1,0.00000000
2,1,partial_land_area,6,180.000000,1,F,F,1,1,T,16,24,0.500000000,28,19,1,1004.50000,0.285714298,9.81000042,2500000.00,0.567051011E-7,0.600000024,1,4,1.00000000,0.00000000,290.000000,10.0000000,90.0000000,85.0000000,0.00000000,0.00000000,352.000000,395.000000,0.209999997E-1,0.199999996E-1,20.0000000,0.799999982E-1,60.0000000,98000.0000,298.000000,0.800000038E-2,0.00000000,1.17999995,0.00000000,0.00000000,0.00000000,0.00000000,0.699999988,0.799999982E-1,0.980000019,0.999999978E-2,0.256716430,0.00000000,0.00000000,0.500000000,297.000000,0.00000000,0.00000000,0.00000000,7.50000000,2.00000000,1.00000000,4.00000000,0.00000000,3.25000000,0.250000000,0.949999969E-2,0.399999990E-3,0.00000000,0.00000000,0.00000000,1.00000000,296.000000,0.00000000,0.00000000,0.00000000,0.00000000,0.00000000,0.500000000,0.119999997,0.119999997,295.000000,0.00000000,0.00000000,0.00000000,0.00000000,0.00000000,0.00000000,0.699999988,0.799999982E-1,0.879999995,0.999999978E-2,0.223950252,0.167605933E-1,0.741966963E-1,0.741966963E-1,296.811676,-23.7444973,0.190519313E-4,47.6298294,7.50685883,0.00000000,0.00000000,0.00000000,-95.9899368,3.25000000,0.00000000,0.103882859E-1,0.00000000,0.00000000,0.102814790E-1,0.185566582E-1,1.00000000,296.000000,22.8500061,373.947906,1398.88232,-1000.00000,0.00000000,0.00000000,0.137437671,0.119999997,294.999969,0.712418258E-1,0.00000000
2,1,partial_land_area,7,180.000000,1,F,F,1,1,T,16,24,0.500000000,28,19,1,1004.50000,0.285714298,9.81000042,2500000.00,0.567051011E-7,1.00000000,1,4,1.00000000,0.00000000,290.000000,10.0000000,90.0000000,85.0000000,0.00000000,0.00000000,352.000000,395.000000,0.209999997E-1,0.199999996E-1,20.0000000,0.799999982E-1,60.0000000,98000.0000,298.000000,0.800000038E-2,0.00000000,1.17999995,0.00000000,0.00000000,0.00000000,0.00000000,0.699999988,0.799999982E-1,0.980000019,0.999999978E-2,0.256716430,0.00000000,0.00000000,0.500000000,297.000000,0.00000000,0.00000000,0.00000000,7.50000000,2.00000000,1.00000000,4.00000000,0.00000000,3.25000000,0.250000000,0.949999969E-2,0.399999990E-3,0.00000000,0.00000000,0.00000000,1.00000000,296.000000,0.00000000,0.00000000,0.00000000,0.00000000,0.00000000,0.500000000,0.119999997,0.119999997,295.000000,0.00000000,0.00000000,0.00000000,0.00000000,0.00000000,0.00000000,0.699999988,0.799999982E-1,0.879999995,0.999999978E-2,0.223950252,0.167605933E-1,0.741966963E-1,0.741966963E-1,296.811676,-23.7444973,0.190519313E-4,47.6298294,7.50685883,0.00000000,0.00000000,0.00000000,-95.9899368,3.25000000,0.00000000,0.103882859E-1,0.00000000,0.00000000,0.102814790E-1,0.185566582E-1,1.00000000,296.000000,22.8500061,373.947906,1398.88232,-1000.00000,0.00000000,0.00000000,0.119999997,0.119999997,295.000000,0.712418258E-1,0.00000000
2,1,partial_land_area,8,180.000000,1,F,F,1,1,T,16,24,0.500000000,28,19,1,1004.50000,0.285714298,9.81000042,2500000.00,0.567051011E-7,1.60000002,1,4,1.00000000,0.00000000,290.000000,10.0000000,90.0000000,85.0000000,0.00000000,0.00000000,352.000000,395.000000,0.209999997E-1,0.199999996E-1,20.0000000,0.799999982E-1,60.0000000,98000.0000,298.000000,0.800000038E-2,0.00000000,1.17999995,0.00000000,0.00000000,0.00000000,0.00000000,0.699999988,0.799999982E-1,0.980000019,0.999999978E-2,0.256716430,0.00000000,0.00000000,0.500000000,297.000000,0.00000000,0.00000000,0.00000000,7.50000000,2.00000000,1.00000000,4.00000000,0.00000000,3.25000000,0.250000000,0.949999969E-2,0.399999990E-3,0.00000000,0.00000000,0.00000000,1.00000000,296.000000,0.00000000,0.00000000,0.00000000,0.00000000,0.00000000,0.500000000,0.119999997,0.119999997,295.000000,0.00000000,0.00000000,0.00000000,0.00000000,0.00000000,0.00000000,0.699999988,0.799999982E-1,0.879999995,0.999999978E-2,0.223950252,0.167605933E-1,0.741966963E-1,0.741966963E-1,296.811676,-23.7444973,0.190519313E-4,47.6298294,7.50685883,0.00000000,0.00000000,0.00000000,-95.9899368,3.25000000,0.00000000,0.103882859E-1,0.00000000,0.00000000,0.102814790E-1,0.185566582E-1,1.00000000,296.000000,22.8500061,373.947906,1398.88232,-1000.00000,0.00000000,0.00000000,0.119999997,0.119999997,295.000000,0.712418258E-1,0.00000000
2,1,partial_land_area,9,180.000000,1,F,F,1,1,T,16,24,0.500000000,28,19,1,1004.50000,0.285714298,9.81000042,2500000.00,0.567051011E-7,3.00000000,1,4,1.00000000,0.00000000,290.000000,10.0000000,90.0000000,85.0000000,0.00000000,0.00000000,352.000000,395.000000,0.209999997E-1,0.199999996E-1,20.0000000,0.799999982E-1,60.0000000,98000.0000,298.000000,0.800000038E-2,0.00000000,1.17999995,0.00000000,0.00000000,0.00000000,0.00000000,0.699999988,0.799999982E-1,0.980000019,0.999999978E-2,0.256716430,0.00000000,0.00000000,0.500000000,297.000000,0.00000000,0.00000000,0.00000000,7.50000000,2.00000000,1.00000000,4.00000000,0.00000000,3.25000000,0.250000000,0.949999969E-2,0.399999990E-3,0.00000000,0.00000000,0.00000000,1.00000000,296.000000,0.00000000,0.00000000,0.00000000,0.00000000,0.00000000,0.500000000,0.119999997,0.119999997,295.000000,0.00000000,0.00000000,0.00000000,0.00000000,0.00000000,0.00000000,0.699999988,0.799999982E-1,0.879999995,0.999999978E-2,0.223950252,0.167605933E-1,0.741966963E-1,0.741966963E-1,296.811676,-23.7444973,0.190519313E-4,47.6298294,7.50685883,0.00000000,0.00000000,0.00000000,-95.9899368,3.25000000,0.00000000,0.103882859E-1,0.00000000,0.00000000,0.102814790E-1,0.185566582E-1,1.00000000,296.000000,22.8500061,373.947906,1398.88232,-1000.00000,0.00000000,0.00000000,0.119999997,0.119999997,290.000000,0.712418258E-1,0.00000000
2,1,excess_land_area,1,180.000000,1,F,F,1,1,T,16,24,0.500000000,28,19,1,1004.50000,0.285714298,9.81000042,2500000.00,0.567051011E-7,0.00000000,24,4,1.00000000,0.00000000,290.000000,10.0000000,90.0000000,85.0000000,0.00000000,0.00000000,210.000000,65.0000000,0.400000019E-2,0.300000003E-2,3.00000000,0.550000012,60.0000000,98000.0000,298.000000,0.800000038E-2,0.00000000,1.17999995,0.00000000,0.00000000,0.00000000,0.00000000,0.750000000,0.550000012,0.980000019,0.999999978E-2,0.256716430,0.00000000,0.00000000,0.109999999E-1,297.000000,0.00000000,0.00000000,0.00000000,7.50000000,2.00000000,1.00000000,4.00000000,0.00000000,3.25000000,0.250000000,0.120000006E-2,0.999999975E-4,0.00000000,0.00000000,0.00000000,1.00000000,296.000000,0.00000000,0.00000000,0.00000000,0.00000000,0.00000000,0.500000000,0.119999997,0.119999997,295.000000,0.00000000,0.00000000,0.00000000,0.00000000,0.00000000,0.00000000,0.750000000,0.550000012,0.980000019,0.999999978E-2,0.226156577,0.251408899E-2,0.292508185,0.292508185,286.222687,-35.2992592,0.636833192E-6,1.59208298,7.50022888,0.00000000,0.00000000,0.00000000,465.058411,3.25000000,0.00000000,0.835014600E-2,0.00000000,0.00000000,0.828099810E-2,0.954770669E-2,1.00000000,296.000000,22.8500061,390.690399,1398.88232,-1000.00000,0.00000000,0.00000000,0.158357173,0.119999997,286.222687,0.712418258E-1,0.00000000
2,1,excess_land_area,2,180.000000,1,F,F,1,1,T,16,24,0.500000000,28,19,1,1004.50000,0.285714298,9.81000042,2500000.00,0.567051011E-7,0.999999978E-2,24,4,1.00000000,0.00000000,290.000000,10.0000000,90.0000000,85.0000000,0.00000000,0.00000000,210.000000,65.0000000,0.400000019E-2,0.300000003E-2,3.00000000,0.550000012,60.0000000,98000.0000,298.000000,0.800000038E-2,0.00000000,1.17999995,0.00000000,0.00000000,0.00000000,0.00000000,0.750000000,0.550000012,0.980000019,0.999999978E-2,0.256716430,0.00000000,0.00000000,0.109999999E-1,297.000000,0.00000000,0.00000000,0.00000000,7.50000000,2.00000000,1.00000000,4.00000000,0.00000000,3.25000000,0.250000000,0.120000006E-2,0.999999975E-4,0.00000000,0.00000000,0.00000000,1.00000000,296.000000,0.00000000,0.00000000,0.00000000,0.00000000,0.00000000,0.500000000,0.119999997,0.119999997,295.000000,0.00000000,0.00000000,0.00000000,0.00000000,0.00000000,0.00000000,0.750000000,0.550000012,0.980000019,0.999999978E-2,0.226156577,0.251408899E-2,0.292508185,0.292508185,286.222687,-35.2992592,0.636833192E-6,1.59208298,7.50022888,0.00000000,0.00000000,0.00000000,465.058411,3.25000000,0.00000000,0.835014600E-2,0.00000000,0.00000000,0.828099810E-2,0.954770669E-2,1.00000000,296.000000,22.8500061,390.690399,1398.88232,-1000.00000,0.00000000,0.00000000,0.158363014,0.119999997,293.361206,0.712418258E-1,0.00000000
2,1,excess_land_area,3,180.000000,1,F,F,1,1,T,16,24,0.500000000,28,19,1,1004.50000,0.285714298,9.81000042,2500000.00,0.567051011E-7,0.399999991E-1,24,4,1.00000000,0.00000000,290.000000,10.0000000,90.0000000,85.0000000,0.00000000,0.00000000,210.000000,65.0000000,0.400000019E-2,0.300000003E-2,3.00000000,0.550000012,60.0000000,98000.0000,298.000000,0.800000038E-2,0.00000000,1.17999995,0.00000000,0.00000000,0.00000000,0.00000000,0.750000000,0.550000012,0.980000019,0.999999978E-2,0.256716430,0.00000000,0.00000000,0.109999999E-1,297.000000,0.00000000,0.00000000,0.00000000,7.50000000,2.00000000,1.00000000,4.00000000,0.00000000,3.25000000,0.250000000,0.120000006E-2,0.999999975E-4,0.00000000,0.00000000,0.00000000,1.00000000,296.000000,0.00000000,0.00000000,0.00000000,0.00000000,0.00000000,0.500000000,0.119999997,0.119999997,295.000000,0.00000000,0.00000000,0.00000000,0.00000000,0.00000000,0.00000000,0.750000000,0.550000012,0.980000019,0.999999978E-2,0.226156577,0.251408899E-2,0.292508185,0.292508185,286.222687,-35.2992592,0.636833192E-6,1.59208298,7.50022888,0.00000000,0.00000000,0.00000000,465.058411,3.25000000,0.00000000,0.835014600E-2,0.00000000,0.00000000,0.828099810E-2,0.954770669E-2,1.00000000,296.000000,22.8500061,390.690399,1398.88232,-1000.00000,0.00000000,0.00000000,0.158363014,0.119999997,294.942932,0.712418258E-1,0.00000000
2,1,excess_land_area,4,180.000000,1,F,F,1,1,T,16,24,0.500000000,28,19,1,1004.50000,0.285714298,9.81000042,2500000.00,0.567051011E-7,0.100000001,24,4,1.00000000,0.00000000,290.000000,10.0000000,90.0000000,85.0000000,0.00000000,0.00000000,210.000000,65.0000000,0.400000019E-2,0.300000003E-2,3.00000000,0.550000012,60.0000000,98000.0000,298.000000,0.800000038E-2,0.00000000,1.17999995,0.00000000,0.00000000,0.00000000,0.00000000,0.750000000,0.550000012,0.980000019,0.999999978E-2,0.256716430,0.00000000,0.00000000,0.109999999E-1,297.000000,0.00000000,0.00000000,0.00000000,7.50000000,2.00000000,1.00000000,4.00000000,0.00000000,3.25000000,0.250000000,0.120000006E-2,0.999999975E-4,0.00000000,0.00000000,0.00000000,1.00000000,296.000000,0.00000000,0.00000000,0.00000000,0.00000000,0.00000000,0.500000000,0.119999997,0.119999997,295.000000,0.00000000,0.00000000,0.00000000,0.00000000,0.00000000,0.00000000,0.750000000,0.550000012,0.980000019,0.999999978E-2,0.226156577,0.251408899E-2,0.292508185,0.292508185,286.222687,-35.2992592,0.636833192E-6,1.59208298,7.50022888,0.00000000,0.00000000,0.00000000,465.058411,3.25000000,0.00000000,0.835014600E-2,0.00000000,0.00000000,0.828099810E-2,0.954770669E-2,1.00000000,296.000000,22.8500061,390.690399,1398.88232,-1000.00000,0.00000000,0.00000000,0.158363014,0.119999997,294.999664,0.712418258E-1,0.00000000
2,1,excess_land_area,5,180.000000,1,F,F,1,1,T,16,24,0.500000000,28,19,1,1004.50000,0.285714298,9.81000042,2500000.00,0.567051011E-7,0.300000012,24,4,1.00000000,0.00000000,290.000000,10.0000000,90.0000000,85.0000000,0.00000000,0.00000000,210.000000,65.0000000,0.400000019E-2,0.300000003E-2,3.00000000,0.550000012,60.0000000,98000.0000,298.000000,0.800000038E-2,0.00000000,1.17999995,0.00000000,0.00000000,0.00000000,0.00000000,0.750000000,0.550000012,0.980000019,0.999999978E-2,0.256716430,0.00000000,0.00000000,0.109999999E-1,297.000000,0.00000000,0.00000000,0.00000000,7.50000000,2.00000000,1.00000000,4.00000000,0.00000000,3.25000000,0.250000000,0.120000006E-2,0.999999975E-4,0.00000000,0.00000000,0.00000000,1.00000000,296.000000,0.00000000,0.00000000,0.00000000,0.00000000,0.00000000,0.500000000,0.119999997,0.119999997,295.000000,0.00000000,0.00000000,0.00000000,0.00000000,0.00000000,0.00000000,0.750000000,0.550000012,0.980000019,0.999999978E-2,0.226156577,0.251408899E-2,0.292508185,0.292508185,286.222687,-35.2992592,0.636833192E-6,1.59208298,7.50022888,0.00000000,0.00000000,0.00000000,465.058411,3.25000000,0.00000000,0.835014600E-2,0.00000000,0.00000000,0.828099810E-2,0.954770669E-2,1.00000000,296.000000,22.8500061,390.690399,1398.88232,-1000.00000,0.00000000,0.00000000,0.158363014,0.119999997,295.000031,0.712418258E-1,0.00000000
2,1,excess_land_area,6,180.000000,1,F,F,1,1,T,16,24,0.500000000,28,19,1,1004.50000,0.285714298,9.81000042,2500000.00,0.567051011E-7,0.600000024,24,4,1.00000000,0.00000000,290.000000,10.0000000,90.0000000,85.0000000,0.00000000,0.00000000,210.000000,65.0000000,0.400000019E-2,0.300000003E-2,3.00000000,0.550000012,60.0000000,98000.0000,298.000000,0.800000038E-2,0.00000000,1.17999995,0.00000000,0.00000000,0.00000000,0.00000000,0.750000000,0.550000012,0.980000019,0.999999978E-2,0.256716430,0.00000000,0.00000000,0.109999999E-1,297.000000,0.00000000,0.00000000,0.00000000,7.50000000,2.00000000,1.00000000,4.00000000,0.00000000,3.25000000,0.250000000,0.120000006E-2,0.999999975E-4,0.00000000,0.00000000,0.00000000,1.00000000,296.000000,0.00000000,0.00000000,0.00000000,0.00000000,0.00000000,0.500000000,0.119999997,0.119999997,295.000000,0.00000000,0.00000000,0.00000000,0.00000000,0.00000000,0.00000000,0.750000000,0.550000012,0.980000019,0.999999978E-2,0.226156577,0.251408899E-2,0.292508185,0.292508185,286.222687,-35.2992592,0.636833192E-6,1.59208298,7.50022888,0.00000000,0.00000000,0.00000000,465.058411,3.25000000,0.00000000,0.835014600E-2,0.00000000,0.00000000,0.828099810E-2,0.954770669E-2,1.00000000,296.000000,22.8500061,390.690399,1398.88232,-1000.00000,0.00000000,0.00000000,0.158363014,0.119999997,294.999969,0.712418258E-1,0.00000000
2,1,excess_land_area,7,180.000000,1,F,F,1,1,T,16,24,0.500000000,28,19,1,1004.50000,0.285714298,9.81000042,2500000.00,0.567051011E-7,1.00000000,24,4,1.00000000,0.00000000,290.000000,10.0000000,90.0000000,85.0000000,0.00000000,0.00000000,210.000000,65.0000000,0.400000019E-2,0.300000003E-2,3.00000000,0.550000012,60.0000000,98000.0000,298.000000,0.800000038E-2,0.00000000,1.17999995,0.00000000,0.00000000,0.00000000,0.00000000,0.750000000,0.550000012,0.980000019,0.999999978E-2,0.256716430,0.00000000,0.00000000,0.109999999E-1,297.000000,0.00000000,0.00000000,0.00000000,7.50000000,2.00000000,1.00000000,4.00000000,0.00000000,3.25000000,0.250000000,0.120000006E-2,0.999999975E-4,0.00000000,0.00000000,0.00000000,1.00000000,296.000000,0.00000000,0.00000000,0.00000000,0.00000000,0.00000000,0.500000000,0.119999997,0.119999997,295.000000,0.00000000,0.00000000,0.00000000,0.00000000,0.00000000,0.00000000,0.750000000,0.550000012,0.980000019,0.999999978E-2,0.226156577,0.251408899E-2,0.292508185,0.292508185,286.222687,-35.2992592,0.636833192E-6,1.59208298,7.50022888,0.00000000,0.00000000,0.00000000,465.058411,3.25000000,0.00000000,0.835014600E-2,0.00000000,0.00000000,0.828099810E-2,0.954770669E-2,1.00000000,296.000000,22.8500061,390.690399,1398.88232,-1000.00000,0.00000000,0.00000000,0.119999997,0.119999997,295.000000,0.712418258E-1,0.00000000
2,1,excess_land_area,8,180.000000,1,F,F,1,1,T,16,24,0.500000000,28,19,1,1004.50000,0.285714298,9.81000042,2500000.00,0.567051011E-7,1.60000002,24,4,1.00000000,0.00000000,290.000000,10.0000000,90.0000000,85.0000000,0.00000000,0.00000000,210.000000,65.0000000,0.400000019E-2,0.300000003E-2,3.00000000,0.550000012,60.0000000,98000.0000,298.000000,0.800000038E-2,0.00000000,1.17999995,0.00000000,0.00000000,0.00000000,0.00000000,0.750000000,0.550000012,0.980000019,0.999999978E-2,0.256716430,0.00000000,0.00000000,0.109999999E-1,297.000000,0.00000000,0.00000000,0.00000000,7.50000000,2.00000000,1.00000000,4.00000000,0.00000000,3.25000000,0.250000000,0.120000006E-2,0.999999975E-4,0.00000000,0.00000000,0.00000000,1.00000000,296.000000,0.00000000,0.00000000,0.00000000,0.00000000,0.00000000,0.500000000,0.119999997,0.119999997,295.000000,0.00000000,0.00000000,0.00000000,0.00000000,0.00000000,0.00000000,0.750000000,0.550000012,0.980000019,0.999999978E-2,0.226156577,0.251408899E-2,0.292508185,0.292508185,286.222687,-35.2992592,0.636833192E-6,1.59208298,7.50022888,0.00000000,0.00000000,0.00000000,465.058411,3.25000000,0.00000000,0.835014600E-2,0.00000000,0.00000000,0.828099810E-2,0.954770669E-2,1.00000000,296.000000,22.8500061,390.690399,1398.88232,-1000.00000,0.00000000,0.00000000,0.119999997,0.119999997,295.000000,0.712418258E-1,0.00000000
2,1,excess_land_area,9,180.000000,1,F,F,1,1,T,16,24,0.500000000,28,19,1,1004.50000,0.285714298,9.81000042,2500000.00,0.567051011E-7,3.00000000,24,4,1.00000000,0.00000000,290.000000,10.0000000,90.0000000,85.0000000,0.00000000,0.00000000,210.000000,65.0000000,0.400000019E-2,0.300000003E-2,3.00000000,0.550000012,60.0000000,98000.0000,298.000000,0.800000038E-2,0.00000000,1.17999995,0.00000000,0.00000000,0.00000000,0.00000000,0.750000000,0.550000012,0.980000019,0.999999978E-2,0.256716430,0.00000000,0.00000000,0.109999999E-1,297.000000,0.00000000,0.00000000,0.00000000,7.50000000,2.00000000,1.00000000,4.00000000,0.00000000,3.25000000,0.250000000,0.120000006E-2,0.999999975E-4,0.00000000,0.00000000,0.00000000,1.00000000,296.000000,0.00000000,0.00000000,0.00000000,0.00000000,0.00000000,0.500000000,0.119999997,0.119999997,295.000000,0.00000000,0.00000000,0.00000000,0.00000000,0.00000000,0.00000000,0.750000000,0.550000012,0.980000019,0.999999978E-2,0.226156577,0.251408899E-2,0.292508185,0.292508185,286.222687,-35.2992592,0.636833192E-6,1.59208298,7.50022888,0.00000000,0.00000000,0.00000000,465.058411,3.25000000,0.00000000,0.835014600E-2,0.00000000,0.00000000,0.828099810E-2,0.954770669E-2,1.00000000,296.000000,22.8500061,390.690399,1398.88232,-1000.00000,0.00000000,0.00000000,0.119999997,0.119999997,290.000000,0.712418258E-1,0.00000000
2,1,water_soil_fallback,1,180.000000,1,F,F,1,1,T,16,24,0.500000000,28,19,1,1004.50000,0.285714298,9.81000042,2500000.00,0.567051011E-7,0.00000000,24,4,1.00000000,0.00000000,290.000000,10.0000000,90.0000000,85.0000000,0.00000000,0.00000000,222.000000,90.0000000,0.800000038E-2,0.700000022E-2,7.00000000,0.550000012,60.0000000,98000.0000,298.000000,0.800000038E-2,0.00000000,1.17999995,0.00000000,0.00000000,0.00000000,0.00000000,0.750000000,0.550000012,0.980000019,0.999999978E-2,0.256716430,0.00000000,0.00000000,0.109999999E-1,297.000000,0.00000000,0.00000000,0.00000000,7.50000000,2.00000000,1.00000000,4.00000000,0.00000000,3.25000000,0.250000000,0.00000000,-1.00000000,0.00000000,0.00000000,0.00000000,1.00000000,296.000000,0.00000000,0.00000000,0.00000000,0.00000000,0.00000000,0.500000000,0.119999997,0.119999997,295.000000,0.00000000,0.00000000,0.00000000,0.00000000,0.00000000,0.00000000,0.750000000,0.550000012,0.980000019,0.999999978E-2,0.256224573,0.586620765E-2,0.254662424,0.254662424,290.259705,-54.1319618,0.475033357E-5,11.8758335,7.50170994,0.00000000,0.00000000,0.00000000,240.104156,3.25000000,0.00000000,0.912419520E-2,0.00000000,0.00000000,0.904169772E-2,0.123791322E-1,1.00000000,296.000000,22.8500061,379.992554,1455.00000,-1000.00000,0.00000000,0.00000000,0.144936636,0.119999997,290.259705,0.955555439E-1,0.00000000
2,1,water_soil_fallback,2,180.000000,1,F,F,1,1,T,16,24,0.500000000,28,19,1,1004.50000,0.285714298,9.81000042,2500000.00,0.567051011E-7,0.999999978E-2,24,4,1.00000000,0.00000000,290.000000,10.0000000,90.0000000,85.0000000,0.00000000,0.00000000,222.000000,90.0000000,0.800000038E-2,0.700000022E-2,7.00000000,0.550000012,60.0000000,98000.0000,298.000000,0.800000038E-2,0.00000000,1.17999995,0.00000000,0.00000000,0.00000000,0.00000000,0.750000000,0.550000012,0.980000019,0.999999978E-2,0.256716430,0.00000000,0.00000000,0.109999999E-1,297.000000,0.00000000,0.00000000,0.00000000,7.50000000,2.00000000,1.00000000,4.00000000,0.00000000,3.25000000,0.250000000,0.00000000,-1.00000000,0.00000000,0.00000000,0.00000000,1.00000000,296.000000,0.00000000,0.00000000,0.00000000,0.00000000,0.00000000,0.500000000,0.119999997,0.119999997,295.000000,0.00000000,0.00000000,0.00000000,0.00000000,0.00000000,0.00000000,0.750000000,0.550000012,0.980000019,0.999999978E-2,0.256224573,0.586620765E-2,0.254662424,0.254662424,290.259705,-54.1319618,0.475033357E-5,11.8758335,7.50170994,0.00000000,0.00000000,0.00000000,240.104156,3.25000000,0.00000000,0.912419520E-2,0.00000000,0.00000000,0.904169772E-2,0.123791322E-1,1.00000000,296.000000,22.8500061,379.992554,1455.00000,-1000.00000,0.00000000,0.00000000,0.144990832,0.119999997,294.133057,0.955555439E-1,0.00000000
2,1,water_soil_fallback,3,180.000000,1,F,F,1,1,T,16,24,0.500000000,28,19,1,1004.50000,0.285714298,9.81000042,2500000.00,0.567051011E-7,0.399999991E-1,24,4,1.00000000,0.00000000,290.000000,10.0000000,90.0000000,85.0000000,0.00000000,0.00000000,222.000000,90.0000000,0.800000038E-2,0.700000022E-2,7.00000000,0.550000012,60.0000000,98000.0000,298.000000,0.800000038E-2,0.00000000,1.17999995,0.00000000,0.00000000,0.00000000,0.00000000,0.750000000,0.550000012,0.980000019,0.999999978E-2,0.256716430,0.00000000,0.00000000,0.109999999E-1,297.000000,0.00000000,0.00000000,0.00000000,7.50000000,2.00000000,1.00000000,4.00000000,0.00000000,3.25000000,0.250000000,0.00000000,-1.00000000,0.00000000,0.00000000,0.00000000,1.00000000,296.000000,0.00000000,0.00000000,0.00000000,0.00000000,0.00000000,0.500000000,0.119999997,0.119999997,295.000000,0.00000000,0.00000000,0.00000000,0.00000000,0.00000000,0.00000000,0.750000000,0.550000012,0.980000019,0.999999978E-2,0.256224573,0.586620765E-2,0.254662424,0.254662424,290.259705,-54.1319618,0.475033357E-5,11.8758335,7.50170994,0.00000000,0.00000000,0.00000000,240.104156,3.25000000,0.00000000,0.912419520E-2,0.00000000,0.00000000,0.904169772E-2,0.123791322E-1,1.00000000,296.000000,22.8500061,379.992554,1455.00000,-1000.00000,0.00000000,0.00000000,0.144990981,0.119999997,294.970612,0.955555439E-1,0.00000000
2,1,water_soil_fallback,4,180.000000,1,F,F,1,1,T,16,24,0.500000000,28,19,1,1004.50000,0.285714298,9.81000042,2500000.00,0.567051011E-7,0.100000001,24,4,1.00000000,0.00000000,290.000000,10.0000000,90.0000000,85.0000000,0.00000000,0.00000000,222.000000,90.0000000,0.800000038E-2,0.700000022E-2,7.00000000,0.550000012,60.0000000,98000.0000,298.000000,0.800000038E-2,0.00000000,1.17999995,0.00000000,0.00000000,0.00000000,0.00000000,0.750000000,0.550000012,0.980000019,0.999999978E-2,0.256716430,0.00000000,0.00000000,0.109999999E-1,297.000000,0.00000000,0.00000000,0.00000000,7.50000000,2.00000000,1.00000000,4.00000000,0.00000000,3.25000000,0.250000000,0.00000000,-1.00000000,0.00000000,0.00000000,0.00000000,1.00000000,296.000000,0.00000000,0.00000000,0.00000000,0.00000000,0.00000000,0.500000000,0.119999997,0.119999997,295.000000,0.00000000,0.00000000,0.00000000,0.00000000,0.00000000,0.00000000,0.750000000,0.550000012,0.980000019,0.999999978E-2,0.256224573,0.586620765E-2,0.254662424,0.254662424,290.259705,-54.1319618,0.475033357E-5,11.8758335,7.50170994,0.00000000,0.00000000,0.00000000,240.104156,3.25000000,0.00000000,0.912419520E-2,0.00000000,0.00000000,0.904169772E-2,0.123791322E-1,1.00000000,296.000000,22.8500061,379.992554,1455.00000,-1000.00000,0.00000000,0.00000000,0.144991010,0.119999997,294.999817,0.955555439E-1,0.00000000
2,1,water_soil_fallback,5,180.000000,1,F,F,1,1,T,16,24,0.500000000,28,19,1,1004.50000,0.285714298,9.81000042,2500000.00,0.567051011E-7,0.300000012,24,4,1.00000000,0.00000000,290.000000,10.0000000,90.0000000,85.0000000,0.00000000,0.00000000,222.000000,90.0000000,0.800000038E-2,0.700000022E-2,7.00000000,0.550000012,60.0000000,98000.0000,298.000000,0.800000038E-2,0.00000000,1.17999995,0.00000000,0.00000000,0.00000000,0.00000000,0.750000000,0.550000012,0.980000019,0.999999978E-2,0.256716430,0.00000000,0.00000000,0.109999999E-1,297.000000,0.00000000,0.00000000,0.00000000,7.50000000,2.00000000,1.00000000,4.00000000,0.00000000,3.25000000,0.250000000,0.00000000,-1.00000000,0.00000000,0.00000000,0.00000000,1.00000000,296.000000,0.00000000,0.00000000,0.00000000,0.00000000,0.00000000,0.500000000,0.119999997,0.119999997,295.000000,0.00000000,0.00000000,0.00000000,0.00000000,0.00000000,0.00000000,0.750000000,0.550000012,0.980000019,0.999999978E-2,0.256224573,0.586620765E-2,0.254662424,0.254662424,290.259705,-54.1319618,0.475033357E-5,11.8758335,7.50170994,0.00000000,0.00000000,0.00000000,240.104156,3.25000000,0.00000000,0.912419520E-2,0.00000000,0.00000000,0.904169772E-2,0.123791322E-1,1.00000000,296.000000,22.8500061,379.992554,1455.00000,-1000.00000,0.00000000,0.00000000,0.144991010,0.119999997,294.999969,0.955555439E-1,0.00000000
2,1,water_soil_fallback,6,180.000000,1,F,F,1,1,T,16,24,0.500000000,28,19,1,1004.50000,0.285714298,9.81000042,2500000.00,0.567051011E-7,0.600000024,24,4,1.00000000,0.00000000,290.000000,10.0000000,90.0000000,85.0000000,0.00000000,0.00000000,222.000000,90.0000000,0.800000038E-2,0.700000022E-2,7.00000000,0.550000012,60.0000000,98000.0000,298.000000,0.800000038E-2,0.00000000,1.17999995,0.00000000,0.00000000,0.00000000,0.00000000,0.750000000,0.550000012,0.980000019,0.999999978E-2,0.256716430,0.00000000,0.00000000,0.109999999E-1,297.000000,0.00000000,0.00000000,0.00000000,7.50000000,2.00000000,1.00000000,4.00000000,0.00000000,3.25000000,0.250000000,0.00000000,-1.00000000,0.00000000,0.00000000,0.00000000,1.00000000,296.000000,0.00000000,0.00000000,0.00000000,0.00000000,0.00000000,0.500000000,0.119999997,0.119999997,295.000000,0.00000000,0.00000000,0.00000000,0.00000000,0.00000000,0.00000000,0.750000000,0.550000012,0.980000019,0.999999978E-2,0.256224573,0.586620765E-2,0.254662424,0.254662424,290.259705,-54.1319618,0.475033357E-5,11.8758335,7.50170994,0.00000000,0.00000000,0.00000000,240.104156,3.25000000,0.00000000,0.912419520E-2,0.00000000,0.00000000,0.904169772E-2,0.123791322E-1,1.00000000,296.000000,22.8500061,379.992554,1455.00000,-1000.00000,0.00000000,0.00000000,0.144991010,0.119999997,295.000000,0.955555439E-1,0.00000000
2,1,water_soil_fallback,7,180.000000,1,F,F,1,1,T,16,24,0.500000000,28,19,1,1004.50000,0.285714298,9.81000042,2500000.00,0.567051011E-7,1.00000000,24,4,1.00000000,0.00000000,290.000000,10.0000000,90.0000000,85.0000000,0.00000000,0.00000000,222.000000,90.0000000,0.800000038E-2,0.700000022E-2,7.00000000,0.550000012,60.0000000,98000.0000,298.000000,0.800000038E-2,0.00000000,1.17999995,0.00000000,0.00000000,0.00000000,0.00000000,0.750000000,0.550000012,0.980000019,0.999999978E-2,0.256716430,0.00000000,0.00000000,0.109999999E-1,297.000000,0.00000000,0.00000000,0.00000000,7.50000000,2.00000000,1.00000000,4.00000000,0.00000000,3.25000000,0.250000000,0.00000000,-1.00000000,0.00000000,0.00000000,0.00000000,1.00000000,296.000000,0.00000000,0.00000000,0.00000000,0.00000000,0.00000000,0.500000000,0.119999997,0.119999997,295.000000,0.00000000,0.00000000,0.00000000,0.00000000,0.00000000,0.00000000,0.750000000,0.550000012,0.980000019,0.999999978E-2,0.256224573,0.586620765E-2,0.254662424,0.254662424,290.259705,-54.1319618,0.475033357E-5,11.8758335,7.50170994,0.00000000,0.00000000,0.00000000,240.104156,3.25000000,0.00000000,0.912419520E-2,0.00000000,0.00000000,0.904169772E-2,0.123791322E-1,1.00000000,296.000000,22.8500061,379.992554,1455.00000,-1000.00000,0.00000000,0.00000000,0.119999997,0.119999997,295.000000,0.955555439E-1,0.00000000
2,1,water_soil_fallback,8,180.000000,1,F,F,1,1,T,16,24,0.500000000,28,19,1,1004.50000,0.285714298,9.81000042,2500000.00,0.567051011E-7,1.60000002,24,4,1.00000000,0.00000000,290.000000,10.0000000,90.0000000,85.0000000,0.00000000,0.00000000,222.000000,90.0000000,0.800000038E-2,0.700000022E-2,7.00000000,0.550000012,60.0000000,98000.0000,298.000000,0.800000038E-2,0.00000000,1.17999995,0.00000000,0.00000000,0.00000000,0.00000000,0.750000000,0.550000012,0.980000019,0.999999978E-2,0.256716430,0.00000000,0.00000000,0.109999999E-1,297.000000,0.00000000,0.00000000,0.00000000,7.50000000,2.00000000,1.00000000,4.00000000,0.00000000,3.25000000,0.250000000,0.00000000,-1.00000000,0.00000000,0.00000000,0.00000000,1.00000000,296.000000,0.00000000,0.00000000,0.00000000,0.00000000,0.00000000,0.500000000,0.119999997,0.119999997,295.000000,0.00000000,0.00000000,0.00000000,0.00000000,0.00000000,0.00000000,0.750000000,0.550000012,0.980000019,0.999999978E-2,0.256224573,0.586620765E-2,0.254662424,0.254662424,290.259705,-54.1319618,0.475033357E-5,11.8758335,7.50170994,0.00000000,0.00000000,0.00000000,240.104156,3.25000000,0.00000000,0.912419520E-2,0.00000000,0.00000000,0.904169772E-2,0.123791322E-1,1.00000000,296.000000,22.8500061,379.992554,1455.00000,-1000.00000,0.00000000,0.00000000,0.119999997,0.119999997,295.000000,0.955555439E-1,0.00000000
2,1,water_soil_fallback,9,180.000000,1,F,F,1,1,T,16,24,0.500000000,28,19,1,1004.50000,0.285714298,9.81000042,2500000.00,0.567051011E-7,3.00000000,24,4,1.00000000,0.00000000,290.000000,10.0000000,90.0000000,85.0000000,0.00000000,0.00000000,222.000000,90.0000000,0.800000038E-2,0.700000022E-2,7.00000000,0.550000012,60.0000000,98000.0000,298.000000,0.800000038E-2,0.00000000,1.17999995,0.00000000,0.00000000,0.00000000,0.00000000,0.750000000,0.550000012,0.980000019,0.999999978E-2,0.256716430,0.00000000,0.00000000,0.109999999E-1,297.000000,0.00000000,0.00000000,0.00000000,7.50000000,2.00000000,1.00000000,4.00000000,0.00000000,3.25000000,0.250000000,0.00000000,-1.00000000,0.00000000,0.00000000,0.00000000,1.00000000,296.000000,0.00000000,0.00000000,0.00000000,0.00000000,0.00000000,0.500000000,0.119999997,0.119999997,295.000000,0.00000000,0.00000000,0.00000000,0.00000000,0.00000000,0.00000000,0.750000000,0.550000012,0.980000019,0.999999978E-2,0.256224573,0.586620765E-2,0.254662424,0.254662424,290.259705,-54.1319618,0.475033357E-5,11.8758335,7.50170994,0.00000000,0.00000000,0.00000000,240.104156,3.25000000,0.00000000,0.912419520E-2,0.00000000,0.00000000,0.904169772E-2,0.123791322E-1,1.00000000,296.000000,22.8500061,379.992554,1455.00000,-1000.00000,0.00000000,0.00000000,0.119999997,0.119999997,290.000000,0.955555439E-1,0.00000000
2,1,excess_soil_area,1,180.000000,1,F,F,1,1,T,16,24,0.500000000,28,19,1,1004.50000,0.285714298,9.81000042,2500000.00,0.567051011E-7,0.00000000,19,4,1.00000000,0.00000000,290.000000,10.0000000,90.0000000,85.0000000,0.00000000,0.00000000,358.000000,600.000000,0.189999994E-1,0.179999992E-1,18.0000000,0.250000000,60.0000000,98000.0000,298.000000,0.800000038E-2,0.00000000,1.17999995,0.00000000,0.00000000,0.00000000,0.00000000,0.750000000,0.250000000,0.879999995,0.750000000,0.256716430,0.00000000,0.00000000,0.500000007E-1,297.000000,0.00000000,0.00000000,0.00000000,7.50000000,2.00000000,1.00000000,4.00000000,0.00000000,3.25000000,0.250000000,0.549999997E-2,0.499999987E-4,0.00000000,0.00000000,0.00000000,1.00000000,296.000000,0.00000000,0.00000000,0.00000000,0.00000000,0.00000000,0.500000000,0.119999997,0.119999997,295.000000,0.00000000,0.00000000,0.00000000,0.00000000,0.00000000,0.00000000,0.750000000,0.250000000,0.850000024,0.750000000,0.223981962,0.150845340E-1,0.254662424,0.254662424,293.843658,-74.7449570,0.184816308E-4,46.2040787,7.50665379,0.00000000,0.00000000,0.00000000,61.2668724,3.25000000,0.00000000,0.969360489E-2,0.00000000,0.00000000,0.960054062E-2,0.154860429E-1,1.00000000,296.000000,22.8500061,387.899292,1398.88232,-1000.00000,0.00000000,0.00000000,0.154664755,0.119999997,293.843658,0.712418258E-1,0.00000000
2,1,excess_soil_area,2,180.000000,1,F,F,1,1,T,16,24,0.500000000,28,19,1,1004.50000,0.285714298,9.81000042,2500000.00,0.567051011E-7,0.999999978E-2,19,4,1.00000000,0.00000000,290.000000,10.0000000,90.0000000,85.0000000,0.00000000,0.00000000,358.000000,600.000000,0.189999994E-1,0.179999992E-1,18.0000000,0.250000000,60.0000000,98000.0000,298.000000,0.800000038E-2,0.00000000,1.17999995,0.00000000,0.00000000,0.00000000,0.00000000,0.750000000,0.250000000,0.879999995,0.750000000,0.256716430,0.00000000,0.00000000,0.500000007E-1,297.000000,0.00000000,0.00000000,0.00000000,7.50000000,2.00000000,1.00000000,4.00000000,0.00000000,3.25000000,0.250000000,0.549999997E-2,0.499999987E-4,0.00000000,0.00000000,0.00000000,1.00000000,296.000000,0.00000000,0.00000000,0.00000000,0.00000000,0.00000000,0.500000000,0.119999997,0.119999997,295.000000,0.00000000,0.00000000,0.00000000,0.00000000,0.00000000,0.00000000,0.750000000,0.250000000,0.850000024,0.750000000,0.223981962,0.150845340E-1,0.254662424,0.254662424,293.843658,-74.7449570,0.184816308E-4,46.2040787,7.50665379,0.00000000,0.00000000,0.00000000,61.2668724,3.25000000,0.00000000,0.969360489E-2,0.00000000,0.00000000,0.960054062E-2,0.154860429E-1,1.00000000,296.000000,22.8500061,387.899292,1398.88232,-1000.00000,0.00000000,0.00000000,0.154875115,0.119999997,294.784088,0.712418258E-1,0.00000000
2,1,excess_soil_area,3,180.000000,1,F,F,1,1,T,16,24,0.500000000,28,19,1,1004.50000,0.285714298,9.81000042,2500000.00,0.567051011E-7,0.399999991E-1,19,4,1.00000000,0.00000000,290.000000,10.0000000,90.0000000,85.0000000,0.00000000,0.00000000,358.000000,600.000000,0.189999994E-1,0.179999992E-1,18.0000000,0.250000000,60.0000000,98000.0000,298.000000,0.800000038E-2,0.00000000,1.17999995,0.00000000,0.00000000,0.00000000,0.00000000,0.750000000,0.250000000,0.879999995,0.750000000,0.256716430,0.00000000,0.00000000,0.500000007E-1,297.000000,0.00000000,0.00000000,0.00000000,7.50000000,2.00000000,1.00000000,4.00000000,0.00000000,3.25000000,0.250000000,0.549999997E-2,0.499999987E-4,0.00000000,0.00000000,0.00000000,1.00000000,296.000000,0.00000000,0.00000000,0.00000000,0.00000000,0.00000000,0.500000000,0.119999997,0.119999997,295.000000,0.00000000,0.00000000,0.00000000,0.00000000,0.00000000,0.00000000,0.750000000,0.250000000,0.850000024,0.750000000,0.223981962,0.150845340E-1,0.254662424,0.254662424,293.843658,-74.7449570,0.184816308E-4,46.2040787,7.50665379,0.00000000,0.00000000,0.00000000,61.2668724,3.25000000,0.00000000,0.969360489E-2,0.00000000,0.00000000,0.960054062E-2,0.154860429E-1,1.00000000,296.000000,22.8500061,387.899292,1398.88232,-1000.00000,0.00000000,0.00000000,0.154875323,0.119999997,294.992462,0.712418258E-1,0.00000000
2,1,excess_soil_area,4,180.000000,1,F,F,1,1,T,16,24,0.500000000,28,19,1,1004.50000,0.285714298,9.81000042,2500000.00,0.567051011E-7,0.100000001,19,4,1.00000000,0.00000000,290.000000,10.0000000,90.0000000,85.0000000,0.00000000,0.00000000,358.000000,600.000000,0.189999994E-1,0.179999992E-1,18.0000000,0.250000000,60.0000000,98000.0000,298.000000,0.800000038E-2,0.00000000,1.17999995,0.00000000,0.00000000,0.00000000,0.00000000,0.750000000,0.250000000,0.879999995,0.750000000,0.256716430,0.00000000,0.00000000,0.500000007E-1,297.000000,0.00000000,0.00000000,0.00000000,7.50000000,2.00000000,1.00000000,4.00000000,0.00000000,3.25000000,0.250000000,0.549999997E-2,0.499999987E-4,0.00000000,0.00000000,0.00000000,1.00000000,296.000000,0.00000000,0.00000000,0.00000000,0.00000000,0.00000000,0.500000000,0.119999997,0.119999997,295.000000,0.00000000,0.00000000,0.00000000,0.00000000,0.00000000,0.00000000,0.750000000,0.250000000,0.850000024,0.750000000,0.223981962,0.150845340E-1,0.254662424,0.254662424,293.843658,-74.7449570,0.184816308E-4,46.2040787,7.50665379,0.00000000,0.00000000,0.00000000,61.2668724,3.25000000,0.00000000,0.969360489E-2,0.00000000,0.00000000,0.960054062E-2,0.154860429E-1,1.00000000,296.000000,22.8500061,387.899292,1398.88232,-1000.00000,0.00000000,0.00000000,0.154875427,0.119999997,294.999969,0.712418258E-1,0.00000000
2,1,excess_soil_area,5,180.000000,1,F,F,1,1,T,16,24,0.500000000,28,19,1,1004.50000,0.285714298,9.81000042,2500000.00,0.567051011E-7,0.300000012,19,4,1.00000000,0.00000000,290.000000,10.0000000,90.0000000,85.0000000,0.00000000,0.00000000,358.000000,600.000000,0.189999994E-1,0.179999992E-1,18.0000000,0.250000000,60.0000000,98000.0000,298.000000,0.800000038E-2,0.00000000,1.17999995,0.00000000,0.00000000,0.00000000,0.00000000,0.750000000,0.250000000,0.879999995,0.750000000,0.256716430,0.00000000,0.00000000,0.500000007E-1,297.000000,0.00000000,0.00000000,0.00000000,7.50000000,2.00000000,1.00000000,4.00000000,0.00000000,3.25000000,0.250000000,0.549999997E-2,0.499999987E-4,0.00000000,0.00000000,0.00000000,1.00000000,296.000000,0.00000000,0.00000000,0.00000000,0.00000000,0.00000000,0.500000000,0.119999997,0.119999997,295.000000,0.00000000,0.00000000,0.00000000,0.00000000,0.00000000,0.00000000,0.750000000,0.250000000,0.850000024,0.750000000,0.223981962,0.150845340E-1,0.254662424,0.254662424,293.843658,-74.7449570,0.184816308E-4,46.2040787,7.50665379,0.00000000,0.00000000,0.00000000,61.2668724,3.25000000,0.00000000,0.969360489E-2,0.00000000,0.00000000,0.960054062E-2,0.154860429E-1,1.00000000,296.000000,22.8500061,387.899292,1398.88232,-1000.00000,0.00000000,0.00000000,0.154875442,0.119999997,295.000031,0.712418258E-1,0.00000000
2,1,excess_soil_area,6,180.000000,1,F,F,1,1,T,16,24,0.500000000,28,19,1,1004.50000,0.285714298,9.81000042,2500000.00,0.567051011E-7,0.600000024,19,4,1.00000000,0.00000000,290.000000,10.0000000,90.0000000,85.0000000,0.00000000,0.00000000,358.000000,600.000000,0.189999994E-1,0.179999992E-1,18.0000000,0.250000000,60.0000000,98000.0000,298.000000,0.800000038E-2,0.00000000,1.17999995,0.00000000,0.00000000,0.00000000,0.00000000,0.750000000,0.250000000,0.879999995,0.750000000,0.256716430,0.00000000,0.00000000,0.500000007E-1,297.000000,0.00000000,0.00000000,0.00000000,7.50000000,2.00000000,1.00000000,4.00000000,0.00000000,3.25000000,0.250000000,0.549999997E-2,0.499999987E-4,0.00000000,0.00000000,0.00000000,1.00000000,296.000000,0.00000000,0.00000000,0.00000000,0.00000000,0.00000000,0.500000000,0.119999997,0.119999997,295.000000,0.00000000,0.00000000,0.00000000,0.00000000,0.00000000,0.00000000,0.750000000,0.250000000,0.850000024,0.750000000,0.223981962,0.150845340E-1,0.254662424,0.254662424,293.843658,-74.7449570,0.184816308E-4,46.2040787,7.50665379,0.00000000,0.00000000,0.00000000,61.2668724,3.25000000,0.00000000,0.969360489E-2,0.00000000,0.00000000,0.960054062E-2,0.154860429E-1,1.00000000,296.000000,22.8500061,387.899292,1398.88232,-1000.00000,0.00000000,0.00000000,0.154875457,0.119999997,294.999969,0.712418258E-1,0.00000000
2,1,excess_soil_area,7,180.000000,1,F,F,1,1,T,16,24,0.500000000,28,19,1,1004.50000,0.285714298,9.81000042,2500000.00,0.567051011E-7,1.00000000,19,4,1.00000000,0.00000000,290.000000,10.0000000,90.0000000,85.0000000,0.00000000,0.00000000,358.000000,600.000000,0.189999994E-1,0.179999992E-1,18.0000000,0.250000000,60.0000000,98000.0000,298.000000,0.800000038E-2,0.00000000,1.17999995,0.00000000,0.00000000,0.00000000,0.00000000,0.750000000,0.250000000,0.879999995,0.750000000,0.256716430,0.00000000,0.00000000,0.500000007E-1,297.000000,0.00000000,0.00000000,0.00000000,7.50000000,2.00000000,1.00000000,4.00000000,0.00000000,3.25000000,0.250000000,0.549999997E-2,0.499999987E-4,0.00000000,0.00000000,0.00000000,1.00000000,296.000000,0.00000000,0.00000000,0.00000000,0.00000000,0.00000000,0.500000000,0.119999997,0.119999997,295.000000,0.00000000,0.00000000,0.00000000,0.00000000,0.00000000,0.00000000,0.750000000,0.250000000,0.850000024,0.750000000,0.223981962,0.150845340E-1,0.254662424,0.254662424,293.843658,-74.7449570,0.184816308E-4,46.2040787,7.50665379,0.00000000,0.00000000,0.00000000,61.2668724,3.25000000,0.00000000,0.969360489E-2,0.00000000,0.00000000,0.960054062E-2,0.154860429E-1,1.00000000,296.000000,22.8500061,387.899292,1398.88232,-1000.00000,0.00000000,0.00000000,0.119999997,0.119999997,295.000000,0.712418258E-1,0.00000000
2,1,excess_soil_area,8,180.000000,1,F,F,1,1,T,16,24,0.500000000,28,19,1,1004.50000,0.285714298,9.81000042,2500000.00,0.567051011E-7,1.60000002,19,4,1.00000000,0.00000000,290.000000,10.0000000,90.0000000,85.0000000,0.00000000,0.00000000,358.000000,600.000000,0.189999994E-1,0.179999992E-1,18.0000000,0.250000000,60.0000000,98000.0000,298.000000,0.800000038E-2,0.00000000,1.17999995,0.00000000,0.00000000,0.00000000,0.00000000,0.750000000,0.250000000,0.879999995,0.750000000,0.256716430,0.00000000,0.00000000,0.500000007E-1,297.000000,0.00000000,0.00000000,0.00000000,7.50000000,2.00000000,1.00000000,4.00000000,0.00000000,3.25000000,0.250000000,0.549999997E-2,0.499999987E-4,0.00000000,0.00000000,0.00000000,1.00000000,296.000000,0.00000000,0.00000000,0.00000000,0.00000000,0.00000000,0.500000000,0.119999997,0.119999997,295.000000,0.00000000,0.00000000,0.00000000,0.00000000,0.00000000,0.00000000,0.750000000,0.250000000,0.850000024,0.750000000,0.223981962,0.150845340E-1,0.254662424,0.254662424,293.843658,-74.7449570,0.184816308E-4,46.2040787,7.50665379,0.00000000,0.00000000,0.00000000,61.2668724,3.25000000,0.00000000,0.969360489E-2,0.00000000,0.00000000,0.960054062E-2,0.154860429E-1,1.00000000,296.000000,22.8500061,387.899292,1398.88232,-1000.00000,0.00000000,0.00000000,0.119999997,0.119999997,295.000000,0.712418258E-1,0.00000000
2,1,excess_soil_area,9,180.000000,1,F,F,1,1,T,16,24,0.500000000,28,19,1,1004.50000,0.285714298,9.81000042,2500000.00,0.567051011E-7,3.00000000,19,4,1.00000000,0.00000000,290.000000,10.0000000,90.0000000,85.0000000,0.00000000,0.00000000,358.000000,600.000000,0.189999994E-1,0.179999992E-1,18.0000000,0.250000000,60.0000000,98000.0000,298.000000,0.800000038E-2,0.00000000,1.17999995,0.00000000,0.00000000,0.00000000,0.00000000,0.750000000,0.250000000,0.879999995,0.750000000,0.256716430,0.00000000,0.00000000,0.500000007E-1,297.000000,0.00000000,0.00000000,0.00000000,7.50000000,2.00000000,1.00000000,4.00000000,0.00000000,3.25000000,0.250000000,0.549999997E-2,0.499999987E-4,0.00000000,0.00000000,0.00000000,1.00000000,296.000000,0.00000000,0.00000000,0.00000000,0.00000000,0.00000000,0.500000000,0.119999997,0.119999997,295.000000,0.00000000,0.00000000,0.00000000,0.00000000,0.00000000,0.00000000,0.750000000,0.250000000,0.850000024,0.750000000,0.223981962,0.150845340E-1,0.254662424,0.254662424,293.843658,-74.7449570,0.184816308E-4,46.2040787,7.50665379,0.00000000,0.00000000,0.00000000,61.2668724,3.25000000,0.00000000,0.969360489E-2,0.00000000,0.00000000,0.960054062E-2,0.154860429E-1,1.00000000,296.000000,22.8500061,387.899292,1398.88232,-1000.00000,0.00000000,0.00000000,0.119999997,0.119999997,290.000000,0.712418258E-1,0.00000000
2,1,wet_soil,1,180.000000,1,F,F,1,1,T,16,24,0.500000000,28,19,1,1004.50000,0.285714298,9.81000042,2500000.00,0.567051011E-7,0.00000000,1,4,1.00000000,0.00000000,290.000000,10.0000000,90.0000000,85.0000000,0.00000000,0.00000000,268.000000,175.000000,0.999999978E-2,0.899999961E-2,9.00000000,0.180000007,60.0000000,98000.0000,298.000000,0.800000038E-2,0.199999995E-4,1.17999995,0.00000000,0.00000000,0.00000000,0.299999993E-1,0.400000006,0.180000007,0.879999995,1.00000000,0.943283617,0.00000000,0.00000000,0.500000000,297.000000,0.00000000,0.00000000,0.00000000,7.50000000,2.00000000,1.00000000,4.00000000,0.00000000,3.25000000,0.250000000,0.240000011E-2,0.199999995E-3,0.00000000,0.00000000,0.00000000,1.00000000,296.000000,0.00000000,0.00000000,0.00000000,0.00000000,0.00000000,0.500000000,0.349999994,0.349999994,295.000000,0.00000000,0.00000000,0.00000000,0.00000000,0.00000000,0.289624389E-1,0.400000006,0.180000007,0.879999995,1.00000000,1.00000000,0.754226698E-2,0.254662424,0.254662424,288.268341,-87.5039291,0.174354427E-4,43.5886078,7.50627708,0.00000000,0.00000000,0.00000000,641.337769,3.25000000,0.00000000,0.109016616E-1,0.00000000,0.00000000,0.107840970E-1,0.109016616E-1,1.00000000,296.000000,22.8500061,1049.99744,1398.88232,-1000.00000,0.00000000,0.00000000,0.349944174,0.349944174,288.268341,0.326797366,0.00000000
2,1,wet_soil,2,180.000000,1,F,F,1,1,T,16,24,0.500000000,28,19,1,1004.50000,0.285714298,9.81000042,2500000.00,0.567051011E-7,0.999999978E-2,1,4,1.00000000,0.00000000,290.000000,10.0000000,90.0000000,85.0000000,0.00000000,0.00000000,268.000000,175.000000,0.999999978E-2,0.899999961E-2,9.00000000,0.180000007,60.0000000,98000.0000,298.000000,0.800000038E-2,0.199999995E-4,1.17999995,0.00000000,0.00000000,0.00000000,0.299999993E-1,0.400000006,0.180000007,0.879999995,1.00000000,0.943283617,0.00000000,0.00000000,0.500000000,297.000000,0.00000000,0.00000000,0.00000000,7.50000000,2.00000000,1.00000000,4.00000000,0.00000000,3.25000000,0.250000000,0.240000011E-2,0.199999995E-3,0.00000000,0.00000000,0.00000000,1.00000000,296.000000,0.00000000,0.00000000,0.00000000,0.00000000,0.00000000,0.500000000,0.349999994,0.349999994,295.000000,0.00000000,0.00000000,0.00000000,0.00000000,0.00000000,0.289624389E-1,0.400000006,0.180000007,0.879999995,1.00000000,1.00000000,0.754226698E-2,0.254662424,0.254662424,288.268341,-87.5039291,0.174354427E-4,43.5886078,7.50627708,0.00000000,0.00000000,0.00000000,641.337769,3.25000000,0.00000000,0.109016616E-1,0.00000000,0.00000000,0.107840970E-1,0.109016616E-1,1.00000000,296.000000,22.8500061,1049.99744,1398.88232,-1000.00000,0.00000000,0.00000000,0.349969447,0.349969447,293.752716,0.326797366,0.00000000
2,1,wet_soil,3,180.000000,1,F,F,1,1,T,16,24,0.500000000,28,19,1,1004.50000,0.285714298,9.81000042,2500000.00,0.567051011E-7,0.399999991E-1,1,4,1.00000000,0.00000000,290.000000,10.0000000,90.0000000,85.0000000,0.00000000,0.00000000,268.000000,175.000000,0.999999978E-2,0.899999961E-2,9.00000000,0.180000007,60.0000000,98000.0000,298.000000,0.800000038E-2,0.199999995E-4,1.17999995,0.00000000,0.00000000,0.00000000,0.299999993E-1,0.400000006,0.180000007,0.879999995,1.00000000,0.943283617,0.00000000,0.00000000,0.500000000,297.000000,0.00000000,0.00000000,0.00000000,7.50000000,2.00000000,1.00000000,4.00000000,0.00000000,3.25000000,0.250000000,0.240000011E-2,0.199999995E-3,0.00000000,0.00000000,0.00000000,1.00000000,296.000000,0.00000000,0.00000000,0.00000000,0.00000000,0.00000000,0.500000000,0.349999994,0.349999994,295.000000,0.00000000,0.00000000,0.00000000,0.00000000,0.00000000,0.289624389E-1,0.400000006,0.180000007,0.879999995,1.00000000,1.00000000,0.754226698E-2,0.254662424,0.254662424,288.268341,-87.5039291,0.174354427E-4,43.5886078,7.50627708,0.00000000,0.00000000,0.00000000,641.337769,3.25000000,0.00000000,0.109016616E-1,0.00000000,0.00000000,0.107840970E-1,0.109016616E-1,1.00000000,296.000000,22.8500061,1049.99744,1398.88232,-1000.00000,0.00000000,0.00000000,0.349993110,0.349993110,294.957001,0.326797366,0.00000000
2,1,wet_soil,4,180.000000,1,F,F,1,1,T,16,24,0.500000000,28,19,1,1004.50000,0.285714298,9.81000042,2500000.00,0.567051011E-7,0.100000001,1,4,1.00000000,0.00000000,290.000000,10.0000000,90.0000000,85.0000000,0.00000000,0.00000000,268.000000,175.000000,0.999999978E-2,0.899999961E-2,9.00000000,0.180000007,60.0000000,98000.0000,298.000000,0.800000038E-2,0.199999995E-4,1.17999995,0.00000000,0.00000000,0.00000000,0.299999993E-1,0.400000006,0.180000007,0.879999995,1.00000000,0.943283617,0.00000000,0.00000000,0.500000000,297.000000,0.00000000,0.00000000,0.00000000,7.50000000,2.00000000,1.00000000,4.00000000,0.00000000,3.25000000,0.250000000,0.240000011E-2,0.199999995E-3,0.00000000,0.00000000,0.00000000,1.00000000,296.000000,0.00000000,0.00000000,0.00000000,0.00000000,0.00000000,0.500000000,0.349999994,0.349999994,295.000000,0.00000000,0.00000000,0.00000000,0.00000000,0.00000000,0.289624389E-1,0.400000006,0.180000007,0.879999995,1.00000000,1.00000000,0.754226698E-2,0.254662424,0.254662424,288.268341,-87.5039291,0.174354427E-4,43.5886078,7.50627708,0.00000000,0.00000000,0.00000000,641.337769,3.25000000,0.00000000,0.109016616E-1,0.00000000,0.00000000,0.107840970E-1,0.109016616E-1,1.00000000,296.000000,22.8500061,1049.99744,1398.88232,-1000.00000,0.00000000,0.00000000,0.349998057,0.349998057,294.999756,0.326797366,0.00000000
2,1,wet_soil,5,180.000000,1,F,F,1,1,T,16,24,0.500000000,28,19,1,1004.50000,0.285714298,9.81000042,2500000.00,0.567051011E-7,0.300000012,1,4,1.00000000,0.00000000,290.000000,10.0000000,90.0000000,85.0000000,0.00000000,0.00000000,268.000000,175.000000,0.999999978E-2,0.899999961E-2,9.00000000,0.180000007,60.0000000,98000.0000,298.000000,0.800000038E-2,0.199999995E-4,1.17999995,0.00000000,0.00000000,0.00000000,0.299999993E-1,0.400000006,0.180000007,0.879999995,1.00000000,0.943283617,0.00000000,0.00000000,0.500000000,297.000000,0.00000000,0.00000000,0.00000000,7.50000000,2.00000000,1.00000000,4.00000000,0.00000000,3.25000000,0.250000000,0.240000011E-2,0.199999995E-3,0.00000000,0.00000000,0.00000000,1.00000000,296.000000,0.00000000,0.00000000,0.00000000,0.00000000,0.00000000,0.500000000,0.349999994,0.349999994,295.000000,0.00000000,0.00000000,0.00000000,0.00000000,0.00000000,0.289624389E-1,0.400000006,0.180000007,0.879999995,1.00000000,1.00000000,0.754226698E-2,0.254662424,0.254662424,288.268341,-87.5039291,0.174354427E-4,43.5886078,7.50627708,0.00000000,0.00000000,0.00000000,641.337769,3.25000000,0.00000000,0.109016616E-1,0.00000000,0.00000000,0.107840970E-1,0.109016616E-1,1.00000000,296.000000,22.8500061,1049.99744,1398.88232,-1000.00000,0.00000000,0.00000000,0.349998236,0.349998236,295.000000,0.326797366,0.00000000
2,1,wet_soil,6,180.000000,1,F,F,1,1,T,16,24,0.500000000,28,19,1,1004.50000,0.285714298,9.81000042,2500000.00,0.567051011E-7,0.600000024,1,4,1.00000000,0.00000000,290.000000,10.0000000,90.0000000,85.0000000,0.00000000,0.00000000,268.000000,175.000000,0.999999978E-2,0.899999961E-2,9.00000000,0.180000007,60.0000000,98000.0000,298.000000,0.800000038E-2,0.199999995E-4,1.17999995,0.00000000,0.00000000,0.00000000,0.299999993E-1,0.400000006,0.180000007,0.879999995,1.00000000,0.943283617,0.00000000,0.00000000,0.500000000,297.000000,0.00000000,0.00000000,0.00000000,7.50000000,2.00000000,1.00000000,4.00000000,0.00000000,3.25000000,0.250000000,0.240000011E-2,0.199999995E-3,0.00000000,0.00000000,0.00000000,1.00000000,296.000000,0.00000000,0.00000000,0.00000000,0.00000000,0.00000000,0.500000000,0.349999994,0.349999994,295.000000,0.00000000,0.00000000,0.00000000,0.00000000,0.00000000,0.289624389E-1,0.400000006,0.180000007,0.879999995,1.00000000,1.00000000,0.754226698E-2,0.254662424,0.254662424,288.268341,-87.5039291,0.174354427E-4,43.5886078,7.50627708,0.00000000,0.00000000,0.00000000,641.337769,3.25000000,0.00000000,0.109016616E-1,0.00000000,0.00000000,0.107840970E-1,0.109016616E-1,1.00000000,296.000000,22.8500061,1049.99744,1398.88232,-1000.00000,0.00000000,0.00000000,0.349998295,0.349998295,294.999969,0.326797366,0.00000000
2,1,wet_soil,7,180.000000,1,F,F,1,1,T,16,24,0.500000000,28,19,1,1004.50000,0.285714298,9.81000042,2500000.00,0.567051011E-7,1.00000000,1,4,1.00000000,0.00000000,290.000000,10.0000000,90.0000000,85.0000000,0.00000000,0.00000000,268.000000,175.000000,0.999999978E-2,0.899999961E-2,9.00000000,0.180000007,60.0000000,98000.0000,298.000000,0.800000038E-2,0.199999995E-4,1.17999995,0.00000000,0.00000000,0.00000000,0.299999993E-1,0.400000006,0.180000007,0.879999995,1.00000000,0.943283617,0.00000000,0.00000000,0.500000000,297.000000,0.00000000,0.00000000,0.00000000,7.50000000,2.00000000,1.00000000,4.00000000,0.00000000,3.25000000,0.250000000,0.240000011E-2,0.199999995E-3,0.00000000,0.00000000,0.00000000,1.00000000,296.000000,0.00000000,0.00000000,0.00000000,0.00000000,0.00000000,0.500000000,0.349999994,0.349999994,295.000000,0.00000000,0.00000000,0.00000000,0.00000000,0.00000000,0.289624389E-1,0.400000006,0.180000007,0.879999995,1.00000000,1.00000000,0.754226698E-2,0.254662424,0.254662424,288.268341,-87.5039291,0.174354427E-4,43.5886078,7.50627708,0.00000000,0.00000000,0.00000000,641.337769,3.25000000,0.00000000,0.109016616E-1,0.00000000,0.00000000,0.107840970E-1,0.109016616E-1,1.00000000,296.000000,22.8500061,1049.99744,1398.88232,-1000.00000,0.00000000,0.00000000,0.350000024,0.349999964,295.000000,0.326797366,0.00000000
2,1,wet_soil,8,180.000000,1,F,F,1,1,T,16,24,0.500000000,28,19,1,1004.50000,0.285714298,9.81000042,2500000.00,0.567051011E-7,1.60000002,1,4,1.00000000,0.00000000,290.000000,10.0000000,90.0000000,85.0000000,0.00000000,0.00000000,268.000000,175.000000,0.999999978E-2,0.899999961E-2,9.00000000,0.180000007,60.0000000,98000.0000,298.000000,0.800000038E-2,0.199999995E-4,1.17999995,0.00000000,0.00000000,0.00000000,0.299999993E-1,0.400000006,0.180000007,0.879999995,1.00000000,0.943283617,0.00000000,0.00000000,0.500000000,297.000000,0.00000000,0.00000000,0.00000000,7.50000000,2.00000000,1.00000000,4.00000000,0.00000000,3.25000000,0.250000000,0.240000011E-2,0.199999995E-3,0.00000000,0.00000000,0.00000000,1.00000000,296.000000,0.00000000,0.00000000,0.00000000,0.00000000,0.00000000,0.500000000,0.349999994,0.349999994,295.000000,0.00000000,0.00000000,0.00000000,0.00000000,0.00000000,0.289624389E-1,0.400000006,0.180000007,0.879999995,1.00000000,1.00000000,0.754226698E-2,0.254662424,0.254662424,288.268341,-87.5039291,0.174354427E-4,43.5886078,7.50627708,0.00000000,0.00000000,0.00000000,641.337769,3.25000000,0.00000000,0.109016616E-1,0.00000000,0.00000000,0.107840970E-1,0.109016616E-1,1.00000000,296.000000,22.8500061,1049.99744,1398.88232,-1000.00000,0.00000000,0.00000000,0.349999964,0.349999964,295.000031,0.326797366,0.00000000
2,1,wet_soil,9,180.000000,1,F,F,1,1,T,16,24,0.500000000,28,19,1,1004.50000,0.285714298,9.81000042,2500000.00,0.567051011E-7,3.00000000,1,4,1.00000000,0.00000000,290.000000,10.0000000,90.0000000,85.0000000,0.00000000,0.00000000,268.000000,175.000000,0.999999978E-2,0.899999961E-2,9.00000000,0.180000007,60.0000000,98000.0000,298.000000,0.800000038E-2,0.199999995E-4,1.17999995,0.00000000,0.00000000,0.00000000,0.299999993E-1,0.400000006,0.180000007,0.879999995,1.00000000,0.943283617,0.00000000,0.00000000,0.500000000,297.000000,0.00000000,0.00000000,0.00000000,7.50000000,2.00000000,1.00000000,4.00000000,0.00000000,3.25000000,0.250000000,0.240000011E-2,0.199999995E-3,0.00000000,0.00000000,0.00000000,1.00000000,296.000000,0.00000000,0.00000000,0.00000000,0.00000000,0.00000000,0.500000000,0.349999994,0.349999994,295.000000,0.00000000,0.00000000,0.00000000,0.00000000,0.00000000,0.289624389E-1,0.400000006,0.180000007,0.879999995,1.00000000,1.00000000,0.754226698E-2,0.254662424,0.254662424,288.268341,-87.5039291,0.174354427E-4,43.5886078,7.50627708,0.00000000,0.00000000,0.00000000,641.337769,3.25000000,0.00000000,0.109016616E-1,0.00000000,0.00000000,0.107840970E-1,0.109016616E-1,1.00000000,296.000000,22.8500061,1049.99744,1398.88232,-1000.00000,0.00000000,0.00000000,0.349999964,0.349999964,290.000000,0.326797366,0.00000000
2,1,mixed_cover_forest,1,180.000000,1,F,F,1,1,T,16,24,0.500000000,28,19,1,1004.50000,0.285714298,9.81000042,2500000.00,0.567051011E-7,0.00000000,15,4,1.00000000,0.00000000,290.000000,10.0000000,90.0000000,85.0000000,0.00000000,0.00000000,308.000000,320.000000,0.140000004E-1,0.130000003E-1,13.0000000,0.140000001,60.0000000,98000.0000,298.000000,0.800000038E-2,0.00000000,1.17999995,0.00000000,0.00000000,0.00000000,0.109999999,0.550000012,0.140000001,0.930000007,5.50000000,0.256716430,0.00000000,0.00000000,0.800000012,297.000000,0.00000000,0.00000000,0.00000000,7.50000000,2.00000000,1.00000000,4.00000000,0.00000000,3.25000000,0.250000000,0.460000010E-2,0.799999980E-4,0.00000000,0.00000000,0.00000000,1.00000000,296.000000,0.00000000,0.00000000,0.00000000,0.00000000,0.00000000,0.500000000,0.119999997,0.119999997,295.000000,0.00000000,0.00000000,0.00000000,0.00000000,0.00000000,0.100212693,0.550000012,0.140000001,0.939999998,5.50000000,0.225136146,0.108943861E-1,0.254662424,0.254662424,291.099060,-89.6292572,0.631707153E-4,157.926788,7.52274132,0.00000000,0.00000000,0.00000000,206.688217,3.25000000,0.00000000,0.914314762E-2,0.00000000,0.00000000,0.906030834E-2,0.130529208E-1,1.00000000,296.000000,22.8500061,440.213013,1398.88232,-1000.00000,0.00000000,0.00000000,0.154772699,0.119999997,291.099060,0.712418258E-1,0.00000000
2,1,mixed_cover_forest,2,180.000000,1,F,F,1,1,T,16,24,0.500000000,28,19,1,1004.50000,0.285714298,9.81000042,2500000.00,0.567051011E-7,0.999999978E-2,15,4,1.00000000,0.00000000,290.000000,10.0000000,90.0000000,85.0000000,0.00000000,0.00000000,308.000000,320.000000,0.140000004E-1,0.130000003E-1,13.0000000,0.140000001,60.0000000,98000.0000,298.000000,0.800000038E-2,0.00000000,1.17999995,0.00000000,0.00000000,0.00000000,0.109999999,0.550000012,0.140000001,0.930000007,5.50000000,0.256716430,0.00000000,0.00000000,0.800000012,297.000000,0.00000000,0.00000000,0.00000000,7.50000000,2.00000000,1.00000000,4.00000000,0.00000000,3.25000000,0.250000000,0.460000010E-2,0.799999980E-4,0.00000000,0.00000000,0.00000000,1.00000000,296.000000,0.00000000,0.00000000,0.00000000,0.00000000,0.00000000,0.500000000,0.119999997,0.119999997,295.000000,0.00000000,0.00000000,0.00000000,0.00000000,0.00000000,0.100212693,0.550000012,0.140000001,0.939999998,5.50000000,0.225136146,0.108943861E-1,0.254662424,0.254662424,291.099060,-89.6292572,0.631707153E-4,157.926788,7.52274132,0.00000000,0.00000000,0.00000000,206.688217,3.25000000,0.00000000,0.914314762E-2,0.00000000,0.00000000,0.906030834E-2,0.130529208E-1,1.00000000,296.000000,22.8500061,440.213013,1398.88232,-1000.00000,0.00000000,0.00000000,0.154875413,0.119999997,294.271667,0.712418258E-1,0.00000000
2,1,mixed_cover_forest,3,180.000000,1,F,F,1,1,T,16,24,0.500000000,28,19,1,1004.50000,0.285714298,9.81000042,2500000.00,0.567051011E-7,0.399999991E-1,15,4,1.00000000,0.00000000,290.000000,10.0000000,90.0000000,85.0000000,0.00000000,0.00000000,308.000000,320.000000,0.140000004E-1,0.130000003E-1,13.0000000,0.140000001,60.0000000,98000.0000,298.000000,0.800000038E-2,0.00000000,1.17999995,0.00000000,0.00000000,0.00000000,0.109999999,0.550000012,0.140000001,0.930000007,5.50000000,0.256716430,0.00000000,0.00000000,0.800000012,297.000000,0.00000000,0.00000000,0.00000000,7.50000000,2.00000000,1.00000000,4.00000000,0.00000000,3.25000000,0.250000000,0.460000010E-2,0.799999980E-4,0.00000000,0.00000000,0.00000000,1.00000000,296.000000,0.00000000,0.00000000,0.00000000,0.00000000,0.00000000,0.500000000,0.119999997,0.119999997,295.000000,0.00000000,0.00000000,0.00000000,0.00000000,0.00000000,0.100212693,0.550000012,0.140000001,0.939999998,5.50000000,0.225136146,0.108943861E-1,0.254662424,0.254662424,291.099060,-89.6292572,0.631707153E-4,157.926788,7.52274132,0.00000000,0.00000000,0.00000000,206.688217,3.25000000,0.00000000,0.914314762E-2,0.00000000,0.00000000,0.906030834E-2,0.130529208E-1,1.00000000,296.000000,22.8500061,440.213013,1398.88232,-1000.00000,0.00000000,0.00000000,0.154875442,0.119999997,294.974640,0.712418258E-1,0.00000000
2,1,mixed_cover_forest,4,180.000000,1,F,F,1,1,T,16,24,0.500000000,28,19,1,1004.50000,0.285714298,9.81000042,2500000.00,0.567051011E-7,0.100000001,15,4,1.00000000,0.00000000,290.000000,10.0000000,90.0000000,85.0000000,0.00000000,0.00000000,308.000000,320.000000,0.140000004E-1,0.130000003E-1,13.0000000,0.140000001,60.0000000,98000.0000,298.000000,0.800000038E-2,0.00000000,1.17999995,0.00000000,0.00000000,0.00000000,0.109999999,0.550000012,0.140000001,0.930000007,5.50000000,0.256716430,0.00000000,0.00000000,0.800000012,297.000000,0.00000000,0.00000000,0.00000000,7.50000000,2.00000000,1.00000000,4.00000000,0.00000000,3.25000000,0.250000000,0.460000010E-2,0.799999980E-4,0.00000000,0.00000000,0.00000000,1.00000000,296.000000,0.00000000,0.00000000,0.00000000,0.00000000,0.00000000,0.500000000,0.119999997,0.119999997,295.000000,0.00000000,0.00000000,0.00000000,0.00000000,0.00000000,0.100212693,0.550000012,0.140000001,0.939999998,5.50000000,0.225136146,0.108943861E-1,0.254662424,0.254662424,291.099060,-89.6292572,0.631707153E-4,157.926788,7.52274132,0.00000000,0.00000000,0.00000000,206.688217,3.25000000,0.00000000,0.914314762E-2,0.00000000,0.00000000,0.906030834E-2,0.130529208E-1,1.00000000,296.000000,22.8500061,440.213013,1398.88232,-1000.00000,0.00000000,0.00000000,0.154875457,0.119999997,294.999878,0.712418258E-1,0.00000000
2,1,mixed_cover_forest,5,180.000000,1,F,F,1,1,T,16,24,0.500000000,28,19,1,1004.50000,0.285714298,9.81000042,2500000.00,0.567051011E-7,0.300000012,15,4,1.00000000,0.00000000,290.000000,10.0000000,90.0000000,85.0000000,0.00000000,0.00000000,308.000000,320.000000,0.140000004E-1,0.130000003E-1,13.0000000,0.140000001,60.0000000,98000.0000,298.000000,0.800000038E-2,0.00000000,1.17999995,0.00000000,0.00000000,0.00000000,0.109999999,0.550000012,0.140000001,0.930000007,5.50000000,0.256716430,0.00000000,0.00000000,0.800000012,297.000000,0.00000000,0.00000000,0.00000000,7.50000000,2.00000000,1.00000000,4.00000000,0.00000000,3.25000000,0.250000000,0.460000010E-2,0.799999980E-4,0.00000000,0.00000000,0.00000000,1.00000000,296.000000,0.00000000,0.00000000,0.00000000,0.00000000,0.00000000,0.500000000,0.119999997,0.119999997,295.000000,0.00000000,0.00000000,0.00000000,0.00000000,0.00000000,0.100212693,0.550000012,0.140000001,0.939999998,5.50000000,0.225136146,0.108943861E-1,0.254662424,0.254662424,291.099060,-89.6292572,0.631707153E-4,157.926788,7.52274132,0.00000000,0.00000000,0.00000000,206.688217,3.25000000,0.00000000,0.914314762E-2,0.00000000,0.00000000,0.906030834E-2,0.130529208E-1,1.00000000,296.000000,22.8500061,440.213013,1398.88232,-1000.00000,0.00000000,0.00000000,0.154875457,0.119999997,295.000031,0.712418258E-1,0.00000000
2,1,mixed_cover_forest,6,180.000000,1,F,F,1,1,T,16,24,0.500000000,28,19,1,1004.50000,0.285714298,9.81000042,2500000.00,0.567051011E-7,0.600000024,15,4,1.00000000,0.00000000,290.000000,10.0000000,90.0000000,85.0000000,0.00000000,0.00000000,308.000000,320.000000,0.140000004E-1,0.130000003E-1,13.0000000,0.140000001,60.0000000,98000.0000,298.000000,0.800000038E-2,0.00000000,1.17999995,0.00000000,0.00000000,0.00000000,0.109999999,0.550000012,0.140000001,0.930000007,5.50000000,0.256716430,0.00000000,0.00000000,0.800000012,297.000000,0.00000000,0.00000000,0.00000000,7.50000000,2.00000000,1.00000000,4.00000000,0.00000000,3.25000000,0.250000000,0.460000010E-2,0.799999980E-4,0.00000000,0.00000000,0.00000000,1.00000000,296.000000,0.00000000,0.00000000,0.00000000,0.00000000,0.00000000,0.500000000,0.119999997,0.119999997,295.000000,0.00000000,0.00000000,0.00000000,0.00000000,0.00000000,0.100212693,0.550000012,0.140000001,0.939999998,5.50000000,0.225136146,0.108943861E-1,0.254662424,0.254662424,291.099060,-89.6292572,0.631707153E-4,157.926788,7.52274132,0.00000000,0.00000000,0.00000000,206.688217,3.25000000,0.00000000,0.914314762E-2,0.00000000,0.00000000,0.906030834E-2,0.130529208E-1,1.00000000,296.000000,22.8500061,440.213013,1398.88232,-1000.00000,0.00000000,0.00000000,0.154875457,0.119999997,294.999969,0.712418258E-1,0.00000000
2,1,mixed_cover_forest,7,180.000000,1,F,F,1,1,T,16,24,0.500000000,28,19,1,1004.50000,0.285714298,9.81000042,2500000.00,0.567051011E-7,1.00000000,15,4,1.00000000,0.00000000,290.000000,10.0000000,90.0000000,85.0000000,0.00000000,0.00000000,308.000000,320.000000,0.140000004E-1,0.130000003E-1,13.0000000,0.140000001,60.0000000,98000.0000,298.000000,0.800000038E-2,0.00000000,1.17999995,0.00000000,0.00000000,0.00000000,0.109999999,0.550000012,0.140000001,0.930000007,5.50000000,0.256716430,0.00000000,0.00000000,0.800000012,297.000000,0.00000000,0.00000000,0.00000000,7.50000000,2.00000000,1.00000000,4.00000000,0.00000000,3.25000000,0.250000000,0.460000010E-2,0.799999980E-4,0.00000000,0.00000000,0.00000000,1.00000000,296.000000,0.00000000,0.00000000,0.00000000,0.00000000,0.00000000,0.500000000,0.119999997,0.119999997,295.000000,0.00000000,0.00000000,0.00000000,0.00000000,0.00000000,0.100212693,0.550000012,0.140000001,0.939999998,5.50000000,0.225136146,0.108943861E-1,0.254662424,0.254662424,291.099060,-89.6292572,0.631707153E-4,157.926788,7.52274132,0.00000000,0.00000000,0.00000000,206.688217,3.25000000,0.00000000,0.914314762E-2,0.00000000,0.00000000,0.906030834E-2,0.130529208E-1,1.00000000,296.000000,22.8500061,440.213013,1398.88232,-1000.00000,0.00000000,0.00000000,0.154875457,0.119999997,295.000000,0.712418258E-1,0.00000000
2,1,mixed_cover_forest,8,180.000000,1,F,F,1,1,T,16,24,0.500000000,28,19,1,1004.50000,0.285714298,9.81000042,2500000.00,0.567051011E-7,1.60000002,15,4,1.00000000,0.00000000,290.000000,10.0000000,90.0000000,85.0000000,0.00000000,0.00000000,308.000000,320.000000,0.140000004E-1,0.130000003E-1,13.0000000,0.140000001,60.0000000,98000.0000,298.000000,0.800000038E-2,0.00000000,1.17999995,0.00000000,0.00000000,0.00000000,0.109999999,0.550000012,0.140000001,0.930000007,5.50000000,0.256716430,0.00000000,0.00000000,0.800000012,297.000000,0.00000000,0.00000000,0.00000000,7.50000000,2.00000000,1.00000000,4.00000000,0.00000000,3.25000000,0.250000000,0.460000010E-2,0.799999980E-4,0.00000000,0.00000000,0.00000000,1.00000000,296.000000,0.00000000,0.00000000,0.00000000,0.00000000,0.00000000,0.500000000,0.119999997,0.119999997,295.000000,0.00000000,0.00000000,0.00000000,0.00000000,0.00000000,0.100212693,0.550000012,0.140000001,0.939999998,5.50000000,0.225136146,0.108943861E-1,0.254662424,0.254662424,291.099060,-89.6292572,0.631707153E-4,157.926788,7.52274132,0.00000000,0.00000000,0.00000000,206.688217,3.25000000,0.00000000,0.914314762E-2,0.00000000,0.00000000,0.906030834E-2,0.130529208E-1,1.00000000,296.000000,22.8500061,440.213013,1398.88232,-1000.00000,0.00000000,0.00000000,0.154875457,0.119999997,295.000000,0.712418258E-1,0.00000000
2,1,mixed_cover_forest,9,180.000000,1,F,F,1,1,T,16,24,0.500000000,28,19,1,1004.50000,0.285714298,9.81000042,2500000.00,0.567051011E-7,3.00000000,15,4,1.00000000,0.00000000,290.000000,10.0000000,90.0000000,85.0000000,0.00000000,0.00000000,308.000000,320.000000,0.140000004E-1,0.130000003E-1,13.0000000,0.140000001,60.0000000,98000.0000,298.000000,0.800000038E-2,0.00000000,1.17999995,0.00000000,0.00000000,0.00000000,0.109999999,0.550000012,0.140000001,0.930000007,5.50000000,0.256716430,0.00000000,0.00000000,0.800000012,297.000000,0.00000000,0.00000000,0.00000000,7.50000000,2.00000000,1.00000000,4.00000000,0.00000000,3.25000000,0.250000000,0.460000010E-2,0.799999980E-4,0.00000000,0.00000000,0.00000000,1.00000000,296.000000,0.00000000,0.00000000,0.00000000,0.00000000,0.00000000,0.500000000,0.119999997,0.119999997,295.000000,0.00000000,0.00000000,0.00000000,0.00000000,0.00000000,0.100212693,0.550000012,0.140000001,0.939999998,5.50000000,0.225136146,0.108943861E-1,0.254662424,0.254662424,291.099060,-89.6292572,0.631707153E-4,157.926788,7.52274132,0.00000000,0.00000000,0.00000000,206.688217,3.25000000,0.00000000,0.914314762E-2,0.00000000,0.00000000,0.906030834E-2,0.130529208E-1,1.00000000,296.000000,22.8500061,440.213013,1398.88232,-1000.00000,0.00000000,0.00000000,0.119999997,0.119999997,290.000000,0.712418258E-1,0.00000000
2,1,mixed_cover_savanna,1,180.000000,1,F,F,1,1,T,16,24,0.500000000,28,19,1,1004.50000,0.285714298,9.81000042,2500000.00,0.567051011E-7,0.00000000,17,4,1.00000000,0.00000000,290.000000,10.0000000,90.0000000,85.0000000,0.00000000,0.00000000,362.000000,460.000000,0.170000009E-1,0.160000008E-1,16.0000000,0.140000001,60.0000000,98000.0000,298.000000,0.800000038E-2,0.399999990E-4,1.17999995,0.00000000,0.00000000,0.00000000,0.219999999,0.589999974,0.140000001,0.949999988,5.71999979,0.256716430,0.00000000,0.00000000,0.200000003,297.000000,0.00000000,0.00000000,0.00000000,7.50000000,2.00000000,1.00000000,4.00000000,0.00000000,3.25000000,0.250000000,0.00000000,0.600000028E-3,0.00000000,0.00000000,0.00000000,1.00000000,296.000000,0.00000000,0.00000000,0.00000000,0.00000000,0.00000000,0.500000000,0.119999997,0.119999997,295.000000,0.00000000,0.00000000,0.00000000,0.00000000,0.00000000,0.206334546,0.589999974,0.140000001,0.949999988,5.71999979,0.224709615,0.134084746E-1,0.254662424,0.254662424,291.907898,-97.3834915,0.883848697E-4,220.962173,7.53181839,0.00000000,0.00000000,0.00000000,163.831619,3.25000000,0.00000000,0.929684099E-2,0.00000000,0.00000000,0.921120495E-2,0.137322722E-1,1.00000000,296.000000,22.8500061,387.899628,1398.88232,-1000.00000,0.00000000,0.00000000,0.154732808,0.119999997,291.907898,0.712418258E-1,0.00000000
2,1,mixed_cover_savanna,2,180.000000,1,F,F,1,1,T,16,24,0.500000000,28,19,1,1004.50000,0.285714298,9.81000042,2500000.00,0.567051011E-7,0.999999978E-2,17,4,1.00000000,0.00000000,290.000000,10.0000000,90.0000000,85.0000000,0.00000000,0.00000000,362.000000,460.000000,0.170000009E-1,0.160000008E-1,16.0000000,0.140000001,60.0000000,98000.0000,298.000000,0.800000038E-2,0.399999990E-4,1.17999995,0.00000000,0.00000000,0.00000000,0.219999999,0.589999974,0.140000001,0.949999988,5.71999979,0.256716430,0.00000000,0.00000000,0.200000003,297.000000,0.00000000,0.00000000,0.00000000,7.50000000,2.00000000,1.00000000,4.00000000,0.00000000,3.25000000,0.250000000,0.00000000,0.600000028E-3,0.00000000,0.00000000,0.00000000,1.00000000,296.000000,0.00000000,0.00000000,0.00000000,0.00000000,0.00000000,0.500000000,0.119999997,0.119999997,295.000000,0.00000000,0.00000000,0.00000000,0.00000000,0.00000000,0.206334546,0.589999974,0.140000001,0.949999988,5.71999979,0.224709615,0.134084746E-1,0.254662424,0.254662424,291.907898,-97.3834915,0.883848697E-4,220.962173,7.53181839,0.00000000,0.00000000,0.00000000,163.831619,3.25000000,0.00000000,0.929684099E-2,0.00000000,0.00000000,0.921120495E-2,0.137322722E-1,1.00000000,296.000000,22.8500061,387.899628,1398.88232,-1000.00000,0.00000000,0.00000000,0.154875278,0.119999997,294.422668,0.712418258E-1,0.00000000
2,1,mixed_cover_savanna,3,180.000000,1,F,F,1,1,T,16,24,0.500000000,28,19,1,1004.50000,0.285714298,9.81000042,2500000.00,0.567051011E-7,0.399999991E-1,17,4,1.00000000,0.00000000,290.000000,10.0000000,90.0000000,85.0000000,0.00000000,0.00000000,362.000000,460.000000,0.170000009E-1,0.160000008E-1,16.0000000,0.140000001,60.0000000,98000.0000,298.000000,0.800000038E-2,0.399999990E-4,1.17999995,0.00000000,0.00000000,0.00000000,0.219999999,0.589999974,0.140000001,0.949999988,5.71999979,0.256716430,0.00000000,0.00000000,0.200000003,297.000000,0.00000000,0.00000000,0.00000000,7.50000000,2.00000000,1.00000000,4.00000000,0.00000000,3.25000000,0.250000000,0.00000000,0.600000028E-3,0.00000000,0.00000000,0.00000000,1.00000000,296.000000,0.00000000,0.00000000,0.00000000,0.00000000,0.00000000,0.500000000,0.119999997,0.119999997,295.000000,0.00000000,0.00000000,0.00000000,0.00000000,0.00000000,0.206334546,0.589999974,0.140000001,0.949999988,5.71999979,0.224709615,0.134084746E-1,0.254662424,0.254662424,291.907898,-97.3834915,0.883848697E-4,220.962173,7.53181839,0.00000000,0.00000000,0.00000000,163.831619,3.25000000,0.00000000,0.929684099E-2,0.00000000,0.00000000,0.921120495E-2,0.137322722E-1,1.00000000,296.000000,22.8500061,387.899628,1398.88232,-1000.00000,0.00000000,0.00000000,0.154875398,0.119999997,294.979889,0.712418258E-1,0.00000000
2,1,mixed_cover_savanna,4,180.000000,1,F,F,1,1,T,16,24,0.500000000,28,19,1,1004.50000,0.285714298,9.81000042,2500000.00,0.567051011E-7,0.100000001,17,4,1.00000000,0.00000000,290.000000,10.0000000,90.0000000,85.0000000,0.00000000,0.00000000,362.000000,460.000000,0.170000009E-1,0.160000008E-1,16.0000000,0.140000001,60.0000000,98000.0000,298.000000,0.800000038E-2,0.399999990E-4,1.17999995,0.00000000,0.00000000,0.00000000,0.219999999,0.589999974,0.140000001,0.949999988,5.71999979,0.256716430,0.00000000,0.00000000,0.200000003,297.000000,0.00000000,0.00000000,0.00000000,7.50000000,2.00000000,1.00000000,4.00000000,0.00000000,3.25000000,0.250000000,0.00000000,0.600000028E-3,0.00000000,0.00000000,0.00000000,1.00000000,296.000000,0.00000000,0.00000000,0.00000000,0.00000000,0.00000000,0.500000000,0.119999997,0.119999997,295.000000,0.00000000,0.00000000,0.00000000,0.00000000,0.00000000,0.206334546,0.589999974,0.140000001,0.949999988,5.71999979,0.224709615,0.134084746E-1,0.254662424,0.254662424,291.907898,-97.3834915,0.883848697E-4,220.962173,7.53181839,0.00000000,0.00000000,0.00000000,163.831619,3.25000000,0.00000000,0.929684099E-2,0.00000000,0.00000000,0.921120495E-2,0.137322722E-1,1.00000000,296.000000,22.8500061,387.899628,1398.88232,-1000.00000,0.00000000,0.00000000,0.154875427,0.119999997,294.999908,0.712418258E-1,0.00000000
2,1,mixed_cover_savanna,5,180.000000,1,F,F,1,1,T,16,24,0.500000000,28,19,1,1004.50000,0.285714298,9.81000042,2500000.00,0.567051011E-7,0.300000012,17,4,1.00000000,0.00000000,290.000000,10.0000000,90.0000000,85.0000000,0.00000000,0.00000000,362.000000,460.000000,0.170000009E-1,0.160000008E-1,16.0000000,0.140000001,60.0000000,98000.0000,298.000000,0.800000038E-2,0.399999990E-4,1.17999995,0.00000000,0.00000000,0.00000000,0.219999999,0.589999974,0.140000001,0.949999988,5.71999979,0.256716430,0.00000000,0.00000000,0.200000003,297.000000,0.00000000,0.00000000,0.00000000,7.50000000,2.00000000,1.00000000,4.00000000,0.00000000,3.25000000,0.250000000,0.00000000,0.600000028E-3,0.00000000,0.00000000,0.00000000,1.00000000,296.000000,0.00000000,0.00000000,0.00000000,0.00000000,0.00000000,0.500000000,0.119999997,0.119999997,295.000000,0.00000000,0.00000000,0.00000000,0.00000000,0.00000000,0.206334546,0.589999974,0.140000001,0.949999988,5.71999979,0.224709615,0.134084746E-1,0.254662424,0.254662424,291.907898,-97.3834915,0.883848697E-4,220.962173,7.53181839,0.00000000,0.00000000,0.00000000,163.831619,3.25000000,0.00000000,0.929684099E-2,0.00000000,0.00000000,0.921120495E-2,0.137322722E-1,1.00000000,296.000000,22.8500061,387.899628,1398.88232,-1000.00000,0.00000000,0.00000000,0.154875457,0.119999997,295.000031,0.712418258E-1,0.00000000
2,1,mixed_cover_savanna,6,180.000000,1,F,F,1,1,T,16,24,0.500000000,28,19,1,1004.50000,0.285714298,9.81000042,2500000.00,0.567051011E-7,0.600000024,17,4,1.00000000,0.00000000,290.000000,10.0000000,90.0000000,85.0000000,0.00000000,0.00000000,362.000000,460.000000,0.170000009E-1,0.160000008E-1,16.0000000,0.140000001,60.0000000,98000.0000,298.000000,0.800000038E-2,0.399999990E-4,1.17999995,0.00000000,0.00000000,0.00000000,0.219999999,0.589999974,0.140000001,0.949999988,5.71999979,0.256716430,0.00000000,0.00000000,0.200000003,297.000000,0.00000000,0.00000000,0.00000000,7.50000000,2.00000000,1.00000000,4.00000000,0.00000000,3.25000000,0.250000000,0.00000000,0.600000028E-3,0.00000000,0.00000000,0.00000000,1.00000000,296.000000,0.00000000,0.00000000,0.00000000,0.00000000,0.00000000,0.500000000,0.119999997,0.119999997,295.000000,0.00000000,0.00000000,0.00000000,0.00000000,0.00000000,0.206334546,0.589999974,0.140000001,0.949999988,5.71999979,0.224709615,0.134084746E-1,0.254662424,0.254662424,291.907898,-97.3834915,0.883848697E-4,220.962173,7.53181839,0.00000000,0.00000000,0.00000000,163.831619,3.25000000,0.00000000,0.929684099E-2,0.00000000,0.00000000,0.921120495E-2,0.137322722E-1,1.00000000,296.000000,22.8500061,387.899628,1398.88232,-1000.00000,0.00000000,0.00000000,0.154875457,0.119999997,294.999969,0.712418258E-1,0.00000000
2,1,mixed_cover_savanna,7,180.000000,1,F,F,1,1,T,16,24,0.500000000,28,19,1,1004.50000,0.285714298,9.81000042,2500000.00,0.567051011E-7,1.00000000,17,4,1.00000000,0.00000000,290.000000,10.0000000,90.0000000,85.0000000,0.00000000,0.00000000,362.000000,460.000000,0.170000009E-1,0.160000008E-1,16.0000000,0.140000001,60.0000000,98000.0000,298.000000,0.800000038E-2,0.399999990E-4,1.17999995,0.00000000,0.00000000,0.00000000,0.219999999,0.589999974,0.140000001,0.949999988,5.71999979,0.256716430,0.00000000,0.00000000,0.200000003,297.000000,0.00000000,0.00000000,0.00000000,7.50000000,2.00000000,1.00000000,4.00000000,0.00000000,3.25000000,0.250000000,0.00000000,0.600000028E-3,0.00000000,0.00000000,0.00000000,1.00000000,296.000000,0.00000000,0.00000000,0.00000000,0.00000000,0.00000000,0.500000000,0.119999997,0.119999997,295.000000,0.00000000,0.00000000,0.00000000,0.00000000,0.00000000,0.206334546,0.589999974,0.140000001,0.949999988,5.71999979,0.224709615,0.134084746E-1,0.254662424,0.254662424,291.907898,-97.3834915,0.883848697E-4,220.962173,7.53181839,0.00000000,0.00000000,0.00000000,163.831619,3.25000000,0.00000000,0.929684099E-2,0.00000000,0.00000000,0.921120495E-2,0.137322722E-1,1.00000000,296.000000,22.8500061,387.899628,1398.88232,-1000.00000,0.00000000,0.00000000,0.119999997,0.119999997,295.000000,0.712418258E-1,0.00000000
2,1,mixed_cover_savanna,8,180.000000,1,F,F,1,1,T,16,24,0.500000000,28,19,1,1004.50000,0.285714298,9.81000042,2500000.00,0.567051011E-7,1.60000002,17,4,1.00000000,0.00000000,290.000000,10.0000000,90.0000000,85.0000000,0.00000000,0.00000000,362.000000,460.000000,0.170000009E-1,0.160000008E-1,16.0000000,0.140000001,60.0000000,98000.0000,298.000000,0.800000038E-2,0.399999990E-4,1.17999995,0.00000000,0.00000000,0.00000000,0.219999999,0.589999974,0.140000001,0.949999988,5.71999979,0.256716430,0.00000000,0.00000000,0.200000003,297.000000,0.00000000,0.00000000,0.00000000,7.50000000,2.00000000,1.00000000,4.00000000,0.00000000,3.25000000,0.250000000,0.00000000,0.600000028E-3,0.00000000,0.00000000,0.00000000,1.00000000,296.000000,0.00000000,0.00000000,0.00000000,0.00000000,0.00000000,0.500000000,0.119999997,0.119999997,295.000000,0.00000000,0.00000000,0.00000000,0.00000000,0.00000000,0.206334546,0.589999974,0.140000001,0.949999988,5.71999979,0.224709615,0.134084746E-1,0.254662424,0.254662424,291.907898,-97.3834915,0.883848697E-4,220.962173,7.53181839,0.00000000,0.00000000,0.00000000,163.831619,3.25000000,0.00000000,0.929684099E-2,0.00000000,0.00000000,0.921120495E-2,0.137322722E-1,1.00000000,296.000000,22.8500061,387.899628,1398.88232,-1000.00000,0.00000000,0.00000000,0.119999997,0.119999997,295.000000,0.712418258E-1,0.00000000
2,1,mixed_cover_savanna,9,180.000000,1,F,F,1,1,T,16,24,0.500000000,28,19,1,1004.50000,0.285714298,9.81000042,2500000.00,0.567051011E-7,3.00000000,17,4,1.00000000,0.00000000,290.000000,10.0000000,90.0000000,85.0000000,0.00000000,0.00000000,362.000000,460.000000,0.170000009E-1,0.160000008E-1,16.0000000,0.140000001,60.0000000,98000.0000,298.000000,0.800000038E-2,0.399999990E-4,1.17999995,0.00000000,0.00000000,0.00000000,0.219999999,0.589999974,0.140000001,0.949999988,5.71999979,0.256716430,0.00000000,0.00000000,0.200000003,297.000000,0.00000000,0.00000000,0.00000000,7.50000000,2.00000000,1.00000000,4.00000000,0.00000000,3.25000000,0.250000000,0.00000000,0.600000028E-3,0.00000000,0.00000000,0.00000000,1.00000000,296.000000,0.00000000,0.00000000,0.00000000,0.00000000,0.00000000,0.500000000,0.119999997,0.119999997,295.000000,0.00000000,0.00000000,0.00000000,0.00000000,0.00000000,0.206334546,0.589999974,0.140000001,0.949999988,5.71999979,0.224709615,0.134084746E-1,0.254662424,0.254662424,291.907898,-97.3834915,0.883848697E-4,220.962173,7.53181839,0.00000000,0.00000000,0.00000000,163.831619,3.25000000,0.00000000,0.929684099E-2,0.00000000,0.00000000,0.921120495E-2,0.137322722E-1,1.00000000,296.000000,22.8500061,387.899628,1398.88232,-1000.00000,0.00000000,0.00000000,0.119999997,0.119999997,290.000000,0.712418258E-1,0.00000000
2,1,mixed_cover_shrub,1,180.000000,1,F,F,1,1,T,16,24,0.500000000,28,19,1,1004.50000,0.285714298,9.81000042,2500000.00,0.567051011E-7,0.00000000,22,4,1.00000000,0.00000000,290.000000,10.0000000,90.0000000,85.0000000,0.00000000,0.00000000,238.000000,195.000000,0.600000005E-2,0.499999989E-2,5.00000000,0.150000006,60.0000000,98000.0000,298.000000,0.800000038E-2,0.00000000,1.17999995,0.00000000,0.00000000,0.00000000,0.999999978E-2,0.649999976,0.150000006,0.920000017,3.34999990,0.256716430,0.00000000,0.00000000,0.100000001,297.000000,0.00000000,0.00000000,0.00000000,7.50000000,2.00000000,1.00000000,4.00000000,0.00000000,3.25000000,0.250000000,0.179999997E-2,0.00000000,0.00000000,0.00000000,0.00000000,1.00000000,296.000000,0.00000000,0.00000000,0.00000000,0.00000000,0.00000000,0.500000000,0.119999997,0.119999997,295.000000,0.00000000,0.00000000,0.00000000,0.00000000,0.00000000,0.894859154E-2,0.649999976,0.150000006,0.920000017,3.34999990,0.226024687,0.419014832E-2,0.254662424,0.254662424,287.678375,-51.5603943,0.754333996E-5,18.8583508,7.50271606,0.00000000,0.00000000,0.00000000,387.930084,3.25000000,0.00000000,0.856442936E-2,0.00000000,0.00000000,0.849170238E-2,0.104948767E-1,1.00000000,296.000000,22.8500061,387.900238,1398.88232,-1000.00000,0.00000000,0.00000000,0.154855803,0.119999997,287.678375,0.712418258E-1,0.00000000
2,1,mixed_cover_shrub,2,180.000000,1,F,F,1,1,T,16,24,0.500000000,28,19,1,1004.50000,0.285714298,9.81000042,2500000.00,0.567051011E-7,0.999999978E-2,22,4,1.00000000,0.00000000,290.000000,10.0000000,90.0000000,85.0000000,0.00000000,0.00000000,238.000000,195.000000,0.600000005E-2,0.499999989E-2,5.00000000,0.150000006,60.0000000,98000.0000,298.000000,0.800000038E-2,0.00000000,1.17999995,0.00000000,0.00000000,0.00000000,0.999999978E-2,0.649999976,0.150000006,0.920000017,3.34999990,0.256716430,0.00000000,0.00000000,0.100000001,297.000000,0.00000000,0.00000000,0.00000000,7.50000000,2.00000000,1.00000000,4.00000000,0.00000000,3.25000000,0.250000000,0.179999997E-2,0.00000000,0.00000000,0.00000000,0.00000000,1.00000000,296.000000,0.00000000,0.00000000,0.00000000,0.00000000,0.00000000,0.500000000,0.119999997,0.119999997,295.000000,0.00000000,0.00000000,0.00000000,0.00000000,0.00000000,0.894859154E-2,0.649999976,0.150000006,0.920000017,3.34999990,0.226024687,0.419014832E-2,0.254662424,0.254662424,287.678375,-51.5603943,0.754333996E-5,18.8583508,7.50271606,0.00000000,0.00000000,0.00000000,387.930084,3.25000000,0.00000000,0.856442936E-2,0.00000000,0.00000000,0.849170238E-2,0.104948767E-1,1.00000000,296.000000,22.8500061,387.900238,1398.88232,-1000.00000,0.00000000,0.00000000,0.154875427,0.119999997,293.632996,0.712418258E-1,0.00000000
2,1,mixed_cover_shrub,3,180.000000,1,F,F,1,1,T,16,24,0.500000000,28,19,1,1004.50000,0.285714298,9.81000042,2500000.00,0.567051011E-7,0.399999991E-1,22,4,1.00000000,0.00000000,290.000000,10.0000000,90.0000000,85.0000000,0.00000000,0.00000000,238.000000,195.000000,0.600000005E-2,0.499999989E-2,5.00000000,0.150000006,60.0000000,98000.0000,298.000000,0.800000038E-2,0.00000000,1.17999995,0.00000000,0.00000000,0.00000000,0.999999978E-2,0.649999976,0.150000006,0.920000017,3.34999990,0.256716430,0.00000000,0.00000000,0.100000001,297.000000,0.00000000,0.00000000,0.00000000,7.50000000,2.00000000,1.00000000,4.00000000,0.00000000,3.25000000,0.250000000,0.179999997E-2,0.00000000,0.00000000,0.00000000,0.00000000,1.00000000,296.000000,0.00000000,0.00000000,0.00000000,0.00000000,0.00000000,0.500000000,0.119999997,0.119999997,295.000000,0.00000000,0.00000000,0.00000000,0.00000000,0.00000000,0.894859154E-2,0.649999976,0.150000006,0.920000017,3.34999990,0.226024687,0.419014832E-2,0.254662424,0.254662424,287.678375,-51.5603943,0.754333996E-5,18.8583508,7.50271606,0.00000000,0.00000000,0.00000000,387.930084,3.25000000,0.00000000,0.856442936E-2,0.00000000,0.00000000,0.849170238E-2,0.104948767E-1,1.00000000,296.000000,22.8500061,387.900238,1398.88232,-1000.00000,0.00000000,0.00000000,0.154875457,0.119999997,294.952393,0.712418258E-1,0.00000000
2,1,mixed_cover_shrub,4,180.000000,1,F,F,1,1,T,16,24,0.500000000,28,19,1,1004.50000,0.285714298,9.81000042,2500000.00,0.567051011E-7,0.100000001,22,4,1.00000000,0.00000000,290.000000,10.0000000,90.0000000,85.0000000,0.00000000,0.00000000,238.000000,195.000000,0.600000005E-2,0.499999989E-2,5.00000000,0.150000006,60.0000000,98000.0000,298.000000,0.800000038E-2,0.00000000,1.17999995,0.00000000,0.00000000,0.00000000,0.999999978E-2,0.649999976,0.150000006,0.920000017,3.34999990,0.256716430,0.00000000,0.00000000,0.100000001,297.000000,0.00000000,0.00000000,0.00000000,7.50000000,2.00000000,1.00000000,4.00000000,0.00000000,3.25000000,0.250000000,0.179999997E-2,0.00000000,0.00000000,0.00000000,0.00000000,1.00000000,296.000000,0.00000000,0.00000000,0.00000000,0.00000000,0.00000000,0.500000000,0.119999997,0.119999997,295.000000,0.00000000,0.00000000,0.00000000,0.00000000,0.00000000,0.894859154E-2,0.649999976,0.150000006,0.920000017,3.34999990,0.226024687,0.419014832E-2,0.254662424,0.254662424,287.678375,-51.5603943,0.754333996E-5,18.8583508,7.50271606,0.00000000,0.00000000,0.00000000,387.930084,3.25000000,0.00000000,0.856442936E-2,0.00000000,0.00000000,0.849170238E-2,0.104948767E-1,1.00000000,296.000000,22.8500061,387.900238,1398.88232,-1000.00000,0.00000000,0.00000000,0.154875457,0.119999997,294.999725,0.712418258E-1,0.00000000
2,1,mixed_cover_shrub,5,180.000000,1,F,F,1,1,T,16,24,0.500000000,28,19,1,1004.50000,0.285714298,9.81000042,2500000.00,0.567051011E-7,0.300000012,22,4,1.00000000,0.00000000,290.000000,10.0000000,90.0000000,85.0000000,0.00000000,0.00000000,238.000000,195.000000,0.600000005E-2,0.499999989E-2,5.00000000,0.150000006,60.0000000,98000.0000,298.000000,0.800000038E-2,0.00000000,1.17999995,0.00000000,0.00000000,0.00000000,0.999999978E-2,0.649999976,0.150000006,0.920000017,3.34999990,0.256716430,0.00000000,0.00000000,0.100000001,297.000000,0.00000000,0.00000000,0.00000000,7.50000000,2.00000000,1.00000000,4.00000000,0.00000000,3.25000000,0.250000000,0.179999997E-2,0.00000000,0.00000000,0.00000000,0.00000000,1.00000000,296.000000,0.00000000,0.00000000,0.00000000,0.00000000,0.00000000,0.500000000,0.119999997,0.119999997,295.000000,0.00000000,0.00000000,0.00000000,0.00000000,0.00000000,0.894859154E-2,0.649999976,0.150000006,0.920000017,3.34999990,0.226024687,0.419014832E-2,0.254662424,0.254662424,287.678375,-51.5603943,0.754333996E-5,18.8583508,7.50271606,0.00000000,0.00000000,0.00000000,387.930084,3.25000000,0.00000000,0.856442936E-2,0.00000000,0.00000000,0.849170238E-2,0.104948767E-1,1.00000000,296.000000,22.8500061,387.900238,1398.88232,-1000.00000,0.00000000,0.00000000,0.154875457,0.119999997,295.000031,0.712418258E-1,0.00000000
2,1,mixed_cover_shrub,6,180.000000,1,F,F,1,1,T,16,24,0.500000000,28,19,1,1004.50000,0.285714298,9.81000042,2500000.00,0.567051011E-7,0.600000024,22,4,1.00000000,0.00000000,290.000000,10.0000000,90.0000000,85.0000000,0.00000000,0.00000000,238.000000,195.000000,0.600000005E-2,0.499999989E-2,5.00000000,0.150000006,60.0000000,98000.0000,298.000000,0.800000038E-2,0.00000000,1.17999995,0.00000000,0.00000000,0.00000000,0.999999978E-2,0.649999976,0.150000006,0.920000017,3.34999990,0.256716430,0.00000000,0.00000000,0.100000001,297.000000,0.00000000,0.00000000,0.00000000,7.50000000,2.00000000,1.00000000,4.00000000,0.00000000,3.25000000,0.250000000,0.179999997E-2,0.00000000,0.00000000,0.00000000,0.00000000,1.00000000,296.000000,0.00000000,0.00000000,0.00000000,0.00000000,0.00000000,0.500000000,0.119999997,0.119999997,295.000000,0.00000000,0.00000000,0.00000000,0.00000000,0.00000000,0.894859154E-2,0.649999976,0.150000006,0.920000017,3.34999990,0.226024687,0.419014832E-2,0.254662424,0.254662424,287.678375,-51.5603943,0.754333996E-5,18.8583508,7.50271606,0.00000000,0.00000000,0.00000000,387.930084,3.25000000,0.00000000,0.856442936E-2,0.00000000,0.00000000,0.849170238E-2,0.104948767E-1,1.00000000,296.000000,22.8500061,387.900238,1398.88232,-1000.00000,0.00000000,0.00000000,0.154875457,0.119999997,294.999969,0.712418258E-1,0.00000000
2,1,mixed_cover_shrub,7,180.000000,1,F,F,1,1,T,16,24,0.500000000,28,19,1,1004.50000,0.285714298,9.81000042,2500000.00,0.567051011E-7,1.00000000,22,4,1.00000000,0.00000000,290.000000,10.0000000,90.0000000,85.0000000,0.00000000,0.00000000,238.000000,195.000000,0.600000005E-2,0.499999989E-2,5.00000000,0.150000006,60.0000000,98000.0000,298.000000,0.800000038E-2,0.00000000,1.17999995,0.00000000,0.00000000,0.00000000,0.999999978E-2,0.649999976,0.150000006,0.920000017,3.34999990,0.256716430,0.00000000,0.00000000,0.100000001,297.000000,0.00000000,0.00000000,0.00000000,7.50000000,2.00000000,1.00000000,4.00000000,0.00000000,3.25000000,0.250000000,0.179999997E-2,0.00000000,0.00000000,0.00000000,0.00000000,1.00000000,296.000000,0.00000000,0.00000000,0.00000000,0.00000000,0.00000000,0.500000000,0.119999997,0.119999997,295.000000,0.00000000,0.00000000,0.00000000,0.00000000,0.00000000,0.894859154E-2,0.649999976,0.150000006,0.920000017,3.34999990,0.226024687,0.419014832E-2,0.254662424,0.254662424,287.678375,-51.5603943,0.754333996E-5,18.8583508,7.50271606,0.00000000,0.00000000,0.00000000,387.930084,3.25000000,0.00000000,0.856442936E-2,0.00000000,0.00000000,0.849170238E-2,0.104948767E-1,1.00000000,296.000000,22.8500061,387.900238,1398.88232,-1000.00000,0.00000000,0.00000000,0.119999997,0.119999997,295.000000,0.712418258E-1,0.00000000
2,1,mixed_cover_shrub,8,180.000000,1,F,F,1,1,T,16,24,0.500000000,28,19,1,1004.50000,0.285714298,9.81000042,2500000.00,0.567051011E-7,1.60000002,22,4,1.00000000,0.00000000,290.000000,10.0000000,90.0000000,85.0000000,0.00000000,0.00000000,238.000000,195.000000,0.600000005E-2,0.499999989E-2,5.00000000,0.150000006,60.0000000,98000.0000,298.000000,0.800000038E-2,0.00000000,1.17999995,0.00000000,0.00000000,0.00000000,0.999999978E-2,0.649999976,0.150000006,0.920000017,3.34999990,0.256716430,0.00000000,0.00000000,0.100000001,297.000000,0.00000000,0.00000000,0.00000000,7.50000000,2.00000000,1.00000000,4.00000000,0.00000000,3.25000000,0.250000000,0.179999997E-2,0.00000000,0.00000000,0.00000000,0.00000000,1.00000000,296.000000,0.00000000,0.00000000,0.00000000,0.00000000,0.00000000,0.500000000,0.119999997,0.119999997,295.000000,0.00000000,0.00000000,0.00000000,0.00000000,0.00000000,0.894859154E-2,0.649999976,0.150000006,0.920000017,3.34999990,0.226024687,0.419014832E-2,0.254662424,0.254662424,287.678375,-51.5603943,0.754333996E-5,18.8583508,7.50271606,0.00000000,0.00000000,0.00000000,387.930084,3.25000000,0.00000000,0.856442936E-2,0.00000000,0.00000000,0.849170238E-2,0.104948767E-1,1.00000000,296.000000,22.8500061,387.900238,1398.88232,-1000.00000,0.00000000,0.00000000,0.119999997,0.119999997,295.000000,0.712418258E-1,0.00000000
2,1,mixed_cover_shrub,9,180.000000,1,F,F,1,1,T,16,24,0.500000000,28,19,1,1004.50000,0.285714298,9.81000042,2500000.00,0.567051011E-7,3.00000000,22,4,1.00000000,0.00000000,290.000000,10.0000000,90.0000000,85.0000000,0.00000000,0.00000000,238.000000,195.000000,0.600000005E-2,0.499999989E-2,5.00000000,0.150000006,60.0000000,98000.0000,298.000000,0.800000038E-2,0.00000000,1.17999995,0.00000000,0.00000000,0.00000000,0.999999978E-2,0.649999976,0.150000006,0.920000017,3.34999990,0.256716430,0.00000000,0.00000000,0.100000001,297.000000,0.00000000,0.00000000,0.00000000,7.50000000,2.00000000,1.00000000,4.00000000,0.00000000,3.25000000,0.250000000,0.179999997E-2,0.00000000,0.00000000,0.00000000,0.00000000,1.00000000,296.000000,0.00000000,0.00000000,0.00000000,0.00000000,0.00000000,0.500000000,0.119999997,0.119999997,295.000000,0.00000000,0.00000000,0.00000000,0.00000000,0.00000000,0.894859154E-2,0.649999976,0.150000006,0.920000017,3.34999990,0.226024687,0.419014832E-2,0.254662424,0.254662424,287.678375,-51.5603943,0.754333996E-5,18.8583508,7.50271606,0.00000000,0.00000000,0.00000000,387.930084,3.25000000,0.00000000,0.856442936E-2,0.00000000,0.00000000,0.849170238E-2,0.104948767E-1,1.00000000,296.000000,22.8500061,387.900238,1398.88232,-1000.00000,0.00000000,0.00000000,0.119999997,0.119999997,290.000000,0.712418258E-1,0.00000000
2,2,dry_root_irrigation,1,180.000000,2,F,F,1,1,T,16,24,0.500000000,28,19,1,1004.50000,0.285714298,9.81000042,2500000.00,0.567051011E-7,0.00000000,3,4,1.00000000,0.00000000,290.000000,10.0000000,90.0000000,85.0000000,0.00000000,0.00000000,345.000000,505.000000,0.149999997E-1,0.140000004E-1,14.0000000,0.180000007,60.0000000,98000.0000,298.000000,0.800000038E-2,0.999999975E-5,1.17999995,0.00000000,0.00000000,0.00000000,0.180423602,0.639999986,0.180000007,0.920000017,5.67999983,0.224812746,0.117324153E-1,0.254662424,0.254662424,295.733734,-31.6983814,0.120450604E-3,301.126526,7.54336262,0.00000000,0.00000000,0.00000000,-38.8763123,3.25000000,0.00000000,0.101231802E-1,0.00000000,0.00000000,0.100217285E-1,0.173848420E-1,1.00000000,296.000000,22.8500061,387.899689,1398.88232,-1000.00000,0.00000000,0.00000000,0.154742450,0.119999997,295.733734,0.712418258E-1,0.00000000,0.00000000,0.00000000,0.00000000,0.159808323,0.639999986,0.180000007,0.920000017,5.67999983,0.345420152,0.117324153E-1,0.254662424,0.254662424,295.029388,-41.5501022,0.142187797E-3,355.469482,7.59455013,0.00000000,0.00000000,0.00000000,14.4359531,3.25000000,0.00000000,0.110189393E-1,0.00000000,0.00000000,0.108988453E-1,0.166546814E-1,1.00000000,296.000000,22.8500061,397.105621,1398.88232,-1000.00000,0.00000000,0.00000000,0.166022360,0.154742450,295.029388,0.109844550,0.00000000
2,2,dry_root_irrigation,2,180.000000,2,F,F,1,1,T,16,24,0.500000000,28,19,1,1004.50000,0.285714298,9.81000042,2500000.00,0.567051011E-7,0.999999978E-2,3,4,1.00000000,0.00000000,290.000000,10.0000000,90.0000000,85.0000000,0.00000000,0.00000000,345.000000,505.000000,0.149999997E-1,0.140000004E-1,14.0000000,0.180000007,60.0000000,98000.0000,298.000000,0.800000038E-2,0.999999975E-5,1.17999995,0.00000000,0.00000000,0.00000000,0.180423602,0.639999986,0.180000007,0.920000017,5.67999983,0.224812746,0.117324153E-1,0.254662424,0.254662424,295.733734,-31.6983814,0.120450604E-3,301.126526,7.54336262,0.00000000,0.00000000,0.00000000,-38.8763123,3.25000000,0.00000000,0.101231802E-1,0.00000000,0.00000000,0.100217285E-1,0.173848420E-1,1.00000000,296.000000,22.8500061,387.899689,1398.88232,-1000.00000,0.00000000,0.00000000,0.154875204,0.119999997,295.136993,0.712418258E-1,0.00000000,0.00000000,0.00000000,0.00000000,0.159808323,0.639999986,0.180000007,0.920000017,5.67999983,0.345420152,0.117324153E-1,0.254662424,0.254662424,295.029388,-41.5501022,0.142187797E-3,355.469482,7.59455013,0.00000000,0.00000000,0.00000000,14.4359531,3.25000000,0.00000000,0.110189393E-1,0.00000000,0.00000000,0.108988453E-1,0.166546814E-1,1.00000000,296.000000,22.8500061,397.105621,1398.88232,-1000.00000,0.00000000,0.00000000,0.166383564,0.154875204,295.215729,0.109992057,0.00000000
2,2,dry_root_irrigation,3,180.000000,2,F,F,1,1,T,16,24,0.500000000,28,19,1,1004.50000,0.285714298,9.81000042,2500000.00,0.567051011E-7,0.399999991E-1,3,4,1.00000000,0.00000000,290.000000,10.0000000,90.0000000,85.0000000,0.00000000,0.00000000,345.000000,505.000000,0.149999997E-1,0.140000004E-1,14.0000000,0.180000007,60.0000000,98000.0000,298.000000,0.800000038E-2,0.999999975E-5,1.17999995,0.00000000,0.00000000,0.00000000,0.180423602,0.639999986,0.180000007,0.920000017,5.67999983,0.224812746,0.117324153E-1,0.254662424,0.254662424,295.733734,-31.6983814,0.120450604E-3,301.126526,7.54336262,0.00000000,0.00000000,0.00000000,-38.8763123,3.25000000,0.00000000,0.101231802E-1,0.00000000,0.00000000,0.100217285E-1,0.173848420E-1,1.00000000,296.000000,22.8500061,387.899689,1398.88232,-1000.00000,0.00000000,0.00000000,0.154875353,0.119999997,295.004761,0.712418258E-1,0.00000000,0.00000000,0.00000000,0.00000000,0.159808323,0.639999986,0.180000007,0.920000017,5.67999983,0.345420152,0.117324153E-1,0.254662424,0.254662424,295.029388,-41.5501022,0.142187797E-3,355.469482,7.59455013,0.00000000,0.00000000,0.00000000,14.4359531,3.25000000,0.00000000,0.110189393E-1,0.00000000,0.00000000,0.108988453E-1,0.166546814E-1,1.00000000,296.000000,22.8500061,397.105621,1398.88232,-1000.00000,0.00000000,0.00000000,0.166384220,0.154875353,295.017181,0.109992221,0.00000000
2,2,dry_root_irrigation,4,180.000000,2,F,F,1,1,T,16,24,0.500000000,28,19,1,1004.50000,0.285714298,9.81000042,2500000.00,0.567051011E-7,0.100000001,3,4,1.00000000,0.00000000,290.000000,10.0000000,90.0000000,85.0000000,0.00000000,0.00000000,345.000000,505.000000,0.149999997E-1,0.140000004E-1,14.0000000,0.180000007,60.0000000,98000.0000,298.000000,0.800000038E-2,0.999999975E-5,1.17999995,0.00000000,0.00000000,0.00000000,0.180423602,0.639999986,0.180000007,0.920000017,5.67999983,0.224812746,0.117324153E-1,0.254662424,0.254662424,295.733734,-31.6983814,0.120450604E-3,301.126526,7.54336262,0.00000000,0.00000000,0.00000000,-38.8763123,3.25000000,0.00000000,0.101231802E-1,0.00000000,0.00000000,0.100217285E-1,0.173848420E-1,1.00000000,296.000000,22.8500061,387.899689,1398.88232,-1000.00000,0.00000000,0.00000000,0.154875427,0.119999997,295.000061,0.712418258E-1,0.00000000,0.00000000,0.00000000,0.00000000,0.159808323,0.639999986,0.180000007,0.920000017,5.67999983,0.345420152,0.117324153E-1,0.254662424,0.254662424,295.029388,-41.5501022,0.142187797E-3,355.469482,7.59455013,0.00000000,0.00000000,0.00000000,14.4359531,3.25000000,0.00000000,0.110189393E-1,0.00000000,0.00000000,0.108988453E-1,0.166546814E-1,1.00000000,296.000000,22.8500061,397.105621,1398.88232,-1000.00000,0.00000000,0.00000000,0.166384324,0.154875427,295.000244,0.109992303,0.00000000
2,2,dry_root_irrigation,5,180.000000,2,F,F,1,1,T,16,24,0.500000000,28,19,1,1004.50000,0.285714298,9.81000042,2500000.00,0.567051011E-7,0.300000012,3,4,1.00000000,0.00000000,290.000000,10.0000000,90.0000000,85.0000000,0.00000000,0.00000000,345.000000,505.000000,0.149999997E-1,0.140000004E-1,14.0000000,0.180000007,60.0000000,98000.0000,298.000000,0.800000038E-2,0.999999975E-5,1.17999995,0.00000000,0.00000000,0.00000000,0.180423602,0.639999986,0.180000007,0.920000017,5.67999983,0.224812746,0.117324153E-1,0.254662424,0.254662424,295.733734,-31.6983814,0.120450604E-3,301.126526,7.54336262,0.00000000,0.00000000,0.00000000,-38.8763123,3.25000000,0.00000000,0.101231802E-1,0.00000000,0.00000000,0.100217285E-1,0.173848420E-1,1.00000000,296.000000,22.8500061,387.899689,1398.88232,-1000.00000,0.00000000,0.00000000,0.154875442,0.119999997,295.000031,0.712418258E-1,0.00000000,0.00000000,0.00000000,0.00000000,0.159808323,0.639999986,0.180000007,0.920000017,5.67999983,0.345420152,0.117324153E-1,0.254662424,0.254662424,295.029388,-41.5501022,0.142187797E-3,355.469482,7.59455013,0.00000000,0.00000000,0.00000000,14.4359531,3.25000000,0.00000000,0.110189393E-1,0.00000000,0.00000000,0.108988453E-1,0.166546814E-1,1.00000000,296.000000,22.8500061,397.105621,1398.88232,-1000.00000,0.00000000,0.00000000,0.166384339,0.154875442,295.000031,0.109992318,0.00000000
2,2,dry_root_irrigation,6,180.000000,2,F,F,1,1,T,16,24,0.500000000,28,19,1,1004.50000,0.285714298,9.81000042,2500000.00,0.567051011E-7,0.600000024,3,4,1.00000000,0.00000000,290.000000,10.0000000,90.0000000,85.0000000,0.00000000,0.00000000,345.000000,505.000000,0.149999997E-1,0.140000004E-1,14.0000000,0.180000007,60.0000000,98000.0000,298.000000,0.800000038E-2,0.999999975E-5,1.17999995,0.00000000,0.00000000,0.00000000,0.180423602,0.639999986,0.180000007,0.920000017,5.67999983,0.224812746,0.117324153E-1,0.254662424,0.254662424,295.733734,-31.6983814,0.120450604E-3,301.126526,7.54336262,0.00000000,0.00000000,0.00000000,-38.8763123,3.25000000,0.00000000,0.101231802E-1,0.00000000,0.00000000,0.100217285E-1,0.173848420E-1,1.00000000,296.000000,22.8500061,387.899689,1398.88232,-1000.00000,0.00000000,0.00000000,0.154875457,0.119999997,294.999969,0.712418258E-1,0.00000000,0.00000000,0.00000000,0.00000000,0.159808323,0.639999986,0.180000007,0.920000017,5.67999983,0.345420152,0.117324153E-1,0.254662424,0.254662424,295.029388,-41.5501022,0.142187797E-3,355.469482,7.59455013,0.00000000,0.00000000,0.00000000,14.4359531,3.25000000,0.00000000,0.110189393E-1,0.00000000,0.00000000,0.108988453E-1,0.166546814E-1,1.00000000,296.000000,22.8500061,397.105621,1398.88232,-1000.00000,0.00000000,0.00000000,0.166384339,0.154875457,294.999969,0.109992340,0.00000000
2,2,dry_root_irrigation,7,180.000000,2,F,F,1,1,T,16,24,0.500000000,28,19,1,1004.50000,0.285714298,9.81000042,2500000.00,0.567051011E-7,1.00000000,3,4,1.00000000,0.00000000,290.000000,10.0000000,90.0000000,85.0000000,0.00000000,0.00000000,345.000000,505.000000,0.149999997E-1,0.140000004E-1,14.0000000,0.180000007,60.0000000,98000.0000,298.000000,0.800000038E-2,0.999999975E-5,1.17999995,0.00000000,0.00000000,0.00000000,0.180423602,0.639999986,0.180000007,0.920000017,5.67999983,0.224812746,0.117324153E-1,0.254662424,0.254662424,295.733734,-31.6983814,0.120450604E-3,301.126526,7.54336262,0.00000000,0.00000000,0.00000000,-38.8763123,3.25000000,0.00000000,0.101231802E-1,0.00000000,0.00000000,0.100217285E-1,0.173848420E-1,1.00000000,296.000000,22.8500061,387.899689,1398.88232,-1000.00000,0.00000000,0.00000000,0.119999997,0.119999997,295.000000,0.712418258E-1,0.00000000,0.00000000,0.00000000,0.00000000,0.159808323,0.639999986,0.180000007,0.920000017,5.67999983,0.345420152,0.117324153E-1,0.254662424,0.254662424,295.029388,-41.5501022,0.142187797E-3,355.469482,7.59455013,0.00000000,0.00000000,0.00000000,14.4359531,3.25000000,0.00000000,0.110189393E-1,0.00000000,0.00000000,0.108988453E-1,0.166546814E-1,1.00000000,296.000000,22.8500061,397.105621,1398.88232,-1000.00000,0.00000000,0.00000000,0.120000012,0.119999997,294.999969,0.712418258E-1,0.00000000
2,2,dry_root_irrigation,8,180.000000,2,F,F,1,1,T,16,24,0.500000000,28,19,1,1004.50000,0.285714298,9.81000042,2500000.00,0.567051011E-7,1.60000002,3,4,1.00000000,0.00000000,290.000000,10.0000000,90.0000000,85.0000000,0.00000000,0.00000000,345.000000,505.000000,0.149999997E-1,0.140000004E-1,14.0000000,0.180000007,60.0000000,98000.0000,298.000000,0.800000038E-2,0.999999975E-5,1.17999995,0.00000000,0.00000000,0.00000000,0.180423602,0.639999986,0.180000007,0.920000017,5.67999983,0.224812746,0.117324153E-1,0.254662424,0.254662424,295.733734,-31.6983814,0.120450604E-3,301.126526,7.54336262,0.00000000,0.00000000,0.00000000,-38.8763123,3.25000000,0.00000000,0.101231802E-1,0.00000000,0.00000000,0.100217285E-1,0.173848420E-1,1.00000000,296.000000,22.8500061,387.899689,1398.88232,-1000.00000,0.00000000,0.00000000,0.119999997,0.119999997,295.000000,0.712418258E-1,0.00000000,0.00000000,0.00000000,0.00000000,0.159808323,0.639999986,0.180000007,0.920000017,5.67999983,0.345420152,0.117324153E-1,0.254662424,0.254662424,295.029388,-41.5501022,0.142187797E-3,355.469482,7.59455013,0.00000000,0.00000000,0.00000000,14.4359531,3.25000000,0.00000000,0.110189393E-1,0.00000000,0.00000000,0.108988453E-1,0.166546814E-1,1.00000000,296.000000,22.8500061,397.105621,1398.88232,-1000.00000,0.00000000,0.00000000,0.119999997,0.119999997,294.999664,0.712418258E-1,0.00000000
2,2,dry_root_irrigation,9,180.000000,2,F,F,1,1,T,16,24,0.500000000,28,19,1,1004.50000,0.285714298,9.81000042,2500000.00,0.567051011E-7,3.00000000,3,4,1.00000000,0.00000000,290.000000,10.0000000,90.0000000,85.0000000,0.00000000,0.00000000,345.000000,505.000000,0.149999997E-1,0.140000004E-1,14.0000000,0.180000007,60.0000000,98000.0000,298.000000,0.800000038E-2,0.999999975E-5,1.17999995,0.00000000,0.00000000,0.00000000,0.180423602,0.639999986,0.180000007,0.920000017,5.67999983,0.224812746,0.117324153E-1,0.254662424,0.254662424,295.733734,-31.6983814,0.120450604E-3,301.126526,7.54336262,0.00000000,0.00000000,0.00000000,-38.8763123,3.25000000,0.00000000,0.101231802E-1,0.00000000,0.00000000,0.100217285E-1,0.173848420E-1,1.00000000,296.000000,22.8500061,387.899689,1398.88232,-1000.00000,0.00000000,0.00000000,0.119999997,0.119999997,290.000000,0.712418258E-1,0.00000000,0.00000000,0.00000000,0.00000000,0.159808323,0.639999986,0.180000007,0.920000017,5.67999983,0.345420152,0.117324153E-1,0.254662424,0.254662424,295.029388,-41.5501022,0.142187797E-3,355.469482,7.59455013,0.00000000,0.00000000,0.00000000,14.4359531,3.25000000,0.00000000,0.110189393E-1,0.00000000,0.00000000,0.108988453E-1,0.166546814E-1,1.00000000,296.000000,22.8500061,397.105621,1398.88232,-1000.00000,0.00000000,0.00000000,0.119999997,0.119999997,290.000000,0.712418258E-1,0.00000000
2,2,threshold_greenness,1,180.000000,2,F,F,1,1,T,16,24,0.500000000,28,19,1,1004.50000,0.285714298,9.81000042,2500000.00,0.567051011E-7,0.00000000,7,4,1.00000000,0.00000000,290.000000,10.0000000,90.0000000,70.0000000,0.00000000,0.00000000,295.000000,415.000000,0.109999999E-1,0.999999978E-2,10.0000000,0.189999998,60.0000000,98000.0000,298.000000,0.800000038E-2,0.00000000,1.17999995,0.00000000,0.00000000,0.00000000,0.531956889E-1,0.639999986,0.189999998,0.920000017,2.90000010,0.224385366,0.838029664E-2,0.234522894,0.234522894,291.688843,-63.0531998,0.526325312E-4,131.581329,7.51894760,0.00000000,0.00000000,0.00000000,175.438446,3.25000000,0.00000000,0.925454777E-2,0.00000000,0.00000000,0.916968659E-2,0.135453278E-1,1.00000000,296.000000,22.8500061,359.997345,1398.88232,-1000.00000,0.00000000,0.00000000,0.119475797,0.119475797,291.688843,0.712418258E-1,0.00000000,0.00000000,0.00000000,0.00000000,0.437608585E-1,0.639999986,0.189999998,0.920000017,2.90000010,0.222757950,0.838029664E-2,0.234522894,0.234522894,293.023865,-49.7153282,0.655322729E-4,163.830688,7.54253960,0.00000000,0.00000000,0.00000000,43.8250656,3.25000000,0.00000000,0.950803980E-2,0.00000000,0.00000000,0.941848848E-2,0.147207566E-1,1.00000000,296.000000,22.8500061,359.994995,1398.88232,-1000.00000,0.00000000,0.00000000,0.119014569,0.119014569,293.023865,0.706593841E-1,0.00000000
2,2,threshold_greenness,2,180.000000,2,F,F,1,1,T,16,24,0.500000000,28,19,1,1004.50000,0.285714298,9.81000042,2500000.00,0.567051011E-7,0.999999978E-2,7,4,1.00000000,0.00000000,290.000000,10.0000000,90.0000000,70.0000000,0.00000000,0.00000000,295.000000,415.000000,0.109999999E-1,0.999999978E-2,10.0000000,0.189999998,60.0000000,98000.0000,298.000000,0.800000038E-2,0.00000000,1.17999995,0.00000000,0.00000000,0.00000000,0.531956889E-1,0.639999986,0.189999998,0.920000017,2.90000010,0.224385366,0.838029664E-2,0.234522894,0.234522894,291.688843,-63.0531998,0.526325312E-4,131.581329,7.51894760,0.00000000,0.00000000,0.00000000,175.438446,3.25000000,0.00000000,0.925454777E-2,0.00000000,0.00000000,0.916968659E-2,0.135453278E-1,1.00000000,296.000000,22.8500061,359.997345,1398.88232,-1000.00000,0.00000000,0.00000000,0.119999669,0.119999669,294.381775,0.712418258E-1,0.00000000,0.00000000,0.00000000,0.00000000,0.437608585E-1,0.639999986,0.189999998,0.920000017,2.90000010,0.222757950,0.838029664E-2,0.234522894,0.234522894,293.023865,-49.7153282,0.655322729E-4,163.830688,7.54253960,0.00000000,0.00000000,0.00000000,43.8250656,3.25000000,0.00000000,0.950803980E-2,0.00000000,0.00000000,0.941848848E-2,0.147207566E-1,1.00000000,296.000000,22.8500061,359.994995,1398.88232,-1000.00000,0.00000000,0.00000000,0.119999185,0.119999185,293.697662,0.712414607E-1,0.00000000
2,2,threshold_greenness,3,180.000000,2,F,F,1,1,T,16,24,0.500000000,28,19,1,1004.50000,0.285714298,9.81000042,2500000.00,0.567051011E-7,0.399999991E-1,7,4,1.00000000,0.00000000,290.000000,10.0000000,90.0000000,70.0000000,0.00000000,0.00000000,295.000000,415.000000,0.109999999E-1,0.999999978E-2,10.0000000,0.189999998,60.0000000,98000.0000,298.000000,0.800000038E-2,0.00000000,1.17999995,0.00000000,0.00000000,0.00000000,0.531956889E-1,0.639999986,0.189999998,0.920000017,2.90000010,0.224385366,0.838029664E-2,0.234522894,0.234522894,291.688843,-63.0531998,0.526325312E-4,131.581329,7.51894760,0.00000000,0.00000000,0.00000000,175.438446,3.25000000,0.00000000,0.925454777E-2,0.00000000,0.00000000,0.916968659E-2,0.135453278E-1,1.00000000,296.000000,22.8500061,359.997345,1398.88232,-1000.00000,0.00000000,0.00000000,0.119999886,0.119999886,294.978455,0.712418258E-1,0.00000000,0.00000000,0.00000000,0.00000000,0.437608585E-1,0.639999986,0.189999998,0.920000017,2.90000010,0.222757950,0.838029664E-2,0.234522894,0.234522894,293.023865,-49.7153282,0.655322729E-4,163.830688,7.54253960,0.00000000,0.00000000,0.00000000,43.8250656,3.25000000,0.00000000,0.950803980E-2,0.00000000,0.00000000,0.941848848E-2,0.147207566E-1,1.00000000,296.000000,22.8500061,359.994995,1398.88232,-1000.00000,0.00000000,0.00000000,0.119999729,0.119999729,294.913849,0.712417066E-1,0.00000000
2,2,threshold_greenness,4,180.000000,2,F,F,1,1,T,16,24,0.500000000,28,19,1,1004.50000,0.285714298,9.81000042,2500000.00,0.567051011E-7,0.100000001,7,4,1.00000000,0.00000000,290.000000,10.0000000,90.0000000,70.0000000,0.00000000,0.00000000,295.000000,415.000000,0.109999999E-1,0.999999978E-2,10.0000000,0.189999998,60.0000000,98000.0000,298.000000,0.800000038E-2,0.00000000,1.17999995,0.00000000,0.00000000,0.00000000,0.531956889E-1,0.639999986,0.189999998,0.920000017,2.90000010,0.224385366,0.838029664E-2,0.234522894,0.234522894,291.688843,-63.0531998,0.526325312E-4,131.581329,7.51894760,0.00000000,0.00000000,0.00000000,175.438446,3.25000000,0.00000000,0.925454777E-2,0.00000000,0.00000000,0.916968659E-2,0.135453278E-1,1.00000000,296.000000,22.8500061,359.997345,1398.88232,-1000.00000,0.00000000,0.00000000,0.119999953,0.119999953,294.999878,0.712418258E-1,0.00000000,0.00000000,0.00000000,0.00000000,0.437608585E-1,0.639999986,0.189999998,0.920000017,2.90000010,0.222757950,0.838029664E-2,0.234522894,0.234522894,293.023865,-49.7153282,0.655322729E-4,163.830688,7.54253960,0.00000000,0.00000000,0.00000000,43.8250656,3.25000000,0.00000000,0.950803980E-2,0.00000000,0.00000000,0.941848848E-2,0.147207566E-1,1.00000000,296.000000,22.8500061,359.994995,1398.88232,-1000.00000,0.00000000,0.00000000,0.119999893,0.119999893,294.999237,0.712417811E-1,0.00000000
2,2,threshold_greenness,5,180.000000,2,F,F,1,1,T,16,24,0.500000000,28,19,1,1004.50000,0.285714298,9.81000042,2500000.00,0.567051011E-7,0.300000012,7,4,1.00000000,0.00000000,290.000000,10.0000000,90.0000000,70.0000000,0.00000000,0.00000000,295.000000,415.000000,0.109999999E-1,0.999999978E-2,10.0000000,0.189999998,60.0000000,98000.0000,298.000000,0.800000038E-2,0.00000000,1.17999995,0.00000000,0.00000000,0.00000000,0.531956889E-1,0.639999986,0.189999998,0.920000017,2.90000010,0.224385366,0.838029664E-2,0.234522894,0.234522894,291.688843,-63.0531998,0.526325312E-4,131.581329,7.51894760,0.00000000,0.00000000,0.00000000,175.438446,3.25000000,0.00000000,0.925454777E-2,0.00000000,0.00000000,0.916968659E-2,0.135453278E-1,1.00000000,296.000000,22.8500061,359.997345,1398.88232,-1000.00000,0.00000000,0.00000000,0.119999975,0.119999975,295.000031,0.712418258E-1,0.00000000,0.00000000,0.00000000,0.00000000,0.437608585E-1,0.639999986,0.189999998,0.920000017,2.90000010,0.222757950,0.838029664E-2,0.234522894,0.234522894,293.023865,-49.7153282,0.655322729E-4,163.830688,7.54253960,0.00000000,0.00000000,0.00000000,43.8250656,3.25000000,0.00000000,0.950803980E-2,0.00000000,0.00000000,0.941848848E-2,0.147207566E-1,1.00000000,296.000000,22.8500061,359.994995,1398.88232,-1000.00000,0.00000000,0.00000000,0.119999945,0.119999945,295.000061,0.712418035E-1,0.00000000
2,2,threshold_greenness,6,180.000000,2,F,F,1,1,T,16,24,0.500000000,28,19,1,1004.50000,0.285714298,9.81000042,2500000.00,0.567051011E-7,0.600000024,7,4,1.00000000,0.00000000,290.000000,10.0000000,90.0000000,70.0000000,0.00000000,0.00000000,295.000000,415.000000,0.109999999E-1,0.999999978E-2,10.0000000,0.189999998,60.0000000,98000.0000,298.000000,0.800000038E-2,0.00000000,1.17999995,0.00000000,0.00000000,0.00000000,0.531956889E-1,0.639999986,0.189999998,0.920000017,2.90000010,0.224385366,0.838029664E-2,0.234522894,0.234522894,291.688843,-63.0531998,0.526325312E-4,131.581329,7.51894760,0.00000000,0.00000000,0.00000000,175.438446,3.25000000,0.00000000,0.925454777E-2,0.00000000,0.00000000,0.916968659E-2,0.135453278E-1,1.00000000,296.000000,22.8500061,359.997345,1398.88232,-1000.00000,0.00000000,0.00000000,0.119999982,0.119999982,294.999969,0.712418258E-1,0.00000000,0.00000000,0.00000000,0.00000000,0.437608585E-1,0.639999986,0.189999998,0.920000017,2.90000010,0.222757950,0.838029664E-2,0.234522894,0.234522894,293.023865,-49.7153282,0.655322729E-4,163.830688,7.54253960,0.00000000,0.00000000,0.00000000,43.8250656,3.25000000,0.00000000,0.950803980E-2,0.00000000,0.00000000,0.941848848E-2,0.147207566E-1,1.00000000,296.000000,22.8500061,359.994995,1398.88232,-1000.00000,0.00000000,0.00000000,0.119999960,0.119999960,294.999939,0.712418109E-1,0.00000000
2,2,threshold_greenness,7,180.000000,2,F,F,1,1,T,16,24,0.500000000,28,19,1,1004.50000,0.285714298,9.81000042,2500000.00,0.567051011E-7,1.00000000,7,4,1.00000000,0.00000000,290.000000,10.0000000,90.0000000,70.0000000,0.00000000,0.00000000,295.000000,415.000000,0.109999999E-1,0.999999978E-2,10.0000000,0.189999998,60.0000000,98000.0000,298.000000,0.800000038E-2,0.00000000,1.17999995,0.00000000,0.00000000,0.00000000,0.531956889E-1,0.639999986,0.189999998,0.920000017,2.90000010,0.224385366,0.838029664E-2,0.234522894,0.234522894,291.688843,-63.0531998,0.526325312E-4,131.581329,7.51894760,0.00000000,0.00000000,0.00000000,175.438446,3.25000000,0.00000000,0.925454777E-2,0.00000000,0.00000000,0.916968659E-2,0.135453278E-1,1.00000000,296.000000,22.8500061,359.997345,1398.88232,-1000.00000,0.00000000,0.00000000,0.119999997,0.119999997,295.000000,0.712418258E-1,0.00000000,0.00000000,0.00000000,0.00000000,0.437608585E-1,0.639999986,0.189999998,0.920000017,2.90000010,0.222757950,0.838029664E-2,0.234522894,0.234522894,293.023865,-49.7153282,0.655322729E-4,163.830688,7.54253960,0.00000000,0.00000000,0.00000000,43.8250656,3.25000000,0.00000000,0.950803980E-2,0.00000000,0.00000000,0.941848848E-2,0.147207566E-1,1.00000000,296.000000,22.8500061,359.994995,1398.88232,-1000.00000,0.00000000,0.00000000,0.119999997,0.119999997,295.000000,0.712418258E-1,0.00000000
2,2,threshold_greenness,8,180.000000,2,F,F,1,1,T,16,24,0.500000000,28,19,1,1004.50000,0.285714298,9.81000042,2500000.00,0.567051011E-7,1.60000002,7,4,1.00000000,0.00000000,290.000000,10.0000000,90.0000000,70.0000000,0.00000000,0.00000000,295.000000,415.000000,0.109999999E-1,0.999999978E-2,10.0000000,0.189999998,60.0000000,98000.0000,298.000000,0.800000038E-2,0.00000000,1.17999995,0.00000000,0.00000000,0.00000000,0.531956889E-1,0.639999986,0.189999998,0.920000017,2.90000010,0.224385366,0.838029664E-2,0.234522894,0.234522894,291.688843,-63.0531998,0.526325312E-4,131.581329,7.51894760,0.00000000,0.00000000,0.00000000,175.438446,3.25000000,0.00000000,0.925454777E-2,0.00000000,0.00000000,0.916968659E-2,0.135453278E-1,1.00000000,296.000000,22.8500061,359.997345,1398.88232,-1000.00000,0.00000000,0.00000000,0.119999997,0.119999997,295.000000,0.712418258E-1,0.00000000,0.00000000,0.00000000,0.00000000,0.437608585E-1,0.639999986,0.189999998,0.920000017,2.90000010,0.222757950,0.838029664E-2,0.234522894,0.234522894,293.023865,-49.7153282,0.655322729E-4,163.830688,7.54253960,0.00000000,0.00000000,0.00000000,43.8250656,3.25000000,0.00000000,0.950803980E-2,0.00000000,0.00000000,0.941848848E-2,0.147207566E-1,1.00000000,296.000000,22.8500061,359.994995,1398.88232,-1000.00000,0.00000000,0.00000000,0.119999997,0.119999997,294.999664,0.712418258E-1,0.00000000
2,2,threshold_greenness,9,180.000000,2,F,F,1,1,T,16,24,0.500000000,28,19,1,1004.50000,0.285714298,9.81000042,2500000.00,0.567051011E-7,3.00000000,7,4,1.00000000,0.00000000,290.000000,10.0000000,90.0000000,70.0000000,0.00000000,0.00000000,295.000000,415.000000,0.109999999E-1,0.999999978E-2,10.0000000,0.189999998,60.0000000,98000.0000,298.000000,0.800000038E-2,0.00000000,1.17999995,0.00000000,0.00000000,0.00000000,0.531956889E-1,0.639999986,0.189999998,0.920000017,2.90000010,0.224385366,0.838029664E-2,0.234522894,0.234522894,291.688843,-63.0531998,0.526325312E-4,131.581329,7.51894760,0.00000000,0.00000000,0.00000000,175.438446,3.25000000,0.00000000,0.925454777E-2,0.00000000,0.00000000,0.916968659E-2,0.135453278E-1,1.00000000,296.000000,22.8500061,359.997345,1398.88232,-1000.00000,0.00000000,0.00000000,0.119999997,0.119999997,290.000000,0.712418258E-1,0.00000000,0.00000000,0.00000000,0.00000000,0.437608585E-1,0.639999986,0.189999998,0.920000017,2.90000010,0.222757950,0.838029664E-2,0.234522894,0.234522894,293.023865,-49.7153282,0.655322729E-4,163.830688,7.54253960,0.00000000,0.00000000,0.00000000,43.8250656,3.25000000,0.00000000,0.950803980E-2,0.00000000,0.00000000,0.941848848E-2,0.147207566E-1,1.00000000,296.000000,22.8500061,359.994995,1398.88232,-1000.00000,0.00000000,0.00000000,0.119999997,0.119999997,290.000000,0.712418258E-1,0.00000000
2,2,below_threshold,1,180.000000,2,F,F,1,1,T,16,24,0.500000000,28,19,1,1004.50000,0.285714298,9.81000042,2500000.00,0.567051011E-7,0.00000000,2,4,1.00000000,0.00000000,290.000000,10.0000000,90.0000000,69.0000000,0.00000000,0.00000000,245.000000,140.000000,0.899999961E-2,0.800000038E-2,8.00000000,0.170000002,60.0000000,98000.0000,298.000000,0.800000038E-2,0.299999992E-4,1.17999995,0.00000000,0.00000000,0.00000000,0.137710005,0.639999986,0.170000002,0.920000017,5.67999983,0.225587264,0.670423731E-2,0.233173668,0.233173668,287.488220,-84.0164719,0.179518138E-4,44.8795357,7.50646305,0.00000000,0.00000000,0.00000000,398.006042,3.25000000,0.00000000,0.853542052E-2,0.00000000,0.00000000,0.846318435E-2,0.103666568E-1,1.00000000,296.000000,22.8500061,359.999054,1398.88232,-1000.00000,0.00000000,0.00000000,0.119816430,0.119816430,287.488220,0.712418258E-1,0.00000000,0.00000000,0.00000000,0.00000000,0.134142533,0.639999986,0.170000002,0.920000017,5.67999983,0.224937886,0.670423731E-2,0.233173668,0.233173668,288.744110,-73.9786377,0.250739340E-4,62.6848335,7.51548958,0.00000000,0.00000000,0.00000000,193.360977,3.25000000,0.00000000,0.873086695E-2,0.00000000,0.00000000,0.865529850E-2,0.112398388E-1,1.00000000,296.000000,22.8500061,359.998108,1398.88232,-1000.00000,0.00000000,0.00000000,0.119632386,0.119632386,288.744110,0.710378662E-1,0.00000000
2,2,below_threshold,2,180.000000,2,F,F,1,1,T,16,24,0.500000000,28,19,1,1004.50000,0.285714298,9.81000042,2500000.00,0.567051011E-7,0.999999978E-2,2,4,1.00000000,0.00000000,290.000000,10.0000000,90.0000000,69.0000000,0.00000000,0.00000000,245.000000,140.000000,0.899999961E-2,0.800000038E-2,8.00000000,0.170000002,60.0000000,98000.0000,298.000000,0.800000038E-2,0.299999992E-4,1.17999995,0.00000000,0.00000000,0.00000000,0.137710005,0.639999986,0.170000002,0.920000017,5.67999983,0.225587264,0.670423731E-2,0.233173668,0.233173668,287.488220,-84.0164719,0.179518138E-4,44.8795357,7.50646305,0.00000000,0.00000000,0.00000000,398.006042,3.25000000,0.00000000,0.853542052E-2,0.00000000,0.00000000,0.846318435E-2,0.103666568E-1,1.00000000,296.000000,22.8500061,359.999054,1398.88232,-1000.00000,0.00000000,0.00000000,0.119999878,0.119999878,293.597504,0.712418258E-1,0.00000000,0.00000000,0.00000000,0.00000000,0.134142533,0.639999986,0.170000002,0.920000017,5.67999983,0.224937886,0.670423731E-2,0.233173668,0.233173668,288.744110,-73.9786377,0.250739340E-4,62.6848335,7.51548958,0.00000000,0.00000000,0.00000000,193.360977,3.25000000,0.00000000,0.873086695E-2,0.00000000,0.00000000,0.865529850E-2,0.112398388E-1,1.00000000,296.000000,22.8500061,359.998108,1398.88232,-1000.00000,0.00000000,0.00000000,0.119999699,0.119999699,291.713837,0.712416992E-1,0.00000000
2,2,below_threshold,3,180.000000,2,F,F,1,1,T,16,24,0.500000000,28,19,1,1004.50000,0.285714298,9.81000042,2500000.00,0.567051011E-7,0.399999991E-1,2,4,1.00000000,0.00000000,290.000000,10.0000000,90.0000000,69.0000000,0.00000000,0.00000000,245.000000,140.000000,0.899999961E-2,0.800000038E-2,8.00000000,0.170000002,60.0000000,98000.0000,298.000000,0.800000038E-2,0.299999992E-4,1.17999995,0.00000000,0.00000000,0.00000000,0.137710005,0.639999986,0.170000002,0.920000017,5.67999983,0.225587264,0.670423731E-2,0.233173668,0.233173668,287.488220,-84.0164719,0.179518138E-4,44.8795357,7.50646305,0.00000000,0.00000000,0.00000000,398.006042,3.25000000,0.00000000,0.853542052E-2,0.00000000,0.00000000,0.846318435E-2,0.103666568E-1,1.00000000,296.000000,22.8500061,359.999054,1398.88232,-1000.00000,0.00000000,0.00000000,0.119999960,0.119999960,294.951172,0.712418258E-1,0.00000000,0.00000000,0.00000000,0.00000000,0.134142533,0.639999986,0.170000002,0.920000017,5.67999983,0.224937886,0.670423731E-2,0.233173668,0.233173668,288.744110,-73.9786377,0.250739340E-4,62.6848335,7.51548958,0.00000000,0.00000000,0.00000000,193.360977,3.25000000,0.00000000,0.873086695E-2,0.00000000,0.00000000,0.865529850E-2,0.112398388E-1,1.00000000,296.000000,22.8500061,359.998108,1398.88232,-1000.00000,0.00000000,0.00000000,0.119999900,0.119999900,294.793030,0.712417886E-1,0.00000000
2,2,below_threshold,4,180.000000,2,F,F,1,1,T,16,24,0.500000000,28,19,1,1004.50000,0.285714298,9.81000042,2500000.00,0.567051011E-7,0.100000001,2,4,1.00000000,0.00000000,290.000000,10.0000000,90.0000000,69.0000000,0.00000000,0.00000000,245.000000,140.000000,0.899999961E-2,0.800000038E-2,8.00000000,0.170000002,60.0000000,98000.0000,298.000000,0.800000038E-2,0.299999992E-4,1.17999995,0.00000000,0.00000000,0.00000000,0.137710005,0.639999986,0.170000002,0.920000017,5.67999983,0.225587264,0.670423731E-2,0.233173668,0.233173668,287.488220,-84.0164719,0.179518138E-4,44.8795357,7.50646305,0.00000000,0.00000000,0.00000000,398.006042,3.25000000,0.00000000,0.853542052E-2,0.00000000,0.00000000,0.846318435E-2,0.103666568E-1,1.00000000,296.000000,22.8500061,359.999054,1398.88232,-1000.00000,0.00000000,0.00000000,0.119999975,0.119999975,294.999725,0.712418258E-1,0.00000000,0.00000000,0.00000000,0.00000000,0.134142533,0.639999986,0.170000002,0.920000017,5.67999983,0.224937886,0.670423731E-2,0.233173668,0.233173668,288.744110,-73.9786377,0.250739340E-4,62.6848335,7.51548958,0.00000000,0.00000000,0.00000000,193.360977,3.25000000,0.00000000,0.873086695E-2,0.00000000,0.00000000,0.865529850E-2,0.112398388E-1,1.00000000,296.000000,22.8500061,359.998108,1398.88232,-1000.00000,0.00000000,0.00000000,0.119999945,0.119999945,294.998138,0.712418035E-1,0.00000000
2,2,below_threshold,5,180.000000,2,F,F,1,1,T,16,24,0.500000000,28,19,1,1004.50000,0.285714298,9.81000042,2500000.00,0.567051011E-7,0.300000012,2,4,1.00000000,0.00000000,290.000000,10.0000000,90.0000000,69.0000000,0.00000000,0.00000000,245.000000,140.000000,0.899999961E-2,0.800000038E-2,8.00000000,0.170000002,60.0000000,98000.0000,298.000000,0.800000038E-2,0.299999992E-4,1.17999995,0.00000000,0.00000000,0.00000000,0.137710005,0.639999986,0.170000002,0.920000017,5.67999983,0.225587264,0.670423731E-2,0.233173668,0.233173668,287.488220,-84.0164719,0.179518138E-4,44.8795357,7.50646305,0.00000000,0.00000000,0.00000000,398.006042,3.25000000,0.00000000,0.853542052E-2,0.00000000,0.00000000,0.846318435E-2,0.103666568E-1,1.00000000,296.000000,22.8500061,359.999054,1398.88232,-1000.00000,0.00000000,0.00000000,0.119999990,0.119999990,295.000031,0.712418258E-1,0.00000000,0.00000000,0.00000000,0.00000000,0.134142533,0.639999986,0.170000002,0.920000017,5.67999983,0.224937886,0.670423731E-2,0.233173668,0.233173668,288.744110,-73.9786377,0.250739340E-4,62.6848335,7.51548958,0.00000000,0.00000000,0.00000000,193.360977,3.25000000,0.00000000,0.873086695E-2,0.00000000,0.00000000,0.865529850E-2,0.112398388E-1,1.00000000,296.000000,22.8500061,359.998108,1398.88232,-1000.00000,0.00000000,0.00000000,0.119999982,0.119999982,295.000061,0.712418184E-1,0.00000000
2,2,below_threshold,6,180.000000,2,F,F,1,1,T,16,24,0.500000000,28,19,1,1004.50000,0.285714298,9.81000042,2500000.00,0.567051011E-7,0.600000024,2,4,1.00000000,0.00000000,290.000000,10.0000000,90.0000000,69.0000000,0.00000000,0.00000000,245.000000,140.000000,0.899999961E-2,0.800000038E-2,8.00000000,0.170000002,60.0000000,98000.0000,298.000000,0.800000038E-2,0.299999992E-4,1.17999995,0.00000000,0.00000000,0.00000000,0.137710005,0.639999986,0.170000002,0.920000017,5.67999983,0.225587264,0.670423731E-2,0.233173668,0.233173668,287.488220,-84.0164719,0.179518138E-4,44.8795357,7.50646305,0.00000000,0.00000000,0.00000000,398.006042,3.25000000,0.00000000,0.853542052E-2,0.00000000,0.00000000,0.846318435E-2,0.103666568E-1,1.00000000,296.000000,22.8500061,359.999054,1398.88232,-1000.00000,0.00000000,0.00000000,0.119999990,0.119999990,294.999969,0.712418258E-1,0.00000000,0.00000000,0.00000000,0.00000000,0.134142533,0.639999986,0.170000002,0.920000017,5.67999983,0.224937886,0.670423731E-2,0.233173668,0.233173668,288.744110,-73.9786377,0.250739340E-4,62.6848335,7.51548958,0.00000000,0.00000000,0.00000000,193.360977,3.25000000,0.00000000,0.873086695E-2,0.00000000,0.00000000,0.865529850E-2,0.112398388E-1,1.00000000,296.000000,22.8500061,359.998108,1398.88232,-1000.00000,0.00000000,0.00000000,0.119999982,0.119999982,294.999939,0.712418184E-1,0.00000000
2,2,below_threshold,7,180.000000,2,F,F,1,1,T,16,24,0.500000000,28,19,1,1004.50000,0.285714298,9.81000042,2500000.00,0.567051011E-7,1.00000000,2,4,1.00000000,0.00000000,290.000000,10.0000000,90.0000000,69.0000000,0.00000000,0.00000000,245.000000,140.000000,0.899999961E-2,0.800000038E-2,8.00000000,0.170000002,60.0000000,98000.0000,298.000000,0.800000038E-2,0.299999992E-4,1.17999995,0.00000000,0.00000000,0.00000000,0.137710005,0.639999986,0.170000002,0.920000017,5.67999983,0.225587264,0.670423731E-2,0.233173668,0.233173668,287.488220,-84.0164719,0.179518138E-4,44.8795357,7.50646305,0.00000000,0.00000000,0.00000000,398.006042,3.25000000,0.00000000,0.853542052E-2,0.00000000,0.00000000,0.846318435E-2,0.103666568E-1,1.00000000,296.000000,22.8500061,359.999054,1398.88232,-1000.00000,0.00000000,0.00000000,0.119999997,0.119999997,295.000000,0.712418258E-1,0.00000000,0.00000000,0.00000000,0.00000000,0.134142533,0.639999986,0.170000002,0.920000017,5.67999983,0.224937886,0.670423731E-2,0.233173668,0.233173668,288.744110,-73.9786377,0.250739340E-4,62.6848335,7.51548958,0.00000000,0.00000000,0.00000000,193.360977,3.25000000,0.00000000,0.873086695E-2,0.00000000,0.00000000,0.865529850E-2,0.112398388E-1,1.00000000,296.000000,22.8500061,359.998108,1398.88232,-1000.00000,0.00000000,0.00000000,0.119999997,0.119999997,295.000000,0.712418258E-1,0.00000000
2,2,below_threshold,8,180.000000,2,F,F,1,1,T,16,24,0.500000000,28,19,1,1004.50000,0.285714298,9.81000042,2500000.00,0.567051011E-7,1.60000002,2,4,1.00000000,0.00000000,290.000000,10.0000000,90.0000000,69.0000000,0.00000000,0.00000000,245.000000,140.000000,0.899999961E-2,0.800000038E-2,8.00000000,0.170000002,60.0000000,98000.0000,298.000000,0.800000038E-2,0.299999992E-4,1.17999995,0.00000000,0.00000000,0.00000000,0.137710005,0.639999986,0.170000002,0.920000017,5.67999983,0.225587264,0.670423731E-2,0.233173668,0.233173668,287.488220,-84.0164719,0.179518138E-4,44.8795357,7.50646305,0.00000000,0.00000000,0.00000000,398.006042,3.25000000,0.00000000,0.853542052E-2,0.00000000,0.00000000,0.846318435E-2,0.103666568E-1,1.00000000,296.000000,22.8500061,359.999054,1398.88232,-1000.00000,0.00000000,0.00000000,0.119999997,0.119999997,295.000000,0.712418258E-1,0.00000000,0.00000000,0.00000000,0.00000000,0.134142533,0.639999986,0.170000002,0.920000017,5.67999983,0.224937886,0.670423731E-2,0.233173668,0.233173668,288.744110,-73.9786377,0.250739340E-4,62.6848335,7.51548958,0.00000000,0.00000000,0.00000000,193.360977,3.25000000,0.00000000,0.873086695E-2,0.00000000,0.00000000,0.865529850E-2,0.112398388E-1,1.00000000,296.000000,22.8500061,359.998108,1398.88232,-1000.00000,0.00000000,0.00000000,0.119999997,0.119999997,294.999664,0.712418258E-1,0.00000000
2,2,below_threshold,9,180.000000,2,F,F,1,1,T,16,24,0.500000000,28,19,1,1004.50000,0.285714298,9.81000042,2500000.00,0.567051011E-7,3.00000000,2,4,1.00000000,0.00000000,290.000000,10.0000000,90.0000000,69.0000000,0.00000000,0.00000000,245.000000,140.000000,0.899999961E-2,0.800000038E-2,8.00000000,0.170000002,60.0000000,98000.0000,298.000000,0.800000038E-2,0.299999992E-4,1.17999995,0.00000000,0.00000000,0.00000000,0.137710005,0.639999986,0.170000002,0.920000017,5.67999983,0.225587264,0.670423731E-2,0.233173668,0.233173668,287.488220,-84.0164719,0.179518138E-4,44.8795357,7.50646305,0.00000000,0.00000000,0.00000000,398.006042,3.25000000,0.00000000,0.853542052E-2,0.00000000,0.00000000,0.846318435E-2,0.103666568E-1,1.00000000,296.000000,22.8500061,359.999054,1398.88232,-1000.00000,0.00000000,0.00000000,0.119999997,0.119999997,290.000000,0.712418258E-1,0.00000000,0.00000000,0.00000000,0.00000000,0.134142533,0.639999986,0.170000002,0.920000017,5.67999983,0.224937886,0.670423731E-2,0.233173668,0.233173668,288.744110,-73.9786377,0.250739340E-4,62.6848335,7.51548958,0.00000000,0.00000000,0.00000000,193.360977,3.25000000,0.00000000,0.873086695E-2,0.00000000,0.00000000,0.865529850E-2,0.112398388E-1,1.00000000,296.000000,22.8500061,359.998108,1398.88232,-1000.00000,0.00000000,0.00000000,0.119999997,0.119999997,290.000000,0.712418258E-1,0.00000000
2,2,no_irrigation_cover,1,180.000000,2,F,F,1,1,T,16,24,0.500000000,28,19,1,1004.50000,0.285714298,9.81000042,2500000.00,0.567051011E-7,0.00000000,14,4,1.00000000,0.00000000,290.000000,10.0000000,90.0000000,85.0000000,0.00000000,0.00000000,230.000000,105.000000,0.700000022E-2,0.600000005E-2,6.00000000,0.119999997,60.0000000,98000.0000,298.000000,0.800000038E-2,0.00000000,1.17999995,0.00000000,0.00000000,0.00000000,0.360305309E-1,0.349999994,0.119999997,0.949999988,6.40000010,0.225788012,0.502817798E-2,0.500000000,0.500000000,290.337341,-45.9334297,0.256203493E-4,64.0508728,7.50922298,0.00000000,0.00000000,0.00000000,247.047684,3.25000000,0.00000000,0.900453143E-2,0.00000000,0.00000000,0.892417412E-2,0.124402130E-1,1.00000000,296.000000,22.8500061,359.999359,1398.88232,-1000.00000,0.00000000,0.00000000,0.119873323,0.119873323,290.337341,0.712418258E-1,0.00000000,0.00000000,0.00000000,0.00000000,0.312200822E-1,0.349999994,0.119999997,0.949999988,6.40000010,0.225439891,0.502817798E-2,0.500000000,0.500000000,290.704895,-43.7301483,0.295216578E-4,73.8041458,7.51985073,0.00000000,0.00000000,0.00000000,141.858582,3.25000000,0.00000000,0.906857476E-2,0.00000000,0.00000000,0.898707472E-2,0.127326446E-1,1.00000000,296.000000,22.8500061,359.998810,1398.88232,-1000.00000,0.00000000,0.00000000,0.119774662,0.119774662,290.704895,0.711010769E-1,0.00000000
2,2,no_irrigation_cover,2,180.000000,2,F,F,1,1,T,16,24,0.500000000,28,19,1,1004.50000,0.285714298,9.81000042,2500000.00,0.567051011E-7,0.999999978E-2,14,4,1.00000000,0.00000000,290.000000,10.0000000,90.0000000,85.0000000,0.00000000,0.00000000,230.000000,105.000000,0.700000022E-2,0.600000005E-2,6.00000000,0.119999997,60.0000000,98000.0000,298.000000,0.800000038E-2,0.00000000,1.17999995,0.00000000,0.00000000,0.00000000,0.360305309E-1,0.349999994,0.119999997,0.949999988,6.40000010,0.225788012,0.502817798E-2,0.500000000,0.500000000,290.337341,-45.9334297,0.256203493E-4,64.0508728,7.50922298,0.00000000,0.00000000,0.00000000,247.047684,3.25000000,0.00000000,0.900453143E-2,0.00000000,0.00000000,0.892417412E-2,0.124402130E-1,1.00000000,296.000000,22.8500061,359.999359,1398.88232,-1000.00000,0.00000000,0.00000000,0.119999923,0.119999923,294.129456,0.712418258E-1,0.00000000,0.00000000,0.00000000,0.00000000,0.312200822E-1,0.349999994,0.119999997,0.949999988,6.40000010,0.225439891,0.502817798E-2,0.500000000,0.500000000,290.704895,-43.7301483,0.295216578E-4,73.8041458,7.51985073,0.00000000,0.00000000,0.00000000,141.858582,3.25000000,0.00000000,0.906857476E-2,0.00000000,0.00000000,0.898707472E-2,0.127326446E-1,1.00000000,296.000000,22.8500061,359.998810,1398.88232,-1000.00000,0.00000000,0.00000000,0.119999841,0.119999841,292.883240,0.712417439E-1,0.00000000
2,2,no_irrigation_cover,3,180.000000,2,F,F,1,1,T,16,24,0.500000000,28,19,1,1004.50000,0.285714298,9.81000042,2500000.00,0.567051011E-7,0.399999991E-1,14,4,1.00000000,0.00000000,290.000000,10.0000000,90.0000000,85.0000000,0.00000000,0.00000000,230.000000,105.000000,0.700000022E-2,0.600000005E-2,6.00000000,0.119999997,60.0000000,98000.0000,298.000000,0.800000038E-2,0.00000000,1.17999995,0.00000000,0.00000000,0.00000000,0.360305309E-1,0.349999994,0.119999997,0.949999988,6.40000010,0.225788012,0.502817798E-2,0.500000000,0.500000000,290.337341,-45.9334297,0.256203493E-4,64.0508728,7.50922298,0.00000000,0.00000000,0.00000000,247.047684,3.25000000,0.00000000,0.900453143E-2,0.00000000,0.00000000,0.892417412E-2,0.124402130E-1,1.00000000,296.000000,22.8500061,359.999359,1398.88232,-1000.00000,0.00000000,0.00000000,0.119999975,0.119999975,294.969696,0.712418258E-1,0.00000000,0.00000000,0.00000000,0.00000000,0.312200822E-1,0.349999994,0.119999997,0.949999988,6.40000010,0.225439891,0.502817798E-2,0.500000000,0.500000000,290.704895,-43.7301483,0.295216578E-4,73.8041458,7.51985073,0.00000000,0.00000000,0.00000000,141.858582,3.25000000,0.00000000,0.906857476E-2,0.00000000,0.00000000,0.898707472E-2,0.127326446E-1,1.00000000,296.000000,22.8500061,359.998810,1398.88232,-1000.00000,0.00000000,0.00000000,0.119999945,0.119999945,294.868866,0.712418035E-1,0.00000000
2,2,no_irrigation_cover,4,180.000000,2,F,F,1,1,T,16,24,0.500000000,28,19,1,1004.50000,0.285714298,9.81000042,2500000.00,0.567051011E-7,0.100000001,14,4,1.00000000,0.00000000,290.000000,10.0000000,90.0000000,85.0000000,0.00000000,0.00000000,230.000000,105.000000,0.700000022E-2,0.600000005E-2,6.00000000,0.119999997,60.0000000,98000.0000,298.000000,0.800000038E-2,0.00000000,1.17999995,0.00000000,0.00000000,0.00000000,0.360305309E-1,0.349999994,0.119999997,0.949999988,6.40000010,0.225788012,0.502817798E-2,0.500000000,0.500000000,290.337341,-45.9334297,0.256203493E-4,64.0508728,7.50922298,0.00000000,0.00000000,0.00000000,247.047684,3.25000000,0.00000000,0.900453143E-2,0.00000000,0.00000000,0.892417412E-2,0.124402130E-1,1.00000000,296.000000,22.8500061,359.999359,1398.88232,-1000.00000,0.00000000,0.00000000,0.119999982,0.119999982,294.999847,0.712418258E-1,0.00000000,0.00000000,0.00000000,0.00000000,0.312200822E-1,0.349999994,0.119999997,0.949999988,6.40000010,0.225439891,0.502817798E-2,0.500000000,0.500000000,290.704895,-43.7301483,0.295216578E-4,73.8041458,7.51985073,0.00000000,0.00000000,0.00000000,141.858582,3.25000000,0.00000000,0.906857476E-2,0.00000000,0.00000000,0.898707472E-2,0.127326446E-1,1.00000000,296.000000,22.8500061,359.998810,1398.88232,-1000.00000,0.00000000,0.00000000,0.119999968,0.119999968,294.998871,0.712418109E-1,0.00000000
2,2,no_irrigation_cover,5,180.000000,2,F,F,1,1,T,16,24,0.500000000,28,19,1,1004.50000,0.285714298,9.81000042,2500000.00,0.567051011E-7,0.300000012,14,4,1.00000000,0.00000000,290.000000,10.0000000,90.0000000,85.0000000,0.00000000,0.00000000,230.000000,105.000000,0.700000022E-2,0.600000005E-2,6.00000000,0.119999997,60.0000000,98000.0000,298.000000,0.800000038E-2,0.00000000,1.17999995,0.00000000,0.00000000,0.00000000,0.360305309E-1,0.349999994,0.119999997,0.949999988,6.40000010,0.225788012,0.502817798E-2,0.500000000,0.500000000,290.337341,-45.9334297,0.256203493E-4,64.0508728,7.50922298,0.00000000,0.00000000,0.00000000,247.047684,3.25000000,0.00000000,0.900453143E-2,0.00000000,0.00000000,0.892417412E-2,0.124402130E-1,1.00000000,296.000000,22.8500061,359.999359,1398.88232,-1000.00000,0.00000000,0.00000000,0.119999990,0.119999990,295.000031,0.712418258E-1,0.00000000,0.00000000,0.00000000,0.00000000,0.312200822E-1,0.349999994,0.119999997,0.949999988,6.40000010,0.225439891,0.502817798E-2,0.500000000,0.500000000,290.704895,-43.7301483,0.295216578E-4,73.8041458,7.51985073,0.00000000,0.00000000,0.00000000,141.858582,3.25000000,0.00000000,0.906857476E-2,0.00000000,0.00000000,0.898707472E-2,0.127326446E-1,1.00000000,296.000000,22.8500061,359.998810,1398.88232,-1000.00000,0.00000000,0.00000000,0.119999982,0.119999982,295.000061,0.712418184E-1,0.00000000
2,2,no_irrigation_cover,6,180.000000,2,F,F,1,1,T,16,24,0.500000000,28,19,1,1004.50000,0.285714298,9.81000042,2500000.00,0.567051011E-7,0.600000024,14,4,1.00000000,0.00000000,290.000000,10.0000000,90.0000000,85.0000000,0.00000000,0.00000000,230.000000,105.000000,0.700000022E-2,0.600000005E-2,6.00000000,0.119999997,60.0000000,98000.0000,298.000000,0.800000038E-2,0.00000000,1.17999995,0.00000000,0.00000000,0.00000000,0.360305309E-1,0.349999994,0.119999997,0.949999988,6.40000010,0.225788012,0.502817798E-2,0.500000000,0.500000000,290.337341,-45.9334297,0.256203493E-4,64.0508728,7.50922298,0.00000000,0.00000000,0.00000000,247.047684,3.25000000,0.00000000,0.900453143E-2,0.00000000,0.00000000,0.892417412E-2,0.124402130E-1,1.00000000,296.000000,22.8500061,359.999359,1398.88232,-1000.00000,0.00000000,0.00000000,0.119999997,0.119999997,294.999969,0.712418258E-1,0.00000000,0.00000000,0.00000000,0.00000000,0.312200822E-1,0.349999994,0.119999997,0.949999988,6.40000010,0.225439891,0.502817798E-2,0.500000000,0.500000000,290.704895,-43.7301483,0.295216578E-4,73.8041458,7.51985073,0.00000000,0.00000000,0.00000000,141.858582,3.25000000,0.00000000,0.906857476E-2,0.00000000,0.00000000,0.898707472E-2,0.127326446E-1,1.00000000,296.000000,22.8500061,359.998810,1398.88232,-1000.00000,0.00000000,0.00000000,0.119999997,0.119999997,294.999939,0.712418258E-1,0.00000000
2,2,no_irrigation_cover,7,180.000000,2,F,F,1,1,T,16,24,0.500000000,28,19,1,1004.50000,0.285714298,9.81000042,2500000.00,0.567051011E-7,1.00000000,14,4,1.00000000,0.00000000,290.000000,10.0000000,90.0000000,85.0000000,0.00000000,0.00000000,230.000000,105.000000,0.700000022E-2,0.600000005E-2,6.00000000,0.119999997,60.0000000,98000.0000,298.000000,0.800000038E-2,0.00000000,1.17999995,0.00000000,0.00000000,0.00000000,0.360305309E-1,0.349999994,0.119999997,0.949999988,6.40000010,0.225788012,0.502817798E-2,0.500000000,0.500000000,290.337341,-45.9334297,0.256203493E-4,64.0508728,7.50922298,0.00000000,0.00000000,0.00000000,247.047684,3.25000000,0.00000000,0.900453143E-2,0.00000000,0.00000000,0.892417412E-2,0.124402130E-1,1.00000000,296.000000,22.8500061,359.999359,1398.88232,-1000.00000,0.00000000,0.00000000,0.119999997,0.119999997,295.000000,0.712418258E-1,0.00000000,0.00000000,0.00000000,0.00000000,0.312200822E-1,0.349999994,0.119999997,0.949999988,6.40000010,0.225439891,0.502817798E-2,0.500000000,0.500000000,290.704895,-43.7301483,0.295216578E-4,73.8041458,7.51985073,0.00000000,0.00000000,0.00000000,141.858582,3.25000000,0.00000000,0.906857476E-2,0.00000000,0.00000000,0.898707472E-2,0.127326446E-1,1.00000000,296.000000,22.8500061,359.998810,1398.88232,-1000.00000,0.00000000,0.00000000,0.119999997,0.119999997,295.000000,0.712418258E-1,0.00000000
2,2,no_irrigation_cover,8,180.000000,2,F,F,1,1,T,16,24,0.500000000,28,19,1,1004.50000,0.285714298,9.81000042,2500000.00,0.567051011E-7,1.60000002,14,4,1.00000000,0.00000000,290.000000,10.0000000,90.0000000,85.0000000,0.00000000,0.00000000,230.000000,105.000000,0.700000022E-2,0.600000005E-2,6.00000000,0.119999997,60.0000000,98000.0000,298.000000,0.800000038E-2,0.00000000,1.17999995,0.00000000,0.00000000,0.00000000,0.360305309E-1,0.349999994,0.119999997,0.949999988,6.40000010,0.225788012,0.502817798E-2,0.500000000,0.500000000,290.337341,-45.9334297,0.256203493E-4,64.0508728,7.50922298,0.00000000,0.00000000,0.00000000,247.047684,3.25000000,0.00000000,0.900453143E-2,0.00000000,0.00000000,0.892417412E-2,0.124402130E-1,1.00000000,296.000000,22.8500061,359.999359,1398.88232,-1000.00000,0.00000000,0.00000000,0.119999997,0.119999997,295.000000,0.712418258E-1,0.00000000,0.00000000,0.00000000,0.00000000,0.312200822E-1,0.349999994,0.119999997,0.949999988,6.40000010,0.225439891,0.502817798E-2,0.500000000,0.500000000,290.704895,-43.7301483,0.295216578E-4,73.8041458,7.51985073,0.00000000,0.00000000,0.00000000,141.858582,3.25000000,0.00000000,0.906857476E-2,0.00000000,0.00000000,0.898707472E-2,0.127326446E-1,1.00000000,296.000000,22.8500061,359.998810,1398.88232,-1000.00000,0.00000000,0.00000000,0.119999997,0.119999997,294.999664,0.712418258E-1,0.00000000
2,2,no_irrigation_cover,9,180.000000,2,F,F,1,1,T,16,24,0.500000000,28,19,1,1004.50000,0.285714298,9.81000042,2500000.00,0.567051011E-7,3.00000000,14,4,1.00000000,0.00000000,290.000000,10.0000000,90.0000000,85.0000000,0.00000000,0.00000000,230.000000,105.000000,0.700000022E-2,0.600000005E-2,6.00000000,0.119999997,60.0000000,98000.0000,298.000000,0.800000038E-2,0.00000000,1.17999995,0.00000000,0.00000000,0.00000000,0.360305309E-1,0.349999994,0.119999997,0.949999988,6.40000010,0.225788012,0.502817798E-2,0.500000000,0.500000000,290.337341,-45.9334297,0.256203493E-4,64.0508728,7.50922298,0.00000000,0.00000000,0.00000000,247.047684,3.25000000,0.00000000,0.900453143E-2,0.00000000,0.00000000,0.892417412E-2,0.124402130E-1,1.00000000,296.000000,22.8500061,359.999359,1398.88232,-1000.00000,0.00000000,0.00000000,0.119999997,0.119999997,290.000000,0.712418258E-1,0.00000000,0.00000000,0.00000000,0.00000000,0.312200822E-1,0.349999994,0.119999997,0.949999988,6.40000010,0.225439891,0.502817798E-2,0.500000000,0.500000000,290.704895,-43.7301483,0.295216578E-4,73.8041458,7.51985073,0.00000000,0.00000000,0.00000000,141.858582,3.25000000,0.00000000,0.906857476E-2,0.00000000,0.00000000,0.898707472E-2,0.127326446E-1,1.00000000,296.000000,22.8500061,359.998810,1398.88232,-1000.00000,0.00000000,0.00000000,0.119999997,0.119999997,290.000000,0.712418258E-1,0.00000000
2,2,partial_land_area,1,180.000000,2,F,F,1,1,T,16,24,0.500000000,28,19,1,1004.50000,0.285714298,9.81000042,2500000.00,0.567051011E-7,0.00000000,1,4,1.00000000,0.00000000,290.000000,10.0000000,90.0000000,85.0000000,0.00000000,0.00000000,352.000000,395.000000,0.209999997E-1,0.199999996E-1,20.0000000,0.799999982E-1,60.0000000,98000.0000,298.000000,0.800000038E-2,0.00000000,1.17999995,0.00000000,0.00000000,0.00000000,0.00000000,0.699999988,0.799999982E-1,0.879999995,0.999999978E-2,0.223950252,0.167605933E-1,0.741966963E-1,0.741966963E-1,296.811676,-23.7444973,0.190519313E-4,47.6298294,7.50685883,0.00000000,0.00000000,0.00000000,-95.9899368,3.25000000,0.00000000,0.103882859E-1,0.00000000,0.00000000,0.102814790E-1,0.185566582E-1,1.00000000,296.000000,22.8500061,373.947906,1398.88232,-1000.00000,0.00000000,0.00000000,0.137007132,0.119999997,296.811676,0.712418258E-1,0.00000000,0.00000000,0.00000000,0.00000000,0.00000000,0.699999988,0.799999982E-1,0.879999995,0.999999978E-2,0.281979889,0.167605933E-1,0.741966963E-1,0.741966963E-1,296.902771,-21.9242859,0.351637646E-4,87.9094086,7.51951790,0.00000000,0.00000000,0.00000000,-73.2212601,3.25000000,0.00000000,0.110510085E-1,0.00000000,0.00000000,0.109302178E-1,0.186587851E-1,1.00000000,296.000000,22.8500061,383.221375,1398.88232,-1000.00000,0.00000000,0.00000000,0.147943914,0.137007132,296.902771,0.901386440E-1,0.00000000
2,2,partial_land_area,2,180.000000,2,F,F,1,1,T,16,24,0.500000000,28,19,1,1004.50000,0.285714298,9.81000042,2500000.00,0.567051011E-7,0.999999978E-2,1,4,1.00000000,0.00000000,290.000000,10.0000000,90.0000000,85.0000000,0.00000000,0.00000000,352.000000,395.000000,0.209999997E-1,0.199999996E-1,20.0000000,0.799999982E-1,60.0000000,98000.0000,298.000000,0.800000038E-2,0.00000000,1.17999995,0.00000000,0.00000000,0.00000000,0.00000000,0.699999988,0.799999982E-1,0.879999995,0.999999978E-2,0.223950252,0.167605933E-1,0.741966963E-1,0.741966963E-1,296.811676,-23.7444973,0.190519313E-4,47.6298294,7.50685883,0.00000000,0.00000000,0.00000000,-95.9899368,3.25000000,0.00000000,0.103882859E-1,0.00000000,0.00000000,0.102814790E-1,0.185566582E-1,1.00000000,296.000000,22.8500061,373.947906,1398.88232,-1000.00000,0.00000000,0.00000000,0.137436628,0.119999997,295.338257,0.712418258E-1,0.00000000,0.00000000,0.00000000,0.00000000,0.00000000,0.699999988,0.799999982E-1,0.879999995,0.999999978E-2,0.281979889,0.167605933E-1,0.741966963E-1,0.741966963E-1,296.902771,-21.9242859,0.351637646E-4,87.9094086,7.51951790,0.00000000,0.00000000,0.00000000,-73.2212601,3.25000000,0.00000000,0.110510085E-1,0.00000000,0.00000000,0.109302178E-1,0.186587851E-1,1.00000000,296.000000,22.8500061,383.221375,1398.88232,-1000.00000,0.00000000,0.00000000,0.149031401,0.137436628,295.880646,0.906158611E-1,0.00000000
2,2,partial_land_area,3,180.000000,2,F,F,1,1,T,16,24,0.500000000,28,19,1,1004.50000,0.285714298,9.81000042,2500000.00,0.567051011E-7,0.399999991E-1,1,4,1.00000000,0.00000000,290.000000,10.0000000,90.0000000,85.0000000,0.00000000,0.00000000,352.000000,395.000000,0.209999997E-1,0.199999996E-1,20.0000000,0.799999982E-1,60.0000000,98000.0000,298.000000,0.800000038E-2,0.00000000,1.17999995,0.00000000,0.00000000,0.00000000,0.00000000,0.699999988,0.799999982E-1,0.879999995,0.999999978E-2,0.223950252,0.167605933E-1,0.741966963E-1,0.741966963E-1,296.811676,-23.7444973,0.190519313E-4,47.6298294,7.50685883,0.00000000,0.00000000,0.00000000,-95.9899368,3.25000000,0.00000000,0.103882859E-1,0.00000000,0.00000000,0.102814790E-1,0.185566582E-1,1.00000000,296.000000,22.8500061,373.947906,1398.88232,-1000.00000,0.00000000,0.00000000,0.137437269,0.119999997,295.011749,0.712418258E-1,0.00000000,0.00000000,0.00000000,0.00000000,0.00000000,0.699999988,0.799999982E-1,0.879999995,0.999999978E-2,0.281979889,0.167605933E-1,0.741966963E-1,0.741966963E-1,296.902771,-21.9242859,0.351637646E-4,87.9094086,7.51951790,0.00000000,0.00000000,0.00000000,-73.2212601,3.25000000,0.00000000,0.110510085E-1,0.00000000,0.00000000,0.109302178E-1,0.186587851E-1,1.00000000,296.000000,22.8500061,383.221375,1398.88232,-1000.00000,0.00000000,0.00000000,0.149032980,0.137437269,295.054382,0.906165764E-1,0.00000000
2,2,partial_land_area,4,180.000000,2,F,F,1,1,T,16,24,0.500000000,28,19,1,1004.50000,0.285714298,9.81000042,2500000.00,0.567051011E-7,0.100000001,1,4,1.00000000,0.00000000,290.000000,10.0000000,90.0000000,85.0000000,0.00000000,0.00000000,352.000000,395.000000,0.209999997E-1,0.199999996E-1,20.0000000,0.799999982E-1,60.0000000,98000.0000,298.000000,0.800000038E-2,0.00000000,1.17999995,0.00000000,0.00000000,0.00000000,0.00000000,0.699999988,0.799999982E-1,0.879999995,0.999999978E-2,0.223950252,0.167605933E-1,0.741966963E-1,0.741966963E-1,296.811676,-23.7444973,0.190519313E-4,47.6298294,7.50685883,0.00000000,0.00000000,0.00000000,-95.9899368,3.25000000,0.00000000,0.103882859E-1,0.00000000,0.00000000,0.102814790E-1,0.185566582E-1,1.00000000,296.000000,22.8500061,373.947906,1398.88232,-1000.00000,0.00000000,0.00000000,0.137437567,0.119999997,295.000092,0.712418258E-1,0.00000000,0.00000000,0.00000000,0.00000000,0.00000000,0.699999988,0.799999982E-1,0.879999995,0.999999978E-2,0.281979889,0.167605933E-1,0.741966963E-1,0.741966963E-1,296.902771,-21.9242859,0.351637646E-4,87.9094086,7.51951790,0.00000000,0.00000000,0.00000000,-73.2212601,3.25000000,0.00000000,0.110510085E-1,0.00000000,0.00000000,0.109302178E-1,0.186587851E-1,1.00000000,296.000000,22.8500061,383.221375,1398.88232,-1000.00000,0.00000000,0.00000000,0.149033532,0.137437567,295.000519,0.906169042E-1,0.00000000
2,2,partial_land_area,5,180.000000,2,F,F,1,1,T,16,24,0.500000000,28,19,1,1004.50000,0.285714298,9.81000042,2500000.00,0.567051011E-7,0.300000012,1,4,1.00000000,0.00000000,290.000000,10.0000000,90.0000000,85.0000000,0.00000000,0.00000000,352.000000,395.000000,0.209999997E-1,0.199999996E-1,20.0000000,0.799999982E-1,60.0000000,98000.0000,298.000000,0.800000038E-2,0.00000000,1.17999995,0.00000000,0.00000000,0.00000000,0.00000000,0.699999988,0.799999982E-1,0.879999995,0.999999978E-2,0.223950252,0.167605933E-1,0.741966963E-1,0.741966963E-1,296.811676,-23.7444973,0.190519313E-4,47.6298294,7.50685883,0.00000000,0.00000000,0.00000000,-95.9899368,3.25000000,0.00000000,0.103882859E-1,0.00000000,0.00000000,0.102814790E-1,0.185566582E-1,1.00000000,296.000000,22.8500061,373.947906,1398.88232,-1000.00000,0.00000000,0.00000000,0.137437642,0.119999997,295.000031,0.712418258E-1,0.00000000,0.00000000,0.00000000,0.00000000,0.00000000,0.699999988,0.799999982E-1,0.879999995,0.999999978E-2,0.281979889,0.167605933E-1,0.741966963E-1,0.741966963E-1,296.902771,-21.9242859,0.351637646E-4,87.9094086,7.51951790,0.00000000,0.00000000,0.00000000,-73.2212601,3.25000000,0.00000000,0.110510085E-1,0.00000000,0.00000000,0.109302178E-1,0.186587851E-1,1.00000000,296.000000,22.8500061,383.221375,1398.88232,-1000.00000,0.00000000,0.00000000,0.149033666,0.137437642,295.000061,0.906169862E-1,0.00000000
2,2,partial_land_area,6,180.000000,2,F,F,1,1,T,16,24,0.500000000,28,19,1,1004.50000,0.285714298,9.81000042,2500000.00,0.567051011E-7,0.600000024,1,4,1.00000000,0.00000000,290.000000,10.0000000,90.0000000,85.0000000,0.00000000,0.00000000,352.000000,395.000000,0.209999997E-1,0.199999996E-1,20.0000000,0.799999982E-1,60.0000000,98000.0000,298.000000,0.800000038E-2,0.00000000,1.17999995,0.00000000,0.00000000,0.00000000,0.00000000,0.699999988,0.799999982E-1,0.879999995,0.999999978E-2,0.223950252,0.167605933E-1,0.741966963E-1,0.741966963E-1,296.811676,-23.7444973,0.190519313E-4,47.6298294,7.50685883,0.00000000,0.00000000,0.00000000,-95.9899368,3.25000000,0.00000000,0.103882859E-1,0.00000000,0.00000000,0.102814790E-1,0.185566582E-1,1.00000000,296.000000,22.8500061,373.947906,1398.88232,-1000.00000,0.00000000,0.00000000,0.137437671,0.119999997,294.999969,0.712418258E-1,0.00000000,0.00000000,0.00000000,0.00000000,0.00000000,0.699999988,0.799999982E-1,0.879999995,0.999999978E-2,0.281979889,0.167605933E-1,0.741966963E-1,0.741966963E-1,296.902771,-21.9242859,0.351637646E-4,87.9094086,7.51951790,0.00000000,0.00000000,0.00000000,-73.2212601,3.25000000,0.00000000,0.110510085E-1,0.00000000,0.00000000,0.109302178E-1,0.186587851E-1,1.00000000,296.000000,22.8500061,383.221375,1398.88232,-1000.00000,0.00000000,0.00000000,0.149033710,0.137437671,294.999969,0.906170234E-1,0.00000000
2,2,partial_land_area,7,180.000000,2,F,F,1,1,T,16,24,0.500000000,28,19,1,1004.50000,0.285714298,9.81000042,2500000.00,0.567051011E-7,1.00000000,1,4,1.00000000,0.00000000,290.000000,10.0000000,90.0000000,85.0000000,0.00000000,0.00000000,352.000000,395.000000,0.209999997E-1,0.199999996E-1,20.0000000,0.799999982E-1,60.0000000,98000.0000,298.000000,0.800000038E-2,0.00000000,1.17999995,0.00000000,0.00000000,0.00000000,0.00000000,0.699999988,0.799999982E-1,0.879999995,0.999999978E-2,0.223950252,0.167605933E-1,0.741966963E-1,0.741966963E-1,296.811676,-23.7444973,0.190519313E-4,47.6298294,7.50685883,0.00000000,0.00000000,0.00000000,-95.9899368,3.25000000,0.00000000,0.103882859E-1,0.00000000,0.00000000,0.102814790E-1,0.185566582E-1,1.00000000,296.000000,22.8500061,373.947906,1398.88232,-1000.00000,0.00000000,0.00000000,0.119999997,0.119999997,295.000000,0.712418258E-1,0.00000000,0.00000000,0.00000000,0.00000000,0.00000000,0.699999988,0.799999982E-1,0.879999995,0.999999978E-2,0.281979889,0.167605933E-1,0.741966963E-1,0.741966963E-1,296.902771,-21.9242859,0.351637646E-4,87.9094086,7.51951790,0.00000000,0.00000000,0.00000000,-73.2212601,3.25000000,0.00000000,0.110510085E-1,0.00000000,0.00000000,0.109302178E-1,0.186587851E-1,1.00000000,296.000000,22.8500061,383.221375,1398.88232,-1000.00000,0.00000000,0.00000000,0.120000005,0.119999997,295.000031,0.712418258E-1,0.00000000
2,2,partial_land_area,8,180.000000,2,F,F,1,1,T,16,24,0.500000000,28,19,1,1004.50000,0.285714298,9.81000042,2500000.00,0.567051011E-7,1.60000002,1,4,1.00000000,0.00000000,290.000000,10.0000000,90.0000000,85.0000000,0.00000000,0.00000000,352.000000,395.000000,0.209999997E-1,0.199999996E-1,20.0000000,0.799999982E-1,60.0000000,98000.0000,298.000000,0.800000038E-2,0.00000000,1.17999995,0.00000000,0.00000000,0.00000000,0.00000000,0.699999988,0.799999982E-1,0.879999995,0.999999978E-2,0.223950252,0.167605933E-1,0.741966963E-1,0.741966963E-1,296.811676,-23.7444973,0.190519313E-4,47.6298294,7.50685883,0.00000000,0.00000000,0.00000000,-95.9899368,3.25000000,0.00000000,0.103882859E-1,0.00000000,0.00000000,0.102814790E-1,0.185566582E-1,1.00000000,296.000000,22.8500061,373.947906,1398.88232,-1000.00000,0.00000000,0.00000000,0.119999997,0.119999997,295.000000,0.712418258E-1,0.00000000,0.00000000,0.00000000,0.00000000,0.00000000,0.699999988,0.799999982E-1,0.879999995,0.999999978E-2,0.281979889,0.167605933E-1,0.741966963E-1,0.741966963E-1,296.902771,-21.9242859,0.351637646E-4,87.9094086,7.51951790,0.00000000,0.00000000,0.00000000,-73.2212601,3.25000000,0.00000000,0.110510085E-1,0.00000000,0.00000000,0.109302178E-1,0.186587851E-1,1.00000000,296.000000,22.8500061,383.221375,1398.88232,-1000.00000,0.00000000,0.00000000,0.119999997,0.119999997,294.999664,0.712418258E-1,0.00000000
2,2,partial_land_area,9,180.000000,2,F,F,1,1,T,16,24,0.500000000,28,19,1,1004.50000,0.285714298,9.81000042,2500000.00,0.567051011E-7,3.00000000,1,4,1.00000000,0.00000000,290.000000,10.0000000,90.0000000,85.0000000,0.00000000,0.00000000,352.000000,395.000000,0.209999997E-1,0.199999996E-1,20.0000000,0.799999982E-1,60.0000000,98000.0000,298.000000,0.800000038E-2,0.00000000,1.17999995,0.00000000,0.00000000,0.00000000,0.00000000,0.699999988,0.799999982E-1,0.879999995,0.999999978E-2,0.223950252,0.167605933E-1,0.741966963E-1,0.741966963E-1,296.811676,-23.7444973,0.190519313E-4,47.6298294,7.50685883,0.00000000,0.00000000,0.00000000,-95.9899368,3.25000000,0.00000000,0.103882859E-1,0.00000000,0.00000000,0.102814790E-1,0.185566582E-1,1.00000000,296.000000,22.8500061,373.947906,1398.88232,-1000.00000,0.00000000,0.00000000,0.119999997,0.119999997,290.000000,0.712418258E-1,0.00000000,0.00000000,0.00000000,0.00000000,0.00000000,0.699999988,0.799999982E-1,0.879999995,0.999999978E-2,0.281979889,0.167605933E-1,0.741966963E-1,0.741966963E-1,296.902771,-21.9242859,0.351637646E-4,87.9094086,7.51951790,0.00000000,0.00000000,0.00000000,-73.2212601,3.25000000,0.00000000,0.110510085E-1,0.00000000,0.00000000,0.109302178E-1,0.186587851E-1,1.00000000,296.000000,22.8500061,383.221375,1398.88232,-1000.00000,0.00000000,0.00000000,0.119999997,0.119999997,290.000000,0.712418258E-1,0.00000000
2,2,excess_land_area,1,180.000000,2,F,F,1,1,T,16,24,0.500000000,28,19,1,1004.50000,0.285714298,9.81000042,2500000.00,0.567051011E-7,0.00000000,24,4,1.00000000,0.00000000,290.000000,10.0000000,90.0000000,85.0000000,0.00000000,0.00000000,210.000000,65.0000000,0.400000019E-2,0.300000003E-2,3.00000000,0.550000012,60.0000000,98000.0000,298.000000,0.800000038E-2,0.00000000,1.17999995,0.00000000,0.00000000,0.00000000,0.00000000,0.750000000,0.550000012,0.980000019,0.999999978E-2,0.226156577,0.251408899E-2,0.292508185,0.292508185,286.222687,-35.2992592,0.636833192E-6,1.59208298,7.50022888,0.00000000,0.00000000,0.00000000,465.058411,3.25000000,0.00000000,0.835014600E-2,0.00000000,0.00000000,0.828099810E-2,0.954770669E-2,1.00000000,296.000000,22.8500061,390.690399,1398.88232,-1000.00000,0.00000000,0.00000000,0.158357173,0.119999997,286.222687,0.712418258E-1,0.00000000,0.00000000,0.00000000,0.00000000,0.00000000,0.750000000,0.550000012,0.980000019,0.999999978E-2,0.361387312,0.251408899E-2,0.292508185,0.292508185,287.109283,-32.6419334,0.163597963E-5,4.08994913,7.50081825,0.00000000,0.00000000,0.00000000,301.313446,3.25000000,0.00000000,0.876481272E-2,0.00000000,0.00000000,0.868865754E-2,0.101152211E-1,1.00000000,296.000000,22.8500061,398.761932,1398.88232,-1000.00000,0.00000000,0.00000000,0.168436900,0.158357173,287.109283,0.113860913,0.00000000
2,2,excess_land_area,2,180.000000,2,F,F,1,1,T,16,24,0.500000000,28,19,1,1004.50000,0.285714298,9.81000042,2500000.00,0.567051011E-7,0.999999978E-2,24,4,1.00000000,0.00000000,290.000000,10.0000000,90.0000000,85.0000000,0.00000000,0.00000000,210.000000,65.0000000,0.400000019E-2,0.300000003E-2,3.00000000,0.550000012,60.0000000,98000.0000,298.000000,0.800000038E-2,0.00000000,1.17999995,0.00000000,0.00000000,0.00000000,0.00000000,0.750000000,0.550000012,0.980000019,0.999999978E-2,0.226156577,0.251408899E-2,0.292508185,0.292508185,286.222687,-35.2992592,0.636833192E-6,1.59208298,7.50022888,0.00000000,0.00000000,0.00000000,465.058411,3.25000000,0.00000000,0.835014600E-2,0.00000000,0.00000000,0.828099810E-2,0.954770669E-2,1.00000000,296.000000,22.8500061,390.690399,1398.88232,-1000.00000,0.00000000,0.00000000,0.158363014,0.119999997,293.361206,0.712418258E-1,0.00000000,0.00000000,0.00000000,0.00000000,0.00000000,0.750000000,0.550000012,0.980000019,0.999999978E-2,0.361387312,0.251408899E-2,0.292508185,0.292508185,287.109283,-32.6419334,0.163597963E-5,4.08994913,7.50081825,0.00000000,0.00000000,0.00000000,301.313446,3.25000000,0.00000000,0.876481272E-2,0.00000000,0.00000000,0.868865754E-2,0.101152211E-1,1.00000000,296.000000,22.8500061,398.761932,1398.88232,-1000.00000,0.00000000,0.00000000,0.168452442,0.158363014,290.944336,0.113867402,0.00000000
2,2,excess_land_area,3,180.000000,2,F,F,1,1,T,16,24,0.500000000,28,19,1,1004.50000,0.285714298,9.81000042,2500000.00,0.567051011E-7,0.399999991E-1,24,4,1.00000000,0.00000000,290.000000,10.0000000,90.0000000,85.0000000,0.00000000,0.00000000,210.000000,65.0000000,0.400000019E-2,0.300000003E-2,3.00000000,0.550000012,60.0000000,98000.0000,298.000000,0.800000038E-2,0.00000000,1.17999995,0.00000000,0.00000000,0.00000000,0.00000000,0.750000000,0.550000012,0.980000019,0.999999978E-2,0.226156577,0.251408899E-2,0.292508185,0.292508185,286.222687,-35.2992592,0.636833192E-6,1.59208298,7.50022888,0.00000000,0.00000000,0.00000000,465.058411,3.25000000,0.00000000,0.835014600E-2,0.00000000,0.00000000,0.828099810E-2,0.954770669E-2,1.00000000,296.000000,22.8500061,390.690399,1398.88232,-1000.00000,0.00000000,0.00000000,0.158363014,0.119999997,294.942932,0.712418258E-1,0.00000000,0.00000000,0.00000000,0.00000000,0.00000000,0.750000000,0.550000012,0.980000019,0.999999978E-2,0.361387312,0.251408899E-2,0.292508185,0.292508185,287.109283,-32.6419334,0.163597963E-5,4.08994913,7.50081825,0.00000000,0.00000000,0.00000000,301.313446,3.25000000,0.00000000,0.876481272E-2,0.00000000,0.00000000,0.868865754E-2,0.101152211E-1,1.00000000,296.000000,22.8500061,398.761932,1398.88232,-1000.00000,0.00000000,0.00000000,0.168452471,0.158363014,294.739380,0.113867402,0.00000000
2,2,excess_land_area,4,180.000000,2,F,F,1,1,T,16,24,0.500000000,28,19,1,1004.50000,0.285714298,9.81000042,2500000.00,0.567051011E-7,0.100000001,24,4,1.00000000,0.00000000,290.000000,10.0000000,90.0000000,85.0000000,0.00000000,0.00000000,210.000000,65.0000000,0.400000019E-2,0.300000003E-2,3.00000000,0.550000012,60.0000000,98000.0000,298.000000,0.800000038E-2,0.00000000,1.17999995,0.00000000,0.00000000,0.00000000,0.00000000,0.750000000,0.550000012,0.980000019,0.999999978E-2,0.226156577,0.251408899E-2,0.292508185,0.292508185,286.222687,-35.2992592,0.636833192E-6,1.59208298,7.50022888,0.00000000,0.00000000,0.00000000,465.058411,3.25000000,0.00000000,0.835014600E-2,0.00000000,0.00000000,0.828099810E-2,0.954770669E-2,1.00000000,296.000000,22.8500061,390.690399,1398.88232,-1000.00000,0.00000000,0.00000000,0.158363014,0.119999997,294.999664,0.712418258E-1,0.00000000,0.00000000,0.00000000,0.00000000,0.00000000,0.750000000,0.550000012,0.980000019,0.999999978E-2,0.361387312,0.251408899E-2,0.292508185,0.292508185,287.109283,-32.6419334,0.163597963E-5,4.08994913,7.50081825,0.00000000,0.00000000,0.00000000,301.313446,3.25000000,0.00000000,0.876481272E-2,0.00000000,0.00000000,0.868865754E-2,0.101152211E-1,1.00000000,296.000000,22.8500061,398.761932,1398.88232,-1000.00000,0.00000000,0.00000000,0.168452486,0.158363014,294.997528,0.113867402,0.00000000
2,2,excess_land_area,5,180.000000,2,F,F,1,1,T,16,24,0.500000000,28,19,1,1004.50000,0.285714298,9.81000042,2500000.00,0.567051011E-7,0.300000012,24,4,1.00000000,0.00000000,290.000000,10.0000000,90.0000000,85.0000000,0.00000000,0.00000000,210.000000,65.0000000,0.400000019E-2,0.300000003E-2,3.00000000,0.550000012,60.0000000,98000.0000,298.000000,0.800000038E-2,0.00000000,1.17999995,0.00000000,0.00000000,0.00000000,0.00000000,0.750000000,0.550000012,0.980000019,0.999999978E-2,0.226156577,0.251408899E-2,0.292508185,0.292508185,286.222687,-35.2992592,0.636833192E-6,1.59208298,7.50022888,0.00000000,0.00000000,0.00000000,465.058411,3.25000000,0.00000000,0.835014600E-2,0.00000000,0.00000000,0.828099810E-2,0.954770669E-2,1.00000000,296.000000,22.8500061,390.690399,1398.88232,-1000.00000,0.00000000,0.00000000,0.158363014,0.119999997,295.000031,0.712418258E-1,0.00000000,0.00000000,0.00000000,0.00000000,0.00000000,0.750000000,0.550000012,0.980000019,0.999999978E-2,0.361387312,0.251408899E-2,0.292508185,0.292508185,287.109283,-32.6419334,0.163597963E-5,4.08994913,7.50081825,0.00000000,0.00000000,0.00000000,301.313446,3.25000000,0.00000000,0.876481272E-2,0.00000000,0.00000000,0.868865754E-2,0.101152211E-1,1.00000000,296.000000,22.8500061,398.761932,1398.88232,-1000.00000,0.00000000,0.00000000,0.168452471,0.158363014,295.000000,0.113867402,0.00000000
2,2,excess_land_area,6,180.000000,2,F,F,1,1,T,16,24,0.500000000,28,19,1,1004.50000,0.285714298,9.81000042,2500000.00,0.567051011E-7,0.600000024,24,4,1.00000000,0.00000000,290.000000,10.0000000,90.0000000,85.0000000,0.00000000,0.00000000,210.000000,65.0000000,0.400000019E-2,0.300000003E-2,3.00000000,0.550000012,60.0000000,98000.0000,298.000000,0.800000038E-2,0.00000000,1.17999995,0.00000000,0.00000000,0.00000000,0.00000000,0.750000000,0.550000012,0.980000019,0.999999978E-2,0.226156577,0.251408899E-2,0.292508185,0.292508185,286.222687,-35.2992592,0.636833192E-6,1.59208298,7.50022888,0.00000000,0.00000000,0.00000000,465.058411,3.25000000,0.00000000,0.835014600E-2,0.00000000,0.00000000,0.828099810E-2,0.954770669E-2,1.00000000,296.000000,22.8500061,390.690399,1398.88232,-1000.00000,0.00000000,0.00000000,0.158363014,0.119999997,294.999969,0.712418258E-1,0.00000000,0.00000000,0.00000000,0.00000000,0.00000000,0.750000000,0.550000012,0.980000019,0.999999978E-2,0.361387312,0.251408899E-2,0.292508185,0.292508185,287.109283,-32.6419334,0.163597963E-5,4.08994913,7.50081825,0.00000000,0.00000000,0.00000000,301.313446,3.25000000,0.00000000,0.876481272E-2,0.00000000,0.00000000,0.868865754E-2,0.101152211E-1,1.00000000,296.000000,22.8500061,398.761932,1398.88232,-1000.00000,0.00000000,0.00000000,0.168452471,0.158363014,295.000000,0.113867402,0.00000000
2,2,excess_land_area,7,180.000000,2,F,F,1,1,T,16,24,0.500000000,28,19,1,1004.50000,0.285714298,9.81000042,2500000.00,0.567051011E-7,1.00000000,24,4,1.00000000,0.00000000,290.000000,10.0000000,90.0000000,85.0000000,0.00000000,0.00000000,210.000000,65.0000000,0.400000019E-2,0.300000003E-2,3.00000000,0.550000012,60.0000000,98000.0000,298.000000,0.800000038E-2,0.00000000,1.17999995,0.00000000,0.00000000,0.00000000,0.00000000,0.750000000,0.550000012,0.980000019,0.999999978E-2,0.226156577,0.251408899E-2,0.292508185,0.292508185,286.222687,-35.2992592,0.636833192E-6,1.59208298,7.50022888,0.00000000,0.00000000,0.00000000,465.058411,3.25000000,0.00000000,0.835014600E-2,0.00000000,0.00000000,0.828099810E-2,0.954770669E-2,1.00000000,296.000000,22.8500061,390.690399,1398.88232,-1000.00000,0.00000000,0.00000000,0.119999997,0.119999997,295.000000,0.712418258E-1,0.00000000,0.00000000,0.00000000,0.00000000,0.00000000,0.750000000,0.550000012,0.980000019,0.999999978E-2,0.361387312,0.251408899E-2,0.292508185,0.292508185,287.109283,-32.6419334,0.163597963E-5,4.08994913,7.50081825,0.00000000,0.00000000,0.00000000,301.313446,3.25000000,0.00000000,0.876481272E-2,0.00000000,0.00000000,0.868865754E-2,0.101152211E-1,1.00000000,296.000000,22.8500061,398.761932,1398.88232,-1000.00000,0.00000000,0.00000000,0.120000020,0.119999997,295.000000,0.712418258E-1,0.00000000
2,2,excess_land_area,8,180.000000,2,F,F,1,1,T,16,24,0.500000000,28,19,1,1004.50000,0.285714298,9.81000042,2500000.00,0.567051011E-7,1.60000002,24,4,1.00000000,0.00000000,290.000000,10.0000000,90.0000000,85.0000000,0.00000000,0.00000000,210.000000,65.0000000,0.400000019E-2,0.300000003E-2,3.00000000,0.550000012,60.0000000,98000.0000,298.000000,0.800000038E-2,0.00000000,1.17999995,0.00000000,0.00000000,0.00000000,0.00000000,0.750000000,0.550000012,0.980000019,0.999999978E-2,0.226156577,0.251408899E-2,0.292508185,0.292508185,286.222687,-35.2992592,0.636833192E-6,1.59208298,7.50022888,0.00000000,0.00000000,0.00000000,465.058411,3.25000000,0.00000000,0.835014600E-2,0.00000000,0.00000000,0.828099810E-2,0.954770669E-2,1.00000000,296.000000,22.8500061,390.690399,1398.88232,-1000.00000,0.00000000,0.00000000,0.119999997,0.119999997,295.000000,0.712418258E-1,0.00000000,0.00000000,0.00000000,0.00000000,0.00000000,0.750000000,0.550000012,0.980000019,0.999999978E-2,0.361387312,0.251408899E-2,0.292508185,0.292508185,287.109283,-32.6419334,0.163597963E-5,4.08994913,7.50081825,0.00000000,0.00000000,0.00000000,301.313446,3.25000000,0.00000000,0.876481272E-2,0.00000000,0.00000000,0.868865754E-2,0.101152211E-1,1.00000000,296.000000,22.8500061,398.761932,1398.88232,-1000.00000,0.00000000,0.00000000,0.119999997,0.119999997,294.999664,0.712418258E-1,0.00000000
2,2,excess_land_area,9,180.000000,2,F,F,1,1,T,16,24,0.500000000,28,19,1,1004.50000,0.285714298,9.81000042,2500000.00,0.567051011E-7,3.00000000,24,4,1.00000000,0.00000000,290.000000,10.0000000,90.0000000,85.0000000,0.00000000,0.00000000,210.000000,65.0000000,0.400000019E-2,0.300000003E-2,3.00000000,0.550000012,60.0000000,98000.0000,298.000000,0.800000038E-2,0.00000000,1.17999995,0.00000000,0.00000000,0.00000000,0.00000000,0.750000000,0.550000012,0.980000019,0.999999978E-2,0.226156577,0.251408899E-2,0.292508185,0.292508185,286.222687,-35.2992592,0.636833192E-6,1.59208298,7.50022888,0.00000000,0.00000000,0.00000000,465.058411,3.25000000,0.00000000,0.835014600E-2,0.00000000,0.00000000,0.828099810E-2,0.954770669E-2,1.00000000,296.000000,22.8500061,390.690399,1398.88232,-1000.00000,0.00000000,0.00000000,0.119999997,0.119999997,290.000000,0.712418258E-1,0.00000000,0.00000000,0.00000000,0.00000000,0.00000000,0.750000000,0.550000012,0.980000019,0.999999978E-2,0.361387312,0.251408899E-2,0.292508185,0.292508185,287.109283,-32.6419334,0.163597963E-5,4.08994913,7.50081825,0.00000000,0.00000000,0.00000000,301.313446,3.25000000,0.00000000,0.876481272E-2,0.00000000,0.00000000,0.868865754E-2,0.101152211E-1,1.00000000,296.000000,22.8500061,398.761932,1398.88232,-1000.00000,0.00000000,0.00000000,0.119999997,0.119999997,290.000000,0.712418258E-1,0.00000000
2,2,water_soil_fallback,1,180.000000,2,F,F,1,1,T,16,24,0.500000000,28,19,1,1004.50000,0.285714298,9.81000042,2500000.00,0.567051011E-7,0.00000000,24,4,1.00000000,0.00000000,290.000000,10.0000000,90.0000000,85.0000000,0.00000000,0.00000000,222.000000,90.0000000,0.800000038E-2,0.700000022E-2,7.00000000,0.550000012,60.0000000,98000.0000,298.000000,0.800000038E-2,0.00000000,1.17999995,0.00000000,0.00000000,0.00000000,0.00000000,0.750000000,0.550000012,0.980000019,0.999999978E-2,0.256224573,0.586620765E-2,0.254662424,0.254662424,290.259705,-54.1319618,0.475033357E-5,11.8758335,7.50170994,0.00000000,0.00000000,0.00000000,240.104156,3.25000000,0.00000000,0.912419520E-2,0.00000000,0.00000000,0.904169772E-2,0.123791322E-1,1.00000000,296.000000,22.8500061,379.992554,1455.00000,-1000.00000,0.00000000,0.00000000,0.144936636,0.119999997,290.259705,0.955555439E-1,0.00000000,0.00000000,0.00000000,0.00000000,0.00000000,0.750000000,0.550000012,0.980000019,0.999999978E-2,0.330645382,0.586620765E-2,0.254662424,0.254662424,290.499481,-52.4550781,0.544222894E-5,13.6055727,7.50366879,0.00000000,0.00000000,0.00000000,164.215820,3.25000000,0.00000000,0.951286964E-2,0.00000000,0.00000000,0.942322705E-2,0.125684738E-1,1.00000000,296.000000,22.8500061,386.590057,1455.00000,-1000.00000,0.00000000,0.00000000,0.153163850,0.144936636,290.499481,0.123262919,0.00000000
2,2,water_soil_fallback,2,180.000000,2,F,F,1,1,T,16,24,0.500000000,28,19,1,1004.50000,0.285714298,9.81000042,2500000.00,0.567051011E-7,0.999999978E-2,24,4,1.00000000,0.00000000,290.000000,10.0000000,90.0000000,85.0000000,0.00000000,0.00000000,222.000000,90.0000000,0.800000038E-2,0.700000022E-2,7.00000000,0.550000012,60.0000000,98000.0000,298.000000,0.800000038E-2,0.00000000,1.17999995,0.00000000,0.00000000,0.00000000,0.00000000,0.750000000,0.550000012,0.980000019,0.999999978E-2,0.256224573,0.586620765E-2,0.254662424,0.254662424,290.259705,-54.1319618,0.475033357E-5,11.8758335,7.50170994,0.00000000,0.00000000,0.00000000,240.104156,3.25000000,0.00000000,0.912419520E-2,0.00000000,0.00000000,0.904169772E-2,0.123791322E-1,1.00000000,296.000000,22.8500061,379.992554,1455.00000,-1000.00000,0.00000000,0.00000000,0.144990832,0.119999997,294.133057,0.955555439E-1,0.00000000,0.00000000,0.00000000,0.00000000,0.00000000,0.750000000,0.550000012,0.980000019,0.999999978E-2,0.330645382,0.586620765E-2,0.254662424,0.254662424,290.499481,-52.4550781,0.544222894E-5,13.6055727,7.50366879,0.00000000,0.00000000,0.00000000,164.215820,3.25000000,0.00000000,0.951286964E-2,0.00000000,0.00000000,0.942322705E-2,0.125684738E-1,1.00000000,296.000000,22.8500061,386.590057,1455.00000,-1000.00000,0.00000000,0.00000000,0.153237298,0.144990832,292.808685,0.123323143,0.00000000
2,2,water_soil_fallback,3,180.000000,2,F,F,1,1,T,16,24,0.500000000,28,19,1,1004.50000,0.285714298,9.81000042,2500000.00,0.567051011E-7,0.399999991E-1,24,4,1.00000000,0.00000000,290.000000,10.0000000,90.0000000,85.0000000,0.00000000,0.00000000,222.000000,90.0000000,0.800000038E-2,0.700000022E-2,7.00000000,0.550000012,60.0000000,98000.0000,298.000000,0.800000038E-2,0.00000000,1.17999995,0.00000000,0.00000000,0.00000000,0.00000000,0.750000000,0.550000012,0.980000019,0.999999978E-2,0.256224573,0.586620765E-2,0.254662424,0.254662424,290.259705,-54.1319618,0.475033357E-5,11.8758335,7.50170994,0.00000000,0.00000000,0.00000000,240.104156,3.25000000,0.00000000,0.912419520E-2,0.00000000,0.00000000,0.904169772E-2,0.123791322E-1,1.00000000,296.000000,22.8500061,379.992554,1455.00000,-1000.00000,0.00000000,0.00000000,0.144990981,0.119999997,294.970612,0.955555439E-1,0.00000000,0.00000000,0.00000000,0.00000000,0.00000000,0.750000000,0.550000012,0.980000019,0.999999978E-2,0.330645382,0.586620765E-2,0.254662424,0.254662424,290.499481,-52.4550781,0.544222894E-5,13.6055727,7.50366879,0.00000000,0.00000000,0.00000000,164.215820,3.25000000,0.00000000,0.951286964E-2,0.00000000,0.00000000,0.942322705E-2,0.125684738E-1,1.00000000,296.000000,22.8500061,386.590057,1455.00000,-1000.00000,0.00000000,0.00000000,0.153237998,0.144990981,294.864899,0.123323306,0.00000000
2,2,water_soil_fallback,4,180.000000,2,F,F,1,1,T,16,24,0.500000000,28,19,1,1004.50000,0.285714298,9.81000042,2500000.00,0.567051011E-7,0.100000001,24,4,1.00000000,0.00000000,290.000000,10.0000000,90.0000000,85.0000000,0.00000000,0.00000000,222.000000,90.0000000,0.800000038E-2,0.700000022E-2,7.00000000,0.550000012,60.0000000,98000.0000,298.000000,0.800000038E-2,0.00000000,1.17999995,0.00000000,0.00000000,0.00000000,0.00000000,0.750000000,0.550000012,0.980000019,0.999999978E-2,0.256224573,0.586620765E-2,0.254662424,0.254662424,290.259705,-54.1319618,0.475033357E-5,11.8758335,7.50170994,0.00000000,0.00000000,0.00000000,240.104156,3.25000000,0.00000000,0.912419520E-2,0.00000000,0.00000000,0.904169772E-2,0.123791322E-1,1.00000000,296.000000,22.8500061,379.992554,1455.00000,-1000.00000,0.00000000,0.00000000,0.144991010,0.119999997,294.999817,0.955555439E-1,0.00000000,0.00000000,0.00000000,0.00000000,0.00000000,0.750000000,0.550000012,0.980000019,0.999999978E-2,0.330645382,0.586620765E-2,0.254662424,0.254662424,290.499481,-52.4550781,0.544222894E-5,13.6055727,7.50366879,0.00000000,0.00000000,0.00000000,164.215820,3.25000000,0.00000000,0.951286964E-2,0.00000000,0.00000000,0.942322705E-2,0.125684738E-1,1.00000000,296.000000,22.8500061,386.590057,1455.00000,-1000.00000,0.00000000,0.00000000,0.153237998,0.144991010,294.998779,0.123323336,0.00000000
2,2,water_soil_fallback,5,180.000000,2,F,F,1,1,T,16,24,0.500000000,28,19,1,1004.50000,0.285714298,9.81000042,2500000.00,0.567051011E-7,0.300000012,24,4,1.00000000,0.00000000,290.000000,10.0000000,90.0000000,85.0000000,0.00000000,0.00000000,222.000000,90.0000000,0.800000038E-2,0.700000022E-2,7.00000000,0.550000012,60.0000000,98000.0000,298.000000,0.800000038E-2,0.00000000,1.17999995,0.00000000,0.00000000,0.00000000,0.00000000,0.750000000,0.550000012,0.980000019,0.999999978E-2,0.256224573,0.586620765E-2,0.254662424,0.254662424,290.259705,-54.1319618,0.475033357E-5,11.8758335,7.50170994,0.00000000,0.00000000,0.00000000,240.104156,3.25000000,0.00000000,0.912419520E-2,0.00000000,0.00000000,0.904169772E-2,0.123791322E-1,1.00000000,296.000000,22.8500061,379.992554,1455.00000,-1000.00000,0.00000000,0.00000000,0.144991010,0.119999997,294.999969,0.955555439E-1,0.00000000,0.00000000,0.00000000,0.00000000,0.00000000,0.750000000,0.550000012,0.980000019,0.999999978E-2,0.330645382,0.586620765E-2,0.254662424,0.254662424,290.499481,-52.4550781,0.544222894E-5,13.6055727,7.50366879,0.00000000,0.00000000,0.00000000,164.215820,3.25000000,0.00000000,0.951286964E-2,0.00000000,0.00000000,0.942322705E-2,0.125684738E-1,1.00000000,296.000000,22.8500061,386.590057,1455.00000,-1000.00000,0.00000000,0.00000000,0.153237998,0.144991010,295.000000,0.123323336,0.00000000
2,2,water_soil_fallback,6,180.000000,2,F,F,1,1,T,16,24,0.500000000,28,19,1,1004.50000,0.285714298,9.81000042,2500000.00,0.567051011E-7,0.600000024,24,4,1.00000000,0.00000000,290.000000,10.0000000,90.0000000,85.0000000,0.00000000,0.00000000,222.000000,90.0000000,0.800000038E-2,0.700000022E-2,7.00000000,0.550000012,60.0000000,98000.0000,298.000000,0.800000038E-2,0.00000000,1.17999995,0.00000000,0.00000000,0.00000000,0.00000000,0.750000000,0.550000012,0.980000019,0.999999978E-2,0.256224573,0.586620765E-2,0.254662424,0.254662424,290.259705,-54.1319618,0.475033357E-5,11.8758335,7.50170994,0.00000000,0.00000000,0.00000000,240.104156,3.25000000,0.00000000,0.912419520E-2,0.00000000,0.00000000,0.904169772E-2,0.123791322E-1,1.00000000,296.000000,22.8500061,379.992554,1455.00000,-1000.00000,0.00000000,0.00000000,0.144991010,0.119999997,295.000000,0.955555439E-1,0.00000000,0.00000000,0.00000000,0.00000000,0.00000000,0.750000000,0.550000012,0.980000019,0.999999978E-2,0.330645382,0.586620765E-2,0.254662424,0.254662424,290.499481,-52.4550781,0.544222894E-5,13.6055727,7.50366879,0.00000000,0.00000000,0.00000000,164.215820,3.25000000,0.00000000,0.951286964E-2,0.00000000,0.00000000,0.942322705E-2,0.125684738E-1,1.00000000,296.000000,22.8500061,386.590057,1455.00000,-1000.00000,0.00000000,0.00000000,0.153237969,0.144991010,294.999969,0.123323336,0.00000000
2,2,water_soil_fallback,7,180.000000,2,F,F,1,1,T,16,24,0.500000000,28,19,1,1004.50000,0.285714298,9.81000042,2500000.00,0.567051011E-7,1.00000000,24,4,1.00000000,0.00000000,290.000000,10.0000000,90.0000000,85.0000000,0.00000000,0.00000000,222.000000,90.0000000,0.800000038E-2,0.700000022E-2,7.00000000,0.550000012,60.0000000,98000.0000,298.000000,0.800000038E-2,0.00000000,1.17999995,0.00000000,0.00000000,0.00000000,0.00000000,0.750000000,0.550000012,0.980000019,0.999999978E-2,0.256224573,0.586620765E-2,0.254662424,0.254662424,290.259705,-54.1319618,0.475033357E-5,11.8758335,7.50170994,0.00000000,0.00000000,0.00000000,240.104156,3.25000000,0.00000000,0.912419520E-2,0.00000000,0.00000000,0.904169772E-2,0.123791322E-1,1.00000000,296.000000,22.8500061,379.992554,1455.00000,-1000.00000,0.00000000,0.00000000,0.119999997,0.119999997,295.000000,0.955555439E-1,0.00000000,0.00000000,0.00000000,0.00000000,0.00000000,0.750000000,0.550000012,0.980000019,0.999999978E-2,0.330645382,0.586620765E-2,0.254662424,0.254662424,290.499481,-52.4550781,0.544222894E-5,13.6055727,7.50366879,0.00000000,0.00000000,0.00000000,164.215820,3.25000000,0.00000000,0.951286964E-2,0.00000000,0.00000000,0.942322705E-2,0.125684738E-1,1.00000000,296.000000,22.8500061,386.590057,1455.00000,-1000.00000,0.00000000,0.00000000,0.120000102,0.119999997,295.000000,0.955555439E-1,0.00000000
2,2,water_soil_fallback,8,180.000000,2,F,F,1,1,T,16,24,0.500000000,28,19,1,1004.50000,0.285714298,9.81000042,2500000.00,0.567051011E-7,1.60000002,24,4,1.00000000,0.00000000,290.000000,10.0000000,90.0000000,85.0000000,0.00000000,0.00000000,222.000000,90.0000000,0.800000038E-2,0.700000022E-2,7.00000000,0.550000012,60.0000000,98000.0000,298.000000,0.800000038E-2,0.00000000,1.17999995,0.00000000,0.00000000,0.00000000,0.00000000,0.750000000,0.550000012,0.980000019,0.999999978E-2,0.256224573,0.586620765E-2,0.254662424,0.254662424,290.259705,-54.1319618,0.475033357E-5,11.8758335,7.50170994,0.00000000,0.00000000,0.00000000,240.104156,3.25000000,0.00000000,0.912419520E-2,0.00000000,0.00000000,0.904169772E-2,0.123791322E-1,1.00000000,296.000000,22.8500061,379.992554,1455.00000,-1000.00000,0.00000000,0.00000000,0.119999997,0.119999997,295.000000,0.955555439E-1,0.00000000,0.00000000,0.00000000,0.00000000,0.00000000,0.750000000,0.550000012,0.980000019,0.999999978E-2,0.330645382,0.586620765E-2,0.254662424,0.254662424,290.499481,-52.4550781,0.544222894E-5,13.6055727,7.50366879,0.00000000,0.00000000,0.00000000,164.215820,3.25000000,0.00000000,0.951286964E-2,0.00000000,0.00000000,0.942322705E-2,0.125684738E-1,1.00000000,296.000000,22.8500061,386.590057,1455.00000,-1000.00000,0.00000000,0.00000000,0.119999997,0.119999997,294.999634,0.955555439E-1,0.00000000
2,2,water_soil_fallback,9,180.000000,2,F,F,1,1,T,16,24,0.500000000,28,19,1,1004.50000,0.285714298,9.81000042,2500000.00,0.567051011E-7,3.00000000,24,4,1.00000000,0.00000000,290.000000,10.0000000,90.0000000,85.0000000,0.00000000,0.00000000,222.000000,90.0000000,0.800000038E-2,0.700000022E-2,7.00000000,0.550000012,60.0000000,98000.0000,298.000000,0.800000038E-2,0.00000000,1.17999995,0.00000000,0.00000000,0.00000000,0.00000000,0.750000000,0.550000012,0.980000019,0.999999978E-2,0.256224573,0.586620765E-2,0.254662424,0.254662424,290.259705,-54.1319618,0.475033357E-5,11.8758335,7.50170994,0.00000000,0.00000000,0.00000000,240.104156,3.25000000,0.00000000,0.912419520E-2,0.00000000,0.00000000,0.904169772E-2,0.123791322E-1,1.00000000,296.000000,22.8500061,379.992554,1455.00000,-1000.00000,0.00000000,0.00000000,0.119999997,0.119999997,290.000000,0.955555439E-1,0.00000000,0.00000000,0.00000000,0.00000000,0.00000000,0.750000000,0.550000012,0.980000019,0.999999978E-2,0.330645382,0.586620765E-2,0.254662424,0.254662424,290.499481,-52.4550781,0.544222894E-5,13.6055727,7.50366879,0.00000000,0.00000000,0.00000000,164.215820,3.25000000,0.00000000,0.951286964E-2,0.00000000,0.00000000,0.942322705E-2,0.125684738E-1,1.00000000,296.000000,22.8500061,386.590057,1455.00000,-1000.00000,0.00000000,0.00000000,0.119999997,0.119999997,290.000000,0.955555439E-1,0.00000000
2,2,excess_soil_area,1,180.000000,2,F,F,1,1,T,16,24,0.500000000,28,19,1,1004.50000,0.285714298,9.81000042,2500000.00,0.567051011E-7,0.00000000,19,4,1.00000000,0.00000000,290.000000,10.0000000,90.0000000,85.0000000,0.00000000,0.00000000,358.000000,600.000000,0.189999994E-1,0.179999992E-1,18.0000000,0.250000000,60.0000000,98000.0000,298.000000,0.800000038E-2,0.00000000,1.17999995,0.00000000,0.00000000,0.00000000,0.00000000,0.750000000,0.250000000,0.850000024,0.750000000,0.223981962,0.150845340E-1,0.254662424,0.254662424,293.843658,-74.7449570,0.184816308E-4,46.2040787,7.50665379,0.00000000,0.00000000,0.00000000,61.2668724,3.25000000,0.00000000,0.969360489E-2,0.00000000,0.00000000,0.960054062E-2,0.154860429E-1,1.00000000,296.000000,22.8500061,387.899292,1398.88232,-1000.00000,0.00000000,0.00000000,0.154664755,0.119999997,293.843658,0.712418258E-1,0.00000000,0.00000000,0.00000000,0.00000000,0.00000000,0.750000000,0.250000000,0.850000024,0.750000000,0.344182909,0.150845340E-1,0.254662424,0.254662424,294.997253,-53.9994507,0.357373065E-4,89.3432693,7.51951885,0.00000000,0.00000000,0.00000000,-25.4705181,3.25000000,0.00000000,0.110051734E-1,0.00000000,0.00000000,0.108853783E-1,0.166219939E-1,1.00000000,296.000000,22.8500061,397.105042,1398.88232,-1000.00000,0.00000000,0.00000000,0.165906653,0.154664755,294.997253,0.109758221,0.00000000
2,2,excess_soil_area,2,180.000000,2,F,F,1,1,T,16,24,0.500000000,28,19,1,1004.50000,0.285714298,9.81000042,2500000.00,0.567051011E-7,0.999999978E-2,19,4,1.00000000,0.00000000,290.000000,10.0000000,90.0000000,85.0000000,0.00000000,0.00000000,358.000000,600.000000,0.189999994E-1,0.179999992E-1,18.0000000,0.250000000,60.0000000,98000.0000,298.000000,0.800000038E-2,0.00000000,1.17999995,0.00000000,0.00000000,0.00000000,0.00000000,0.750000000,0.250000000,0.850000024,0.750000000,0.223981962,0.150845340E-1,0.254662424,0.254662424,293.843658,-74.7449570,0.184816308E-4,46.2040787,7.50665379,0.00000000,0.00000000,0.00000000,61.2668724,3.25000000,0.00000000,0.969360489E-2,0.00000000,0.00000000,0.960054062E-2,0.154860429E-1,1.00000000,296.000000,22.8500061,387.899292,1398.88232,-1000.00000,0.00000000,0.00000000,0.154875115,0.119999997,294.784088,0.712418258E-1,0.00000000,0.00000000,0.00000000,0.00000000,0.00000000,0.750000000,0.250000000,0.850000024,0.750000000,0.344182909,0.150845340E-1,0.254662424,0.254662424,294.997253,-53.9994507,0.357373065E-4,89.3432693,7.51951885,0.00000000,0.00000000,0.00000000,-25.4705181,3.25000000,0.00000000,0.110051734E-1,0.00000000,0.00000000,0.108853783E-1,0.166219939E-1,1.00000000,296.000000,22.8500061,397.105042,1398.88232,-1000.00000,0.00000000,0.00000000,0.166383207,0.154875115,294.668427,0.109991960,0.00000000
2,2,excess_soil_area,3,180.000000,2,F,F,1,1,T,16,24,0.500000000,28,19,1,1004.50000,0.285714298,9.81000042,2500000.00,0.567051011E-7,0.399999991E-1,19,4,1.00000000,0.00000000,290.000000,10.0000000,90.0000000,85.0000000,0.00000000,0.00000000,358.000000,600.000000,0.189999994E-1,0.179999992E-1,18.0000000,0.250000000,60.0000000,98000.0000,298.000000,0.800000038E-2,0.00000000,1.17999995,0.00000000,0.00000000,0.00000000,0.00000000,0.750000000,0.250000000,0.850000024,0.750000000,0.223981962,0.150845340E-1,0.254662424,0.254662424,293.843658,-74.7449570,0.184816308E-4,46.2040787,7.50665379,0.00000000,0.00000000,0.00000000,61.2668724,3.25000000,0.00000000,0.969360489E-2,0.00000000,0.00000000,0.960054062E-2,0.154860429E-1,1.00000000,296.000000,22.8500061,387.899292,1398.88232,-1000.00000,0.00000000,0.00000000,0.154875323,0.119999997,294.992462,0.712418258E-1,0.00000000,0.00000000,0.00000000,0.00000000,0.00000000,0.750000000,0.250000000,0.850000024,0.750000000,0.344182909,0.150845340E-1,0.254662424,0.254662424,294.997253,-53.9994507,0.357373065E-4,89.3432693,7.51951885,0.00000000,0.00000000,0.00000000,-25.4705181,3.25000000,0.00000000,0.110051734E-1,0.00000000,0.00000000,0.108853783E-1,0.166219939E-1,1.00000000,296.000000,22.8500061,397.105042,1398.88232,-1000.00000,0.00000000,0.00000000,0.166384131,0.154875323,294.973175,0.109992191,0.00000000
2,2,excess_soil_area,4,180.000000,2,F,F,1,1,T,16,24,0.500000000,28,19,1,1004.50000,0.285714298,9.81000042,2500000.00,0.567051011E-7,0.100000001,19,4,1.00000000,0.00000000,290.000000,10.0000000,90.0000000,85.0000000,0.00000000,0.00000000,358.000000,600.000000,0.189999994E-1,0.179999992E-1,18.0000000,0.250000000,60.0000000,98000.0000,298.000000,0.800000038E-2,0.00000000,1.17999995,0.00000000,0.00000000,0.00000000,0.00000000,0.750000000,0.250000000,0.850000024,0.750000000,0.223981962,0.150845340E-1,0.254662424,0.254662424,293.843658,-74.7449570,0.184816308E-4,46.2040787,7.50665379,0.00000000,0.00000000,0.00000000,61.2668724,3.25000000,0.00000000,0.969360489E-2,0.00000000,0.00000000,0.960054062E-2,0.154860429E-1,1.00000000,296.000000,22.8500061,387.899292,1398.88232,-1000.00000,0.00000000,0.00000000,0.154875427,0.119999997,294.999969,0.712418258E-1,0.00000000,0.00000000,0.00000000,0.00000000,0.00000000,0.750000000,0.250000000,0.850000024,0.750000000,0.344182909,0.150845340E-1,0.254662424,0.254662424,294.997253,-53.9994507,0.357373065E-4,89.3432693,7.51951885,0.00000000,0.00000000,0.00000000,-25.4705181,3.25000000,0.00000000,0.110051734E-1,0.00000000,0.00000000,0.108853783E-1,0.166219939E-1,1.00000000,296.000000,22.8500061,397.105042,1398.88232,-1000.00000,0.00000000,0.00000000,0.166384310,0.154875427,294.999756,0.109992303,0.00000000
2,2,excess_soil_area,5,180.000000,2,F,F,1,1,T,16,24,0.500000000,28,19,1,1004.50000,0.285714298,9.81000042,2500000.00,0.567051011E-7,0.300000012,19,4,1.00000000,0.00000000,290.000000,10.0000000,90.0000000,85.0000000,0.00000000,0.00000000,358.000000,600.000000,0.189999994E-1,0.179999992E-1,18.0000000,0.250000000,60.0000000,98000.0000,298.000000,0.800000038E-2,0.00000000,1.17999995,0.00000000,0.00000000,0.00000000,0.00000000,0.750000000,0.250000000,0.850000024,0.750000000,0.223981962,0.150845340E-1,0.254662424,0.254662424,293.843658,-74.7449570,0.184816308E-4,46.2040787,7.50665379,0.00000000,0.00000000,0.00000000,61.2668724,3.25000000,0.00000000,0.969360489E-2,0.00000000,0.00000000,0.960054062E-2,0.154860429E-1,1.00000000,296.000000,22.8500061,387.899292,1398.88232,-1000.00000,0.00000000,0.00000000,0.154875442,0.119999997,295.000031,0.712418258E-1,0.00000000,0.00000000,0.00000000,0.00000000,0.00000000,0.750000000,0.250000000,0.850000024,0.750000000,0.344182909,0.150845340E-1,0.254662424,0.254662424,294.997253,-53.9994507,0.357373065E-4,89.3432693,7.51951885,0.00000000,0.00000000,0.00000000,-25.4705181,3.25000000,0.00000000,0.110051734E-1,0.00000000,0.00000000,0.108853783E-1,0.166219939E-1,1.00000000,296.000000,22.8500061,397.105042,1398.88232,-1000.00000,0.00000000,0.00000000,0.166384339,0.154875442,295.000031,0.109992318,0.00000000
2,2,excess_soil_area,6,180.000000,2,F,F,1,1,T,16,24,0.500000000,28,19,1,1004.50000,0.285714298,9.81000042,2500000.00,0.567051011E-7,0.600000024,19,4,1.00000000,0.00000000,290.000000,10.0000000,90.0000000,85.0000000,0.00000000,0.00000000,358.000000,600.000000,0.189999994E-1,0.179999992E-1,18.0000000,0.250000000,60.0000000,98000.0000,298.000000,0.800000038E-2,0.00000000,1.17999995,0.00000000,0.00000000,0.00000000,0.00000000,0.750000000,0.250000000,0.850000024,0.750000000,0.223981962,0.150845340E-1,0.254662424,0.254662424,293.843658,-74.7449570,0.184816308E-4,46.2040787,7.50665379,0.00000000,0.00000000,0.00000000,61.2668724,3.25000000,0.00000000,0.969360489E-2,0.00000000,0.00000000,0.960054062E-2,0.154860429E-1,1.00000000,296.000000,22.8500061,387.899292,1398.88232,-1000.00000,0.00000000,0.00000000,0.154875457,0.119999997,294.999969,0.712418258E-1,0.00000000,0.00000000,0.00000000,0.00000000,0.00000000,0.750000000,0.250000000,0.850000024,0.750000000,0.344182909,0.150845340E-1,0.254662424,0.254662424,294.997253,-53.9994507,0.357373065E-4,89.3432693,7.51951885,0.00000000,0.00000000,0.00000000,-25.4705181,3.25000000,0.00000000,0.110051734E-1,0.00000000,0.00000000,0.108853783E-1,0.166219939E-1,1.00000000,296.000000,22.8500061,397.105042,1398.88232,-1000.00000,0.00000000,0.00000000,0.166384339,0.154875457,294.999969,0.109992340,0.00000000
2,2,excess_soil_area,7,180.000000,2,F,F,1,1,T,16,24,0.500000000,28,19,1,1004.50000,0.285714298,9.81000042,2500000.00,0.567051011E-7,1.00000000,19,4,1.00000000,0.00000000,290.000000,10.0000000,90.0000000,85.0000000,0.00000000,0.00000000,358.000000,600.000000,0.189999994E-1,0.179999992E-1,18.0000000,0.250000000,60.0000000,98000.0000,298.000000,0.800000038E-2,0.00000000,1.17999995,0.00000000,0.00000000,0.00000000,0.00000000,0.750000000,0.250000000,0.850000024,0.750000000,0.223981962,0.150845340E-1,0.254662424,0.254662424,293.843658,-74.7449570,0.184816308E-4,46.2040787,7.50665379,0.00000000,0.00000000,0.00000000,61.2668724,3.25000000,0.00000000,0.969360489E-2,0.00000000,0.00000000,0.960054062E-2,0.154860429E-1,1.00000000,296.000000,22.8500061,387.899292,1398.88232,-1000.00000,0.00000000,0.00000000,0.119999997,0.119999997,295.000000,0.712418258E-1,0.00000000,0.00000000,0.00000000,0.00000000,0.00000000,0.750000000,0.250000000,0.850000024,0.750000000,0.344182909,0.150845340E-1,0.254662424,0.254662424,294.997253,-53.9994507,0.357373065E-4,89.3432693,7.51951885,0.00000000,0.00000000,0.00000000,-25.4705181,3.25000000,0.00000000,0.110051734E-1,0.00000000,0.00000000,0.108853783E-1,0.166219939E-1,1.00000000,296.000000,22.8500061,397.105042,1398.88232,-1000.00000,0.00000000,0.00000000,0.120000012,0.119999997,294.999969,0.712418258E-1,0.00000000
2,2,excess_soil_area,8,180.000000,2,F,F,1,1,T,16,24,0.500000000,28,19,1,1004.50000,0.285714298,9.81000042,2500000.00,0.567051011E-7,1.60000002,19,4,1.00000000,0.00000000,290.000000,10.0000000,90.0000000,85.0000000,0.00000000,0.00000000,358.000000,600.000000,0.189999994E-1,0.179999992E-1,18.0000000,0.250000000,60.0000000,98000.0000,298.000000,0.800000038E-2,0.00000000,1.17999995,0.00000000,0.00000000,0.00000000,0.00000000,0.750000000,0.250000000,0.850000024,0.750000000,0.223981962,0.150845340E-1,0.254662424,0.254662424,293.843658,-74.7449570,0.184816308E-4,46.2040787,7.50665379,0.00000000,0.00000000,0.00000000,61.2668724,3.25000000,0.00000000,0.969360489E-2,0.00000000,0.00000000,0.960054062E-2,0.154860429E-1,1.00000000,296.000000,22.8500061,387.899292,1398.88232,-1000.00000,0.00000000,0.00000000,0.119999997,0.119999997,295.000000,0.712418258E-1,0.00000000,0.00000000,0.00000000,0.00000000,0.00000000,0.750000000,0.250000000,0.850000024,0.750000000,0.344182909,0.150845340E-1,0.254662424,0.254662424,294.997253,-53.9994507,0.357373065E-4,89.3432693,7.51951885,0.00000000,0.00000000,0.00000000,-25.4705181,3.25000000,0.00000000,0.110051734E-1,0.00000000,0.00000000,0.108853783E-1,0.166219939E-1,1.00000000,296.000000,22.8500061,397.105042,1398.88232,-1000.00000,0.00000000,0.00000000,0.119999997,0.119999997,294.999664,0.712418258E-1,0.00000000
2,2,excess_soil_area,9,180.000000,2,F,F,1,1,T,16,24,0.500000000,28,19,1,1004.50000,0.285714298,9.81000042,2500000.00,0.567051011E-7,3.00000000,19,4,1.00000000,0.00000000,290.000000,10.0000000,90.0000000,85.0000000,0.00000000,0.00000000,358.000000,600.000000,0.189999994E-1,0.179999992E-1,18.0000000,0.250000000,60.0000000,98000.0000,298.000000,0.800000038E-2,0.00000000,1.17999995,0.00000000,0.00000000,0.00000000,0.00000000,0.750000000,0.250000000,0.850000024,0.750000000,0.223981962,0.150845340E-1,0.254662424,0.254662424,293.843658,-74.7449570,0.184816308E-4,46.2040787,7.50665379,0.00000000,0.00000000,0.00000000,61.2668724,3.25000000,0.00000000,0.969360489E-2,0.00000000,0.00000000,0.960054062E-2,0.154860429E-1,1.00000000,296.000000,22.8500061,387.899292,1398.88232,-1000.00000,0.00000000,0.00000000,0.119999997,0.119999997,290.000000,0.712418258E-1,0.00000000,0.00000000,0.00000000,0.00000000,0.00000000,0.750000000,0.250000000,0.850000024,0.750000000,0.344182909,0.150845340E-1,0.254662424,0.254662424,294.997253,-53.9994507,0.357373065E-4,89.3432693,7.51951885,0.00000000,0.00000000,0.00000000,-25.4705181,3.25000000,0.00000000,0.110051734E-1,0.00000000,0.00000000,0.108853783E-1,0.166219939E-1,1.00000000,296.000000,22.8500061,397.105042,1398.88232,-1000.00000,0.00000000,0.00000000,0.119999997,0.119999997,290.000000,0.712418258E-1,0.00000000
2,2,wet_soil,1,180.000000,2,F,F,1,1,T,16,24,0.500000000,28,19,1,1004.50000,0.285714298,9.81000042,2500000.00,0.567051011E-7,0.00000000,1,4,1.00000000,0.00000000,290.000000,10.0000000,90.0000000,85.0000000,0.00000000,0.00000000,268.000000,175.000000,0.999999978E-2,0.899999961E-2,9.00000000,0.180000007,60.0000000,98000.0000,298.000000,0.800000038E-2,0.199999995E-4,1.17999995,0.00000000,0.00000000,0.00000000,0.289624389E-1,0.400000006,0.180000007,0.879999995,1.00000000,1.00000000,0.754226698E-2,0.254662424,0.254662424,288.268341,-87.5039291,0.174354427E-4,43.5886078,7.50627708,0.00000000,0.00000000,0.00000000,641.337769,3.25000000,0.00000000,0.109016616E-1,0.00000000,0.00000000,0.107840970E-1,0.109016616E-1,1.00000000,296.000000,22.8500061,1049.99744,1398.88232,-1000.00000,0.00000000,0.00000000,0.349944174,0.349944174,288.268341,0.326797366,0.00000000,0.00000000,0.00000000,0.00000000,0.277196467E-1,0.400000006,0.180000007,0.879999995,1.00000000,1.00000000,0.754226698E-2,0.254662424,0.254662424,289.438721,-76.9802551,0.211842944E-4,52.9607353,7.51390362,0.00000000,0.00000000,0.00000000,308.958527,3.25000000,0.00000000,0.117500126E-1,0.00000000,0.00000000,0.116135534E-1,0.117500126E-1,1.00000000,296.000000,22.8500061,1049.99463,1398.88232,-1000.00000,0.00000000,0.00000000,0.349904478,0.349904478,289.438721,0.326735377,0.00000000
2,2,wet_soil,2,180.000000,2,F,F,1,1,T,16,24,0.500000000,28,19,1,1004.50000,0.285714298,9.81000042,2500000.00,0.567051011E-7,0.999999978E-2,1,4,1.00000000,0.00000000,290.000000,10.0000000,90.0000000,85.0000000,0.00000000,0.00000000,268.000000,175.000000,0.999999978E-2,0.899999961E-2,9.00000000,0.180000007,60.0000000,98000.0000,298.000000,0.800000038E-2,0.199999995E-4,1.17999995,0.00000000,0.00000000,0.00000000,0.289624389E-1,0.400000006,0.180000007,0.879999995,1.00000000,1.00000000,0.754226698E-2,0.254662424,0.254662424,288.268341,-87.5039291,0.174354427E-4,43.5886078,7.50627708,0.00000000,0.00000000,0.00000000,641.337769,3.25000000,0.00000000,0.109016616E-1,0.00000000,0.00000000,0.107840970E-1,0.109016616E-1,1.00000000,296.000000,22.8500061,1049.99744,1398.88232,-1000.00000,0.00000000,0.00000000,0.349969447,0.349969447,293.752716,0.326797366,0.00000000,0.00000000,0.00000000,0.00000000,0.277196467E-1,0.400000006,0.180000007,0.879999995,1.00000000,1.00000000,0.754226698E-2,0.254662424,0.254662424,289.438721,-76.9802551,0.211842944E-4,52.9607353,7.51390362,0.00000000,0.00000000,0.00000000,308.958527,3.25000000,0.00000000,0.117500126E-1,0.00000000,0.00000000,0.116135534E-1,0.117500126E-1,1.00000000,296.000000,22.8500061,1049.99463,1398.88232,-1000.00000,0.00000000,0.00000000,0.349937379,0.349937379,292.080902,0.326763451,0.00000000
2,2,wet_soil,3,180.000000,2,F,F,1,1,T,16,24,0.500000000,28,19,1,1004.50000,0.285714298,9.81000042,2500000.00,0.567051011E-7,0.399999991E-1,1,4,1.00000000,0.00000000,290.000000,10.0000000,90.0000000,85.0000000,0.00000000,0.00000000,268.000000,175.000000,0.999999978E-2,0.899999961E-2,9.00000000,0.180000007,60.0000000,98000.0000,298.000000,0.800000038E-2,0.199999995E-4,1.17999995,0.00000000,0.00000000,0.00000000,0.289624389E-1,0.400000006,0.180000007,0.879999995,1.00000000,1.00000000,0.754226698E-2,0.254662424,0.254662424,288.268341,-87.5039291,0.174354427E-4,43.5886078,7.50627708,0.00000000,0.00000000,0.00000000,641.337769,3.25000000,0.00000000,0.109016616E-1,0.00000000,0.00000000,0.107840970E-1,0.109016616E-1,1.00000000,296.000000,22.8500061,1049.99744,1398.88232,-1000.00000,0.00000000,0.00000000,0.349993110,0.349993110,294.957001,0.326797366,0.00000000,0.00000000,0.00000000,0.00000000,0.277196467E-1,0.400000006,0.180000007,0.879999995,1.00000000,1.00000000,0.754226698E-2,0.254662424,0.254662424,289.438721,-76.9802551,0.211842944E-4,52.9607353,7.51390362,0.00000000,0.00000000,0.00000000,308.958527,3.25000000,0.00000000,0.117500126E-1,0.00000000,0.00000000,0.116135534E-1,0.117500126E-1,1.00000000,296.000000,22.8500061,1049.99463,1398.88232,-1000.00000,0.00000000,0.00000000,0.349981785,0.349981785,294.817749,0.326789737,0.00000000
2,2,wet_soil,4,180.000000,2,F,F,1,1,T,16,24,0.500000000,28,19,1,1004.50000,0.285714298,9.81000042,2500000.00,0.567051011E-7,0.100000001,1,4,1.00000000,0.00000000,290.000000,10.0000000,90.0000000,85.0000000,0.00000000,0.00000000,268.000000,175.000000,0.999999978E-2,0.899999961E-2,9.00000000,0.180000007,60.0000000,98000.0000,298.000000,0.800000038E-2,0.199999995E-4,1.17999995,0.00000000,0.00000000,0.00000000,0.289624389E-1,0.400000006,0.180000007,0.879999995,1.00000000,1.00000000,0.754226698E-2,0.254662424,0.254662424,288.268341,-87.5039291,0.174354427E-4,43.5886078,7.50627708,0.00000000,0.00000000,0.00000000,641.337769,3.25000000,0.00000000,0.109016616E-1,0.00000000,0.00000000,0.107840970E-1,0.109016616E-1,1.00000000,296.000000,22.8500061,1049.99744,1398.88232,-1000.00000,0.00000000,0.00000000,0.349998057,0.349998057,294.999756,0.326797366,0.00000000,0.00000000,0.00000000,0.00000000,0.277196467E-1,0.400000006,0.180000007,0.879999995,1.00000000,1.00000000,0.754226698E-2,0.254662424,0.254662424,289.438721,-76.9802551,0.211842944E-4,52.9607353,7.51390362,0.00000000,0.00000000,0.00000000,308.958527,3.25000000,0.00000000,0.117500126E-1,0.00000000,0.00000000,0.116135534E-1,0.117500126E-1,1.00000000,296.000000,22.8500061,1049.99463,1398.88232,-1000.00000,0.00000000,0.00000000,0.349995434,0.349995434,294.998352,0.326795220,0.00000000
2,2,wet_soil,5,180.000000,2,F,F,1,1,T,16,24,0.500000000,28,19,1,1004.50000,0.285714298,9.81000042,2500000.00,0.567051011E-7,0.300000012,1,4,1.00000000,0.00000000,290.000000,10.0000000,90.0000000,85.0000000,0.00000000,0.00000000,268.000000,175.000000,0.999999978E-2,0.899999961E-2,9.00000000,0.180000007,60.0000000,98000.0000,298.000000,0.800000038E-2,0.199999995E-4,1.17999995,0.00000000,0.00000000,0.00000000,0.289624389E-1,0.400000006,0.180000007,0.879999995,1.00000000,1.00000000,0.754226698E-2,0.254662424,0.254662424,288.268341,-87.5039291,0.174354427E-4,43.5886078,7.50627708,0.00000000,0.00000000,0.00000000,641.337769,3.25000000,0.00000000,0.109016616E-1,0.00000000,0.00000000,0.107840970E-1,0.109016616E-1,1.00000000,296.000000,22.8500061,1049.99744,1398.88232,-1000.00000,0.00000000,0.00000000,0.349998236,0.349998236,295.000000,0.326797366,0.00000000,0.00000000,0.00000000,0.00000000,0.277196467E-1,0.400000006,0.180000007,0.879999995,1.00000000,1.00000000,0.754226698E-2,0.254662424,0.254662424,289.438721,-76.9802551,0.211842944E-4,52.9607353,7.51390362,0.00000000,0.00000000,0.00000000,308.958527,3.25000000,0.00000000,0.117500126E-1,0.00000000,0.00000000,0.116135534E-1,0.117500126E-1,1.00000000,296.000000,22.8500061,1049.99463,1398.88232,-1000.00000,0.00000000,0.00000000,0.349996209,0.349996209,295.000000,0.326795429,0.00000000
2,2,wet_soil,6,180.000000,2,F,F,1,1,T,16,24,0.500000000,28,19,1,1004.50000,0.285714298,9.81000042,2500000.00,0.567051011E-7,0.600000024,1,4,1.00000000,0.00000000,290.000000,10.0000000,90.0000000,85.0000000,0.00000000,0.00000000,268.000000,175.000000,0.999999978E-2,0.899999961E-2,9.00000000,0.180000007,60.0000000,98000.0000,298.000000,0.800000038E-2,0.199999995E-4,1.17999995,0.00000000,0.00000000,0.00000000,0.289624389E-1,0.400000006,0.180000007,0.879999995,1.00000000,1.00000000,0.754226698E-2,0.254662424,0.254662424,288.268341,-87.5039291,0.174354427E-4,43.5886078,7.50627708,0.00000000,0.00000000,0.00000000,641.337769,3.25000000,0.00000000,0.109016616E-1,0.00000000,0.00000000,0.107840970E-1,0.109016616E-1,1.00000000,296.000000,22.8500061,1049.99744,1398.88232,-1000.00000,0.00000000,0.00000000,0.349998295,0.349998295,294.999969,0.326797366,0.00000000,0.00000000,0.00000000,0.00000000,0.277196467E-1,0.400000006,0.180000007,0.879999995,1.00000000,1.00000000,0.754226698E-2,0.254662424,0.254662424,289.438721,-76.9802551,0.211842944E-4,52.9607353,7.51390362,0.00000000,0.00000000,0.00000000,308.958527,3.25000000,0.00000000,0.117500126E-1,0.00000000,0.00000000,0.116135534E-1,0.117500126E-1,1.00000000,296.000000,22.8500061,1049.99463,1398.88232,-1000.00000,0.00000000,0.00000000,0.349996209,0.349996209,294.999939,0.326795489,0.00000000
2,2,wet_soil,7,180.000000,2,F,F,1,1,T,16,24,0.500000000,28,19,1,1004.50000,0.285714298,9.81000042,2500000.00,0.567051011E-7,1.00000000,1,4,1.00000000,0.00000000,290.000000,10.0000000,90.0000000,85.0000000,0.00000000,0.00000000,268.000000,175.000000,0.999999978E-2,0.899999961E-2,9.00000000,0.180000007,60.0000000,98000.0000,298.000000,0.800000038E-2,0.199999995E-4,1.17999995,0.00000000,0.00000000,0.00000000,0.289624389E-1,0.400000006,0.180000007,0.879999995,1.00000000,1.00000000,0.754226698E-2,0.254662424,0.254662424,288.268341,-87.5039291,0.174354427E-4,43.5886078,7.50627708,0.00000000,0.00000000,0.00000000,641.337769,3.25000000,0.00000000,0.109016616E-1,0.00000000,0.00000000,0.107840970E-1,0.109016616E-1,1.00000000,296.000000,22.8500061,1049.99744,1398.88232,-1000.00000,0.00000000,0.00000000,0.350000024,0.349999964,295.000000,0.326797366,0.00000000,0.00000000,0.00000000,0.00000000,0.277196467E-1,0.400000006,0.180000007,0.879999995,1.00000000,1.00000000,0.754226698E-2,0.254662424,0.254662424,289.438721,-76.9802551,0.211842944E-4,52.9607353,7.51390362,0.00000000,0.00000000,0.00000000,308.958527,3.25000000,0.00000000,0.117500126E-1,0.00000000,0.00000000,0.116135534E-1,0.117500126E-1,1.00000000,296.000000,22.8500061,1049.99463,1398.88232,-1000.00000,0.00000000,0.00000000,0.350000083,0.350000024,295.000000,0.326797426,0.00000000
2,2,wet_soil,8,180.000000,2,F,F,1,1,T,16,24,0.500000000,28,19,1,1004.50000,0.285714298,9.81000042,2500000.00,0.567051011E-7,1.60000002,1,4,1.00000000,0.00000000,290.000000,10.0000000,90.0000000,85.0000000,0.00000000,0.00000000,268.000000,175.000000,0.999999978E-2,0.899999961E-2,9.00000000,0.180000007,60.0000000,98000.0000,298.000000,0.800000038E-2,0.199999995E-4,1.17999995,0.00000000,0.00000000,0.00000000,0.289624389E-1,0.400000006,0.180000007,0.879999995,1.00000000,1.00000000,0.754226698E-2,0.254662424,0.254662424,288.268341,-87.5039291,0.174354427E-4,43.5886078,7.50627708,0.00000000,0.00000000,0.00000000,641.337769,3.25000000,0.00000000,0.109016616E-1,0.00000000,0.00000000,0.107840970E-1,0.109016616E-1,1.00000000,296.000000,22.8500061,1049.99744,1398.88232,-1000.00000,0.00000000,0.00000000,0.349999964,0.349999964,295.000031,0.326797366,0.00000000,0.00000000,0.00000000,0.00000000,0.277196467E-1,0.400000006,0.180000007,0.879999995,1.00000000,1.00000000,0.754226698E-2,0.254662424,0.254662424,289.438721,-76.9802551,0.211842944E-4,52.9607353,7.51390362,0.00000000,0.00000000,0.00000000,308.958527,3.25000000,0.00000000,0.117500126E-1,0.00000000,0.00000000,0.116135534E-1,0.117500126E-1,1.00000000,296.000000,22.8500061,1049.99463,1398.88232,-1000.00000,0.00000000,0.00000000,0.349999964,0.349999964,294.999695,0.326797366,0.00000000
2,2,wet_soil,9,180.000000,2,F,F,1,1,T,16,24,0.500000000,28,19,1,1004.50000,0.285714298,9.81000042,2500000.00,0.567051011E-7,3.00000000,1,4,1.00000000,0.00000000,290.000000,10.0000000,90.0000000,85.0000000,0.00000000,0.00000000,268.000000,175.000000,0.999999978E-2,0.899999961E-2,9.00000000,0.180000007,60.0000000,98000.0000,298.000000,0.800000038E-2,0.199999995E-4,1.17999995,0.00000000,0.00000000,0.00000000,0.289624389E-1,0.400000006,0.180000007,0.879999995,1.00000000,1.00000000,0.754226698E-2,0.254662424,0.254662424,288.268341,-87.5039291,0.174354427E-4,43.5886078,7.50627708,0.00000000,0.00000000,0.00000000,641.337769,3.25000000,0.00000000,0.109016616E-1,0.00000000,0.00000000,0.107840970E-1,0.109016616E-1,1.00000000,296.000000,22.8500061,1049.99744,1398.88232,-1000.00000,0.00000000,0.00000000,0.349999964,0.349999964,290.000000,0.326797366,0.00000000,0.00000000,0.00000000,0.00000000,0.277196467E-1,0.400000006,0.180000007,0.879999995,1.00000000,1.00000000,0.754226698E-2,0.254662424,0.254662424,289.438721,-76.9802551,0.211842944E-4,52.9607353,7.51390362,0.00000000,0.00000000,0.00000000,308.958527,3.25000000,0.00000000,0.117500126E-1,0.00000000,0.00000000,0.116135534E-1,0.117500126E-1,1.00000000,296.000000,22.8500061,1049.99463,1398.88232,-1000.00000,0.00000000,0.00000000,0.349999964,0.349999964,290.000000,0.326797366,0.00000000
2,2,mixed_cover_forest,1,180.000000,2,F,F,1,1,T,16,24,0.500000000,28,19,1,1004.50000,0.285714298,9.81000042,2500000.00,0.567051011E-7,0.00000000,15,4,1.00000000,0.00000000,290.000000,10.0000000,90.0000000,85.0000000,0.00000000,0.00000000,308.000000,320.000000,0.140000004E-1,0.130000003E-1,13.0000000,0.140000001,60.0000000,98000.0000,298.000000,0.800000038E-2,0.00000000,1.17999995,0.00000000,0.00000000,0.00000000,0.100212693,0.550000012,0.140000001,0.939999998,5.50000000,0.225136146,0.108943861E-1,0.254662424,0.254662424,291.099060,-89.6292572,0.631707153E-4,157.926788,7.52274132,0.00000000,0.00000000,0.00000000,206.688217,3.25000000,0.00000000,0.914314762E-2,0.00000000,0.00000000,0.906030834E-2,0.130529208E-1,1.00000000,296.000000,22.8500061,440.213013,1398.88232,-1000.00000,0.00000000,0.00000000,0.154772699,0.119999997,291.099060,0.712418258E-1,0.00000000,0.00000000,0.00000000,0.00000000,0.882891491E-1,0.550000012,0.140000001,0.939999998,5.50000000,0.346954226,0.108943861E-1,0.254662424,0.254662424,291.514984,-84.2272415,0.820864952E-4,205.216232,7.55229282,0.00000000,0.00000000,0.00000000,130.867859,3.25000000,0.00000000,0.988370180E-2,0.00000000,0.00000000,0.978697091E-2,0.133985365E-1,1.00000000,296.000000,22.8500061,466.682983,1398.88232,-1000.00000,0.00000000,0.00000000,0.166165844,0.154772699,291.514984,0.109878160,0.00000000
2,2,mixed_cover_forest,2,180.000000,2,F,F,1,1,T,16,24,0.500000000,28,19,1,1004.50000,0.285714298,9.81000042,2500000.00,0.567051011E-7,0.999999978E-2,15,4,1.00000000,0.00000000,290.000000,10.0000000,90.0000000,85.0000000,0.00000000,0.00000000,308.000000,320.000000,0.140000004E-1,0.130000003E-1,13.0000000,0.140000001,60.0000000,98000.0000,298.000000,0.800000038E-2,0.00000000,1.17999995,0.00000000,0.00000000,0.00000000,0.100212693,0.550000012,0.140000001,0.939999998,5.50000000,0.225136146,0.108943861E-1,0.254662424,0.254662424,291.099060,-89.6292572,0.631707153E-4,157.926788,7.52274132,0.00000000,0.00000000,0.00000000,206.688217,3.25000000,0.00000000,0.914314762E-2,0.00000000,0.00000000,0.906030834E-2,0.130529208E-1,1.00000000,296.000000,22.8500061,440.213013,1398.88232,-1000.00000,0.00000000,0.00000000,0.154875413,0.119999997,294.271667,0.712418258E-1,0.00000000,0.00000000,0.00000000,0.00000000,0.882891491E-1,0.550000012,0.140000001,0.939999998,5.50000000,0.346954226,0.108943861E-1,0.254662424,0.254662424,291.514984,-84.2272415,0.820864952E-4,205.216232,7.55229282,0.00000000,0.00000000,0.00000000,130.867859,3.25000000,0.00000000,0.988370180E-2,0.00000000,0.00000000,0.978697091E-2,0.133985365E-1,1.00000000,296.000000,22.8500061,466.682983,1398.88232,-1000.00000,0.00000000,0.00000000,0.166384026,0.154875413,293.204132,0.109992288,0.00000000
2,2,mixed_cover_forest,3,180.000000,2,F,F,1,1,T,16,24,0.500000000,28,19,1,1004.50000,0.285714298,9.81000042,2500000.00,0.567051011E-7,0.399999991E-1,15,4,1.00000000,0.00000000,290.000000,10.0000000,90.0000000,85.0000000,0.00000000,0.00000000,308.000000,320.000000,0.140000004E-1,0.130000003E-1,13.0000000,0.140000001,60.0000000,98000.0000,298.000000,0.800000038E-2,0.00000000,1.17999995,0.00000000,0.00000000,0.00000000,0.100212693,0.550000012,0.140000001,0.939999998,5.50000000,0.225136146,0.108943861E-1,0.254662424,0.254662424,291.099060,-89.6292572,0.631707153E-4,157.926788,7.52274132,0.00000000,0.00000000,0.00000000,206.688217,3.25000000,0.00000000,0.914314762E-2,0.00000000,0.00000000,0.906030834E-2,0.130529208E-1,1.00000000,296.000000,22.8500061,440.213013,1398.88232,-1000.00000,0.00000000,0.00000000,0.154875442,0.119999997,294.974640,0.712418258E-1,0.00000000,0.00000000,0.00000000,0.00000000,0.882891491E-1,0.550000012,0.140000001,0.939999998,5.50000000,0.346954226,0.108943861E-1,0.254662424,0.254662424,291.514984,-84.2272415,0.820864952E-4,205.216232,7.55229282,0.00000000,0.00000000,0.00000000,130.867859,3.25000000,0.00000000,0.988370180E-2,0.00000000,0.00000000,0.978697091E-2,0.133985365E-1,1.00000000,296.000000,22.8500061,466.682983,1398.88232,-1000.00000,0.00000000,0.00000000,0.166384339,0.154875442,294.884613,0.109992318,0.00000000
2,2,mixed_cover_forest,4,180.000000,2,F,F,1,1,T,16,24,0.500000000,28,19,1,1004.50000,0.285714298,9.81000042,2500000.00,0.567051011E-7,0.100000001,15,4,1.00000000,0.00000000,290.000000,10.0000000,90.0000000,85.0000000,0.00000000,0.00000000,308.000000,320.000000,0.140000004E-1,0.130000003E-1,13.0000000,0.140000001,60.0000000,98000.0000,298.000000,0.800000038E-2,0.00000000,1.17999995,0.00000000,0.00000000,0.00000000,0.100212693,0.550000012,0.140000001,0.939999998,5.50000000,0.225136146,0.108943861E-1,0.254662424,0.254662424,291.099060,-89.6292572,0.631707153E-4,157.926788,7.52274132,0.00000000,0.00000000,0.00000000,206.688217,3.25000000,0.00000000,0.914314762E-2,0.00000000,0.00000000,0.906030834E-2,0.130529208E-1,1.00000000,296.000000,22.8500061,440.213013,1398.88232,-1000.00000,0.00000000,0.00000000,0.154875457,0.119999997,294.999878,0.712418258E-1,0.00000000,0.00000000,0.00000000,0.00000000,0.882891491E-1,0.550000012,0.140000001,0.939999998,5.50000000,0.346954226,0.108943861E-1,0.254662424,0.254662424,291.514984,-84.2272415,0.820864952E-4,205.216232,7.55229282,0.00000000,0.00000000,0.00000000,130.867859,3.25000000,0.00000000,0.988370180E-2,0.00000000,0.00000000,0.978697091E-2,0.133985365E-1,1.00000000,296.000000,22.8500061,466.682983,1398.88232,-1000.00000,0.00000000,0.00000000,0.166384369,0.154875457,294.998962,0.109992340,0.00000000
2,2,mixed_cover_forest,5,180.000000,2,F,F,1,1,T,16,24,0.500000000,28,19,1,1004.50000,0.285714298,9.81000042,2500000.00,0.567051011E-7,0.300000012,15,4,1.00000000,0.00000000,290.000000,10.0000000,90.0000000,85.0000000,0.00000000,0.00000000,308.000000,320.000000,0.140000004E-1,0.130000003E-1,13.0000000,0.140000001,60.0000000,98000.0000,298.000000,0.800000038E-2,0.00000000,1.17999995,0.00000000,0.00000000,0.00000000,0.100212693,0.550000012,0.140000001,0.939999998,5.50000000,0.225136146,0.108943861E-1,0.254662424,0.254662424,291.099060,-89.6292572,0.631707153E-4,157.926788,7.52274132,0.00000000,0.00000000,0.00000000,206.688217,3.25000000,0.00000000,0.914314762E-2,0.00000000,0.00000000,0.906030834E-2,0.130529208E-1,1.00000000,296.000000,22.8500061,440.213013,1398.88232,-1000.00000,0.00000000,0.00000000,0.154875457,0.119999997,295.000031,0.712418258E-1,0.00000000,0.00000000,0.00000000,0.00000000,0.882891491E-1,0.550000012,0.140000001,0.939999998,5.50000000,0.346954226,0.108943861E-1,0.254662424,0.254662424,291.514984,-84.2272415,0.820864952E-4,205.216232,7.55229282,0.00000000,0.00000000,0.00000000,130.867859,3.25000000,0.00000000,0.988370180E-2,0.00000000,0.00000000,0.978697091E-2,0.133985365E-1,1.00000000,296.000000,22.8500061,466.682983,1398.88232,-1000.00000,0.00000000,0.00000000,0.166384369,0.154875457,295.000031,0.109992340,0.00000000
2,2,mixed_cover_forest,6,180.000000,2,F,F,1,1,T,16,24,0.500000000,28,19,1,1004.50000,0.285714298,9.81000042,2500000.00,0.567051011E-7,0.600000024,15,4,1.00000000,0.00000000,290.000000,10.0000000,90.0000000,85.0000000,0.00000000,0.00000000,308.000000,320.000000,0.140000004E-1,0.130000003E-1,13.0000000,0.140000001,60.0000000,98000.0000,298.000000,0.800000038E-2,0.00000000,1.17999995,0.00000000,0.00000000,0.00000000,0.100212693,0.550000012,0.140000001,0.939999998,5.50000000,0.225136146,0.108943861E-1,0.254662424,0.254662424,291.099060,-89.6292572,0.631707153E-4,157.926788,7.52274132,0.00000000,0.00000000,0.00000000,206.688217,3.25000000,0.00000000,0.914314762E-2,0.00000000,0.00000000,0.906030834E-2,0.130529208E-1,1.00000000,296.000000,22.8500061,440.213013,1398.88232,-1000.00000,0.00000000,0.00000000,0.154875457,0.119999997,294.999969,0.712418258E-1,0.00000000,0.00000000,0.00000000,0.00000000,0.882891491E-1,0.550000012,0.140000001,0.939999998,5.50000000,0.346954226,0.108943861E-1,0.254662424,0.254662424,291.514984,-84.2272415,0.820864952E-4,205.216232,7.55229282,0.00000000,0.00000000,0.00000000,130.867859,3.25000000,0.00000000,0.988370180E-2,0.00000000,0.00000000,0.978697091E-2,0.133985365E-1,1.00000000,296.000000,22.8500061,466.682983,1398.88232,-1000.00000,0.00000000,0.00000000,0.166384369,0.154875457,295.000000,0.109992340,0.00000000
2,2,mixed_cover_forest,7,180.000000,2,F,F,1,1,T,16,24,0.500000000,28,19,1,1004.50000,0.285714298,9.81000042,2500000.00,0.567051011E-7,1.00000000,15,4,1.00000000,0.00000000,290.000000,10.0000000,90.0000000,85.0000000,0.00000000,0.00000000,308.000000,320.000000,0.140000004E-1,0.130000003E-1,13.0000000,0.140000001,60.0000000,98000.0000,298.000000,0.800000038E-2,0.00000000,1.17999995,0.00000000,0.00000000,0.00000000,0.100212693,0.550000012,0.140000001,0.939999998,5.50000000,0.225136146,0.108943861E-1,0.254662424,0.254662424,291.099060,-89.6292572,0.631707153E-4,157.926788,7.52274132,0.00000000,0.00000000,0.00000000,206.688217,3.25000000,0.00000000,0.914314762E-2,0.00000000,0.00000000,0.906030834E-2,0.130529208E-1,1.00000000,296.000000,22.8500061,440.213013,1398.88232,-1000.00000,0.00000000,0.00000000,0.154875457,0.119999997,295.000000,0.712418258E-1,0.00000000,0.00000000,0.00000000,0.00000000,0.882891491E-1,0.550000012,0.140000001,0.939999998,5.50000000,0.346954226,0.108943861E-1,0.254662424,0.254662424,291.514984,-84.2272415,0.820864952E-4,205.216232,7.55229282,0.00000000,0.00000000,0.00000000,130.867859,3.25000000,0.00000000,0.988370180E-2,0.00000000,0.00000000,0.978697091E-2,0.133985365E-1,1.00000000,296.000000,22.8500061,466.682983,1398.88232,-1000.00000,0.00000000,0.00000000,0.166384369,0.154875457,294.999969,0.109992340,0.00000000
2,2,mixed_cover_forest,8,180.000000,2,F,F,1,1,T,16,24,0.500000000,28,19,1,1004.50000,0.285714298,9.81000042,2500000.00,0.567051011E-7,1.60000002,15,4,1.00000000,0.00000000,290.000000,10.0000000,90.0000000,85.0000000,0.00000000,0.00000000,308.000000,320.000000,0.140000004E-1,0.130000003E-1,13.0000000,0.140000001,60.0000000,98000.0000,298.000000,0.800000038E-2,0.00000000,1.17999995,0.00000000,0.00000000,0.00000000,0.100212693,0.550000012,0.140000001,0.939999998,5.50000000,0.225136146,0.108943861E-1,0.254662424,0.254662424,291.099060,-89.6292572,0.631707153E-4,157.926788,7.52274132,0.00000000,0.00000000,0.00000000,206.688217,3.25000000,0.00000000,0.914314762E-2,0.00000000,0.00000000,0.906030834E-2,0.130529208E-1,1.00000000,296.000000,22.8500061,440.213013,1398.88232,-1000.00000,0.00000000,0.00000000,0.154875457,0.119999997,295.000000,0.712418258E-1,0.00000000,0.00000000,0.00000000,0.00000000,0.882891491E-1,0.550000012,0.140000001,0.939999998,5.50000000,0.346954226,0.108943861E-1,0.254662424,0.254662424,291.514984,-84.2272415,0.820864952E-4,205.216232,7.55229282,0.00000000,0.00000000,0.00000000,130.867859,3.25000000,0.00000000,0.988370180E-2,0.00000000,0.00000000,0.978697091E-2,0.133985365E-1,1.00000000,296.000000,22.8500061,466.682983,1398.88232,-1000.00000,0.00000000,0.00000000,0.166384369,0.154875457,294.999634,0.109992340,0.00000000
2,2,mixed_cover_forest,9,180.000000,2,F,F,1,1,T,16,24,0.500000000,28,19,1,1004.50000,0.285714298,9.81000042,2500000.00,0.567051011E-7,3.00000000,15,4,1.00000000,0.00000000,290.000000,10.0000000,90.0000000,85.0000000,0.00000000,0.00000000,308.000000,320.000000,0.140000004E-1,0.130000003E-1,13.0000000,0.140000001,60.0000000,98000.0000,298.000000,0.800000038E-2,0.00000000,1.17999995,0.00000000,0.00000000,0.00000000,0.100212693,0.550000012,0.140000001,0.939999998,5.50000000,0.225136146,0.108943861E-1,0.254662424,0.254662424,291.099060,-89.6292572,0.631707153E-4,157.926788,7.52274132,0.00000000,0.00000000,0.00000000,206.688217,3.25000000,0.00000000,0.914314762E-2,0.00000000,0.00000000,0.906030834E-2,0.130529208E-1,1.00000000,296.000000,22.8500061,440.213013,1398.88232,-1000.00000,0.00000000,0.00000000,0.119999997,0.119999997,290.000000,0.712418258E-1,0.00000000,0.00000000,0.00000000,0.00000000,0.882891491E-1,0.550000012,0.140000001,0.939999998,5.50000000,0.346954226,0.108943861E-1,0.254662424,0.254662424,291.514984,-84.2272415,0.820864952E-4,205.216232,7.55229282,0.00000000,0.00000000,0.00000000,130.867859,3.25000000,0.00000000,0.988370180E-2,0.00000000,0.00000000,0.978697091E-2,0.133985365E-1,1.00000000,296.000000,22.8500061,466.682983,1398.88232,-1000.00000,0.00000000,0.00000000,0.119999997,0.119999997,290.000000,0.712418258E-1,0.00000000
2,2,mixed_cover_savanna,1,180.000000,2,F,F,1,1,T,16,24,0.500000000,28,19,1,1004.50000,0.285714298,9.81000042,2500000.00,0.567051011E-7,0.00000000,17,4,1.00000000,0.00000000,290.000000,10.0000000,90.0000000,85.0000000,0.00000000,0.00000000,362.000000,460.000000,0.170000009E-1,0.160000008E-1,16.0000000,0.140000001,60.0000000,98000.0000,298.000000,0.800000038E-2,0.399999990E-4,1.17999995,0.00000000,0.00000000,0.00000000,0.206334546,0.589999974,0.140000001,0.949999988,5.71999979,0.224709615,0.134084746E-1,0.254662424,0.254662424,291.907898,-97.3834915,0.883848697E-4,220.962173,7.53181839,0.00000000,0.00000000,0.00000000,163.831619,3.25000000,0.00000000,0.929684099E-2,0.00000000,0.00000000,0.921120495E-2,0.137322722E-1,1.00000000,296.000000,22.8500061,387.899628,1398.88232,-1000.00000,0.00000000,0.00000000,0.154732808,0.119999997,291.907898,0.712418258E-1,0.00000000,0.00000000,0.00000000,0.00000000,0.189328298,0.589999974,0.140000001,0.949999988,5.71999979,0.345992446,0.134084746E-1,0.254662424,0.254662424,292.494324,-88.0093536,0.117292264E-3,293.230652,7.57404327,0.00000000,0.00000000,0.00000000,87.7133942,3.25000000,0.00000000,0.101779103E-1,0.00000000,0.00000000,0.100753652E-1,0.142442333E-1,1.00000000,296.000000,22.8500061,397.105927,1398.88232,-1000.00000,0.00000000,0.00000000,0.166075885,0.154732808,292.494324,0.109833837,0.00000000
2,2,mixed_cover_savanna,2,180.000000,2,F,F,1,1,T,16,24,0.500000000,28,19,1,1004.50000,0.285714298,9.81000042,2500000.00,0.567051011E-7,0.999999978E-2,17,4,1.00000000,0.00000000,290.000000,10.0000000,90.0000000,85.0000000,0.00000000,0.00000000,362.000000,460.000000,0.170000009E-1,0.160000008E-1,16.0000000,0.140000001,60.0000000,98000.0000,298.000000,0.800000038E-2,0.399999990E-4,1.17999995,0.00000000,0.00000000,0.00000000,0.206334546,0.589999974,0.140000001,0.949999988,5.71999979,0.224709615,0.134084746E-1,0.254662424,0.254662424,291.907898,-97.3834915,0.883848697E-4,220.962173,7.53181839,0.00000000,0.00000000,0.00000000,163.831619,3.25000000,0.00000000,0.929684099E-2,0.00000000,0.00000000,0.921120495E-2,0.137322722E-1,1.00000000,296.000000,22.8500061,387.899628,1398.88232,-1000.00000,0.00000000,0.00000000,0.154875278,0.119999997,294.422668,0.712418258E-1,0.00000000,0.00000000,0.00000000,0.00000000,0.189328298,0.589999974,0.140000001,0.949999988,5.71999979,0.345992446,0.134084746E-1,0.254662424,0.254662424,292.494324,-88.0093536,0.117292264E-3,293.230652,7.57404327,0.00000000,0.00000000,0.00000000,87.7133942,3.25000000,0.00000000,0.101779103E-1,0.00000000,0.00000000,0.100753652E-1,0.142442333E-1,1.00000000,296.000000,22.8500061,397.105927,1398.88232,-1000.00000,0.00000000,0.00000000,0.166383699,0.154875278,293.626556,0.109992139,0.00000000
2,2,mixed_cover_savanna,3,180.000000,2,F,F,1,1,T,16,24,0.500000000,28,19,1,1004.50000,0.285714298,9.81000042,2500000.00,0.567051011E-7,0.399999991E-1,17,4,1.00000000,0.00000000,290.000000,10.0000000,90.0000000,85.0000000,0.00000000,0.00000000,362.000000,460.000000,0.170000009E-1,0.160000008E-1,16.0000000,0.140000001,60.0000000,98000.0000,298.000000,0.800000038E-2,0.399999990E-4,1.17999995,0.00000000,0.00000000,0.00000000,0.206334546,0.589999974,0.140000001,0.949999988,5.71999979,0.224709615,0.134084746E-1,0.254662424,0.254662424,291.907898,-97.3834915,0.883848697E-4,220.962173,7.53181839,0.00000000,0.00000000,0.00000000,163.831619,3.25000000,0.00000000,0.929684099E-2,0.00000000,0.00000000,0.921120495E-2,0.137322722E-1,1.00000000,296.000000,22.8500061,387.899628,1398.88232,-1000.00000,0.00000000,0.00000000,0.154875398,0.119999997,294.979889,0.712418258E-1,0.00000000,0.00000000,0.00000000,0.00000000,0.189328298,0.589999974,0.140000001,0.949999988,5.71999979,0.345992446,0.134084746E-1,0.254662424,0.254662424,292.494324,-88.0093536,0.117292264E-3,293.230652,7.57404327,0.00000000,0.00000000,0.00000000,87.7133942,3.25000000,0.00000000,0.101779103E-1,0.00000000,0.00000000,0.100753652E-1,0.142442333E-1,1.00000000,296.000000,22.8500061,397.105927,1398.88232,-1000.00000,0.00000000,0.00000000,0.166384250,0.154875398,294.910400,0.109992273,0.00000000
2,2,mixed_cover_savanna,4,180.000000,2,F,F,1,1,T,16,24,0.500000000,28,19,1,1004.50000,0.285714298,9.81000042,2500000.00,0.567051011E-7,0.100000001,17,4,1.00000000,0.00000000,290.000000,10.0000000,90.0000000,85.0000000,0.00000000,0.00000000,362.000000,460.000000,0.170000009E-1,0.160000008E-1,16.0000000,0.140000001,60.0000000,98000.0000,298.000000,0.800000038E-2,0.399999990E-4,1.17999995,0.00000000,0.00000000,0.00000000,0.206334546,0.589999974,0.140000001,0.949999988,5.71999979,0.224709615,0.134084746E-1,0.254662424,0.254662424,291.907898,-97.3834915,0.883848697E-4,220.962173,7.53181839,0.00000000,0.00000000,0.00000000,163.831619,3.25000000,0.00000000,0.929684099E-2,0.00000000,0.00000000,0.921120495E-2,0.137322722E-1,1.00000000,296.000000,22.8500061,387.899628,1398.88232,-1000.00000,0.00000000,0.00000000,0.154875427,0.119999997,294.999908,0.712418258E-1,0.00000000,0.00000000,0.00000000,0.00000000,0.189328298,0.589999974,0.140000001,0.949999988,5.71999979,0.345992446,0.134084746E-1,0.254662424,0.254662424,292.494324,-88.0093536,0.117292264E-3,293.230652,7.57404327,0.00000000,0.00000000,0.00000000,87.7133942,3.25000000,0.00000000,0.101779103E-1,0.00000000,0.00000000,0.100753652E-1,0.142442333E-1,1.00000000,296.000000,22.8500061,397.105927,1398.88232,-1000.00000,0.00000000,0.00000000,0.166384324,0.154875427,294.999207,0.109992303,0.00000000
2,2,mixed_cover_savanna,5,180.000000,2,F,F,1,1,T,16,24,0.500000000,28,19,1,1004.50000,0.285714298,9.81000042,2500000.00,0.567051011E-7,0.300000012,17,4,1.00000000,0.00000000,290.000000,10.0000000,90.0000000,85.0000000,0.00000000,0.00000000,362.000000,460.000000,0.170000009E-1,0.160000008E-1,16.0000000,0.140000001,60.0000000,98000.0000,298.000000,0.800000038E-2,0.399999990E-4,1.17999995,0.00000000,0.00000000,0.00000000,0.206334546,0.589999974,0.140000001,0.949999988,5.71999979,0.224709615,0.134084746E-1,0.254662424,0.254662424,291.907898,-97.3834915,0.883848697E-4,220.962173,7.53181839,0.00000000,0.00000000,0.00000000,163.831619,3.25000000,0.00000000,0.929684099E-2,0.00000000,0.00000000,0.921120495E-2,0.137322722E-1,1.00000000,296.000000,22.8500061,387.899628,1398.88232,-1000.00000,0.00000000,0.00000000,0.154875457,0.119999997,295.000031,0.712418258E-1,0.00000000,0.00000000,0.00000000,0.00000000,0.189328298,0.589999974,0.140000001,0.949999988,5.71999979,0.345992446,0.134084746E-1,0.254662424,0.254662424,292.494324,-88.0093536,0.117292264E-3,293.230652,7.57404327,0.00000000,0.00000000,0.00000000,87.7133942,3.25000000,0.00000000,0.101779103E-1,0.00000000,0.00000000,0.100753652E-1,0.142442333E-1,1.00000000,296.000000,22.8500061,397.105927,1398.88232,-1000.00000,0.00000000,0.00000000,0.166384354,0.154875457,295.000031,0.109992340,0.00000000
2,2,mixed_cover_savanna,6,180.000000,2,F,F,1,1,T,16,24,0.500000000,28,19,1,1004.50000,0.285714298,9.81000042,2500000.00,0.567051011E-7,0.600000024,17,4,1.00000000,0.00000000,290.000000,10.0000000,90.0000000,85.0000000,0.00000000,0.00000000,362.000000,460.000000,0.170000009E-1,0.160000008E-1,16.0000000,0.140000001,60.0000000,98000.0000,298.000000,0.800000038E-2,0.399999990E-4,1.17999995,0.00000000,0.00000000,0.00000000,0.206334546,0.589999974,0.140000001,0.949999988,5.71999979,0.224709615,0.134084746E-1,0.254662424,0.254662424,291.907898,-97.3834915,0.883848697E-4,220.962173,7.53181839,0.00000000,0.00000000,0.00000000,163.831619,3.25000000,0.00000000,0.929684099E-2,0.00000000,0.00000000,0.921120495E-2,0.137322722E-1,1.00000000,296.000000,22.8500061,387.899628,1398.88232,-1000.00000,0.00000000,0.00000000,0.154875457,0.119999997,294.999969,0.712418258E-1,0.00000000,0.00000000,0.00000000,0.00000000,0.189328298,0.589999974,0.140000001,0.949999988,5.71999979,0.345992446,0.134084746E-1,0.254662424,0.254662424,292.494324,-88.0093536,0.117292264E-3,293.230652,7.57404327,0.00000000,0.00000000,0.00000000,87.7133942,3.25000000,0.00000000,0.101779103E-1,0.00000000,0.00000000,0.100753652E-1,0.142442333E-1,1.00000000,296.000000,22.8500061,397.105927,1398.88232,-1000.00000,0.00000000,0.00000000,0.166384354,0.154875457,294.999969,0.109992340,0.00000000
2,2,mixed_cover_savanna,7,180.000000,2,F,F,1,1,T,16,24,0.500000000,28,19,1,1004.50000,0.285714298,9.81000042,2500000.00,0.567051011E-7,1.00000000,17,4,1.00000000,0.00000000,290.000000,10.0000000,90.0000000,85.0000000,0.00000000,0.00000000,362.000000,460.000000,0.170000009E-1,0.160000008E-1,16.0000000,0.140000001,60.0000000,98000.0000,298.000000,0.800000038E-2,0.399999990E-4,1.17999995,0.00000000,0.00000000,0.00000000,0.206334546,0.589999974,0.140000001,0.949999988,5.71999979,0.224709615,0.134084746E-1,0.254662424,0.254662424,291.907898,-97.3834915,0.883848697E-4,220.962173,7.53181839,0.00000000,0.00000000,0.00000000,163.831619,3.25000000,0.00000000,0.929684099E-2,0.00000000,0.00000000,0.921120495E-2,0.137322722E-1,1.00000000,296.000000,22.8500061,387.899628,1398.88232,-1000.00000,0.00000000,0.00000000,0.119999997,0.119999997,295.000000,0.712418258E-1,0.00000000,0.00000000,0.00000000,0.00000000,0.189328298,0.589999974,0.140000001,0.949999988,5.71999979,0.345992446,0.134084746E-1,0.254662424,0.254662424,292.494324,-88.0093536,0.117292264E-3,293.230652,7.57404327,0.00000000,0.00000000,0.00000000,87.7133942,3.25000000,0.00000000,0.101779103E-1,0.00000000,0.00000000,0.100753652E-1,0.142442333E-1,1.00000000,296.000000,22.8500061,397.105927,1398.88232,-1000.00000,0.00000000,0.00000000,0.120000012,0.119999997,294.999969,0.712418258E-1,0.00000000
2,2,mixed_cover_savanna,8,180.000000,2,F,F,1,1,T,16,24,0.500000000,28,19,1,1004.50000,0.285714298,9.81000042,2500000.00,0.567051011E-7,1.60000002,17,4,1.00000000,0.00000000,290.000000,10.0000000,90.0000000,85.0000000,0.00000000,0.00000000,362.000000,460.000000,0.170000009E-1,0.160000008E-1,16.0000000,0.140000001,60.0000000,98000.0000,298.000000,0.800000038E-2,0.399999990E-4,1.17999995,0.00000000,0.00000000,0.00000000,0.206334546,0.589999974,0.140000001,0.949999988,5.71999979,0.224709615,0.134084746E-1,0.254662424,0.254662424,291.907898,-97.3834915,0.883848697E-4,220.962173,7.53181839,0.00000000,0.00000000,0.00000000,163.831619,3.25000000,0.00000000,0.929684099E-2,0.00000000,0.00000000,0.921120495E-2,0.137322722E-1,1.00000000,296.000000,22.8500061,387.899628,1398.88232,-1000.00000,0.00000000,0.00000000,0.119999997,0.119999997,295.000000,0.712418258E-1,0.00000000,0.00000000,0.00000000,0.00000000,0.189328298,0.589999974,0.140000001,0.949999988,5.71999979,0.345992446,0.134084746E-1,0.254662424,0.254662424,292.494324,-88.0093536,0.117292264E-3,293.230652,7.57404327,0.00000000,0.00000000,0.00000000,87.7133942,3.25000000,0.00000000,0.101779103E-1,0.00000000,0.00000000,0.100753652E-1,0.142442333E-1,1.00000000,296.000000,22.8500061,397.105927,1398.88232,-1000.00000,0.00000000,0.00000000,0.119999997,0.119999997,294.999664,0.712418258E-1,0.00000000
2,2,mixed_cover_savanna,9,180.000000,2,F,F,1,1,T,16,24,0.500000000,28,19,1,1004.50000,0.285714298,9.81000042,2500000.00,0.567051011E-7,3.00000000,17,4,1.00000000,0.00000000,290.000000,10.0000000,90.0000000,85.0000000,0.00000000,0.00000000,362.000000,460.000000,0.170000009E-1,0.160000008E-1,16.0000000,0.140000001,60.0000000,98000.0000,298.000000,0.800000038E-2,0.399999990E-4,1.17999995,0.00000000,0.00000000,0.00000000,0.206334546,0.589999974,0.140000001,0.949999988,5.71999979,0.224709615,0.134084746E-1,0.254662424,0.254662424,291.907898,-97.3834915,0.883848697E-4,220.962173,7.53181839,0.00000000,0.00000000,0.00000000,163.831619,3.25000000,0.00000000,0.929684099E-2,0.00000000,0.00000000,0.921120495E-2,0.137322722E-1,1.00000000,296.000000,22.8500061,387.899628,1398.88232,-1000.00000,0.00000000,0.00000000,0.119999997,0.119999997,290.000000,0.712418258E-1,0.00000000,0.00000000,0.00000000,0.00000000,0.189328298,0.589999974,0.140000001,0.949999988,5.71999979,0.345992446,0.134084746E-1,0.254662424,0.254662424,292.494324,-88.0093536,0.117292264E-3,293.230652,7.57404327,0.00000000,0.00000000,0.00000000,87.7133942,3.25000000,0.00000000,0.101779103E-1,0.00000000,0.00000000,0.100753652E-1,0.142442333E-1,1.00000000,296.000000,22.8500061,397.105927,1398.88232,-1000.00000,0.00000000,0.00000000,0.119999997,0.119999997,290.000000,0.712418258E-1,0.00000000
2,2,mixed_cover_shrub,1,180.000000,2,F,F,1,1,T,16,24,0.500000000,28,19,1,1004.50000,0.285714298,9.81000042,2500000.00,0.567051011E-7,0.00000000,22,4,1.00000000,0.00000000,290.000000,10.0000000,90.0000000,85.0000000,0.00000000,0.00000000,238.000000,195.000000,0.600000005E-2,0.499999989E-2,5.00000000,0.150000006,60.0000000,98000.0000,298.000000,0.800000038E-2,0.00000000,1.17999995,0.00000000,0.00000000,0.00000000,0.894859154E-2,0.649999976,0.150000006,0.920000017,3.34999990,0.226024687,0.419014832E-2,0.254662424,0.254662424,287.678375,-51.5603943,0.754333996E-5,18.8583508,7.50271606,0.00000000,0.00000000,0.00000000,387.930084,3.25000000,0.00000000,0.856442936E-2,0.00000000,0.00000000,0.849170238E-2,0.104948767E-1,1.00000000,296.000000,22.8500061,387.900238,1398.88232,-1000.00000,0.00000000,0.00000000,0.154855803,0.119999997,287.678375,0.712418258E-1,0.00000000,0.00000000,0.00000000,0.00000000,0.746103004E-2,0.649999976,0.150000006,0.920000017,3.34999990,0.348757356,0.419014832E-2,0.254662424,0.254662424,288.807129,-45.9218445,0.120109034E-4,30.0272579,7.50704002,0.00000000,0.00000000,0.00000000,223.943344,3.25000000,0.00000000,0.914730318E-2,0.00000000,0.00000000,0.906438846E-2,0.112853162E-1,1.00000000,296.000000,22.8500061,397.107239,1398.88232,-1000.00000,0.00000000,0.00000000,0.166334480,0.154855803,288.807129,0.109970503,0.00000000
2,2,mixed_cover_shrub,2,180.000000,2,F,F,1,1,T,16,24,0.500000000,28,19,1,1004.50000,0.285714298,9.81000042,2500000.00,0.567051011E-7,0.999999978E-2,22,4,1.00000000,0.00000000,290.000000,10.0000000,90.0000000,85.0000000,0.00000000,0.00000000,238.000000,195.000000,0.600000005E-2,0.499999989E-2,5.00000000,0.150000006,60.0000000,98000.0000,298.000000,0.800000038E-2,0.00000000,1.17999995,0.00000000,0.00000000,0.00000000,0.894859154E-2,0.649999976,0.150000006,0.920000017,3.34999990,0.226024687,0.419014832E-2,0.254662424,0.254662424,287.678375,-51.5603943,0.754333996E-5,18.8583508,7.50271606,0.00000000,0.00000000,0.00000000,387.930084,3.25000000,0.00000000,0.856442936E-2,0.00000000,0.00000000,0.849170238E-2,0.104948767E-1,1.00000000,296.000000,22.8500061,387.900238,1398.88232,-1000.00000,0.00000000,0.00000000,0.154875427,0.119999997,293.632996,0.712418258E-1,0.00000000,0.00000000,0.00000000,0.00000000,0.746103004E-2,0.649999976,0.150000006,0.920000017,3.34999990,0.348757356,0.419014832E-2,0.254662424,0.254662424,288.807129,-45.9218445,0.120109034E-4,30.0272579,7.50704002,0.00000000,0.00000000,0.00000000,223.943344,3.25000000,0.00000000,0.914730318E-2,0.00000000,0.00000000,0.906438846E-2,0.112853162E-1,1.00000000,296.000000,22.8500061,397.107239,1398.88232,-1000.00000,0.00000000,0.00000000,0.166384250,0.154875427,291.697144,0.109992303,0.00000000
2,2,mixed_cover_shrub,3,180.000000,2,F,F,1,1,T,16,24,0.500000000,28,19,1,1004.50000,0.285714298,9.81000042,2500000.00,0.567051011E-7,0.399999991E-1,22,4,1.00000000,0.00000000,290.000000,10.0000000,90.0000000,85.0000000,0.00000000,0.00000000,238.000000,195.000000,0.600000005E-2,0.499999989E-2,5.00000000,0.150000006,60.0000000,98000.0000,298.000000,0.800000038E-2,0.00000000,1.17999995,0.00000000,0.00000000,0.00000000,0.894859154E-2,0.649999976,0.150000006,0.920000017,3.34999990,0.226024687,0.419014832E-2,0.254662424,0.254662424,287.678375,-51.5603943,0.754333996E-5,18.8583508,7.50271606,0.00000000,0.00000000,0.00000000,387.930084,3.25000000,0.00000000,0.856442936E-2,0.00000000,0.00000000,0.849170238E-2,0.104948767E-1,1.00000000,296.000000,22.8500061,387.900238,1398.88232,-1000.00000,0.00000000,0.00000000,0.154875457,0.119999997,294.952393,0.712418258E-1,0.00000000,0.00000000,0.00000000,0.00000000,0.746103004E-2,0.649999976,0.150000006,0.920000017,3.34999990,0.348757356,0.419014832E-2,0.254662424,0.254662424,288.807129,-45.9218445,0.120109034E-4,30.0272579,7.50704002,0.00000000,0.00000000,0.00000000,223.943344,3.25000000,0.00000000,0.914730318E-2,0.00000000,0.00000000,0.906438846E-2,0.112853162E-1,1.00000000,296.000000,22.8500061,397.107239,1398.88232,-1000.00000,0.00000000,0.00000000,0.166384354,0.154875457,294.786011,0.109992340,0.00000000
2,2,mixed_cover_shrub,4,180.000000,2,F,F,1,1,T,16,24,0.500000000,28,19,1,1004.50000,0.285714298,9.81000042,2500000.00,0.567051011E-7,0.100000001,22,4,1.00000000,0.00000000,290.000000,10.0000000,90.0000000,85.0000000,0.00000000,0.00000000,238.000000,195.000000,0.600000005E-2,0.499999989E-2,5.00000000,0.150000006,60.0000000,98000.0000,298.000000,0.800000038E-2,0.00000000,1.17999995,0.00000000,0.00000000,0.00000000,0.894859154E-2,0.649999976,0.150000006,0.920000017,3.34999990,0.226024687,0.419014832E-2,0.254662424,0.254662424,287.678375,-51.5603943,0.754333996E-5,18.8583508,7.50271606,0.00000000,0.00000000,0.00000000,387.930084,3.25000000,0.00000000,0.856442936E-2,0.00000000,0.00000000,0.849170238E-2,0.104948767E-1,1.00000000,296.000000,22.8500061,387.900238,1398.88232,-1000.00000,0.00000000,0.00000000,0.154875457,0.119999997,294.999725,0.712418258E-1,0.00000000,0.00000000,0.00000000,0.00000000,0.746103004E-2,0.649999976,0.150000006,0.920000017,3.34999990,0.348757356,0.419014832E-2,0.254662424,0.254662424,288.807129,-45.9218445,0.120109034E-4,30.0272579,7.50704002,0.00000000,0.00000000,0.00000000,223.943344,3.25000000,0.00000000,0.914730318E-2,0.00000000,0.00000000,0.906438846E-2,0.112853162E-1,1.00000000,296.000000,22.8500061,397.107239,1398.88232,-1000.00000,0.00000000,0.00000000,0.166384369,0.154875457,294.998016,0.109992340,0.00000000
2,2,mixed_cover_shrub,5,180.000000,2,F,F,1,1,T,16,24,0.500000000,28,19,1,1004.50000,0.285714298,9.81000042,2500000.00,0.567051011E-7,0.300000012,22,4,1.00000000,0.00000000,290.000000,10.0000000,90.0000000,85.0000000,0.00000000,0.00000000,238.000000,195.000000,0.600000005E-2,0.499999989E-2,5.00000000,0.150000006,60.0000000,98000.0000,298.000000,0.800000038E-2,0.00000000,1.17999995,0.00000000,0.00000000,0.00000000,0.894859154E-2,0.649999976,0.150000006,0.920000017,3.34999990,0.226024687,0.419014832E-2,0.254662424,0.254662424,287.678375,-51.5603943,0.754333996E-5,18.8583508,7.50271606,0.00000000,0.00000000,0.00000000,387.930084,3.25000000,0.00000000,0.856442936E-2,0.00000000,0.00000000,0.849170238E-2,0.104948767E-1,1.00000000,296.000000,22.8500061,387.900238,1398.88232,-1000.00000,0.00000000,0.00000000,0.154875457,0.119999997,295.000031,0.712418258E-1,0.00000000,0.00000000,0.00000000,0.00000000,0.746103004E-2,0.649999976,0.150000006,0.920000017,3.34999990,0.348757356,0.419014832E-2,0.254662424,0.254662424,288.807129,-45.9218445,0.120109034E-4,30.0272579,7.50704002,0.00000000,0.00000000,0.00000000,223.943344,3.25000000,0.00000000,0.914730318E-2,0.00000000,0.00000000,0.906438846E-2,0.112853162E-1,1.00000000,296.000000,22.8500061,397.107239,1398.88232,-1000.00000,0.00000000,0.00000000,0.166384369,0.154875457,295.000031,0.109992340,0.00000000
2,2,mixed_cover_shrub,6,180.000000,2,F,F,1,1,T,16,24,0.500000000,28,19,1,1004.50000,0.285714298,9.81000042,2500000.00,0.567051011E-7,0.600000024,22,4,1.00000000,0.00000000,290.000000,10.0000000,90.0000000,85.0000000,0.00000000,0.00000000,238.000000,195.000000,0.600000005E-2,0.499999989E-2,5.00000000,0.150000006,60.0000000,98000.0000,298.000000,0.800000038E-2,0.00000000,1.17999995,0.00000000,0.00000000,0.00000000,0.894859154E-2,0.649999976,0.150000006,0.920000017,3.34999990,0.226024687,0.419014832E-2,0.254662424,0.254662424,287.678375,-51.5603943,0.754333996E-5,18.8583508,7.50271606,0.00000000,0.00000000,0.00000000,387.930084,3.25000000,0.00000000,0.856442936E-2,0.00000000,0.00000000,0.849170238E-2,0.104948767E-1,1.00000000,296.000000,22.8500061,387.900238,1398.88232,-1000.00000,0.00000000,0.00000000,0.154875457,0.119999997,294.999969,0.712418258E-1,0.00000000,0.00000000,0.00000000,0.00000000,0.746103004E-2,0.649999976,0.150000006,0.920000017,3.34999990,0.348757356,0.419014832E-2,0.254662424,0.254662424,288.807129,-45.9218445,0.120109034E-4,30.0272579,7.50704002,0.00000000,0.00000000,0.00000000,223.943344,3.25000000,0.00000000,0.914730318E-2,0.00000000,0.00000000,0.906438846E-2,0.112853162E-1,1.00000000,296.000000,22.8500061,397.107239,1398.88232,-1000.00000,0.00000000,0.00000000,0.166384354,0.154875457,294.999969,0.109992340,0.00000000
2,2,mixed_cover_shrub,7,180.000000,2,F,F,1,1,T,16,24,0.500000000,28,19,1,1004.50000,0.285714298,9.81000042,2500000.00,0.567051011E-7,1.00000000,22,4,1.00000000,0.00000000,290.000000,10.0000000,90.0000000,85.0000000,0.00000000,0.00000000,238.000000,195.000000,0.600000005E-2,0.499999989E-2,5.00000000,0.150000006,60.0000000,98000.0000,298.000000,0.800000038E-2,0.00000000,1.17999995,0.00000000,0.00000000,0.00000000,0.894859154E-2,0.649999976,0.150000006,0.920000017,3.34999990,0.226024687,0.419014832E-2,0.254662424,0.254662424,287.678375,-51.5603943,0.754333996E-5,18.8583508,7.50271606,0.00000000,0.00000000,0.00000000,387.930084,3.25000000,0.00000000,0.856442936E-2,0.00000000,0.00000000,0.849170238E-2,0.104948767E-1,1.00000000,296.000000,22.8500061,387.900238,1398.88232,-1000.00000,0.00000000,0.00000000,0.119999997,0.119999997,295.000000,0.712418258E-1,0.00000000,0.00000000,0.00000000,0.00000000,0.746103004E-2,0.649999976,0.150000006,0.920000017,3.34999990,0.348757356,0.419014832E-2,0.254662424,0.254662424,288.807129,-45.9218445,0.120109034E-4,30.0272579,7.50704002,0.00000000,0.00000000,0.00000000,223.943344,3.25000000,0.00000000,0.914730318E-2,0.00000000,0.00000000,0.906438846E-2,0.112853162E-1,1.00000000,296.000000,22.8500061,397.107239,1398.88232,-1000.00000,0.00000000,0.00000000,0.120000012,0.119999997,294.999969,0.712418258E-1,0.00000000
2,2,mixed_cover_shrub,8,180.000000,2,F,F,1,1,T,16,24,0.500000000,28,19,1,1004.50000,0.285714298,9.81000042,2500000.00,0.567051011E-7,1.60000002,22,4,1.00000000,0.00000000,290.000000,10.0000000,90.0000000,85.0000000,0.00000000,0.00000000,238.000000,195.000000,0.600000005E-2,0.499999989E-2,5.00000000,0.150000006,60.0000000,98000.0000,298.000000,0.800000038E-2,0.00000000,1.17999995,0.00000000,0.00000000,0.00000000,0.894859154E-2,0.649999976,0.150000006,0.920000017,3.34999990,0.226024687,0.419014832E-2,0.254662424,0.254662424,287.678375,-51.5603943,0.754333996E-5,18.8583508,7.50271606,0.00000000,0.00000000,0.00000000,387.930084,3.25000000,0.00000000,0.856442936E-2,0.00000000,0.00000000,0.849170238E-2,0.104948767E-1,1.00000000,296.000000,22.8500061,387.900238,1398.88232,-1000.00000,0.00000000,0.00000000,0.119999997,0.119999997,295.000000,0.712418258E-1,0.00000000,0.00000000,0.00000000,0.00000000,0.746103004E-2,0.649999976,0.150000006,0.920000017,3.34999990,0.348757356,0.419014832E-2,0.254662424,0.254662424,288.807129,-45.9218445,0.120109034E-4,30.0272579,7.50704002,0.00000000,0.00000000,0.00000000,223.943344,3.25000000,0.00000000,0.914730318E-2,0.00000000,0.00000000,0.906438846E-2,0.112853162E-1,1.00000000,296.000000,22.8500061,397.107239,1398.88232,-1000.00000,0.00000000,0.00000000,0.119999997,0.119999997,294.999664,0.712418258E-1,0.00000000
2,2,mixed_cover_shrub,9,180.000000,2,F,F,1,1,T,16,24,0.500000000,28,19,1,1004.50000,0.285714298,9.81000042,2500000.00,0.567051011E-7,3.00000000,22,4,1.00000000,0.00000000,290.000000,10.0000000,90.0000000,85.0000000,0.00000000,0.00000000,238.000000,195.000000,0.600000005E-2,0.499999989E-2,5.00000000,0.150000006,60.0000000,98000.0000,298.000000,0.800000038E-2,0.00000000,1.17999995,0.00000000,0.00000000,0.00000000,0.894859154E-2,0.649999976,0.150000006,0.920000017,3.34999990,0.226024687,0.419014832E-2,0.254662424,0.254662424,287.678375,-51.5603943,0.754333996E-5,18.8583508,7.50271606,0.00000000,0.00000000,0.00000000,387.930084,3.25000000,0.00000000,0.856442936E-2,0.00000000,0.00000000,0.849170238E-2,0.104948767E-1,1.00000000,296.000000,22.8500061,387.900238,1398.88232,-1000.00000,0.00000000,0.00000000,0.119999997,0.119999997,290.000000,0.712418258E-1,0.00000000,0.00000000,0.00000000,0.00000000,0.746103004E-2,0.649999976,0.150000006,0.920000017,3.34999990,0.348757356,0.419014832E-2,0.254662424,0.254662424,288.807129,-45.9218445,0.120109034E-4,30.0272579,7.50704002,0.00000000,0.00000000,0.00000000,223.943344,3.25000000,0.00000000,0.914730318E-2,0.00000000,0.00000000,0.906438846E-2,0.112853162E-1,1.00000000,296.000000,22.8500061,397.107239,1398.88232,-1000.00000,0.00000000,0.00000000,0.119999997,0.119999997,290.000000,0.712418258E-1,0.00000000
