c07e6912,3d823902
c07cd224,3d847be6
c07b3b36,3d86c8d7
c079a448,3d892002
c0780d5a,3d8b8194
c076766c,3d8dedbc
c074df7e,3d9064aa
c0734890,3d92e68b
c071b1a2,3d957393
c0701ab4,3d980bf1
c06e83c6,3d9aafd8
c06cecd8,3d9d5f7d
c06b55ea,3da01b12
c069befd,3da2e2cb
c068280f,3da5b6e2
c0669121,3da8978c
c064fa33,3dab8500
c0636345,3dae7f78
c061cc57,3db1872e
c0603569,3db49c5b
c05e9e7b,3db7bf3d
c05d078d,3dbaf010
c05b709f,3dbe2f13
c059d9b1,3dc17c83
c05842c3,3dc4d8a2
c056abd5,3dc843b0
c05514e8,3dcbbdee
c0537dfa,3dcf47a4
c051e70c,3dd2e113
c050501e,3dd68a83
c04eb930,3dda443b
c04d2242,3dde0e82
c04b8b54,3de1e9a2
c049f466,3de5d5e6
c0485d78,3de9d39b
c046c68a,3dede30d
c0452f9c,3df2048c
c04398ae,3df63869
c04201c0,3dfa7ef3
c0406ad2,3dfed880
c03ed3e5,3e01a2b0
c03d3cf7,3e03e2f7
c03ba609,3e062d40
c03a0f1b,3e0881b8
c038782d,3e0ae08a
c036e13f,3e0d49e7
c0354a51,3e0fbdfc
c033b363,3e123cf9
c0321c75,3e14c70e
c0308587,3e175c6d
c02eee99,3e19fd49
c02d57ab,3e1ca9d3
c02bc0bd,3e1f6241
c02a29d0,3e2226c4
c02892e2,3e24f797
c026fbf4,3e27d4ef
c0256506,3e2abf02
c023ce18,3e2db60a
c022372a,3e30ba40
c020a03c,3e33cbdf
c01f094e,3e36eb22
c01d7260,3e3a1846
c01bdb72,3e3d5389
c01a4484,3e409d2a
c018ad96,3e43f567
c01716a8,3e475c84
c0157fba,3e4ad2c0
c013e8cd,3e4e585e
c01251df,3e51eda6
c010baf1,3e5592dc
c00f2403,3e594847
c00d8d15,3e5d0e2d
c00bf627,3e60e4da
c00a5f39,3e64cc97
c008c84b,3e68c5b0
c007315d,3e6cd073
c0059a6f,3e70ed2d
c0040381,3e751c30
c0026c93,3e795dcb
c000d5a5,3e7db252
bfff3eb8,3e80863f
bffda7ca,3e81a2b0
bffc10dc,3e82c196
bffa79ee,3e83e2f7
bff8e300,3e8506d9
bff74c12,3e862d40
bff5b524,3e875633
bff41e36,3e8881b8
bff28748,3e89afd3
bff0f05a,3e8ae08a
bfef596c,3e8c13e5
bfedc27e,3e8d49e7
bfec2b90,3e8e8297
bfea94a2,3e8fbdfc
bfe8fdb5,3e90fc19
bfe766c7,3e923cf8
bfe5cfd9,3e93809c
bfe438eb,3e94c70d
bfe2a1fd,3e961051
bfe10b0f,3e975c6d
bfdf7421,3e98ab68
bfdddd33,3e99fd48
bfdc4645,3e9b5214
bfdaaf57,3e9ca9d2
bfd91869,3e9e0489
bfd7817b,3e9f6240
bfd5ea8d,3ea0c2fc
bfd453a0,3ea226c4
bfd2bcb2,3ea38da1
bfd125c4,3ea4f797
bfcf8ed6,3ea664af
bfcdf7e8,3ea7d4ef
bfcc60fa,3ea9485d
bfcaca0c,3eaabf02
bfc9331e,3eac38e4
bfc79c30,3eadb60a
bfc60542,3eaf367c
bfc46e54,3eb0ba40
bfc2d766,3eb2415f
bfc14078,3eb3cbdf
bfbfa98a,3eb559c8
bfbe129d,3eb6eb21
bfbc7baf,3eb87ff3
bfbae4c1,3eba1845
bfb94dd3,3ebbb41f
bfb7b6e5,3ebd5388
bfb61ff7,3ebef689
bfb48909,3ec09d29
bfb2f21b,3ec24770
bfb15b2d,3ec3f566
bfafc43f,3ec5a715
bfae2d51,3ec75c83
bfac9663,3ec915b9
bfaaff75,3ecad2bf
bfa96888,3ecc939d
bfa7d19a,3ece585e
bfa63aac,3ed02109
bfa4a3be,3ed1eda6
bfa30cd0,3ed3be3f
bfa175e2,3ed592dc
bf9fdef4,3ed76b86
bf9e4806,3ed94847
bf9cb118,3edb2926
bf9b1a2a,3edd0e2d
bf99833c,3edef766
bf97ec4e,3ee0e4da
bf965560,3ee2d692
bf94be72,3ee4cc97
bf932785,3ee6c6f2
bf919097,3ee8c5af
bf8ff9a9,3eeac8d6
bf8e62bb,3eecd072
bf8ccbcd,3eeedc8b
bf8b34df,3ef0ed2c
bf899df1,3ef3025f
bf880703,3ef51c2e
bf867015,3ef73aa4
bf84d927,3ef95dca
bf834239,3efb85aa
bf81ab4b,3efdb251
bf80145d,3effe3c7
bf7e7d70,3f00863f
bf7ce682,3f011429
bf7b4f94,3f01a2b0
bf79b8a6,3f0231d4
bf7821b8,3f02c196
bf768aca,3f0351f7
bf74f3dc,3f03e2f7
bf735cee,3f047498
bf71c600,3f0506d9
bf702f12,3f0599bb
bf6e9824,3f062d40
bf6d0136,3f06c168
bf6b6a48,3f075633
bf69d35a,3f07eba3
bf683c6d,3f0881b7
bf66a57f,3f091872
bf650e91,3f09afd2
bf6377a3,3f0a47da
bf61e0b5,3f0ae08a
bf6049c7,3f0b79e2
bf5eb2d9,3f0c13e4
bf5d1beb,3f0cae90
bf5b84fd,3f0d49e7
bf59ee0f,3f0de5e9
bf585721,3f0e8297
bf56c033,3f0f1ff2
bf552945,3f0fbdfb
bf539258,3f105cb3
bf51fb6a,3f10fc19
bf50647c,3f119c30
bf4ecd8e,3f123cf8
bf4d36a0,3f12de71
bf4b9fb2,3f13809c
bf4a08c4,3f14237b
bf4871d6,3f14c70d
bf46dae8,3f156b54
bf4543fa,3f161051
bf43ad0c,3f16b603
bf42161e,3f175c6d
bf407f30,3f18038e
bf3ee842,3f18ab68
bf3d5155,3f1953fa
bf3bba67,3f19fd48
bf3a2379,3f1aa750
bf388c8b,3f1b5214
bf36f59d,3f1bfd94
bf355eaf,3f1ca9d2
bf33c7c1,3f1d56ce
bf3230d3,3f1e0489
bf3099e5,3f1eb304
bf2f02f7,3f1f623f
bf2d6c09,3f20123c
bf2bd51b,3f20c2fc
bf2a3e2d,3f21747e
bf28a740,3f2226c4
bf271052,3f22d9d0
bf257964,3f238da1
bf23e276,3f244238
bf224b88,3f24f797
bf20b49a,3f25adbf
bf1f1dac,3f2664af
bf1d86be,3f271c69
bf1befd0,3f27d4ef
bf1a58e2,3f288e40
bf18c1f4,3f29485d
bf172b06,3f2a0348
bf159418,3f2abf02
bf13fd2a,3f2b7b8b
bf12663d,3f2c38e3
bf10cf4f,3f2cf70d
bf0f3861,3f2db609
bf0da173,3f2e75d8
bf0c0a85,3f2f367b
bf0a7397,3f2ff7f2
bf08dca9,3f30ba3f
bf0745bb,3f317d63
bf05aecd,3f32415e
bf0417df,3f330632
bf0280f1,3f33cbde
bf00ea03,3f349265
beff5315,3f352f58
befdbc28,3f359344
befc253a,3f35f768
befa8e4c,3f365bc2
bef8f75e,3f36c054
bef76070,3f37251e
bef5c982,3f378a1f
bef43294,3f37ef57
bef29ba6,3f3854c8
bef104b8,3f38ba70
beef6dca,3f392051
beedd6dc,3f398669
beec3fee,3f39ecba
beeaa900,3f3a5344
bee91213,3f3aba05
bee77b25,3f3b2100
bee5e437,3f3b8833
bee44d49,3f3befa0
bee2b65b,3f3c5745
bee11f6d,3f3cbf23
bedf887f,3f3d273b
beddf191,3f3d8f8d
bedc5aa3,3f3df817
bedac3b5,3f3e60dc
bed92cc7,3f3ec9da
bed795d9,3f3f3312
bed5feeb,3f3f9c84
bed467fd,3f400630
bed2d110,3f407017
bed13a22,3f40da37
becfa334,3f414493
bece0c46,3f41af29
becc7558,3f4219fa
becade6a,3f428506
bec9477c,3f42f04d
bec7b08e,3f435bcf
bec619a0,3f43c78c
bec482b2,3f443385
bec2ebc4,3f449fb9
bec154d6,3f450c29
bebfbde8,3f4578d5
bebe26fb,3f45e5bc
bebc900d,3f4652e0
bebaf91f,3f46c040
beb96231,3f472ddc
beb7cb43,3f479bb5
beb63455,3f4809ca
beb49d67,3f48781c
beb30679,3f48e6ab
beb16f8b,3f495577
beafd89d,3f49c47f
beae41af,3f4a33c6
beacaac1,3f4aa349
beab13d3,3f4b130a
bea97ce5,3f4b8309
bea7e5f8,3f4bf345
bea64f0a,3f4c63bf
bea4b81c,3f4cd477
bea3212e,3f4d456e
bea18a40,3f4db6a3
be9ff352,3f4e2816
be9e5c64,3f4e99c8
be9cc576,3f4f0bb8
be9b2e88,3f4f7de8
be99979a,3f4ff056
be9800ac,3f506303
be9669be,3f50d5f0
be94d2d0,3f51491c
be933be3,3f51bc87
be91a4f5,3f523033
be900e07,3f52a41d
be8e7719,3f531848
be8ce02b,3f538cb3
be8b493d,3f54015f
be89b24f,3f54764a
be881b61,3f54eb76
be868473,3f5560e3
be84ed85,3f55d690
be835697,3f564c7f
be81bfa9,3f56c2ae
be8028bb,3f57391e
be7e91cd,3f577a60
be7cfae0,3f57b5c2
be7b63f2,3f57f136
be79cd04,3f582cb9
be783616,3f58684d
be769f28,3f58a3f1
be75083a,3f58dfa6
be73714c,3f591b6b
be71da5e,3f595741
be704370,3f599327
be6eac82,3f59cf1e
be6d1594,3f5a0b25
be6b7ea6,3f5a473d
be69e7b8,3f5a8365
be6850cb,3f5abf9e
be66b9dd,3f5afbe7
be6522ef,3f5b3841
be638c01,3f5b74ac
be61f513,3f5bb127
be605e25,3f5bedb3
be5ec737,3f5c2a50
be5d3049,3f5c66fd
be5b995b,3f5ca3bc
be5a026d,3f5ce08a
be586b7f,3f5d1d6a
be56d491,3f5d5a5b
be553da3,3f5d975c
be53a6b5,3f5dd46e
be520fc8,3f5e1190
be5078da,3f5e4ec4
be4ee1ec,3f5e8c09
be4d4afe,3f5ec95e
be4bb410,3f5f06c5
be4a1d22,3f5f443c
be488634,3f5f81c4
be46ef46,3f5fbf5d
be455858,3f5ffd08
be43c16a,3f603ac3
be422a7c,3f60788f
be40938e,3f60b66c
be3efca0,3f60f45a
be3d65b3,3f613259
be3bcec5,3f61706a
be3a37d7,3f61ae8b
be38a0e9,3f61ecbe
be3709fb,3f622b02
be35730d,3f626957
be33dc1f,3f62a7bd
be324531,3f62e634
be30ae43,3f6324bd
be2f1755,3f636357
be2d8067,3f63a202
be2be979,3f63e0be
be2a528b,3f641f8b
be28bb9d,3f645e6a
be2724b0,3f649d5a
be258dc2,3f64dc5c
be23f6d4,3f651b6f
be225fe6,3f655a93
be20c8f8,3f6599c9
be1f320a,3f65d910
be1d9b1c,3f661869
be1c042e,3f6657d3
be1a6d40,3f66974e
be18d652,3f66d6db
be173f64,3f67167a
be15a876,3f67562a
be141188,3f6795eb
be127a9b,3f67d5be
be10e3ad,3f6815a3
be0f4cbf,3f685599
be0db5d1,3f6895a1
be0c1ee3,3f68d5bb
be0a87f5,3f6915e6
be08f107,3f695623
be075a19,3f699672
be05c32b,3f69d6d3
be042c3d,3f6a1745
be02954f,3f6a57c9
be00fe61,3f6a985e
bdff6773,3f6acce6
bdfdd085,3f6aed3f
bdfc3998,3f6b0d9c
bdfaa2aa,3f6b2dfe
bdf90bbc,3f6b4e64
bdf774ce,3f6b6ece
bdf5dde0,3f6b8f3d
bdf446f2,3f6bafb1
bdf2b004,3f6bd029
bdf11916,3f6bf0a6
bdef8228,3f6c1126
bdedeb3a,3f6c31ac
bdec544c,3f6c5236
bdeabd5e,3f6c72c4
bde92670,3f6c9357
bde78f83,3f6cb3ee
bde5f895,3f6cd48a
bde461a7,3f6cf52b
bde2cab9,3f6d15cf
bde133cb,3f6d3679
bddf9cdd,3f6d5727
bdde05ef,3f6d77d9
bddc6f01,3f6d9890
bddad813,3f6db94b
bdd94125,3f6dda0b
bdd7aa37,3f6dfacf
bdd61349,3f6e1b98
bdd47c5b,3f6e3c66
bdd2e56d,3f6e5d38
bdd14e80,3f6e7e0e
bdcfb792,3f6e9ee9
bdce20a4,3f6ebfc8
bdcc89b6,3f6ee0ad
bdcaf2c8,3f6f0195
bdc95bda,3f6f2282
bdc7c4ec,3f6f4374
bdc62dfe,3f6f646a
bdc49710,3f6f8565
bdc30022,3f6fa664
bdc16934,3f6fc768
bdbfd246,3f6fe870
bdbe3b58,3f70097d
bdbca46b,3f702a8e
bdbb0d7d,3f704ba4
bdb9768f,3f706cbf
bdb7dfa1,3f708dde
bdb648b3,3f70af02
bdb4b1c5,3f70d02a
bdb31ad7,3f70f157
bdb183e9,3f711288
bdafecfb,3f7133be
bdae560d,3f7154f9
bdacbf1f,3f717638
bdab2831,3f71977b
bda99143,3f71b8c4
bda7fa55,3f71da11
bda66368,3f71fb62
bda4cc7a,3f721cb8
bda3358c,3f723e13
bda19e9e,3f725f72
bda007b0,3f7280d6
bd9e70c2,3f72a23e
bd9cd9d4,3f72c3ab
bd9b42e6,3f72e51d
bd99abf8,3f730693
bd98150a,3f73280e
bd967e1c,3f73498d
bd94e72e,3f736b11
bd935040,3f738c9a
bd91b953,3f73ae27
bd902265,3f73cfb9
bd8e8b77,3f73f150
bd8cf489,3f7412eb
bd8b5d9b,3f74348b
bd89c6ad,3f74562f
bd882fbf,3f7477d8
bd8698d1,3f749986
bd8501e3,3f74bb38
bd836af5,3f74dcef
bd81d407,3f74feab
bd803d19,3f75206b
bd7ea62b,3f7533d6
bd7d0f3d,3f7544ba
bd7b7850,3f75559e
bd79e162,3f756683
bd784a74,3f75776a
bd76b386,3f758852
bd751c98,3f75993b
bd7385aa,3f75aa25
bd71eebc,3f75bb11
bd7057ce,3f75cbfd
bd6ec0e0,3f75dceb
bd6d29f2,3f75edda
bd6b9304,3f75feca
bd69fc16,3f760fbb
bd686528,3f7620ad
bd66ce3b,3f7631a1
bd65374d,3f764296
bd63a05f,3f76538b
bd620971,3f766483
bd607283,3f76757b
bd5edb95,3f768674
bd5d44a7,3f76976f
bd5badb9,3f76a86a
bd5a16cb,3f76b967
bd587fdd,3f76ca65
bd56e8ef,3f76db65
bd555201,3f76ec65
bd53bb13,3f76fd67
bd522426,3f770e69
bd508d38,3f771f6d
bd4ef64a,3f773072
bd4d5f5c,3f774178
bd4bc86e,3f775280
bd4a3180,3f776389
bd489a92,3f777492
bd4703a4,3f77859d
bd456cb6,3f7796a9
bd43d5c8,3f77a7b7
bd423eda,3f77b8c5
bd40a7ec,3f77c9d5
bd3f10fe,3f77dae6
bd3d7a10,3f77ebf8
bd3be323,3f77fd0b
bd3a4c35,3f780e1f
bd38b547,3f781f35
bd371e59,3f78304b
bd35876b,3f784163
bd33f07d,3f78527c
bd32598f,3f786396
bd30c2a1,3f7874b2
bd2f2bb3,3f7885ce
bd2d94c5,3f7896ec
bd2bfdd7,3f78a80b
bd2a66e9,3f78b92b
bd28cffb,3f78ca4d
bd27390e,3f78db6f
bd25a220,3f78ec93
bd240b32,3f78fdb8
bd227444,3f790ede
bd20dd56,3f792005
bd1f4668,3f79312d
bd1daf7a,3f794257
bd1c188c,3f795381
bd1a819e,3f7964ad
bd18eab0,3f7975db
bd1753c2,3f798709
bd15bcd4,3f799838
bd1425e6,3f79a969
bd128ef8,3f79ba9b
bd10f80b,3f79cbce
bd0f611d,3f79dd02
bd0dca2f,3f79ee37
bd0c3341,3f79ff6e
bd0a9c53,3f7a10a6
bd090565,3f7a21df
bd076e77,3f7a3319
bd05d789,3f7a4454
bd04409b,3f7a5591
bd02a9ad,3f7a66ce
bd0112bf,3f7a780d
bcff7bd1,3f7a8680
bcfde4e3,3f7a8f21
bcfc4df6,3f7a97c1
bcfab708,3f7aa062
bcf9201a,3f7aa903
bcf7892c,3f7ab1a5
bcf5f23e,3f7aba47
bcf45b50,3f7ac2e9
bcf2c462,3f7acb8c
bcf12d74,3f7ad42e
bcef9686,3f7adcd1
bcedff98,3f7ae575
bcec68aa,3f7aee18
bcead1bc,3f7af6bc
bce93ace,3f7aff61
bce7a3e0,3f7b0805
bce60cf3,3f7b10aa
bce47605,3f7b194f
bce2df17,3f7b21f5
bce14829,3f7b2a9a
bcdfb13b,3f7b3340
bcde1a4d,3f7b3be7
bcdc835f,3f7b448d
bcdaec71,3f7b4d34
bcd95583,3f7b55dc
bcd7be95,3f7b5e83
bcd627a7,3f7b672b
bcd490b9,3f7b6fd3
bcd2f9cb,3f7b787b
bcd162de,3f7b8124
bccfcbf0,3f7b89cd
bcce3502,3f7b9276
bccc9e14,3f7b9b20
bccb0726,3f7ba3ca
bcc97038,3f7bac74
bcc7d94a,3f7bb51f
bcc6425c,3f7bbdca
bcc4ab6e,3f7bc675
bcc31480,3f7bcf20
bcc17d92,3f7bd7cc
bcbfe6a4,3f7be078
bcbe4fb6,3f7be924
bcbcb8c8,3f7bf1d1
bcbb21db,3f7bfa7e
bcb98aed,3f7c032b
bcb7f3ff,3f7c0bd8
bcb65d11,3f7c1486
bcb4c623,3f7c1d34
bcb32f35,3f7c25e3
bcb19847,3f7c2e91
bcb00159,3f7c3740
bcae6a6b,3f7c3ff0
bcacd37d,3f7c489f
bcab3c8f,3f7c514f
bca9a5a1,3f7c59ff
bca80eb3,3f7c62b0
bca677c6,3f7c6b60
bca4e0d8,3f7c7412
bca349ea,3f7c7cc3
bca1b2fc,3f7c8575
bca01c0e,3f7c8e27
bc9e8520,3f7c96d9
bc9cee32,3f7c9f8b
bc9b5744,3f7ca83e
bc99c056,3f7cb0f2
bc982968,3f7cb9a5
bc96927a,3f7cc259
bc94fb8c,3f7ccb0d
bc93649e,3f7cd3c1
bc91cdb0,3f7cdc76
bc9036c3,3f7ce52b
bc8e9fd5,3f7cede0
bc8d08e7,3f7cf696
bc8b71f9,3f7cff4c
bc89db0b,3f7d0802
bc88441d,3f7d10b8
bc86ad2f,3f7d196f
bc851641,3f7d2226
bc837f53,3f7d2ade
bc81e865,3f7d3395
bc805177,3f7d3c4d
bc7eba89,3f7d4189
bc7d239b,3f7d45e5
bc7b8cae,3f7d4a41
bc79f5c0,3f7d4e9e
bc785ed2,3f7d52fa
bc76c7e4,3f7d5756
bc7530f6,3f7d5bb3
bc739a08,3f7d6010
bc72031a,3f7d646c
bc706c2c,3f7d68c9
bc6ed53e,3f7d6d26
bc6d3e50,3f7d7183
bc6ba762,3f7d75e0
bc6a1074,3f7d7a3d
bc687986,3f7d7e9a
bc66e298,3f7d82f7
bc654bab,3f7d8755
bc63b4bd,3f7d8bb2
bc621dcf,3f7d9010
bc6086e1,3f7d946d
bc5eeff3,3f7d98cb
bc5d5905,3f7d9d29
bc5bc217,3f7da186
bc5a2b29,3f7da5e4
bc58943b,3f7daa42
bc56fd4d,3f7daea0
bc55665f,3f7db2fe
bc53cf71,3f7db75c
bc523883,3f7dbbbb
bc50a196,3f7dc019
bc4f0aa8,3f7dc477
bc4d73ba,3f7dc8d6
bc4bdccc,3f7dcd34
bc4a45de,3f7dd193
bc48aef0,3f7dd5f1
bc471802,3f7dda50
bc458114,3f7ddeaf
bc43ea26,3f7de30e
bc425338,3f7de76d
bc40bc4a,3f7debcc
bc3f255c,3f7df02b
bc3d8e6e,3f7df48a
bc3bf780,3f7df8e9
bc3a6093,3f7dfd49
bc38c9a5,3f7e01a8
bc3732b7,3f7e0608
bc359bc9,3f7e0a67
bc3404db,3f7e0ec7
bc326ded,3f7e1327
bc30d6ff,3f7e1787
bc2f4011,3f7e1be6
bc2da923,3f7e2046
bc2c1235,3f7e24a6
bc2a7b47,3f7e2906
bc28e459,3f7e2d67
bc274d6b,3f7e31c7
bc25b67e,3f7e3627
bc241f90,3f7e3a88
bc2288a2,3f7e3ee8
bc20f1b4,3f7e4349
bc1f5ac6,3f7e47a9
bc1dc3d8,3f7e4c0a
bc1c2cea,3f7e506b
bc1a95fc,3f7e54cc
bc18ff0e,3f7e592d
bc176820,3f7e5d8e
bc15d132,3f7e61ef
bc143a44,3f7e6650
bc12a356,3f7e6ab1
bc110c68,3f7e6f12
bc0f757b,3f7e7374
bc0dde8d,3f7e77d5
bc0c479f,3f7e7c37
bc0ab0b1,3f7e8098
bc0919c3,3f7e84fa
bc0782d5,3f7e895c
bc05ebe7,3f7e8dbe
bc0454f9,3f7e9220
bc02be0b,3f7e9682
bc01271d,3f7e9ae4
bbff902f,3f7e9eac
bbfdf941,3f7ea0dd
bbfc6253,3f7ea30e
bbfacb66,3f7ea53f
bbf93478,3f7ea770
bbf79d8a,3f7ea9a1
bbf6069c,3f7eabd2
bbf46fae,3f7eae04
bbf2d8c0,3f7eb035
bbf141d2,3f7eb266
bbefaae4,3f7eb497
bbee13f6,3f7eb6c9
bbec7d08,3f7eb8fa
bbeae61a,3f7ebb2b
bbe94f2c,3f7ebd5d
bbe7b83e,3f7ebf8e
bbe62150,3f7ec1bf
bbe48a63,3f7ec3f1
bbe2f375,3f7ec622
bbe15c87,3f7ec854
bbdfc599,3f7eca85
bbde2eab,3f7eccb6
bbdc97bd,3f7ecee8
bbdb00cf,3f7ed119
bbd969e1,3f7ed34b
bbd7d2f3,3f7ed57c
bbd63c05,3f7ed7ae
bbd4a517,3f7ed9e0
bbd30e29,3f7edc11
bbd1773b,3f7ede43
bbcfe04e,3f7ee075
bbce4960,3f7ee2a6
bbccb272,3f7ee4d8
bbcb1b84,3f7ee70a
bbc98496,3f7ee93b
bbc7eda8,3f7eeb6d
bbc656ba,3f7eed9f
bbc4bfcc,3f7eefd1
bbc328de,3f7ef202
bbc191f0,3f7ef434
bbbffb02,3f7ef666
bbbe6414,3f7ef898
bbbccd26,3f7efaca
bbbb3639,3f7efcfc
bbb99f4b,3f7eff2d
bbb8085d,3f7f015f
bbb6716f,3f7f0391
bbb4da81,3f7f05c3
bbb34393,3f7f07f5
bbb1aca5,3f7f0a27
bbb015b7,3f7f0c59
bbae7ec9,3f7f0e8b
bbace7db,3f7f10bd
bbab50ed,3f7f12ef
bba9b9ff,3f7f1522
bba82311,3f7f1754
bba68c23,3f7f1986
bba4f536,3f7f1bb8
bba35e48,3f7f1dea
bba1c75a,3f7f201c
bba0306c,3f7f224e
bb9e997e,3f7f2481
bb9d0290,3f7f26b3
bb9b6ba2,3f7f28e5
bb99d4b4,3f7f2b17
bb983dc6,3f7f2d4a
bb96a6d8,3f7f2f7c
bb950fea,3f7f31ae
bb9378fc,3f7f33e1
bb91e20e,3f7f3613
bb904b21,3f7f3846
bb8eb433,3f7f3a78
bb8d1d45,3f7f3caa
bb8b8657,3f7f3edd
bb89ef69,3f7f410f
bb88587b,3f7f4342
bb86c18d,3f7f4574
bb852a9f,3f7f47a7
bb8393b1,3f7f49d9
bb81fcc3,3f7f4c0c
bb8065d5,3f7f4e3f
bb7ecee7,3f7f4f9e
bb7d37f9,3f7f50b8
bb7ba10b,3f7f51d1
bb7a0a1e,3f7f52ea
bb787330,3f7f5404
bb76dc42,3f7f551d
bb754554,3f7f5636
bb73ae66,3f7f574f
bb721778,3f7f5869
bb70808a,3f7f5982
bb6ee99c,3f7f5a9c
bb6d52ae,3f7f5bb5
bb6bbbc0,3f7f5cce
bb6a24d2,3f7f5de8
bb688de4,3f7f5f01
bb66f6f6,3f7f601a
bb656009,3f7f6134
bb63c91b,3f7f624d
bb62322d,3f7f6366
bb609b3f,3f7f6480
bb5f0451,3f7f6599
bb5d6d63,3f7f66b3
bb5bd675,3f7f67cc
bb5a3f87,3f7f68e5
bb58a899,3f7f69ff
bb5711ab,3f7f6b18
bb557abd,3f7f6c32
bb53e3cf,3f7f6d4b
bb524ce1,3f7f6e65
bb50b5f3,3f7f6f7e
bb4f1f06,3f7f7097
bb4d8818,3f7f71b1
bb4bf12a,3f7f72ca
bb4a5a3c,3f7f73e4
bb48c34e,3f7f74fd
bb472c60,3f7f7617
bb459572,3f7f7730
bb43fe84,3f7f784a
bb426796,3f7f7963
bb40d0a8,3f7f7a7d
bb3f39ba,3f7f7b96
bb3da2cc,3f7f7cb0
bb3c0bde,3f7f7dc9
bb3a74f1,3f7f7ee3
bb38de03,3f7f7ffc
bb374715,3f7f8116
bb35b027,3f7f822f
bb341939,3f7f8349
bb32824b,3f7f8462
bb30eb5d,3f7f857c
bb2f546f,3f7f8695
bb2dbd81,3f7f87af
bb2c2693,3f7f88c8
bb2a8fa5,3f7f89e2
bb28f8b7,3f7f8afc
bb2761c9,3f7f8c15
bb25cadb,3f7f8d2f
bb2433ee,3f7f8e48
bb229d00,3f7f8f62
bb210612,3f7f907b
bb1f6f24,3f7f9195
bb1dd836,3f7f92af
bb1c4148,3f7f93c8
bb1aaa5a,3f7f94e2
bb19136c,3f7f95fb
bb177c7e,3f7f9715
bb15e590,3f7f982f
bb144ea2,3f7f9948
bb12b7b4,3f7f9a62
bb1120c6,3f7f9b7b
bb0f89d9,3f7f9c95
bb0df2eb,3f7f9daf
bb0c5bfd,3f7f9ec8
bb0ac50f,3f7f9fe2
bb092e21,3f7fa0fc
bb079733,3f7fa215
bb060045,3f7fa32f
bb046957,3f7fa449
bb02d269,3f7fa562
bb013b7b,3f7fa67c
baffa48d,3f7fa776
bafe0d9f,3f7fa803
bafc76b1,3f7fa890
bafadfc3,3f7fa91c
baf948d6,3f7fa9a9
baf7b1e8,3f7faa36
baf61afa,3f7faac3
baf4840c,3f7fab50
baf2ed1e,3f7fabdd
baf15630,3f7fac6a
baefbf42,3f7facf6
baee2854,3f7fad83
baec9166,3f7fae10
baeafa78,3f7fae9d
bae9638a,3f7faf2a
bae7cc9c,3f7fafb7
bae635ae,3f7fb044
bae49ec1,3f7fb0d0
bae307d3,3f7fb15d
bae170e5,3f7fb1ea
badfd9f7,3f7fb277
bade4309,3f7fb304
badcac1b,3f7fb391
badb152d,3f7fb41e
bad97e3f,3f7fb4aa
bad7e751,3f7fb537
bad65063,3f7fb5c4
bad4b975,3f7fb651
bad32287,3f7fb6de
bad18b99,3f7fb76b
bacff4ab,3f7fb7f8
bace5dbe,3f7fb885
baccc6d0,3f7fb911
bacb2fe2,3f7fb99e
bac998f4,3f7fba2b
bac80206,3f7fbab8
bac66b18,3f7fbb45
bac4d42a,3f7fbbd2
bac33d3c,3f7fbc5f
bac1a64e,3f7fbcec
bac00f60,3f7fbd79
babe7872,3f7fbe05
babce184,3f7fbe92
babb4a96,3f7fbf1f
bab9b3a9,3f7fbfac
bab81cbb,3f7fc039
bab685cd,3f7fc0c6
bab4eedf,3f7fc153
bab357f1,3f7fc1e0
bab1c103,3f7fc26d
bab02a15,3f7fc2f9
baae9327,3f7fc386
baacfc39,3f7fc413
baab654b,3f7fc4a0
baa9ce5d,3f7fc52d
baa8376f,3f7fc5ba
baa6a081,3f7fc647
baa50993,3f7fc6d4
baa372a6,3f7fc761
baa1dbb8,3f7fc7ee
baa044ca,3f7fc87b
ba9eaddc,3f7fc907
ba9d16ee,3f7fc994
ba9b8000,3f7fca21
ba99e912,3f7fcaae
ba985224,3f7fcb3b
ba96bb36,3f7fcbc8
ba952448,3f7fcc55
ba938d5a,3f7fcce2
ba91f66c,3f7fcd6f
ba905f7e,3f7fcdfc
ba8ec891,3f7fce89
ba8d31a3,3f7fcf16
ba8b9ab5,3f7fcfa2
ba8a03c7,3f7fd02f
ba886cd9,3f7fd0bc
ba86d5eb,3f7fd149
ba853efd,3f7fd1d6
ba83a80f,3f7fd263
ba821121,3f7fd2f0
ba807a33,3f7fd37d
ba7ee345,3f7fd3d9
ba7d4c57,3f7fd41f
ba7bb569,3f7fd466
ba7a1e7b,3f7fd4ac
ba78878e,3f7fd4f2
ba76f0a0,3f7fd539
ba7559b2,3f7fd57f
ba73c2c4,3f7fd5c6
ba722bd6,3f7fd60c
ba7094e8,3f7fd653
ba6efdfa,3f7fd699
ba6d670c,3f7fd6e0
ba6bd01e,3f7fd726
ba6a3930,3f7fd76d
ba68a242,3f7fd7b3
ba670b54,3f7fd7fa
ba657466,3f7fd840
ba63dd79,3f7fd887
ba62468b,3f7fd8cd
ba60af9d,3f7fd914
ba5f18af,3f7fd95a
ba5d81c1,3f7fd9a1
ba5bead3,3f7fd9e7
ba5a53e5,3f7fda2d
ba58bcf7,3f7fda74
ba572609,3f7fdaba
ba558f1b,3f7fdb01
ba53f82d,3f7fdb47
ba52613f,3f7fdb8e
ba50ca51,3f7fdbd4
ba4f3363,3f7fdc1b
ba4d9c76,3f7fdc61
ba4c0588,3f7fdca8
ba4a6e9a,3f7fdcee
ba48d7ac,3f7fdd35
ba4740be,3f7fdd7b
ba45a9d0,3f7fddc2
ba4412e2,3f7fde08
ba427bf4,3f7fde4f
ba40e506,3f7fde95
ba3f4e18,3f7fdedc
ba3db72a,3f7fdf22
ba3c203c,3f7fdf69
ba3a894e,3f7fdfaf
ba38f261,3f7fdff6
ba375b73,3f7fe03c
ba35c485,3f7fe082
ba342d97,3f7fe0c9
ba3296a9,3f7fe10f
ba30ffbb,3f7fe156
ba2f68cd,3f7fe19c
ba2dd1df,3f7fe1e3
ba2c3af1,3f7fe229
ba2aa403,3f7fe270
ba290d15,3f7fe2b6
ba277627,3f7fe2fd
ba25df39,3f7fe343
ba24484c,3f7fe38a
ba22b15e,3f7fe3d0
ba211a70,3f7fe417
ba1f8382,3f7fe45d
ba1dec94,3f7fe4a4
ba1c55a6,3f7fe4ea
ba1abeb8,3f7fe531
ba1927ca,3f7fe577
ba1790dc,3f7fe5be
ba15f9ee,3f7fe604
ba146300,3f7fe64b
ba12cc12,3f7fe691
ba113524,3f7fe6d8
ba0f9e36,3f7fe71e
ba0e0749,3f7fe765
ba0c705b,3f7fe7ab
ba0ad96d,3f7fe7f2
ba09427f,3f7fe838
ba07ab91,3f7fe87f
ba0614a3,3f7fe8c5
ba047db5,3f7fe90c
ba02e6c7,3f7fe952
ba014fd9,3f7fe999
b9ffb8eb,3f7fe9d9
b9fe21fd,3f7fe9fc
b9fc8b0f,3f7fea1f
b9faf421,3f7fea43
b9f95d34,3f7fea66
b9f7c646,3f7fea89
b9f62f58,3f7feaac
b9f4986a,3f7fead0
b9f3017c,3f7feaf3
b9f16a8e,3f7feb16
b9efd3a0,3f7feb39
b9ee3cb2,3f7feb5d
b9eca5c4,3f7feb80
b9eb0ed6,3f7feba3
b9e977e8,3f7febc6
b9e7e0fa,3f7febea
b9e64a0c,3f7fec0d
b9e4b31e,3f7fec30
b9e31c31,3f7fec53
b9e18543,3f7fec77
b9dfee55,3f7fec9a
b9de5767,3f7fecbd
b9dcc079,3f7fece0
b9db298b,3f7fed04
b9d9929d,3f7fed27
b9d7fbaf,3f7fed4a
b9d664c1,3f7fed6d
b9d4cdd3,3f7fed91
b9d336e5,3f7fedb4
b9d19ff7,3f7fedd7
b9d00909,3f7fedfa
b9ce721c,3f7fee1e
b9ccdb2e,3f7fee41
b9cb4440,3f7fee64
b9c9ad52,3f7fee87
b9c81664,3f7feeab
b9c67f76,3f7feece
b9c4e888,3f7feef1
b9c3519a,3f7fef14
b9c1baac,3f7fef37
b9c023be,3f7fef5b
b9be8cd0,3f7fef7e
b9bcf5e2,3f7fefa1
b9bb5ef4,3f7fefc4
b9b9c806,3f7fefe8
b9b83119,3f7ff00b
b9b69a2b,3f7ff02e
b9b5033d,3f7ff051
b9b36c4f,3f7ff075
b9b1d561,3f7ff098
b9b03e73,3f7ff0bb
b9aea785,3f7ff0de
b9ad1097,3f7ff102
b9ab79a9,3f7ff125
b9a9e2bb,3f7ff148
b9a84bcd,3f7ff16b
b9a6b4df,3f7ff18f
b9a51df1,3f7ff1b2
b9a38704,3f7ff1d5
b9a1f016,3f7ff1f8
b9a05928,3f7ff21c
b99ec23a,3f7ff23f
b99d2b4c,3f7ff262
b99b945e,3f7ff285
b999fd70,3f7ff2a9
b9986682,3f7ff2cc
b996cf94,3f7ff2ef
b99538a6,3f7ff312
b993a1b8,3f7ff336
b9920aca,3f7ff359
b99073dc,3f7ff37c
b98edcee,3f7ff39f
b98d4601,3f7ff3c3
b98baf13,3f7ff3e6
b98a1825,3f7ff409
b9888137,3f7ff42d
b986ea49,3f7ff450
b985535b,3f7ff473
b983bc6d,3f7ff496
b982257f,3f7ff4ba
b9808e91,3f7ff4dd
b97ef7a3,3f7ff4f5
b97d60b5,3f7ff506
b97bc9c7,3f7ff518
b97a32d9,3f7ff529
b9789bec,3f7ff53b
b97704fe,3f7ff54d
b9756e10,3f7ff55e
b973d722,3f7ff570
b9724034,3f7ff582
b970a946,3f7ff593
b96f1258,3f7ff5a5
b96d7b6a,3f7ff5b6
b96be47c,3f7ff5c8
b96a4d8e,3f7ff5da
b968b6a0,3f7ff5eb
b9671fb2,3f7ff5fd
b96588c4,3f7ff60f
b963f1d6,3f7ff620
b9625ae9,3f7ff632
b960c3fb,3f7ff643
b95f2d0d,3f7ff655
b95d961f,3f7ff667
b95bff31,3f7ff678
b95a6843,3f7ff68a
b958d155,3f7ff69c
b9573a67,3f7ff6ad
b955a379,3f7ff6bf
b9540c8b,3f7ff6d0
b952759d,3f7ff6e2
b950deaf,3f7ff6f4
b94f47c1,3f7ff705
b94db0d4,3f7ff717
b94c19e6,3f7ff729
b94a82f8,3f7ff73a
b948ec0a,3f7ff74c
b947551c,3f7ff75d
b945be2e,3f7ff76f
b9442740,3f7ff781
b9429052,3f7ff792
b940f964,3f7ff7a4
b93f6276,3f7ff7b6
b93dcb88,3f7ff7c7
b93c349a,3f7ff7d9
b93a9dac,3f7ff7ea
b93906be,3f7ff7fc
b9376fd1,3f7ff80e
b935d8e3,3f7ff81f
b93441f5,3f7ff831
b932ab07,3f7ff843
b9311419,3f7ff854
b92f7d2b,3f7ff866
b92de63d,3f7ff878
b92c4f4f,3f7ff889
b92ab861,3f7ff89b
b9292173,3f7ff8ac
b9278a85,3f7ff8be
b925f397,3f7ff8d0
b9245ca9,3f7ff8e1
b922c5bc,3f7ff8f3
b9212ece,3f7ff905
b91f97e0,3f7ff916
b91e00f2,3f7ff928
b91c6a04,3f7ff939
b91ad316,3f7ff94b
b9193c28,3f7ff95d
b917a53a,3f7ff96e
b9160e4c,3f7ff980
b914775e,3f7ff992
b912e070,3f7ff9a3
b9114982,3f7ff9b5
b90fb294,3f7ff9c6
b90e1ba6,3f7ff9d8
b90c84b9,3f7ff9ea
b90aedcb,3f7ff9fb
b90956dd,3f7ffa0d
b907bfef,3f7ffa1f
b9062901,3f7ffa30
b9049213,3f7ffa42
b902fb25,3f7ffa53
b9016437,3f7ffa65
b8ffcd49,3f7ffa76
b8fe365b,3f7ffa7e
b8fc9f6d,3f7ffa87
b8fb087f,3f7ffa90
b8f97191,3f7ffa99
b8f7daa4,3f7ffaa2
b8f643b6,3f7ffaaa
b8f4acc8,3f7ffab3
b8f315da,3f7ffabc
b8f17eec,3f7ffac5
b8efe7fe,3f7fface
b8ee5110,3f7ffad7
b8ecba22,3f7ffadf
b8eb2334,3f7ffae8
b8e98c46,3f7ffaf1
b8e7f558,3f7ffafa
b8e65e6a,3f7ffb03
b8e4c77c,3f7ffb0b
b8e3308e,3f7ffb14
b8e199a1,3f7ffb1d
b8e002b3,3f7ffb26
b8de6bc5,3f7ffb2f
b8dcd4d7,3f7ffb37
b8db3de9,3f7ffb40
b8d9a6fb,3f7ffb49
b8d8100d,3f7ffb52
b8d6791f,3f7ffb5b
b8d4e231,3f7ffb64
b8d34b43,3f7ffb6c
b8d1b455,3f7ffb75
b8d01d67,3f7ffb7e
b8ce8679,3f7ffb87
b8ccef8c,3f7ffb90
b8cb589e,3f7ffb98
b8c9c1b0,3f7ffba1
b8c82ac2,3f7ffbaa
b8c693d4,3f7ffbb3
b8c4fce6,3f7ffbbc
b8c365f8,3f7ffbc5
b8c1cf0a,3f7ffbcd
b8c0381c,3f7ffbd6
b8bea12e,3f7ffbdf
b8bd0a40,3f7ffbe8
b8bb7352,3f7ffbf1
b8b9dc64,3f7ffbf9
b8b84576,3f7ffc02
b8b6ae89,3f7ffc0b
b8b5179b,3f7ffc14
b8b380ad,3f7ffc1d
b8b1e9bf,3f7ffc25
b8b052d1,3f7ffc2e
b8aebbe3,3f7ffc37
b8ad24f5,3f7ffc40
b8ab8e07,3f7ffc49
b8a9f719,3f7ffc52
b8a8602b,3f7ffc5a
b8a6c93d,3f7ffc63
b8a5324f,3f7ffc6c
b8a39b61,3f7ffc75
b8a20474,3f7ffc7e
b8a06d86,3f7ffc86
b89ed698,3f7ffc8f
b89d3faa,3f7ffc98
b89ba8bc,3f7ffca1
b89a11ce,3f7ffcaa
b8987ae0,3f7ffcb2
b896e3f2,3f7ffcbb
b8954d04,3f7ffcc4
b893b616,3f7ffccd
b8921f28,3f7ffcd6
b890883a,3f7ffcdf
b88ef14c,3f7ffce7
b88d5a5f,3f7ffcf0
b88bc371,3f7ffcf9
b88a2c83,3f7ffd02
b8889595,3f7ffd0b
b886fea7,3f7ffd13
b88567b9,3f7ffd1c
b883d0cb,3f7ffd25
b88239dd,3f7ffd2e
b880a2ef,3f7ffd37
b87f0c01,3f7ffd3d
b87d7513,3f7ffd41
b87bde25,3f7ffd46
b87a4737,3f7ffd4a
b878b049,3f7ffd4f
b877195c,3f7ffd53
b875826e,3f7ffd57
b873eb80,3f7ffd5c
b8725492,3f7ffd60
b870bda4,3f7ffd65
b86f26b6,3f7ffd69
b86d8fc8,3f7ffd6d
b86bf8da,3f7ffd72
b86a61ec,3f7ffd76
b868cafe,3f7ffd7b
b8673410,3f7ffd7f
b8659d22,3f7ffd83
b8640634,3f7ffd88
b8626f47,3f7ffd8c
b860d859,3f7ffd91
b85f416b,3f7ffd95
b85daa7d,3f7ffd99
b85c138f,3f7ffd9e
b85a7ca1,3f7ffda2
b858e5b3,3f7ffda7
b8574ec5,3f7ffdab
b855b7d7,3f7ffdaf
b85420e9,3f7ffdb4
b85289fb,3f7ffdb8
b850f30d,3f7ffdbd
b84f5c1f,3f7ffdc1
b84dc531,3f7ffdc5
b84c2e44,3f7ffdca
b84a9756,3f7ffdce
b8490068,3f7ffdd3
b847697a,3f7ffdd7
b845d28c,3f7ffddc
b8443b9e,3f7ffde0
b842a4b0,3f7ffde4
b8410dc2,3f7ffde9
b83f76d4,3f7ffded
b83ddfe6,3f7ffdf2
b83c48f8,3f7ffdf6
b83ab20a,3f7ffdfa
b8391b1c,3f7ffdff
b837842f,3f7ffe03
b835ed41,3f7ffe08
b8345653,3f7ffe0c
b832bf65,3f7ffe10
b8312877,3f7ffe15
b82f9189,3f7ffe19
b82dfa9b,3f7ffe1e
b82c63ad,3f7ffe22
b82accbf,3f7ffe26
b82935d1,3f7ffe2b
b8279ee3,3f7ffe2f
b82607f5,3f7ffe34
b8247107,3f7ffe38
b822da19,3f7ffe3c
b821432c,3f7ffe41
b81fac3e,3f7ffe45
b81e1550,3f7ffe4a
b81c7e62,3f7ffe4e
b81ae774,3f7ffe53
b8195086,3f7ffe57
b817b998,3f7ffe5b
b81622aa,3f7ffe60
b8148bbc,3f7ffe64
b812f4ce,3f7ffe69
b8115de0,3f7ffe6d
b80fc6f2,3f7ffe71
b80e3004,3f7ffe76
b80c9917,3f7ffe7a
b80b0229,3f7ffe7f
b8096b3b,3f7ffe83
b807d44d,3f7ffe87
b8063d5f,3f7ffe8c
b804a671,3f7ffe90
b8030f83,3f7ffe95
b8017895,3f7ffe99
b7ffe1a7,3f7ffe9d
b7fe4ab9,3f7ffe9f
b7fcb3cb,3f7ffea2
b7fb1cdd,3f7ffea4
b7f985ef,3f7ffea6
b7f7ef01,3f7ffea8
b7f65814,3f7ffeaa
b7f4c126,3f7ffead
b7f32a38,3f7ffeaf
b7f1934a,3f7ffeb1
b7effc5c,3f7ffeb3
b7ee656e,3f7ffeb6
b7ecce80,3f7ffeb8
b7eb3792,3f7ffeba
b7e9a0a4,3f7ffebc
b7e809b6,3f7ffebe
b7e672c8,3f7ffec1
b7e4dbda,3f7ffec3
b7e344ec,3f7ffec5
b7e1adff,3f7ffec7
b7e01711,3f7ffec9
b7de8023,3f7ffecc
b7dce935,3f7ffece
b7db5247,3f7ffed0
b7d9bb59,3f7ffed2
b7d8246b,3f7ffed4
b7d68d7d,3f7ffed7
b7d4f68f,3f7ffed9
b7d35fa1,3f7ffedb
b7d1c8b3,3f7ffedd
b7d031c5,3f7ffedf
b7ce9ad7,3f7ffee2
b7cd03e9,3f7ffee4
b7cb6cfc,3f7ffee6
b7c9d60e,3f7ffee8
b7c83f20,3f7ffeea
b7c6a832,3f7ffeed
b7c51144,3f7ffeef
b7c37a56,3f7ffef1
b7c1e368,3f7ffef3
b7c04c7a,3f7ffef5
b7beb58c,3f7ffef8
b7bd1e9e,3f7ffefa
b7bb87b0,3f7ffefc
b7b9f0c2,3f7ffefe
b7b859d4,3f7fff00
b7b6c2e7,3f7fff03
b7b52bf9,3f7fff05
b7b3950b,3f7fff07
b7b1fe1d,3f7fff09
b7b0672f,3f7fff0b
b7aed041,3f7fff0e
b7ad3953,3f7fff10
b7aba265,3f7fff12
b7aa0b77,3f7fff14
b7a87489,3f7fff16
b7a6dd9b,3f7fff19
b7a546ad,3f7fff1b
b7a3afbf,3f7fff1d
b7a218d1,3f7fff1f
b7a081e4,3f7fff21
b79eeaf6,3f7fff24
b79d5408,3f7fff26
b79bbd1a,3f7fff28
b79a262c,3f7fff2a
b7988f3e,3f7fff2d
b796f850,3f7fff2f
b7956162,3f7fff31
b793ca74,3f7fff33
b7923386,3f7fff35
b7909c98,3f7fff38
b78f05aa,3f7fff3a
b78d6ebc,3f7fff3c
b78bd7cf,3f7fff3e
b78a40e1,3f7fff40
b788a9f3,3f7fff43
b7871305,3f7fff45
b7857c17,3f7fff47
b783e529,3f7fff49
b7824e3b,3f7fff4b
b780b74d,3f7fff4e
b77f205f,3f7fff4f
b77d8971,3f7fff50
b77bf283,3f7fff51
b77a5b95,3f7fff52
b778c4a7,3f7fff54
b7772db9,3f7fff55
b77596cc,3f7fff56
b773ffde,3f7fff57
b77268f0,3f7fff58
b770d202,3f7fff59
b76f3b14,3f7fff5a
b76da426,3f7fff5b
b76c0d38,3f7fff5c
b76a764a,3f7fff5d
b768df5c,3f7fff5f
b767486e,3f7fff60
b765b180,3f7fff61
b7641a92,3f7fff62
b76283a4,3f7fff63
b760ecb7,3f7fff64
b75f55c9,3f7fff65
b75dbedb,3f7fff66
b75c27ed,3f7fff67
b75a90ff,3f7fff69
b758fa11,3f7fff6a
b7576323,3f7fff6b
b755cc35,3f7fff6c
b7543547,3f7fff6d
b7529e59,3f7fff6e
b751076b,3f7fff6f
b74f707d,3f7fff70
b74dd98f,3f7fff71
b74c42a1,3f7fff72
b74aabb4,3f7fff74
b74914c6,3f7fff75
b7477dd8,3f7fff76
b745e6ea,3f7fff77
b7444ffc,3f7fff78
b742b90e,3f7fff79
b7412220,3f7fff7a
b73f8b32,3f7fff7b
b73df444,3f7fff7c
b73c5d56,3f7fff7d
b73ac668,3f7fff7f
b7392f7a,3f7fff80
b737988c,3f7fff81
b736019f,3f7fff82
b7346ab1,3f7fff83
b732d3c3,3f7fff84
b7313cd5,3f7fff85
b72fa5e7,3f7fff86
b72e0ef9,3f7fff87
b72c780b,3f7fff88
b72ae11d,3f7fff8a
b7294a2f,3f7fff8b
b727b341,3f7fff8c
b7261c53,3f7fff8d
b7248565,3f7fff8e
b722ee77,3f7fff8f
b7215789,3f7fff90
b71fc09c,3f7fff91
b71e29ae,3f7fff92
b71c92c0,3f7fff93
b71afbd2,3f7fff95
b71964e4,3f7fff96
b717cdf6,3f7fff97
b7163708,3f7fff98
b714a01a,3f7fff99
b713092c,3f7fff9a
b711723e,3f7fff9b
b70fdb50,3f7fff9c
b70e4462,3f7fff9d
b70cad74,3f7fff9e
b70b1687,3f7fffa0
b7097f99,3f7fffa1
b707e8ab,3f7fffa2
b70651bd,3f7fffa3
b704bacf,3f7fffa4
b70323e1,3f7fffa5
b7018cf3,3f7fffa6
b6fff605,3f7fffa7
b6fe5f17,3f7fffa8
b6fcc829,3f7fffa8
b6fb313b,3f7fffa9
b6f99a4d,3f7fffa9
b6f8035f,3f7fffaa
b6f66c72,3f7fffab
b6f4d584,3f7fffab
b6f33e96,3f7fffac
b6f1a7a8,3f7fffac
b6f010ba,3f7fffad
b6ee79cc,3f7fffad
b6ece2de,3f7fffae
b6eb4bf0,3f7fffae
b6e9b502,3f7fffaf
b6e81e14,3f7fffb0
b6e68726,3f7fffb0
b6e4f038,3f7fffb1
b6e3594a,3f7fffb1
b6e1c25c,3f7fffb2
b6e02b6f,3f7fffb2
b6de9481,3f7fffb3
b6dcfd93,3f7fffb3
b6db66a5,3f7fffb4
b6d9cfb7,3f7fffb5
b6d838c9,3f7fffb5
b6d6a1db,3f7fffb6
b6d50aed,3f7fffb6
b6d373ff,3f7fffb7
b6d1dd11,3f7fffb7
b6d04623,3f7fffb8
b6ceaf35,3f7fffb8
b6cd1847,3f7fffb9
b6cb815a,3f7fffb9
b6c9ea6c,3f7fffba
b6c8537e,3f7fffbb
b6c6bc90,3f7fffbb
b6c525a2,3f7fffbc
b6c38eb4,3f7fffbc
b6c1f7c6,3f7fffbd
b6c060d8,3f7fffbd
b6bec9ea,3f7fffbe
b6bd32fc,3f7fffbe
b6bb9c0e,3f7fffbf
b6ba0520,3f7fffc0
b6b86e32,3f7fffc0
b6b6d744,3f7fffc1
b6b54057,3f7fffc1
b6b3a969,3f7fffc2
b6b2127b,3f7fffc2
b6b07b8d,3f7fffc3
b6aee49f,3f7fffc3
b6ad4db1,3f7fffc4
b6abb6c3,3f7fffc4
b6aa1fd5,3f7fffc5
b6a888e7,3f7fffc6
b6a6f1f9,3f7fffc6
b6a55b0b,3f7fffc7
b6a3c41d,3f7fffc7
b6a22d2f,3f7fffc8
b6a09642,3f7fffc8
b69eff54,3f7fffc9
b69d6866,3f7fffc9
b69bd178,3f7fffca
b69a3a8a,3f7fffcb
b698a39c,3f7fffcb
b6970cae,3f7fffcc
b69575c0,3f7fffcc
b693ded2,3f7fffcd
b69247e4,3f7fffcd
b690b0f6,3f7fffce
b68f1a08,3f7fffce
b68d831a,3f7fffcf
b68bec2c,3f7fffd0
b68a553f,3f7fffd0
b688be51,3f7fffd1
b6872763,3f7fffd1
b6859075,3f7fffd2
b683f987,3f7fffd2
b6826299,3f7fffd3
b680cbab,3f7fffd3
b67f34bd,3f7fffd4
b67d9dcf,3f7fffd4
b67c06e1,3f7fffd4
b67a6ff3,3f7fffd5
b678d905,3f7fffd5
b6774217,3f7fffd5
b675ab2a,3f7fffd5
b674143c,3f7fffd6
b6727d4e,3f7fffd6
b670e660,3f7fffd6
b66f4f72,3f7fffd7
b66db884,3f7fffd7
b66c2196,3f7fffd7
b66a8aa8,3f7fffd7
b668f3ba,3f7fffd8
b6675ccc,3f7fffd8
b665c5de,3f7fffd8
b6642ef0,3f7fffd8
b6629802,3f7fffd9
b6610114,3f7fffd9
b65f6a27,3f7fffd9
b65dd339,3f7fffda
b65c3c4b,3f7fffda
b65aa55d,3f7fffda
b6590e6f,3f7fffda
b6577781,3f7fffdb
b655e093,3f7fffdb
b65449a5,3f7fffdb
b652b2b7,3f7fffdb
b6511bc9,3f7fffdc
b64f84db,3f7fffdc
b64deded,3f7fffdc
b64c56ff,3f7fffdd
b64ac012,3f7fffdd
b6492924,3f7fffdd
b6479236,3f7fffdd
b645fb48,3f7fffde
b644645a,3f7fffde
b642cd6c,3f7fffde
b641367e,3f7fffdf
b63f9f90,3f7fffdf
b63e08a2,3f7fffdf
b63c71b4,3f7fffdf
b63adac6,3f7fffe0
b63943d8,3f7fffe0
b637acea,3f7fffe0
b63615fc,3f7fffe0
b6347f0f,3f7fffe1
b632e821,3f7fffe1
b6315133,3f7fffe1
b62fba45,3f7fffe2
b62e2357,3f7fffe2
b62c8c69,3f7fffe2
b62af57b,3f7fffe2
b6295e8d,3f7fffe3
b627c79f,3f7fffe3
b62630b1,3f7fffe3
b62499c3,3f7fffe3
b62302d5,3f7fffe4
b6216be7,3f7fffe4
b61fd4fa,3f7fffe4
b61e3e0c,3f7fffe5
b61ca71e,3f7fffe5
b61b1030,3f7fffe5
b6197942,3f7fffe5
b617e254,3f7fffe6
b6164b66,3f7fffe6
b614b478,3f7fffe6
b6131d8a,3f7fffe7
b611869c,3f7fffe7
b60fefae,3f7fffe7
b60e58c0,3f7fffe7
b60cc1d2,3f7fffe8
b60b2ae4,3f7fffe8
b60993f7,3f7fffe8
b607fd09,3f7fffe8
b606661b,3f7fffe9
b604cf2d,3f7fffe9
b603383f,3f7fffe9
b601a151,3f7fffea
b6000a63,3f7fffea
b5fe7375,3f7fffea
b5fcdc87,3f7fffea
b5fb4599,3f7fffea
b5f9aeab,3f7fffea
b5f817bd,3f7fffeb
b5f680cf,3f7fffeb
b5f4e9e2,3f7fffeb
b5f352f4,3f7fffeb
b5f1bc06,3f7fffeb
b5f02518,3f7fffeb
b5ee8e2a,3f7fffeb
b5ecf73c,3f7fffeb
b5eb604e,3f7fffec
b5e9c960,3f7fffec
b5e83272,3f7fffec
b5e69b84,3f7fffec
b5e50496,3f7fffec
b5e36da8,3f7fffec
b5e1d6ba,3f7fffec
b5e03fcc,3f7fffed
b5dea8df,3f7fffed
b5dd11f1,3f7fffed
b5db7b03,3f7fffed
b5d9e415,3f7fffed
b5d84d27,3f7fffed
b5d6b639,3f7fffed
b5d51f4b,3f7fffee
b5d3885d,3f7fffee
b5d1f16f,3f7fffee
b5d05a81,3f7fffee
b5cec393,3f7fffee
b5cd2ca5,3f7fffee
b5cb95b7,3f7fffee
b5c9feca,3f7fffee
b5c867dc,3f7fffef
b5c6d0ee,3f7fffef
b5c53a00,3f7fffef
b5c3a312,3f7fffef
b5c20c24,3f7fffef
b5c07536,3f7fffef
b5bede48,3f7fffef
b5bd475a,3f7ffff0
b5bbb06c,3f7ffff0
b5ba197e,3f7ffff0
b5b88290,3f7ffff0
b5b6eba2,3f7ffff0
b5b554b4,3f7ffff0
b5b3bdc7,3f7ffff0
b5b226d9,3f7ffff1
b5b08feb,3f7ffff1
b5aef8fd,3f7ffff1
b5ad620f,3f7ffff1
b5abcb21,3f7ffff1
b5aa3433,3f7ffff1
b5a89d45,3f7ffff1
b5a70657,3f7ffff2
b5a56f69,3f7ffff2
b5a3d87b,3f7ffff2
b5a2418d,3f7ffff2
b5a0aa9f,3f7ffff2
b59f13b2,3f7ffff2
b59d7cc4,3f7ffff2
b59be5d6,3f7ffff2
b59a4ee8,3f7ffff3
b598b7fa,3f7ffff3
b597210c,3f7ffff3
b5958a1e,3f7ffff3
b593f330,3f7ffff3
b5925c42,3f7ffff3
b590c554,3f7ffff3
b58f2e66,3f7ffff4
b58d9778,3f7ffff4
b58c008a,3f7ffff4
b58a699c,3f7ffff4
b588d2af,3f7ffff4
b5873bc1,3f7ffff4
b585a4d3,3f7ffff4
b5840de5,3f7ffff5
b58276f7,3f7ffff5
b580e009,3f7ffff5
b57f491b,3f7ffff5
b57db22d,3f7ffff5
b57c1b3f,3f7ffff5
b57a8451,3f7ffff5
b578ed63,3f7ffff5
b5775675,3f7ffff5
b575bf87,3f7ffff5
b574289a,3f7ffff5
b57291ac,3f7ffff5
b570fabe,3f7ffff6
b56f63d0,3f7ffff6
b56dcce2,3f7ffff6
b56c35f4,3f7ffff6
b56a9f06,3f7ffff6
b5690818,3f7ffff6
b567712a,3f7ffff6
b565da3c,3f7ffff6
b564434e,3f7ffff6
b562ac60,3f7ffff6
b5611572,3f7ffff6
b55f7e85,3f7ffff6
b55de797,3f7ffff6
b55c50a9,3f7ffff6
b55ab9bb,3f7ffff7
b55922cd,3f7ffff7
b5578bdf,3f7ffff7
b555f4f1,3f7ffff7
b5545e03,3f7ffff7
b552c715,3f7ffff7
b5513027,3f7ffff7
b54f9939,3f7ffff7
b54e024b,3f7ffff7
b54c6b5d,3f7ffff7
b54ad46f,3f7ffff7
b5493d82,3f7ffff7
b547a694,3f7ffff7
b5460fa6,3f7ffff7
b54478b8,3f7ffff7
b542e1ca,3f7ffff8
b5414adc,3f7ffff8
b53fb3ee,3f7ffff8
b53e1d00,3f7ffff8
b53c8612,3f7ffff8
b53aef24,3f7ffff8
b5395836,3f7ffff8
b537c148,3f7ffff8
b5362a5a,3f7ffff8
b534936d,3f7ffff8
b532fc7f,3f7ffff8
b5316591,3f7ffff8
b52fcea3,3f7ffff8
b52e37b5,3f7ffff8
b52ca0c7,3f7ffff9
b52b09d9,3f7ffff9
b52972eb,3f7ffff9
b527dbfd,3f7ffff9
b526450f,3f7ffff9
b524ae21,3f7ffff9
b5231733,3f7ffff9
b5218045,3f7ffff9
b51fe957,3f7ffff9
b51e526a,3f7ffff9
b51cbb7c,3f7ffff9
b51b248e,3f7ffff9
b5198da0,3f7ffff9
b517f6b2,3f7ffff9
b5165fc4,3f7ffff9
b514c8d6,3f7ffffa
b51331e8,3f7ffffa
b5119afa,3f7ffffa
b510040c,3f7ffffa
b50e6d1e,3f7ffffa
b50cd630,3f7ffffa
b50b3f42,3f7ffffa
b509a855,3f7ffffa
b5081167,3f7ffffa
b5067a79,3f7ffffa
b504e38b,3f7ffffa
b5034c9d,3f7ffffa
b501b5af,3f7ffffa
b5001ec1,3f7ffffa
b4fe87d3,3f7ffffa
b4fcf0e5,3f7ffffb
b4fb59f7,3f7ffffb
b4f9c309,3f7ffffb
b4f82c1b,3f7ffffb
b4f6952d,3f7ffffb
b4f4fe3f,3f7ffffb
b4f36752,3f7ffffb
b4f1d064,3f7ffffb
b4f03976,3f7ffffb
b4eea288,3f7ffffb
b4ed0b9a,3f7ffffb
b4eb74ac,3f7ffffb
b4e9ddbe,3f7ffffb
b4e846d0,3f7ffffb
b4e6afe2,3f7ffffb
b4e518f4,3f7ffffb
b4e38206,3f7ffffb
b4e1eb18,3f7ffffb
b4e0542a,3f7ffffb
b4debd3d,3f7ffffb
b4dd264f,3f7ffffb
b4db8f61,3f7ffffb
b4d9f873,3f7ffffb
b4d86185,3f7ffffb
b4d6ca97,3f7ffffb
b4d533a9,3f7ffffb
b4d39cbb,3f7ffffb
b4d205cd,3f7ffffb
b4d06edf,3f7ffffb
b4ced7f1,3f7ffffc
b4cd4103,3f7ffffc
b4cbaa15,3f7ffffc
b4ca1327,3f7ffffc
b4c87c3a,3f7ffffc
b4c6e54c,3f7ffffc
b4c54e5e,3f7ffffc
b4c3b770,3f7ffffc
b4c22082,3f7ffffc
b4c08994,3f7ffffc
b4bef2a6,3f7ffffc
b4bd5bb8,3f7ffffc
b4bbc4ca,3f7ffffc
b4ba2ddc,3f7ffffc
b4b896ee,3f7ffffc
b4b70000,3f7ffffc
b4b56912,3f7ffffc
b4b3d225,3f7ffffc
b4b23b37,3f7ffffc
b4b0a449,3f7ffffc
b4af0d5b,3f7ffffc
b4ad766d,3f7ffffc
b4abdf7f,3f7ffffc
b4aa4891,3f7ffffc
b4a8b1a3,3f7ffffc
b4a71ab5,3f7ffffc
b4a583c7,3f7ffffc
b4a3ecd9,3f7ffffc
b4a255eb,3f7ffffc
b4a0befd,3f7ffffd
b49f280f,3f7ffffd
b49d9122,3f7ffffd
b49bfa34,3f7ffffd
b49a6346,3f7ffffd
b498cc58,3f7ffffd
b497356a,3f7ffffd
b4959e7c,3f7ffffd
b494078e,3f7ffffd
b49270a0,3f7ffffd
b490d9b2,3f7ffffd
b48f42c4,3f7ffffd
b48dabd6,3f7ffffd
b48c14e8,3f7ffffd
b48a7dfa,3f7ffffd
b488e70d,3f7ffffd
b487501f,3f7ffffd
b485b931,3f7ffffd
b4842243,3f7ffffd
b4828b55,3f7ffffd
b480f467,3f7ffffd
b47f5d79,3f7ffffd
b47dc68b,3f7ffffd
b47c2f9d,3f7ffffd
b47a98af,3f7ffffd
b47901c1,3f7ffffd
b4776ad3,3f7ffffd
b475d3e5,3f7ffffd
b4743cf7,3f7ffffd
b472a60a,3f7ffffd
b4710f1c,3f7ffffd
b46f782e,3f7ffffd
b46de140,3f7ffffd
b46c4a52,3f7ffffd
b46ab364,3f7ffffd
b4691c76,3f7ffffd
b4678588,3f7ffffd
b465ee9a,3f7ffffe
b46457ac,3f7ffffe
b462c0be,3f7ffffe
b46129d0,3f7ffffe
b45f92e2,3f7ffffe
b45dfbf5,3f7ffffe
b45c6507,3f7ffffe
b45ace19,3f7ffffe
b459372b,3f7ffffe
b457a03d,3f7ffffe
b456094f,3f7ffffe
b4547261,3f7ffffe
b452db73,3f7ffffe
b4514485,3f7ffffe
b44fad97,3f7ffffe
b44e16a9,3f7ffffe
b44c7fbb,3f7ffffe
b44ae8cd,3f7ffffe
b44951df,3f7ffffe
b447baf2,3f7ffffe
b4462404,3f7ffffe
b4448d16,3f7ffffe
b442f628,3f7ffffe
b4415f3a,3f7ffffe
b43fc84c,3f7ffffe
b43e315e,3f7ffffe
b43c9a70,3f7ffffe
b43b0382,3f7ffffe
b4396c94,3f7ffffe
b437d5a6,3f7ffffe
b4363eb8,3f7ffffe
b434a7ca,3f7ffffe
b43310dd,3f7ffffe
b43179ef,3f7ffffe
b42fe301,3f7ffffe
b42e4c13,3f7ffffe
b42cb525,3f7ffffe
b42b1e37,3f7ffffe
b4298749,3f7ffffe
b427f05b,3f7ffffe
b426596d,3f7ffffe
b424c27f,3f7ffffe
b4232b91,3f7ffffe
b42194a3,3f7ffffe
b41ffdb5,3f7ffffe
b41e66c7,3f7ffffe
b41ccfda,3f7ffffe
b41b38ec,3f7ffffe
b419a1fe,3f7ffffe
b4180b10,3f7ffffe
b4167422,3f7ffffe
b414dd34,3f7ffffe
b4134646,3f7ffffe
b411af58,3f7ffffe
b410186a,3f7ffffe
b40e817c,3f7ffffe
b40cea8e,3f7ffffe
b40b53a0,3f7ffffe
b409bcb2,3f7fffff
b40825c5,3f7fffff
b4068ed7,3f7fffff
b404f7e9,3f7fffff
b40360fb,3f7fffff
b401ca0d,3f7fffff
b400331f,3f7fffff
b3fe9c31,3f7fffff
b3fd0543,3f7fffff
b3fb6e55,3f7fffff
b3f9d767,3f7fffff
b3f84079,3f7fffff
b3f6a98b,3f7fffff
b3f5129d,3f7fffff
b3f37baf,3f7fffff
b3f1e4c2,3f7fffff
b3f04dd4,3f7fffff
b3eeb6e6,3f7fffff
b3ed1ff8,3f7fffff
b3eb890a,3f7fffff
b3e9f21c,3f7fffff
b3e85b2e,3f7fffff
b3e6c440,3f7fffff
b3e52d52,3f7fffff
b3e39664,3f7fffff
b3e1ff76,3f7fffff
b3e06888,3f7fffff
b3ded19a,3f7fffff
b3dd3aad,3f7fffff
b3dba3bf,3f7fffff
b3da0cd1,3f7fffff
b3d875e3,3f7fffff
b3d6def5,3f7fffff
b3d54807,3f7fffff
b3d3b119,3f7fffff
b3d21a2b,3f7fffff
b3d0833d,3f7fffff
b3ceec4f,3f7fffff
b3cd5561,3f7fffff
b3cbbe73,3f7fffff
b3ca2785,3f7fffff
b3c89098,3f7fffff
b3c6f9aa,3f7fffff
b3c562bc,3f7fffff
b3c3cbce,3f7fffff
b3c234e0,3f7fffff
b3c09df2,3f7fffff
b3bf0704,3f7fffff
b3bd7016,3f7fffff
b3bbd928,3f7fffff
b3ba423a,3f7fffff
b3b8ab4c,3f7fffff
b3b7145e,3f7fffff
b3b57d70,3f7fffff
b3b3e682,3f7fffff
b3b24f95,3f7fffff
b3b0b8a7,3f7fffff
b3af21b9,3f7fffff
b3ad8acb,3f7fffff
b3abf3dd,3f7fffff
b3aa5cef,3f7fffff
b3a8c601,3f7fffff
b3a72f13,3f7fffff
b3a59825,3f7fffff
b3a40137,3f7fffff
b3a26a49,3f7fffff
b3a0d35b,3f7fffff
b39f3c6d,3f7fffff
b39da580,3f7fffff
b39c0e92,3f7fffff
b39a77a4,3f7fffff
b398e0b6,3f7fffff
b39749c8,3f7fffff
b395b2da,3f7fffff
b3941bec,3f7fffff
b39284fe,3f7fffff
b390ee10,3f7fffff
b38f5722,3f7fffff
b38dc034,3f7fffff
b38c2946,3f7fffff
b38a9258,3f7fffff
b388fb6a,3f7fffff
b387647d,3f7fffff
b385cd8f,3f7fffff
b38436a1,3f7fffff
b3829fb3,3f7fffff
b38108c5,3f7fffff
b37f71d7,3f7fffff
b37ddae9,3f7fffff
b37c43fb,3f7fffff
b37aad0d,3f7fffff
b379161f,3f7fffff
b3777f31,3f7fffff
b375e843,3f7fffff
b3745155,3f7fffff
b372ba68,3f7fffff
b371237a,3f7fffff
b36f8c8c,3f7fffff
b36df59e,3f7fffff
b36c5eb0,3f7fffff
b36ac7c2,3f7fffff
b36930d4,3f7fffff
b36799e6,3f7fffff
b36602f8,3f7fffff
b3646c0a,3f7fffff
b362d51c,3f7fffff
b3613e2e,3f7fffff
b35fa740,3f7fffff
b35e1052,3f7fffff
b35c7965,3f7fffff
b35ae277,3f7fffff
b3594b89,3f7fffff
b357b49b,3f7fffff
b3561dad,3f7fffff
b35486bf,3f7fffff
b352efd1,3f7fffff
b35158e3,3f7fffff
b34fc1f5,3f7fffff
b34e2b07,3f7fffff
b34c9419,3f7fffff
b34afd2b,3f7fffff
b349663d,3f7fffff
b347cf50,3f7fffff
b3463862,3f7fffff
b344a174,3f7fffff
b3430a86,3f7fffff
b3417398,3f7fffff
b33fdcaa,3f7fffff
b33e45bc,3f7fffff
b33caece,3f7fffff
b33b17e0,3f7fffff
b33980f2,3f7fffff
b337ea04,3f800000
b3365316,3f800000
b334bc28,3f800000
b333253a,3f800000
b3318e4d,3f800000
b32ff75f,3f800000
b32e6071,3f800000
b32cc983,3f800000
b32b3295,3f800000
b3299ba7,3f800000
b32804b9,3f800000
b3266dcb,3f800000
b324d6dd,3f800000
b3233fef,3f800000
b321a901,3f800000
b3201213,3f800000
b31e7b25,3f800000
b31ce438,3f800000
b31b4d4a,3f800000
b319b65c,3f800000
b3181f6e,3f800000
b3168880,3f800000
b314f192,3f800000
b3135aa4,3f800000
b311c3b6,3f800000
b3102cc8,3f800000
b30e95da,3f800000
b30cfeec,3f800000
b30b67fe,3f800000
b309d110,3f800000
b3083a22,3f800000
b306a335,3f800000
b3050c47,3f800000
b3037559,3f800000
b301de6b,3f800000
b300477d,3f800000
b2feb08f,3f800000
b2fd19a1,3f800000
b2fb82b3,3f800000
b2f9ebc5,3f800000
b2f854d7,3f800000
b2f6bde9,3f800000
b2f526fb,3f800000
b2f3900d,3f800000
b2f1f920,3f800000
b2f06232,3f800000
b2eecb44,3f800000
b2ed3456,3f800000
b2eb9d68,3f800000
b2ea067a,3f800000
b2e86f8c,3f800000
b2e6d89e,3f800000
b2e541b0,3f800000
b2e3aac2,3f800000
b2e213d4,3f800000
b2e07ce6,3f800000
b2dee5f8,3f800000
b2dd4f0a,3f800000
b2dbb81d,3f800000
b2da212f,3f800000
b2d88a41,3f800000
b2d6f353,3f800000
b2d55c65,3f800000
b2d3c577,3f800000
b2d22e89,3f800000
b2d0979b,3f800000
b2cf00ad,3f800000
b2cd69bf,3f800000
b2cbd2d1,3f800000
b2ca3be3,3f800000
b2c8a4f5,3f800000
b2c70e08,3f800000
b2c5771a,3f800000
b2c3e02c,3f800000
b2c2493e,3f800000
b2c0b250,3f800000
b2bf1b62,3f800000
b2bd8474,3f800000
b2bbed86,3f800000
b2ba5698,3f800000
b2b8bfaa,3f800000
b2b728bc,3f800000
b2b591ce,3f800000
b2b3fae0,3f800000
b2b263f2,3f800000
b2b0cd05,3f800000
b2af3617,3f800000
b2ad9f29,3f800000
b2ac083b,3f800000
b2aa714d,3f800000
b2a8da5f,3f800000
b2a74371,3f800000
b2a5ac83,3f800000
b2a41595,3f800000
b2a27ea7,3f800000
b2a0e7b9,3f800000
b29f50cb,3f800000
b29db9dd,3f800000
b29c22f0,3f800000
b29a8c02,3f800000
b298f514,3f800000
b2975e26,3f800000
b295c738,3f800000
b294304a,3f800000
b292995c,3f800000
b291026e,3f800000
b28f6b80,3f800000
b28dd492,3f800000
b28c3da4,3f800000
b28aa6b6,3f800000
b2890fc8,3f800000
b28778da,3f800000
b285e1ed,3f800000
b2844aff,3f800000
b282b411,3f800000
b2811d23,3f800000
b27f8635,3f800000
b27def47,3f800000
b27c5859,3f800000
b27ac16b,3f800000
b2792a7d,3f800000
b277938f,3f800000
b275fca1,3f800000
b27465b3,3f800000
b272cec5,3f800000
b27137d8,3f800000
b26fa0ea,3f800000
b26e09fc,3f800000
b26c730e,3f800000
b26adc20,3f800000
b2694532,3f800000
b267ae44,3f800000
b2661756,3f800000
b2648068,3f800000
b262e97a,3f800000
b261528c,3f800000
b25fbb9e,3f800000
b25e24b0,3f800000
b25c8dc2,3f800000
b25af6d5,3f800000
b2595fe7,3f800000
b257c8f9,3f800000
b256320b,3f800000
b2549b1d,3f800000
b253042f,3f800000
b2516d41,3f800000
b24fd653,3f800000
b24e3f65,3f800000
b24ca877,3f800000
b24b1189,3f800000
b2497a9b,3f800000
b247e3ad,3f800000
b2464cc0,3f800000
b244b5d2,3f800000
b2431ee4,3f800000
b24187f6,3f800000
b23ff108,3f800000
b23e5a1a,3f800000
b23cc32c,3f800000
b23b2c3e,3f800000
b2399550,3f800000
b237fe62,3f800000
b2366774,3f800000
b234d086,3f800000
b2333998,3f800000
b231a2ab,3f800000
b2300bbd,3f800000
b22e74cf,3f800000
b22cdde1,3f800000
b22b46f3,3f800000
b229b005,3f800000
b2281917,3f800000
b2268229,3f800000
b224eb3b,3f800000
b223544d,3f800000
b221bd5f,3f800000
b2202671,3f800000
b21e8f83,3f800000
b21cf895,3f800000
b21b61a8,3f800000
b219caba,3f800000
b21833cc,3f800000
b2169cde,3f800000
b21505f0,3f800000
b2136f02,3f800000
b211d814,3f800000
b2104126,3f800000
b20eaa38,3f800000
b20d134a,3f800000
b20b7c5c,3f800000
b209e56e,3f800000
b2084e80,3f800000
b206b793,3f800000
b20520a5,3f800000
b20389b7,3f800000
b201f2c9,3f800000
b2005bdb,3f800000
b1fec4ed,3f800000
b1fd2dff,3f800000
b1fb9711,3f800000
b1fa0023,3f800000
b1f86935,3f800000
b1f6d247,3f800000
b1f53b59,3f800000
b1f3a46b,3f800000
b1f20d7d,3f800000
b1f07690,3f800000
b1eedfa2,3f800000
b1ed48b4,3f800000
b1ebb1c6,3f800000
b1ea1ad8,3f800000
b1e883ea,3f800000
b1e6ecfc,3f800000
b1e5560e,3f800000
b1e3bf20,3f800000
b1e22832,3f800000
b1e09144,3f800000
b1defa56,3f800000
b1dd6368,3f800000
b1dbcc7b,3f800000
b1da358d,3f800000
b1d89e9f,3f800000
b1d707b1,3f800000
b1d570c3,3f800000
b1d3d9d5,3f800000
b1d242e7,3f800000
b1d0abf9,3f800000
b1cf150b,3f800000
b1cd7e1d,3f800000
b1cbe72f,3f800000
b1ca5041,3f800000
b1c8b953,3f800000
b1c72265,3f800000
b1c58b78,3f800000
b1c3f48a,3f800000
b1c25d9c,3f800000
b1c0c6ae,3f800000
b1bf2fc0,3f800000
b1bd98d2,3f800000
b1bc01e4,3f800000
b1ba6af6,3f800000
b1b8d408,3f800000
b1b73d1a,3f800000
b1b5a62c,3f800000
b1b40f3e,3f800000
b1b27850,3f800000
b1b0e163,3f800000
b1af4a75,3f800000
b1adb387,3f800000
b1ac1c99,3f800000
b1aa85ab,3f800000
b1a8eebd,3f800000
b1a757cf,3f800000
b1a5c0e1,3f800000
b1a429f3,3f800000
b1a29305,3f800000
b1a0fc17,3f800000
b19f6529,3f800000
b19dce3b,3f800000
b19c374d,3f800000
b19aa060,3f800000
b1990972,3f800000
b1977284,3f800000
b195db96,3f800000
b19444a8,3f800000
b192adba,3f800000
b19116cc,3f800000
b18f7fde,3f800000
b18de8f0,3f800000
b18c5202,3f800000
b18abb14,3f800000
b1892426,3f800000
b1878d38,3f800000
b185f64b,3f800000
b1845f5d,3f800000
b182c86f,3f800000
b1813181,3f800000
b17f9a93,3f800000
b17e03a5,3f800000
b17c6cb7,3f800000
b17ad5c9,3f800000
b1793edb,3f800000
b177a7ed,3f800000
b17610ff,3f800000
b1747a11,3f800000
b172e323,3f800000
b1714c35,3f800000
b16fb548,3f800000
b16e1e5a,3f800000
b16c876c,3f800000
b16af07e,3f800000
b1695990,3f800000
b167c2a2,3f800000
b1662bb4,3f800000
b16494c6,3f800000
b162fdd8,3f800000
b16166ea,3f800000
b15fcffc,3f800000
b15e390e,3f800000
b15ca220,3f800000
b15b0b33,3f800000
b1597445,3f800000
b157dd57,3f800000
b1564669,3f800000
b154af7b,3f800000
b153188d,3f800000
b151819f,3f800000
b14feab1,3f800000
b14e53c3,3f800000
b14cbcd5,3f800000
b14b25e7,3f800000
b1498ef9,3f800000
b147f80b,3f800000
b146611d,3f800000
b144ca30,3f800000
b1433342,3f800000
b1419c54,3f800000
b1400566,3f800000
b13e6e78,3f800000
b13cd78a,3f800000
b13b409c,3f800000
b139a9ae,3f800000
b13812c0,3f800000
b1367bd2,3f800000
b134e4e4,3f800000
b1334df6,3f800000
b131b708,3f800000
b130201b,3f800000
b12e892d,3f800000
b12cf23f,3f800000
b12b5b51,3f800000
b129c463,3f800000
b1282d75,3f800000
b1269687,3f800000
b124ff99,3f800000
b12368ab,3f800000
b121d1bd,3f800000
b1203acf,3f800000
b11ea3e1,3f800000
b11d0cf3,3f800000
b11b7605,3f800000
b119df18,3f800000
b118482a,3f800000
b116b13c,3f800000
b1151a4e,3f800000
b1138360,3f800000
b111ec72,3f800000
b1105584,3f800000
b10ebe96,3f800000
b10d27a8,3f800000
b10b90ba,3f800000
b109f9cc,3f800000
b10862de,3f800000
b106cbf0,3f800000
b1053503,3f800000
b1039e15,3f800000
b1020727,3f800000
b1007039,3f800000
b0fed94b,3f800000
b0fd425d,3f800000
b0fbab6f,3f800000
b0fa1481,3f800000
b0f87d93,3f800000
b0f6e6a5,3f800000
b0f54fb7,3f800000
b0f3b8c9,3f800000
b0f221db,3f800000
b0f08aed,3f800000
b0eef400,3f800000
b0ed5d12,3f800000
b0ebc624,3f800000
b0ea2f36,3f800000
b0e89848,3f800000
b0e7015a,3f800000
b0e56a6c,3f800000
b0e3d37e,3f800000
b0e23c90,3f800000
b0e0a5a2,3f800000
b0df0eb4,3f800000
b0dd77c6,3f800000
b0dbe0d8,3f800000
b0da49eb,3f800000
b0d8b2fd,3f800000
b0d71c0f,3f800000
b0d58521,3f800000
b0d3ee33,3f800000
b0d25745,3f800000
b0d0c057,3f800000
b0cf2969,3f800000
b0cd927b,3f800000
b0cbfb8d,3f800000
b0ca649f,3f800000
b0c8cdb1,3f800000
b0c736c3,3f800000
b0c59fd5,3f800000
b0c408e8,3f800000
b0c271fa,3f800000
b0c0db0c,3f800000
b0bf441e,3f800000
b0bdad30,3f800000
b0bc1642,3f800000
b0ba7f54,3f800000
b0b8e866,3f800000
b0b75178,3f800000
b0b5ba8a,3f800000
b0b4239c,3f800000
b0b28cae,3f800000
b0b0f5c0,3f800000
b0af5ed3,3f800000
b0adc7e5,3f800000
b0ac30f7,3f800000
b0aa9a09,3f800000
b0a9031b,3f800000
b0a76c2d,3f800000
b0a5d53f,3f800000
b0a43e51,3f800000
b0a2a763,3f800000
b0a11075,3f800000
b09f7987,3f800000
b09de299,3f800000
b09c4bab,3f800000
b09ab4be,3f800000
b0991dd0,3f800000
b09786e2,3f800000
b095eff4,3f800000
b0945906,3f800000
b092c218,3f800000
b0912b2a,3f800000
b08f943c,3f800000
b08dfd4e,3f800000
b08c6660,3f800000
b08acf72,3f800000
b0893884,3f800000
b087a196,3f800000
b0860aa8,3f800000
b08473bb,3f800000
b082dccd,3f800000
b08145df,3f800000
b07faef1,3f800000
b07e1803,3f800000
b07c8115,3f800000
b07aea27,3f800000
b0795339,3f800000
b077bc4b,3f800000
b076255d,3f800000
b0748e6f,3f800000
b072f781,3f800000
b0716093,3f800000
b06fc9a6,3f800000
b06e32b8,3f800000
b06c9bca,3f800000
b06b04dc,3f800000
b0696dee,3f800000
b067d700,3f800000
b0664012,3f800000
b064a924,3f800000
b0631236,3f800000
b0617b48,3f800000
b05fe45a,3f800000
b05e4d6c,3f800000
b05cb67e,3f800000
b05b1f90,3f800000
b05988a3,3f800000
b057f1b5,3f800000
b0565ac7,3f800000
b054c3d9,3f800000
b0532ceb,3f800000
b05195fd,3f800000
b04fff0f,3f800000
b04e6821,3f800000
b04cd133,3f800000
b04b3a45,3f800000
b049a357,3f800000
b0480c69,3f800000
b046757b,3f800000
b044de8e,3f800000
b04347a0,3f800000
b041b0b2,3f800000
b04019c4,3f800000
b03e82d6,3f800000
b03cebe8,3f800000
b03b54fa,3f800000
b039be0c,3f800000
b038271e,3f800000
b0369030,3f800000
b034f942,3f800000
b0336254,3f800000
b031cb66,3f800000
b0303478,3f800000
b02e9d8b,3f800000
b02d069d,3f800000
b02b6faf,3f800000
b029d8c1,3f800000
b02841d3,3f800000
b026aae5,3f800000
b02513f7,3f800000
b0237d09,3f800000
b021e61b,3f800000
b0204f2d,3f800000
b01eb83f,3f800000
b01d2151,3f800000
b01b8a63,3f800000
b019f376,3f800000
b0185c88,3f800000
b016c59a,3f800000
b0152eac,3f800000
b01397be,3f800000
b01200d0,3f800000
b01069e2,3f800000
b00ed2f4,3f800000
b00d3c06,3f800000
b00ba518,3f800000
b00a0e2a,3f800000
b008773c,3f800000
b006e04e,3f800000
b0054960,3f800000
b003b273,3f800000
b0021b85,3f800000
b0008497,3f800000
affeeda9,3f800000
affd56bb,3f800000
affbbfcd,3f800000
affa28df,3f800000
aff891f1,3f800000
aff6fb03,3f800000
aff56415,3f800000
aff3cd27,3f800000
aff23639,3f800000
aff09f4b,3f800000
afef085e,3f800000
afed7170,3f800000
afebda82,3f800000
afea4394,3f800000
afe8aca6,3f800000
afe715b8,3f800000
afe57eca,3f800000
afe3e7dc,3f800000
afe250ee,3f800000
afe0ba00,3f800000
afdf2312,3f800000
afdd8c24,3f800000
afdbf536,3f800000
afda5e48,3f800000
afd8c75b,3f800000
afd7306d,3f800000
afd5997f,3f800000
afd40291,3f800000
afd26ba3,3f800000
afd0d4b5,3f800000
afcf3dc7,3f800000
afcda6d9,3f800000
afcc0feb,3f800000
afca78fd,3f800000
afc8e20f,3f800000
afc74b21,3f800000
afc5b433,3f800000
afc41d46,3f800000
afc28658,3f800000
afc0ef6a,3f800000
afbf587c,3f800000
afbdc18e,3f800000
afbc2aa0,3f800000
afba93b2,3f800000
afb8fcc4,3f800000
afb765d6,3f800000
afb5cee8,3f800000
afb437fa,3f800000
afb2a10c,3f800000
afb10a1e,3f800000
afaf7330,3f800000
afaddc43,3f800000
afac4555,3f800000
afaaae67,3f800000
afa91779,3f800000
afa7808b,3f800000
afa5e99d,3f800000
afa452af,3f800000
afa2bbc1,3f800000
afa124d3,3f800000
af9f8de5,3f800000
af9df6f7,3f800000
af9c6009,3f800000
af9ac91b,3f800000
af99322e,3f800000
af979b40,3f800000
af960452,3f800000
af946d64,3f800000
af92d676,3f800000
af913f88,3f800000
af8fa89a,3f800000
af8e11ac,3f800000
af8c7abe,3f800000
af8ae3d0,3f800000
af894ce2,3f800000
af87b5f4,3f800000
af861f06,3f800000
af848818,3f800000
af82f12b,3f800000
af815a3d,3f800000
af7fc34f,3f800000
af7e2c61,3f800000
af7c9573,3f800000
af7afe85,3f800000
af796797,3f800000
af77d0a9,3f800000
af7639bb,3f800000
af74a2cd,3f800000
af730bdf,3f800000
af7174f1,3f800000
af6fde03,3f800000
af6e4716,3f800000
af6cb028,3f800000
af6b193a,3f800000
af69824c,3f800000
af67eb5e,3f800000
af665470,3f800000
af64bd82,3f800000
af632694,3f800000
af618fa6,3f800000
af5ff8b8,3f800000
af5e61ca,3f800000
af5ccadc,3f800000
af5b33ee,3f800000
af599d00,3f800000
af580613,3f800000
af566f25,3f800000
af54d837,3f800000
af534149,3f800000
af51aa5b,3f800000
af50136d,3f800000
af4e7c7f,3f800000
af4ce591,3f800000
af4b4ea3,3f800000
af49b7b5,3f800000
af4820c7,3f800000
af4689d9,3f800000
af44f2eb,3f800000
af435bfe,3f800000
af41c510,3f800000
af402e22,3f800000
af3e9734,3f800000
af3d0046,3f800000
af3b6958,3f800000
af39d26a,3f800000
af383b7c,3f800000
af36a48e,3f800000
af350da0,3f800000
af3376b2,3f800000
af31dfc4,3f800000
af3048d6,3f800000
af2eb1e8,3f800000
af2d1afb,3f800000
af2b840d,3f800000
af29ed1f,3f800000
af285631,3f800000
af26bf43,3f800000
af252855,3f800000
af239167,3f800000
af21fa79,3f800000
af20638b,3f800000
af1ecc9d,3f800000
af1d35af,3f800000
af1b9ec1,3f800000
af1a07d3,3f800000
af1870e6,3f800000
af16d9f8,3f800000
af15430a,3f800000
af13ac1c,3f800000
af12152e,3f800000
af107e40,3f800000
af0ee752,3f800000
af0d5064,3f800000
af0bb976,3f800000
af0a2288,3f800000
af088b9a,3f800000
af06f4ac,3f800000
af055dbe,3f800000
af03c6d1,3f800000
af022fe3,3f800000
af0098f5,3f800000
aeff0207,3f800000
aefd6b19,3f800000
aefbd42b,3f800000
aefa3d3d,3f800000
aef8a64f,3f800000
aef70f61,3f800000
aef57873,3f800000
aef3e185,3f800000
aef24a97,3f800000
aef0b3a9,3f800000
aeef1cbb,3f800000
aeed85ce,3f800000
aeebeee0,3f800000
aeea57f2,3f800000
aee8c104,3f800000
aee72a16,3f800000
aee59328,3f800000
aee3fc3a,3f800000
aee2654c,3f800000
aee0ce5e,3f800000
aedf3770,3f800000
aedda082,3f800000
aedc0994,3f800000
aeda72a6,3f800000
aed8dbb9,3f800000
aed744cb,3f800000
aed5addd,3f800000
aed416ef,3f800000
aed28001,3f800000
aed0e913,3f800000
aecf5225,3f800000
aecdbb37,3f800000
aecc2449,3f800000
aeca8d5b,3f800000
aec8f66d,3f800000
aec75f7f,3f800000
aec5c891,3f800000
aec431a3,3f800000
aec29ab6,3f800000
aec103c8,3f800000
aebf6cda,3f800000
aebdd5ec,3f800000
aebc3efe,3f800000
aebaa810,3f800000
aeb91122,3f800000
aeb77a34,3f800000
aeb5e346,3f800000
aeb44c58,3f800000
aeb2b56a,3f800000
aeb11e7c,3f800000
aeaf878e,3f800000
aeadf0a1,3f800000
aeac59b3,3f800000
aeaac2c5,3f800000
aea92bd7,3f800000
aea794e9,3f800000
aea5fdfb,3f800000
aea4670d,3f800000
aea2d01f,3f800000
aea13931,3f800000
ae9fa243,3f800000
ae9e0b55,3f800000
ae9c7467,3f800000
ae9add79,3f800000
ae99468b,3f800000
ae97af9e,3f800000
ae9618b0,3f800000
ae9481c2,3f800000
ae92ead4,3f800000
ae9153e6,3f800000
ae8fbcf8,3f800000
ae8e260a,3f800000
ae8c8f1c,3f800000
ae8af82e,3f800000
ae896140,3f800000
ae87ca52,3f800000
ae863364,3f800000
ae849c76,3f800000
ae830589,3f800000
ae816e9b,3f800000
ae7fd7ad,3f800000
ae7e40bf,3f800000
ae7ca9d1,3f800000
ae7b12e3,3f800000
ae797bf5,3f800000
ae77e507,3f800000
ae764e19,3f800000
ae74b72b,3f800000
ae73203d,3f800000
ae71894f,3f800000
ae6ff261,3f800000
ae6e5b73,3f800000
ae6cc486,3f800000
ae6b2d98,3f800000
ae6996aa,3f800000
ae67ffbc,3f800000
ae6668ce,3f800000
ae64d1e0,3f800000
ae633af2,3f800000
ae61a404,3f800000
ae600d16,3f800000
ae5e7628,3f800000
ae5cdf3a,3f800000
ae5b484c,3f800000
ae59b15e,3f800000
ae581a71,3f800000
ae568383,3f800000
ae54ec95,3f800000
ae5355a7,3f800000
ae51beb9,3f800000
ae5027cb,3f800000
ae4e90dd,3f800000
ae4cf9ef,3f800000
ae4b6301,3f800000
ae49cc13,3f800000
ae483525,3f800000
ae469e37,3f800000
ae450749,3f800000
ae43705b,3f800000
ae41d96e,3f800000
ae404280,3f800000
ae3eab92,3f800000
ae3d14a4,3f800000
ae3b7db6,3f800000
ae39e6c8,3f800000
ae384fda,3f800000
ae36b8ec,3f800000
ae3521fe,3f800000
ae338b10,3f800000
ae31f422,3f800000
ae305d34,3f800000
ae2ec646,3f800000
ae2d2f59,3f800000
ae2b986b,3f800000
ae2a017d,3f800000
ae286a8f,3f800000
ae26d3a1,3f800000
ae253cb3,3f800000
ae23a5c5,3f800000
ae220ed7,3f800000
ae2077e9,3f800000
ae1ee0fb,3f800000
ae1d4a0d,3f800000
ae1bb31f,3f800000
ae1a1c31,3f800000
ae188543,3f800000
ae16ee56,3f800000
ae155768,3f800000
ae13c07a,3f800000
ae12298c,3f800000
ae10929e,3f800000
ae0efbb0,3f800000
ae0d64c2,3f800000
ae0bcdd4,3f800000
ae0a36e6,3f800000
ae089ff8,3f800000
ae07090a,3f800000
ae05721c,3f800000
ae03db2e,3f800000
ae024441,3f800000
ae00ad53,3f800000
adff1665,3f800000
adfd7f77,3f800000
adfbe889,3f800000
adfa519b,3f800000
adf8baad,3f800000
adf723bf,3f800000
adf58cd1,3f800000
adf3f5e3,3f800000
adf25ef5,3f800000
adf0c807,3f800000
adef3119,3f800000
aded9a2b,3f800000
adec033e,3f800000
adea6c50,3f800000
ade8d562,3f800000
ade73e74,3f800000
ade5a786,3f800000
ade41098,3f800000
ade279aa,3f800000
ade0e2bc,3f800000
addf4bce,3f800000
adddb4e0,3f800000
addc1df2,3f800000
adda8704,3f800000
add8f016,3f800000
add75929,3f800000
add5c23b,3f800000
add42b4d,3f800000
add2945f,3f800000
add0fd71,3f800000
adcf6683,3f800000
adcdcf95,3f800000
adcc38a7,3f800000
adcaa1b9,3f800000
adc90acb,3f800000
adc773dd,3f800000
adc5dcef,3f800000
adc44601,3f800000
adc2af13,3f800000
adc11826,3f800000
adbf8138,3f800000
adbdea4a,3f800000
adbc535c,3f800000
adbabc6e,3f800000
adb92580,3f800000
adb78e92,3f800000
adb5f7a4,3f800000
adb460b6,3f800000
adb2c9c8,3f800000
adb132da,3f800000
adaf9bec,3f800000
adae04fe,3f800000
adac6e11,3f800000
adaad723,3f800000
ada94035,3f800000
ada7a947,3f800000
ada61259,3f800000
ada47b6b,3f800000
ada2e47d,3f800000
ada14d8f,3f800000
ad9fb6a1,3f800000
ad9e1fb3,3f800000
ad9c88c5,3f800000
ad9af1d7,3f800000
ad995ae9,3f800000
ad97c3fb,3f800000
ad962d0e,3f800000
ad949620,3f800000
ad92ff32,3f800000
ad916844,3f800000
ad8fd156,3f800000
ad8e3a68,3f800000
ad8ca37a,3f800000
ad8b0c8c,3f800000
ad89759e,3f800000
ad87deb0,3f800000
ad8647c2,3f800000
ad84b0d4,3f800000
ad8319e6,3f800000
ad8182f9,3f800000
ad7fec0b,3f800000
ad7e551d,3f800000
ad7cbe2f,3f800000
ad7b2741,3f800000
ad799053,3f800000
ad77f965,3f800000
ad766277,3f800000
ad74cb89,3f800000
ad73349b,3f800000
ad719dad,3f800000
ad7006bf,3f800000
ad6e6fd1,3f800000
ad6cd8e4,3f800000
ad6b41f6,3f800000
ad69ab08,3f800000
ad68141a,3f800000
ad667d2c,3f800000
ad64e63e,3f800000
ad634f50,3f800000
ad61b862,3f800000
ad602174,3f800000
ad5e8a86,3f800000
ad5cf398,3f800000
ad5b5caa,3f800000
ad59c5bc,3f800000
ad582ece,3f800000
ad5697e1,3f800000
ad5500f3,3f800000
ad536a05,3f800000
ad51d317,3f800000
ad503c29,3f800000
ad4ea53b,3f800000
ad4d0e4d,3f800000
ad4b775f,3f800000
ad49e071,3f800000
ad484983,3f800000
ad46b295,3f800000
ad451ba7,3f800000
ad4384b9,3f800000
ad41edcc,3f800000
ad4056de,3f800000
ad3ebff0,3f800000
ad3d2902,3f800000
ad3b9214,3f800000
ad39fb26,3f800000
ad386438,3f800000
ad36cd4a,3f800000
ad35365c,3f800000
ad339f6e,3f800000
ad320880,3f800000
ad307192,3f800000
ad2edaa4,3f800000
ad2d43b6,3f800000
ad2bacc9,3f800000
ad2a15db,3f800000
ad287eed,3f800000
ad26e7ff,3f800000
ad255111,3f800000
ad23ba23,3f800000
ad222335,3f800000
ad208c47,3f800000
ad1ef559,3f800000
ad1d5e6b,3f800000
ad1bc77d,3f800000
ad1a308f,3f800000
ad1899a1,3f800000
ad1702b4,3f800000
ad156bc6,3f800000
ad13d4d8,3f800000
ad123dea,3f800000
ad10a6fc,3f800000
ad0f100e,3f800000
ad0d7920,3f800000
ad0be232,3f800000
ad0a4b44,3f800000
ad08b456,3f800000
ad071d68,3f800000
ad05867a,3f800000
ad03ef8c,3f800000
ad02589e,3f800000
ad00c1b1,3f800000
acff2ac3,3f800000
acfd93d5,3f800000
acfbfce7,3f800000
acfa65f9,3f800000
acf8cf0b,3f800000
acf7381d,3f800000
acf5a12f,3f800000
acf40a41,3f800000
acf27353,3f800000
acf0dc65,3f800000
acef4577,3f800000
acedae89,3f800000
acec179c,3f800000
acea80ae,3f800000
ace8e9c0,3f800000
ace752d2,3f800000
ace5bbe4,3f800000
ace424f6,3f800000
ace28e08,3f800000
ace0f71a,3f800000
acdf602c,3f800000
acddc93e,3f800000
acdc3250,3f800000
acda9b62,3f800000
acd90474,3f800000
acd76d86,3f800000
acd5d699,3f800000
acd43fab,3f800000
acd2a8bd,3f800000
acd111cf,3f800000
accf7ae1,3f800000
accde3f3,3f800000
accc4d05,3f800000
accab617,3f800000
acc91f29,3f800000
acc7883b,3f800000
acc5f14d,3f800000
acc45a5f,3f800000
acc2c371,3f800000
acc12c84,3f800000
acbf9596,3f800000
acbdfea8,3f800000
acbc67ba,3f800000
acbad0cc,3f800000
acb939de,3f800000
acb7a2f0,3f800000
acb60c02,3f800000
acb47514,3f800000
acb2de26,3f800000
acb14738,3f800000
acafb04a,3f800000
acae195c,3f800000
acac826e,3f800000
acaaeb81,3f800000
aca95493,3f800000
aca7bda5,3f800000
aca626b7,3f800000
aca48fc9,3f800000
aca2f8db,3f800000
aca161ed,3f800000
ac9fcaff,3f800000
ac9e3411,3f800000
ac9c9d23,3f800000
ac9b0635,3f800000
ac996f47,3f800000
ac97d859,3f800000
ac96416c,3f800000
ac94aa7e,3f800000
ac931390,3f800000
ac917ca2,3f800000
ac8fe5b4,3f800000
ac8e4ec6,3f800000
ac8cb7d8,3f800000
ac8b20ea,3f800000
ac8989fc,3f800000
ac87f30e,3f800000
ac865c20,3f800000
ac84c532,3f800000
ac832e44,3f800000
ac819756,3f800000
ac800069,3f800000
ac7e697b,3f800000
ac7cd28d,3f800000
ac7b3b9f,3f800000
ac79a4b1,3f800000
ac780dc3,3f800000
ac7676d5,3f800000
ac74dfe7,3f800000
ac7348f9,3f800000
ac71b20b,3f800000
ac701b1d,3f800000
ac6e842f,3f800000
ac6ced41,3f800000
ac6b5654,3f800000
ac69bf66,3f800000
ac682878,3f800000
ac66918a,3f800000
ac64fa9c,3f800000
ac6363ae,3f800000
ac61ccc0,3f800000
ac6035d2,3f800000
ac5e9ee4,3f800000
ac5d07f6,3f800000
ac5b7108,3f800000
ac59da1a,3f800000
ac58432c,3f800000
ac56ac3e,3f800000
ac551551,3f800000
ac537e63,3f800000
ac51e775,3f800000
ac505087,3f800000
ac4eb999,3f800000
ac4d22ab,3f800000
ac4b8bbd,3f800000
ac49f4cf,3f800000
ac485de1,3f800000
ac46c6f3,3f800000
ac453005,3f800000
ac439917,3f800000
ac420229,3f800000
ac406b3c,3f800000
ac3ed44e,3f800000
ac3d3d60,3f800000
ac3ba672,3f800000
ac3a0f84,3f800000
ac387896,3f800000
ac36e1a8,3f800000
ac354aba,3f800000
ac33b3cc,3f800000
ac321cde,3f800000
ac3085f0,3f800000
ac2eef02,3f800000
ac2d5814,3f800000
ac2bc126,3f800000
ac2a2a39,3f800000
ac28934b,3f800000
ac26fc5d,3f800000
ac25656f,3f800000
ac23ce81,3f800000
ac223793,3f800000
ac20a0a5,3f800000
ac1f09b7,3f800000
ac1d72c9,3f800000
ac1bdbdb,3f800000
ac1a44ed,3f800000
ac18adff,3f800000
ac171711,3f800000
ac158024,3f800000
ac13e936,3f800000
ac125248,3f800000
ac10bb5a,3f800000
ac0f246c,3f800000
ac0d8d7e,3f800000
ac0bf690,3f800000
ac0a5fa2,3f800000
ac08c8b4,3f800000
ac0731c6,3f800000
ac059ad8,3f800000
ac0403ea,3f800000
ac026cfc,3f800000
ac00d60e,3f800000
abff3f21,3f800000
abfda833,3f800000
abfc1145,3f800000
abfa7a57,3f800000
abf8e369,3f800000
abf74c7b,3f800000
abf5b58d,3f800000
abf41e9f,3f800000
abf287b1,3f800000
abf0f0c3,3f800000
abef59d5,3f800000
abedc2e7,3f800000
abec2bf9,3f800000
abea950c,3f800000
abe8fe1e,3f800000
abe76730,3f800000
abe5d042,3f800000
abe43954,3f800000
abe2a266,3f800000
abe10b78,3f800000
abdf748a,3f800000
abdddd9c,3f800000
abdc46ae,3f800000
abdaafc0,3f800000
abd918d2,3f800000
abd781e4,3f800000
abd5eaf7,3f800000
abd45409,3f800000
abd2bd1b,3f800000
abd1262d,3f800000
abcf8f3f,3f800000
abcdf851,3f800000
abcc6163,3f800000
abcaca75,3f800000
abc93387,3f800000
abc79c99,3f800000
abc605ab,3f800000
abc46ebd,3f800000
abc2d7cf,3f800000
abc140e1,3f800000
abbfa9f4,3f800000
abbe1306,3f800000
abbc7c18,3f800000
abbae52a,3f800000
abb94e3c,3f800000
abb7b74e,3f800000
abb62060,3f800000
abb48972,3f800000
abb2f284,3f800000
abb15b96,3f800000
abafc4a8,3f800000
abae2dba,3f800000
abac96cc,3f800000
abaaffdf,3f800000
aba968f1,3f800000
aba7d203,3f800000
aba63b15,3f800000
aba4a427,3f800000
aba30d39,3f800000
aba1764b,3f800000
ab9fdf5d,3f800000
ab9e486f,3f800000
ab9cb181,3f800000
ab9b1a93,3f800000
ab9983a5,3f800000
ab97ecb7,3f800000
ab9655c9,3f800000
ab94bedc,3f800000
ab9327ee,3f800000
ab919100,3f800000
ab8ffa12,3f800000
ab8e6324,3f800000
ab8ccc36,3f800000
ab8b3548,3f800000
ab899e5a,3f800000
ab88076c,3f800000
ab86707e,3f800000
ab84d990,3f800000
ab8342a2,3f800000
ab81abb4,3f800000
ab8014c7,3f800000
ab7e7dd9,3f800000
ab7ce6eb,3f800000
ab7b4ffd,3f800000
ab79b90f,3f800000
ab782221,3f800000
ab768b33,3f800000
ab74f445,3f800000
ab735d57,3f800000
ab71c669,3f800000
ab702f7b,3f800000
ab6e988d,3f800000
ab6d019f,3f800000
ab6b6ab1,3f800000
ab69d3c4,3f800000
ab683cd6,3f800000
ab66a5e8,3f800000
ab650efa,3f800000
ab63780c,3f800000
ab61e11e,3f800000
ab604a30,3f800000
ab5eb342,3f800000
ab5d1c54,3f800000
ab5b8566,3f800000
ab59ee78,3f800000
ab58578a,3f800000
ab56c09c,3f800000
ab5529af,3f800000
ab5392c1,3f800000
ab51fbd3,3f800000
ab5064e5,3f800000
ab4ecdf7,3f800000
ab4d3709,3f800000
ab4ba01b,3f800000
ab4a092d,3f800000
ab48723f,3f800000
ab46db51,3f800000
ab454463,3f800000
ab43ad75,3f800000
ab421687,3f800000
ab407f99,3f800000
ab3ee8ac,3f800000
ab3d51be,3f800000
ab3bbad0,3f800000
ab3a23e2,3f800000
ab388cf4,3f800000
ab36f606,3f800000
ab355f18,3f800000
ab33c82a,3f800000
ab32313c,3f800000
ab309a4e,3f800000
ab2f0360,3f800000
ab2d6c72,3f800000
ab2bd584,3f800000
ab2a3e97,3f800000
ab28a7a9,3f800000
ab2710bb,3f800000
ab2579cd,3f800000
ab23e2df,3f800000
ab224bf1,3f800000
ab20b503,3f800000
ab1f1e15,3f800000
ab1d8727,3f800000
ab1bf039,3f800000
ab1a594b,3f800000
ab18c25d,3f800000
ab172b6f,3f800000
ab159481,3f800000
ab13fd94,3f800000
ab1266a6,3f800000
ab10cfb8,3f800000
ab0f38ca,3f800000
ab0da1dc,3f800000
ab0c0aee,3f800000
ab0a7400,3f800000
ab08dd12,3f800000
ab074624,3f800000
ab05af36,3f800000
ab041848,3f800000
ab02815a,3f800000
ab00ea6c,3f800000
aaff537f,3f800000
aafdbc91,3f800000
aafc25a3,3f800000
aafa8eb5,3f800000
aaf8f7c7,3f800000
aaf760d9,3f800000
aaf5c9eb,3f800000
aaf432fd,3f800000
aaf29c0f,3f800000
aaf10521,3f800000
aaef6e33,3f800000
aaedd745,3f800000
aaec4057,3f800000
aaeaa969,3f800000
aae9127c,3f800000
aae77b8e,3f800000
aae5e4a0,3f800000
aae44db2,3f800000
aae2b6c4,3f800000
aae11fd6,3f800000
aadf88e8,3f800000
aaddf1fa,3f800000
aadc5b0c,3f800000
aadac41e,3f800000
aad92d30,3f800000
aad79642,3f800000
aad5ff54,3f800000
aad46867,3f800000
aad2d179,3f800000
aad13a8b,3f800000
aacfa39d,3f800000
aace0caf,3f800000
aacc75c1,3f800000
aacaded3,3f800000
aac947e5,3f800000
aac7b0f7,3f800000
aac61a09,3f800000
aac4831b,3f800000
aac2ec2d,3f800000
aac1553f,3f800000
aabfbe51,3f800000
aabe2764,3f800000
aabc9076,3f800000
aabaf988,3f800000
aab9629a,3f800000
aab7cbac,3f800000
aab634be,3f800000
aab49dd0,3f800000
aab306e2,3f800000
aab16ff4,3f800000
aaafd906,3f800000
aaae4218,3f800000
aaacab2a,3f800000
aaab143c,3f800000
aaa97d4f,3f800000
aaa7e661,3f800000
aaa64f73,3f800000
aaa4b885,3f800000
aaa32197,3f800000
aaa18aa9,3f800000
aa9ff3bb,3f800000
aa9e5ccd,3f800000
aa9cc5df,3f800000
aa9b2ef1,3f800000
aa999803,3f800000
aa980115,3f800000
aa966a27,3f800000
aa94d339,3f800000
aa933c4c,3f800000
aa91a55e,3f800000
aa900e70,3f800000
aa8e7782,3f800000
aa8ce094,3f800000
aa8b49a6,3f800000
aa89b2b8,3f800000
aa881bca,3f800000
aa8684dc,3f800000
aa84edee,3f800000
aa835700,3f800000
aa81c012,3f800000
aa802924,3f800000
aa7e9237,3f800000
aa7cfb49,3f800000
aa7b645b,3f800000
aa79cd6d,3f800000
aa78367f,3f800000
aa769f91,3f800000
aa7508a3,3f800000
aa7371b5,3f800000
aa71dac7,3f800000
aa7043d9,3f800000
aa6eaceb,3f800000
aa6d15fd,3f800000
aa6b7f0f,3f800000
aa69e821,3f800000
aa685134,3f800000
aa66ba46,3f800000
aa652358,3f800000
aa638c6a,3f800000
aa61f57c,3f800000
aa605e8e,3f800000
aa5ec7a0,3f800000
aa5d30b2,3f800000
aa5b99c4,3f800000
aa5a02d6,3f800000
aa586be8,3f800000
aa56d4fa,3f800000
aa553e0c,3f800000
aa53a71f,3f800000
aa521031,3f800000
aa507943,3f800000
aa4ee255,3f800000
aa4d4b67,3f800000
aa4bb479,3f800000
aa4a1d8b,3f800000
aa48869d,3f800000
aa46efaf,3f800000
aa4558c1,3f800000
aa43c1d3,3f800000
aa422ae5,3f800000
aa4093f7,3f800000
aa3efd0a,3f800000
aa3d661c,3f800000
aa3bcf2e,3f800000
aa3a3840,3f800000
aa38a152,3f800000
aa370a64,3f800000
aa357376,3f800000
aa33dc88,3f800000
aa32459a,3f800000
aa30aeac,3f800000
aa2f17be,3f800000
aa2d80d0,3f800000
aa2be9e2,3f800000
aa2a52f4,3f800000
aa28bc07,3f800000
aa272519,3f800000
aa258e2b,3f800000
aa23f73d,3f800000
aa22604f,3f800000
aa20c961,3f800000
aa1f3273,3f800000
aa1d9b85,3f800000
aa1c0497,3f800000
aa1a6da9,3f800000
aa18d6bb,3f800000
aa173fcd,3f800000
aa15a8df,3f800000
aa1411f2,3f800000
aa127b04,3f800000
aa10e416,3f800000
aa0f4d28,3f800000
aa0db63a,3f800000
aa0c1f4c,3f800000
aa0a885e,3f800000
aa08f170,3f800000
aa075a82,3f800000
aa05c394,3f800000
aa042ca6,3f800000
aa0295b8,3f800000
aa00feca,3f800000
a9ff67dc,3f800000
a9fdd0ef,3f800000
a9fc3a01,3f800000
a9faa313,3f800000
a9f90c25,3f800000
a9f77537,3f800000
a9f5de49,3f800000
a9f4475b,3f800000
a9f2b06d,3f800000
a9f1197f,3f800000
a9ef8291,3f800000
a9edeba3,3f800000
a9ec54b5,3f800000
a9eabdc7,3f800000
a9e926da,3f800000
a9e78fec,3f800000
a9e5f8fe,3f800000
a9e46210,3f800000
a9e2cb22,3f800000
a9e13434,3f800000
a9df9d46,3f800000
a9de0658,3f800000
a9dc6f6a,3f800000
a9dad87c,3f800000
a9d9418e,3f800000
a9d7aaa0,3f800000
a9d613b2,3f800000
a9d47cc4,3f800000
a9d2e5d7,3f800000
a9d14ee9,3f800000
a9cfb7fb,3f800000
a9ce210d,3f800000
a9cc8a1f,3f800000
a9caf331,3f800000
a9c95c43,3f800000
a9c7c555,3f800000
a9c62e67,3f800000
a9c49779,3f800000
a9c3008b,3f800000
a9c1699d,3f800000
a9bfd2af,3f800000
a9be3bc2,3f800000
a9bca4d4,3f800000
a9bb0de6,3f800000
a9b976f8,3f800000
a9b7e00a,3f800000
a9b6491c,3f800000
a9b4b22e,3f800000
a9b31b40,3f800000
a9b18452,3f800000
a9afed64,3f800000
a9ae5676,3f800000
a9acbf88,3f800000
a9ab289a,3f800000
a9a991ac,3f800000
a9a7fabf,3f800000
a9a663d1,3f800000
a9a4cce3,3f800000
a9a335f5,3f800000
a9a19f07,3f800000
a9a00819,3f800000
a99e712b,3f800000
a99cda3d,3f800000
a99b434f,3f800000
a999ac61,3f800000
a9981573,3f800000
a9967e85,3f800000
a994e797,3f800000
a99350aa,3f800000
a991b9bc,3f800000
a99022ce,3f800000
a98e8be0,3f800000
a98cf4f2,3f800000
a98b5e04,3f800000
a989c716,3f800000
a9883028,3f800000
a986993a,3f800000
a985024c,3f800000
a9836b5e,3f800000
a981d470,3f800000
a9803d82,3f800000
a97ea694,3f800000
a97d0fa7,3f800000
a97b78b9,3f800000
a979e1cb,3f800000
a9784add,3f800000
a976b3ef,3f800000
a9751d01,3f800000
a9738613,3f800000
a971ef25,3f800000
a9705837,3f800000
a96ec149,3f800000
a96d2a5b,3f800000
a96b936d,3f800000
a969fc7f,3f800000
a9686592,3f800000
a966cea4,3f800000
a96537b6,3f800000
a963a0c8,3f800000
a96209da,3f800000
a96072ec,3f800000
a95edbfe,3f800000
a95d4510,3f800000
a95bae22,3f800000
a95a1734,3f800000
a9588046,3f800000
a956e958,3f800000
a955526a,3f800000
a953bb7c,3f800000
a952248f,3f800000
a9508da1,3f800000
a94ef6b3,3f800000
a94d5fc5,3f800000
a94bc8d7,3f800000
a94a31e9,3f800000
a9489afb,3f800000
a947040d,3f800000
a9456d1f,3f800000
a943d631,3f800000
a9423f43,3f800000
a940a855,3f800000
a93f1167,3f800000
a93d7a7a,3f800000
a93be38c,3f800000
a93a4c9e,3f800000
a938b5b0,3f800000
a9371ec2,3f800000
a93587d4,3f800000
a933f0e6,3f800000
a93259f8,3f800000
a930c30a,3f800000
a92f2c1c,3f800000
a92d952e,3f800000
a92bfe40,3f800000
a92a6752,3f800000
a928d064,3f800000
a9273977,3f800000
a925a289,3f800000
a9240b9b,3f800000
a92274ad,3f800000
a920ddbf,3f800000
a91f46d1,3f800000
a91dafe3,3f800000
a91c18f5,3f800000
a91a8207,3f800000
a918eb19,3f800000
a917542b,3f800000
a915bd3d,3f800000
a914264f,3f800000
a9128f62,3f800000
a910f874,3f800000
a90f6186,3f800000
a90dca98,3f800000
a90c33aa,3f800000
a90a9cbc,3f800000
a90905ce,3f800000
a9076ee0,3f800000
a905d7f2,3f800000
a9044104,3f800000
a902aa16,3f800000
a9011328,3f800000
a8ff7c3a,3f800000
a8fde54c,3f800000
a8fc4e5f,3f800000
a8fab771,3f800000
a8f92083,3f800000
a8f78995,3f800000
a8f5f2a7,3f800000
a8f45bb9,3f800000
a8f2c4cb,3f800000
a8f12ddd,3f800000
a8ef96ef,3f800000
a8ee0001,3f800000
a8ec6913,3f800000
a8ead225,3f800000
a8e93b37,3f800000
a8e7a44a,3f800000
a8e60d5c,3f800000
a8e4766e,3f800000
a8e2df80,3f800000
a8e14892,3f800000
a8dfb1a4,3f800000
a8de1ab6,3f800000
a8dc83c8,3f800000
a8daecda,3f800000
a8d955ec,3f800000
a8d7befe,3f800000
a8d62810,3f800000
a8d49122,3f800000
a8d2fa34,3f800000
a8d16347,3f800000
a8cfcc59,3f800000
a8ce356b,3f800000
a8cc9e7d,3f800000
a8cb078f,3f800000
a8c970a1,3f800000
a8c7d9b3,3f800000
a8c642c5,3f800000
a8c4abd7,3f800000
a8c314e9,3f800000
a8c17dfb,3f800000
a8bfe70d,3f800000
a8be501f,3f800000
a8bcb932,3f800000
a8bb2244,3f800000
a8b98b56,3f800000
a8b7f468,3f800000
a8b65d7a,3f800000
a8b4c68c,3f800000
a8b32f9e,3f800000
a8b198b0,3f800000
a8b001c2,3f800000
a8ae6ad4,3f800000
a8acd3e6,3f800000
a8ab3cf8,3f800000
a8a9a60a,3f800000
a8a80f1d,3f800000
a8a6782f,3f800000
a8a4e141,3f800000
a8a34a53,3f800000
a8a1b365,3f800000
a8a01c77,3f800000
a89e8589,3f800000
a89cee9b,3f800000
a89b57ad,3f800000
a899c0bf,3f800000
a89829d1,3f800000
a89692e3,3f800000
a894fbf5,3f800000
a8936507,3f800000
a891ce1a,3f800000
a890372c,3f800000
a88ea03e,3f800000
a88d0950,3f800000
a88b7262,3f800000
a889db74,3f800000
a8884486,3f800000
a886ad98,3f800000
a88516aa,3f800000
a8837fbc,3f800000
a881e8ce,3f800000
a88051e0,3f800000
a87ebaf2,3f800000
a87d2405,3f800000
a87b8d17,3f800000
a879f629,3f800000
a8785f3b,3f800000
a876c84d,3f800000
a875315f,3f800000
a8739a71,3f800000
a8720383,3f800000
a8706c95,3f800000
a86ed5a7,3f800000
a86d3eb9,3f800000
a86ba7cb,3f800000
a86a10dd,3f800000
a86879ef,3f800000
a866e302,3f800000
a8654c14,3f800000
a863b526,3f800000
a8621e38,3f800000
a860874a,3f800000
a85ef05c,3f800000
a85d596e,3f800000
a85bc280,3f800000
a85a2b92,3f800000
a85894a4,3f800000
a856fdb6,3f800000
a85566c8,3f800000
a853cfda,3f800000
a85238ed,3f800000
a850a1ff,3f800000
a84f0b11,3f800000
a84d7423,3f800000
a84bdd35,3f800000
a84a4647,3f800000
a848af59,3f800000
a847186b,3f800000
a845817d,3f800000
a843ea8f,3f800000
a84253a1,3f800000
a840bcb3,3f800000
a83f25c5,3f800000
a83d8ed7,3f800000
a83bf7ea,3f800000
a83a60fc,3f800000
a838ca0e,3f800000
a8373320,3f800000
a8359c32,3f800000
a8340544,3f800000
a8326e56,3f800000
a830d768,3f800000
a82f407a,3f800000
a82da98c,3f800000
a82c129e,3f800000
a82a7bb0,3f800000
a828e4c2,3f800000
a8274dd5,3f800000
a825b6e7,3f800000
a8241ff9,3f800000
a822890b,3f800000
a820f21d,3f800000
a81f5b2f,3f800000
a81dc441,3f800000
a81c2d53,3f800000
a81a9665,3f800000
a818ff77,3f800000
a8176889,3f800000
a815d19b,3f800000
a8143aad,3f800000
a812a3bf,3f800000
a8110cd2,3f800000
a80f75e4,3f800000
a80ddef6,3f800000
a80c4808,3f800000
a80ab11a,3f800000
a8091a2c,3f800000
a807833e,3f800000
a805ec50,3f800000
a8045562,3f800000
a802be74,3f800000
a8012786,3f800000
a7ff9098,3f800000
a7fdf9aa,3f800000
a7fc62bd,3f800000
a7facbcf,3f800000
a7f934e1,3f800000
a7f79df3,3f800000
a7f60705,3f800000
a7f47017,3f800000
a7f2d929,3f800000
a7f1423b,3f800000
a7efab4d,3f800000
a7ee145f,3f800000
a7ec7d71,3f800000
a7eae683,3f800000
a7e94f95,3f800000
a7e7b8a7,3f800000
a7e621ba,3f800000
a7e48acc,3f800000
a7e2f3de,3f800000
a7e15cf0,3f800000
a7dfc602,3f800000
a7de2f14,3f800000
a7dc9826,3f800000
a7db0138,3f800000
a7d96a4a,3f800000
a7d7d35c,3f800000
a7d63c6e,3f800000
a7d4a580,3f800000
a7d30e92,3f800000
a7d177a5,3f800000
a7cfe0b7,3f800000
a7ce49c9,3f800000
a7ccb2db,3f800000
a7cb1bed,3f800000
a7c984ff,3f800000
a7c7ee11,3f800000
a7c65723,3f800000
a7c4c035,3f800000
a7c32947,3f800000
a7c19259,3f800000
a7bffb6b,3f800000
a7be647d,3f800000
a7bccd8f,3f800000
a7bb36a2,3f800000
a7b99fb4,3f800000
a7b808c6,3f800000
a7b671d8,3f800000
a7b4daea,3f800000
a7b343fc,3f800000
a7b1ad0e,3f800000
a7b01620,3f800000
a7ae7f32,3f800000
a7ace844,3f800000
a7ab5156,3f800000
a7a9ba68,3f800000
a7a8237a,3f800000
a7a68c8d,3f800000
a7a4f59f,3f800000
a7a35eb1,3f800000
a7a1c7c3,3f800000
a7a030d5,3f800000
a79e99e7,3f800000
a79d02f9,3f800000
a79b6c0b,3f800000
a799d51d,3f800000
a7983e2f,3f800000
a796a741,3f800000
a7951053,3f800000
a7937965,3f800000
a791e277,3f800000
a7904b8a,3f800000
a78eb49c,3f800000
a78d1dae,3f800000
a78b86c0,3f800000
a789efd2,3f800000
a78858e4,3f800000
a786c1f6,3f800000
a7852b08,3f800000
a783941a,3f800000
a781fd2c,3f800000
a780663e,3f800000
a77ecf50,3f800000
a77d3862,3f800000
a77ba175,3f800000
a77a0a87,3f800000
a7787399,3f800000
a776dcab,3f800000
a77545bd,3f800000
a773aecf,3f800000
a77217e1,3f800000
a77080f3,3f800000
a76eea05,3f800000
a76d5317,3f800000
a76bbc29,3f800000
a76a253b,3f800000
a7688e4d,3f800000
a766f75f,3f800000
a7656072,3f800000
a763c984,3f800000
a7623296,3f800000
a7609ba8,3f800000
a75f04ba,3f800000
a75d6dcc,3f800000
a75bd6de,3f800000
a75a3ff0,3f800000
a758a902,3f800000
a7571214,3f800000
a7557b26,3f800000
a753e438,3f800000
a7524d4a,3f800000
a750b65d,3f800000
a74f1f6f,3f800000
a74d8881,3f800000
a74bf193,3f800000
a74a5aa5,3f800000
a748c3b7,3f800000
a7472cc9,3f800000
a74595db,3f800000
a743feed,3f800000
a74267ff,3f800000
a740d111,3f800000
a73f3a23,3f800000
a73da335,3f800000
a73c0c47,3f800000
a73a755a,3f800000
a738de6c,3f800000
a737477e,3f800000
a735b090,3f800000
a73419a2,3f800000
a73282b4,3f800000
a730ebc6,3f800000
a72f54d8,3f800000
a72dbdea,3f800000
a72c26fc,3f800000
a72a900e,3f800000
a728f920,3f800000
a7276232,3f800000
a725cb45,3f800000
a7243457,3f800000
a7229d69,3f800000
a721067b,3f800000
a71f6f8d,3f800000
a71dd89f,3f800000
a71c41b1,3f800000
a71aaac3,3f800000
a71913d5,3f800000
a7177ce7,3f800000
a715e5f9,3f800000
a7144f0b,3f800000
a712b81d,3f800000
a7112130,3f800000
a70f8a42,3f800000
a70df354,3f800000
a70c5c66,3f800000
a70ac578,3f800000
a7092e8a,3f800000
a707979c,3f800000
a70600ae,3f800000
a70469c0,3f800000
a702d2d2,3f800000
a7013be4,3f800000
a6ffa4f6,3f800000
a6fe0e08,3f800000
a6fc771a,3f800000
a6fae02d,3f800000
a6f9493f,3f800000
a6f7b251,3f800000
a6f61b63,3f800000
a6f48475,3f800000
a6f2ed87,3f800000
a6f15699,3f800000
a6efbfab,3f800000
a6ee28bd,3f800000
a6ec91cf,3f800000
a6eafae1,3f800000
a6e963f3,3f800000
a6e7cd05,3f800000
a6e63618,3f800000
a6e49f2a,3f800000
a6e3083c,3f800000
a6e1714e,3f800000
a6dfda60,3f800000
a6de4372,3f800000
a6dcac84,3f800000
a6db1596,3f800000
a6d97ea8,3f800000
a6d7e7ba,3f800000
a6d650cc,3f800000
a6d4b9de,3f800000
a6d322f0,3f800000
a6d18c02,3f800000
a6cff515,3f800000
a6ce5e27,3f800000
a6ccc739,3f800000
a6cb304b,3f800000
a6c9995d,3f800000
a6c8026f,3f800000
a6c66b81,3f800000
a6c4d493,3f800000
a6c33da5,3f800000
a6c1a6b7,3f800000
a6c00fc9,3f800000
a6be78db,3f800000
a6bce1ed,3f800000
a6bb4b00,3f800000
a6b9b412,3f800000
a6b81d24,3f800000
a6b68636,3f800000
a6b4ef48,3f800000
a6b3585a,3f800000
a6b1c16c,3f800000
a6b02a7e,3f800000
a6ae9390,3f800000
a6acfca2,3f800000
a6ab65b4,3f800000
a6a9cec6,3f800000
a6a837d8,3f800000
a6a6a0ea,3f800000
a6a509fd,3f800000
a6a3730f,3f800000
a6a1dc21,3f800000
a6a04533,3f800000
a69eae45,3f800000
a69d1757,3f800000
a69b8069,3f800000
a699e97b,3f800000
a698528d,3f800000
a696bb9f,3f800000
a69524b1,3f800000
a6938dc3,3f800000
a691f6d5,3f800000
a6905fe8,3f800000
a68ec8fa,3f800000
a68d320c,3f800000
a68b9b1e,3f800000
a68a0430,3f800000
a6886d42,3f800000
a686d654,3f800000
a6853f66,3f800000
a683a878,3f800000
a682118a,3f800000
a6807a9c,3f800000
a67ee3ae,3f800000
a67d4cc0,3f800000
a67bb5d2,3f800000
a67a1ee5,3f800000
a67887f7,3f800000
a676f109,3f800000
a6755a1b,3f800000
a673c32d,3f800000
a6722c3f,3f800000
a6709551,3f800000
a66efe63,3f800000
a66d6775,3f800000
a66bd087,3f800000
a66a3999,3f800000
a668a2ab,3f800000
a6670bbd,3f800000
a66574d0,3f800000
a663dde2,3f800000
a66246f4,3f800000
a660b006,3f800000
a65f1918,3f800000
a65d822a,3f800000
a65beb3c,3f800000
a65a544e,3f800000
a658bd60,3f800000
a6572672,3f800000
a6558f84,3f800000
a653f896,3f800000
a65261a8,3f800000
a650caba,3f800000
a64f33cd,3f800000
a64d9cdf,3f800000
a64c05f1,3f800000
a64a6f03,3f800000
a648d815,3f800000
a6474127,3f800000
a645aa39,3f800000
a644134b,3f800000
a6427c5d,3f800000
a640e56f,3f800000
a63f4e81,3f800000
a63db793,3f800000
a63c20a5,3f800000
a63a89b8,3f800000
a638f2ca,3f800000
a6375bdc,3f800000
a635c4ee,3f800000
a6342e00,3f800000
a6329712,3f800000
a6310024,3f800000
a62f6936,3f800000
a62dd248,3f800000
a62c3b5a,3f800000
a62aa46c,3f800000
a6290d7e,3f800000
a6277690,3f800000
a625dfa2,3f800000
a62448b5,3f800000
a622b1c7,3f800000
a6211ad9,3f800000
a61f83eb,3f800000
a61decfd,3f800000
a61c560f,3f800000
a61abf21,3f800000
a6192833,3f800000
a6179145,3f800000
a615fa57,3f800000
a6146369,3f800000
a612cc7b,3f800000
a611358d,3f800000
a60f9ea0,3f800000
a60e07b2,3f800000
a60c70c4,3f800000
a60ad9d6,3f800000
a60942e8,3f800000
a607abfa,3f800000
a606150c,3f800000
a6047e1e,3f800000
a602e730,3f800000
a6015042,3f800000
a5ffb954,3f800000
a5fe2266,3f800000
a5fc8b78,3f800000
a5faf48a,3f800000
a5f95d9d,3f800000
a5f7c6af,3f800000
a5f62fc1,3f800000
a5f498d3,3f800000
a5f301e5,3f800000
a5f16af7,3f800000
a5efd409,3f800000
a5ee3d1b,3f800000
a5eca62d,3f800000
a5eb0f3f,3f800000
a5e97851,3f800000
a5e7e163,3f800000
a5e64a75,3f800000
a5e4b388,3f800000
a5e31c9a,3f800000
a5e185ac,3f800000
a5dfeebe,3f800000
a5de57d0,3f800000
a5dcc0e2,3f800000
a5db29f4,3f800000
a5d99306,3f800000
a5d7fc18,3f800000
a5d6652a,3f800000
a5d4ce3c,3f800000
a5d3374e,3f800000
a5d1a060,3f800000
a5d00972,3f800000
a5ce7285,3f800000
a5ccdb97,3f800000
a5cb44a9,3f800000
a5c9adbb,3f800000
a5c816cd,3f800000
a5c67fdf,3f800000
a5c4e8f1,3f800000
a5c35203,3f800000
a5c1bb15,3f800000
a5c02427,3f800000
a5be8d39,3f800000
a5bcf64b,3f800000
a5bb5f5d,3f800000
a5b9c870,3f800000
a5b83182,3f800000
a5b69a94,3f800000
a5b503a6,3f800000
a5b36cb8,3f800000
a5b1d5ca,3f800000
a5b03edc,3f800000
a5aea7ee,3f800000
a5ad1100,3f800000
a5ab7a12,3f800000
a5a9e324,3f800000
a5a84c36,3f800000
a5a6b548,3f800000
a5a51e5a,3f800000
a5a3876d,3f800000
a5a1f07f,3f800000
a5a05991,3f800000
a59ec2a3,3f800000
a59d2bb5,3f800000
a59b94c7,3f800000
a599fdd9,3f800000
a59866eb,3f800000
a596cffd,3f800000
a595390f,3f800000
a593a221,3f800000
a5920b33,3f800000
a5907445,3f800000
a58edd58,3f800000
a58d466a,3f800000
a58baf7c,3f800000
a58a188e,3f800000
a58881a0,3f800000
a586eab2,3f800000
a58553c4,3f800000
a583bcd6,3f800000
a58225e8,3f800000
a5808efa,3f800000
a57ef80c,3f800000
a57d611e,3f800000
a57bca30,3f800000
a57a3343,3f800000
a5789c55,3f800000
a5770567,3f800000
a5756e79,3f800000
a573d78b,3f800000
a572409d,3f800000
a570a9af,3f800000
a56f12c1,3f800000
a56d7bd3,3f800000
a56be4e5,3f800000
a56a4df7,3f800000
a568b709,3f800000
a567201b,3f800000
a565892d,3f800000
a563f240,3f800000
a5625b52,3f800000
a560c464,3f800000
a55f2d76,3f800000
a55d9688,3f800000
a55bff9a,3f800000
a55a68ac,3f800000
a558d1be,3f800000
a5573ad0,3f800000
a555a3e2,3f800000
a5540cf4,3f800000
a5527606,3f800000
a550df18,3f800000
a54f482b,3f800000
a54db13d,3f800000
a54c1a4f,3f800000
a54a8361,3f800000
a548ec73,3f800000
a5475585,3f800000
a545be97,3f800000
a54427a9,3f800000
a54290bb,3f800000
a540f9cd,3f800000
a53f62df,3f800000
a53dcbf1,3f800000
a53c3503,3f800000
a53a9e15,3f800000
a5390728,3f800000
a537703a,3f800000
a535d94c,3f800000
a534425e,3f800000
a532ab70,3f800000
a5311482,3f800000
a52f7d94,3f800000
a52de6a6,3f800000
a52c4fb8,3f800000
a52ab8ca,3f800000
a52921dc,3f800000
a5278aee,3f800000
a525f400,3f800000
a5245d13,3f800000
a522c625,3f800000
a5212f37,3f800000
a51f9849,3f800000
a51e015b,3f800000
a51c6a6d,3f800000
a51ad37f,3f800000
a5193c91,3f800000
a517a5a3,3f800000
a5160eb5,3f800000
a51477c7,3f800000
a512e0d9,3f800000
a51149eb,3f800000
a50fb2fd,3f800000
a50e1c10,3f800000
a50c8522,3f800000
a50aee34,3f800000
a5095746,3f800000
a507c058,3f800000
a506296a,3f800000
a504927c,3f800000
a502fb8e,3f800000
a50164a0,3f800000
a4ffcdb2,3f800000
a4fe36c4,3f800000
a4fc9fd6,3f800000
a4fb08e8,3f800000
a4f971fb,3f800000
a4f7db0d,3f800000
a4f6441f,3f800000
a4f4ad31,3f800000
a4f31643,3f800000
a4f17f55,3f800000
a4efe867,3f800000
a4ee5179,3f800000
a4ecba8b,3f800000
a4eb239d,3f800000
a4e98caf,3f800000
a4e7f5c1,3f800000
a4e65ed3,3f800000
a4e4c7e5,3f800000
a4e330f8,3f800000
a4e19a0a,3f800000
a4e0031c,3f800000
a4de6c2e,3f800000
a4dcd540,3f800000
a4db3e52,3f800000
a4d9a764,3f800000
a4d81076,3f800000
a4d67988,3f800000
a4d4e29a,3f800000
a4d34bac,3f800000
a4d1b4be,3f800000
a4d01dd0,3f800000
a4ce86e3,3f800000
a4cceff5,3f800000
a4cb5907,3f800000
a4c9c219,3f800000
a4c82b2b,3f800000
a4c6943d,3f800000
a4c4fd4f,3f800000
a4c36661,3f800000
a4c1cf73,3f800000
a4c03885,3f800000
a4bea197,3f800000
a4bd0aa9,3f800000
a4bb73bb,3f800000
a4b9dccd,3f800000
a4b845e0,3f800000
a4b6aef2,3f800000
a4b51804,3f800000
a4b38116,3f800000
a4b1ea28,3f800000
a4b0533a,3f800000
a4aebc4c,3f800000
a4ad255e,3f800000
a4ab8e70,3f800000
a4a9f782,3f800000
a4a86094,3f800000
a4a6c9a6,3f800000
a4a532b8,3f800000
a4a39bcb,3f800000
a4a204dd,3f800000
a4a06def,3f800000
a49ed701,3f800000
a49d4013,3f800000
a49ba925,3f800000
a49a1237,3f800000
a4987b49,3f800000
a496e45b,3f800000
a4954d6d,3f800000
a493b67f,3f800000
a4921f91,3f800000
a49088a3,3f800000
a48ef1b5,3f800000
a48d5ac8,3f800000
a48bc3da,3f800000
a48a2cec,3f800000
a48895fe,3f800000
a486ff10,3f800000
a4856822,3f800000
a483d134,3f800000
a4823a46,3f800000
a480a358,3f800000
a47f0c6a,3f800000
a47d757c,3f800000
a47bde8e,3f800000
a47a47a0,3f800000
a478b0b3,3f800000
a47719c5,3f800000
a47582d7,3f800000
a473ebe9,3f800000
a47254fb,3f800000
a470be0d,3f800000
a46f271f,3f800000
a46d9031,3f800000
a46bf943,3f800000
a46a6255,3f800000
a468cb67,3f800000
a4673479,3f800000
a4659d8b,3f800000
a464069d,3f800000
a4626fb0,3f800000
a460d8c2,3f800000
a45f41d4,3f800000
a45daae6,3f800000
a45c13f8,3f800000
a45a7d0a,3f800000
a458e61c,3f800000
a4574f2e,3f800000
a455b840,3f800000
a4542152,3f800000
a4528a64,3f800000
a450f376,3f800000
a44f5c88,3f800000
a44dc59b,3f800000
a44c2ead,3f800000
a44a97bf,3f800000
a44900d1,3f800000
a44769e3,3f800000
a445d2f5,3f800000
a4443c07,3f800000
a442a519,3f800000
a4410e2b,3f800000
a43f773d,3f800000
a43de04f,3f800000
a43c4961,3f800000
a43ab273,3f800000
a4391b85,3f800000
a4378498,3f800000
a435edaa,3f800000
a43456bc,3f800000
a432bfce,3f800000
a43128e0,3f800000
a42f91f2,3f800000
a42dfb04,3f800000
a42c6416,3f800000
a42acd28,3f800000
a429363a,3f800000
a4279f4c,3f800000
a426085e,3f800000
a4247170,3f800000
a422da83,3f800000
a4214395,3f800000
a41faca7,3f800000
a41e15b9,3f800000
a41c7ecb,3f800000
a41ae7dd,3f800000
a41950ef,3f800000
a417ba01,3f800000
a4162313,3f800000
a4148c25,3f800000
a412f537,3f800000
a4115e49,3f800000
a40fc75b,3f800000
a40e306d,3f800000
a40c9980,3f800000
a40b0292,3f800000
a4096ba4,3f800000
a407d4b6,3f800000
a4063dc8,3f800000
a404a6da,3f800000
a4030fec,3f800000
a40178fe,3f800000
a3ffe210,3f800000
a3fe4b22,3f800000
a3fcb434,3f800000
a3fb1d46,3f800000
a3f98658,3f800000
a3f7ef6b,3f800000
a3f6587d,3f800000
a3f4c18f,3f800000
a3f32aa1,3f800000
a3f193b3,3f800000
a3effcc5,3f800000
a3ee65d7,3f800000
a3eccee9,3f800000
a3eb37fb,3f800000
a3e9a10d,3f800000
a3e80a1f,3f800000
a3e67331,3f800000
a3e4dc43,3f800000
a3e34556,3f800000
a3e1ae68,3f800000
a3e0177a,3f800000
a3de808c,3f800000
a3dce99e,3f800000
a3db52b0,3f800000
a3d9bbc2,3f800000
a3d824d4,3f800000
a3d68de6,3f800000
a3d4f6f8,3f800000
a3d3600a,3f800000
a3d1c91c,3f800000
a3d0322e,3f800000
a3ce9b40,3f800000
a3cd0453,3f800000
a3cb6d65,3f800000
a3c9d677,3f800000
a3c83f89,3f800000
a3c6a89b,3f800000
a3c511ad,3f800000
a3c37abf,3f800000
a3c1e3d1,3f800000
a3c04ce3,3f800000
a3beb5f5,3f800000
a3bd1f07,3f800000
a3bb8819,3f800000
a3b9f12b,3f800000
a3b85a3e,3f800000
a3b6c350,3f800000
a3b52c62,3f800000
a3b39574,3f800000
a3b1fe86,3f800000
a3b06798,3f800000
a3aed0aa,3f800000
a3ad39bc,3f800000
a3aba2ce,3f800000
a3aa0be0,3f800000
a3a874f2,3f800000
a3a6de04,3f800000
a3a54716,3f800000
a3a3b028,3f800000
a3a2193b,3f800000
a3a0824d,3f800000
a39eeb5f,3f800000
a39d5471,3f800000
a39bbd83,3f800000
a39a2695,3f800000
a3988fa7,3f800000
a396f8b9,3f800000
a39561cb,3f800000
a393cadd,3f800000
a39233ef,3f800000
a3909d01,3f800000
a38f0613,3f800000
a38d6f26,3f800000
a38bd838,3f800000
a38a414a,3f800000
a388aa5c,3f800000
a387136e,3f800000
a3857c80,3f800000
a383e592,3f800000
a3824ea4,3f800000
a380b7b6,3f800000
a37f20c8,3f800000
a37d89da,3f800000
a37bf2ec,3f800000
a37a5bfe,3f800000
a378c510,3f800000
a3772e23,3f800000
a3759735,3f800000
a3740047,3f800000
a3726959,3f800000
a370d26b,3f800000
a36f3b7d,3f800000
a36da48f,3f800000
a36c0da1,3f800000
a36a76b3,3f800000
a368dfc5,3f800000
a36748d7,3f800000
a365b1e9,3f800000
a3641afb,3f800000
a362840e,3f800000
a360ed20,3f800000
a35f5632,3f800000
a35dbf44,3f800000
a35c2856,3f800000
a35a9168,3f800000
a358fa7a,3f800000
a357638c,3f800000
a355cc9e,3f800000
a35435b0,3f800000
a3529ec2,3f800000
a35107d4,3f800000
a34f70e6,3f800000
a34dd9f8,3f800000
a34c430b,3f800000
a34aac1d,3f800000
a349152f,3f800000
a3477e41,3f800000
a345e753,3f800000
a3445065,3f800000
a342b977,3f800000
a3412289,3f800000
a33f8b9b,3f800000
a33df4ad,3f800000
a33c5dbf,3f800000
a33ac6d1,3f800000
a3392fe3,3f800000
a33798f6,3f800000
a3360208,3f800000
a3346b1a,3f800000
a332d42c,3f800000
a3313d3e,3f800000
a32fa650,3f800000
a32e0f62,3f800000
a32c7874,3f800000
a32ae186,3f800000
a3294a98,3f800000
a327b3aa,3f800000
a3261cbc,3f800000
a32485ce,3f800000
a322eee0,3f800000
a32157f3,3f800000
a31fc105,3f800000
a31e2a17,3f800000
a31c9329,3f800000
a31afc3b,3f800000
a319654d,3f800000
a317ce5f,3f800000
a3163771,3f800000
a314a083,3f800000
a3130995,3f800000
a31172a7,3f800000
a30fdbb9,3f800000
a30e44cb,3f800000
a30cadde,3f800000
a30b16f0,3f800000
a3098002,3f800000
a307e914,3f800000
a3065226,3f800000
a304bb38,3f800000
a303244a,3f800000
a3018d5c,3f800000
a2fff66e,3f800000
a2fe5f80,3f800000
a2fcc892,3f800000
a2fb31a4,3f800000
a2f99ab6,3f800000
a2f803c8,3f800000
a2f66cdb,3f800000
a2f4d5ed,3f800000
a2f33eff,3f800000
a2f1a811,3f800000
a2f01123,3f800000
a2ee7a35,3f800000
a2ece347,3f800000
a2eb4c59,3f800000
a2e9b56b,3f800000
a2e81e7d,3f800000
a2e6878f,3f800000
a2e4f0a1,3f800000
a2e359b3,3f800000
a2e1c2c6,3f800000
a2e02bd8,3f800000
a2de94ea,3f800000
a2dcfdfc,3f800000
a2db670e,3f800000
a2d9d020,3f800000
a2d83932,3f800000
a2d6a244,3f800000
a2d50b56,3f800000
a2d37468,3f800000
a2d1dd7a,3f800000
a2d0468c,3f800000
a2ceaf9e,3f800000
a2cd18b0,3f800000
a2cb81c3,3f800000
a2c9ead5,3f800000
a2c853e7,3f800000
a2c6bcf9,3f800000
a2c5260b,3f800000
a2c38f1d,3f800000
a2c1f82f,3f800000
a2c06141,3f800000
a2beca53,3f800000
a2bd3365,3f800000
a2bb9c77,3f800000
a2ba0589,3f800000
a2b86e9b,3f800000
a2b6d7ae,3f800000
a2b540c0,3f800000
a2b3a9d2,3f800000
a2b212e4,3f800000
a2b07bf6,3f800000
a2aee508,3f800000
a2ad4e1a,3f800000
a2abb72c,3f800000
a2aa203e,3f800000
a2a88950,3f800000
a2a6f262,3f800000
a2a55b74,3f800000
a2a3c486,3f800000
a2a22d98,3f800000
a2a096ab,3f800000
a29effbd,3f800000
a29d68cf,3f800000
a29bd1e1,3f800000
a29a3af3,3f800000
a298a405,3f800000
a2970d17,3f800000
a2957629,3f800000
a293df3b,3f800000
a292484d,3f800000
a290b15f,3f800000
a28f1a71,3f800000
a28d8383,3f800000
a28bec96,3f800000
a28a55a8,3f800000
a288beba,3f800000
a28727cc,3f800000
a28590de,3f800000
a283f9f0,3f800000
a2826302,3f800000
a280cc14,3f800000
a27f3526,3f800000
a27d9e38,3f800000
a27c074a,3f800000
a27a705c,3f800000
a278d96e,3f800000
a2774280,3f800000
a275ab93,3f800000
a27414a5,3f800000
a2727db7,3f800000
a270e6c9,3f800000
a26f4fdb,3f800000
a26db8ed,3f800000
a26c21ff,3f800000
a26a8b11,3f800000
a268f423,3f800000
a2675d35,3f800000
a265c647,3f800000
a2642f59,3f800000
a262986b,3f800000
a261017e,3f800000
a25f6a90,3f800000
a25dd3a2,3f800000
a25c3cb4,3f800000
a25aa5c6,3f800000
a2590ed8,3f800000
a25777ea,3f800000
a255e0fc,3f800000
a2544a0e,3f800000
a252b320,3f800000
a2511c32,3f800000
a24f8544,3f800000
a24dee56,3f800000
a24c5769,3f800000
a24ac07b,3f800000
a249298d,3f800000
a247929f,3f800000
a245fbb1,3f800000
a24464c3,3f800000
a242cdd5,3f800000
a24136e7,3f800000
a23f9ff9,3f800000
a23e090b,3f800000
a23c721d,3f800000
a23adb2f,3f800000
a2394441,3f800000
a237ad53,3f800000
a2361666,3f800000
a2347f78,3f800000
a232e88a,3f800000
a231519c,3f800000
a22fbaae,3f800000
a22e23c0,3f800000
a22c8cd2,3f800000
a22af5e4,3f800000
a2295ef6,3f800000
a227c808,3f800000
a226311a,3f800000
a2249a2c,3f800000
a223033e,3f800000
a2216c51,3f800000
a21fd563,3f800000
a21e3e75,3f800000
a21ca787,3f800000
a21b1099,3f800000
a21979ab,3f800000
a217e2bd,3f800000
a2164bcf,3f800000
a214b4e1,3f800000
a2131df3,3f800000
a2118705,3f800000
a20ff017,3f800000
a20e5929,3f800000
a20cc23b,3f800000
a20b2b4e,3f800000
a2099460,3f800000
a207fd72,3f800000
a2066684,3f800000
a204cf96,3f800000
a20338a8,3f800000
a201a1ba,3f800000
a2000acc,3f800000
a1fe73de,3f800000
a1fcdcf0,3f800000
a1fb4602,3f800000
a1f9af14,3f800000
a1f81826,3f800000
a1f68139,3f800000
a1f4ea4b,3f800000
a1f3535d,3f800000
a1f1bc6f,3f800000
a1f02581,3f800000
a1ee8e93,3f800000
a1ecf7a5,3f800000
a1eb60b7,3f800000
a1e9c9c9,3f800000
a1e832db,3f800000
a1e69bed,3f800000
a1e504ff,3f800000
a1e36e11,3f800000
a1e1d723,3f800000
a1e04036,3f800000
a1dea948,3f800000
a1dd125a,3f800000
a1db7b6c,3f800000
a1d9e47e,3f800000
a1d84d90,3f800000
a1d6b6a2,3f800000
a1d51fb4,3f800000
a1d388c6,3f800000
a1d1f1d8,3f800000
a1d05aea,3f800000
a1cec3fc,3f800000
a1cd2d0e,3f800000
a1cb9621,3f800000
a1c9ff33,3f800000
a1c86845,3f800000
a1c6d157,3f800000
a1c53a69,3f800000
a1c3a37b,3f800000
a1c20c8d,3f800000
a1c0759f,3f800000
a1bedeb1,3f800000
a1bd47c3,3f800000
a1bbb0d5,3f800000
a1ba19e7,3f800000
a1b882f9,3f800000
a1b6ec0b,3f800000
a1b5551e,3f800000
a1b3be30,3f800000
a1b22742,3f800000
a1b09054,3f800000
a1aef966,3f800000
a1ad6278,3f800000
a1abcb8a,3f800000
a1aa349c,3f800000
a1a89dae,3f800000
a1a706c0,3f800000
a1a56fd2,3f800000
a1a3d8e4,3f800000
a1a241f6,3f800000
a1a0ab09,3f800000
a19f141b,3f800000
a19d7d2d,3f800000
a19be63f,3f800000
a19a4f51,3f800000
a198b863,3f800000
a1972175,3f800000
a1958a87,3f800000
a193f399,3f800000
a1925cab,3f800000
a190c5bd,3f800000
a18f2ecf,3f800000
a18d97e1,3f800000
a18c00f3,3f800000
a18a6a06,3f800000
a188d318,3f800000
a1873c2a,3f800000
a185a53c,3f800000
a1840e4e,3f800000
a1827760,3f800000
a180e072,3f800000
a17f4984,3f800000
a17db296,3f800000
a17c1ba8,3f800000
a17a84ba,3f800000
a178edcc,3f800000
a17756de,3f800000
a175bff1,3f800000
a1742903,3f800000
a1729215,3f800000
a170fb27,3f800000
a16f6439,3f800000
a16dcd4b,3f800000
a16c365d,3f800000
a16a9f6f,3f800000
a1690881,3f800000
a1677193,3f800000
a165daa5,3f800000
a16443b7,3f800000
a162acc9,3f800000
a16115db,3f800000
a15f7eee,3f800000
a15de800,3f800000
a15c5112,3f800000
a15aba24,3f800000
a1592336,3f800000
a1578c48,3f800000
a155f55a,3f800000
a1545e6c,3f800000
a152c77e,3f800000
a1513090,3f800000
a14f99a2,3f800000
a14e02b4,3f800000
a14c6bc6,3f800000
a14ad4d9,3f800000
a1493deb,3f800000
a147a6fd,3f800000
a146100f,3f800000
a1447921,3f800000
a142e233,3f800000
a1414b45,3f800000
a13fb457,3f800000
a13e1d69,3f800000
a13c867b,3f800000
a13aef8d,3f800000
a139589f,3f800000
a137c1b1,3f800000
a1362ac3,3f800000
a13493d6,3f800000
a132fce8,3f800000
a13165fa,3f800000
a12fcf0c,3f800000
a12e381e,3f800000
a12ca130,3f800000
a12b0a42,3f800000
a1297354,3f800000
a127dc66,3f800000
a1264578,3f800000
a124ae8a,3f800000
a123179c,3f800000
a12180ae,3f800000
a11fe9c1,3f800000
a11e52d3,3f800000
a11cbbe5,3f800000
a11b24f7,3f800000
a1198e09,3f800000
a117f71b,3f800000
a116602d,3f800000
a114c93f,3f800000
a1133251,3f800000
a1119b63,3f800000
a1100475,3f800000
a10e6d87,3f800000
a10cd699,3f800000
a10b3fab,3f800000
a109a8be,3f800000
a10811d0,3f800000
a1067ae2,3f800000
a104e3f4,3f800000
a1034d06,3f800000
a101b618,3f800000
a1001f2a,3f800000
a0fe883c,3f800000
a0fcf14e,3f800000
a0fb5a60,3f800000
a0f9c372,3f800000
a0f82c84,3f800000
a0f69596,3f800000
a0f4fea9,3f800000
a0f367bb,3f800000
a0f1d0cd,3f800000
a0f039df,3f800000
a0eea2f1,3f800000
a0ed0c03,3f800000
a0eb7515,3f800000
a0e9de27,3f800000
a0e84739,3f800000
a0e6b04b,3f800000
a0e5195d,3f800000
a0e3826f,3f800000
a0e1eb81,3f800000
a0e05493,3f800000
a0debda6,3f800000
a0dd26b8,3f800000
a0db8fca,3f800000
a0d9f8dc,3f800000
a0d861ee,3f800000
a0d6cb00,3f800000
a0d53412,3f800000
a0d39d24,3f800000
a0d20636,3f800000
a0d06f48,3f800000
a0ced85a,3f800000
a0cd416c,3f800000
a0cbaa7e,3f800000
a0ca1391,3f800000
a0c87ca3,3f800000
a0c6e5b5,3f800000
a0c54ec7,3f800000
a0c3b7d9,3f800000
a0c220eb,3f800000
a0c089fd,3f800000
a0bef30f,3f800000
a0bd5c21,3f800000
a0bbc533,3f800000
a0ba2e45,3f800000
a0b89757,3f800000
a0b70069,3f800000
a0b5697c,3f800000
a0b3d28e,3f800000
a0b23ba0,3f800000
a0b0a4b2,3f800000
a0af0dc4,3f800000
a0ad76d6,3f800000
a0abdfe8,3f800000
a0aa48fa,3f800000
a0a8b20c,3f800000
a0a71b1e,3f800000
a0a58430,3f800000
a0a3ed42,3f800000
a0a25654,3f800000
a0a0bf66,3f800000
a09f2879,3f800000
a09d918b,3f800000
a09bfa9d,3f800000
a09a63af,3f800000
a098ccc1,3f800000
a09735d3,3f800000
a0959ee5,3f800000
a09407f7,3f800000
a0927109,3f800000
a090da1b,3f800000
a08f432d,3f800000
a08dac3f,3f800000
a08c1551,3f800000
a08a7e64,3f800000
a088e776,3f800000
a0875088,3f800000
a085b99a,3f800000
a08422ac,3f800000
a0828bbe,3f800000
a080f4d0,3f800000
a07f5de2,3f800000
a07dc6f4,3f800000
a07c3006,3f800000
a07a9918,3f800000
a079022a,3f800000
a0776b3c,3f800000
a075d44e,3f800000
a0743d61,3f800000
a072a673,3f800000
a0710f85,3f800000
a06f7897,3f800000
a06de1a9,3f800000
a06c4abb,3f800000
a06ab3cd,3f800000
a0691cdf,3f800000
a06785f1,3f800000
a065ef03,3f800000
a0645815,3f800000
a062c127,3f800000
a0612a39,3f800000
a05f934c,3f800000
a05dfc5e,3f800000
a05c6570,3f800000
a05ace82,3f800000
a0593794,3f800000
a057a0a6,3f800000
a05609b8,3f800000
a05472ca,3f800000
a052dbdc,3f800000
a05144ee,3f800000
a04fae00,3f800000
a04e1712,3f800000
a04c8024,3f800000
a04ae936,3f800000
a0495249,3f800000
a047bb5b,3f800000
a046246d,3f800000
a0448d7f,3f800000
a042f691,3f800000
a0415fa3,3f800000
a03fc8b5,3f800000
a03e31c7,3f800000
a03c9ad9,3f800000
a03b03eb,3f800000
a0396cfd,3f800000
a037d60f,3f800000
a0363f21,3f800000
a034a834,3f800000
a0331146,3f800000
a0317a58,3f800000
a02fe36a,3f800000
a02e4c7c,3f800000
a02cb58e,3f800000
a02b1ea0,3f800000
a02987b2,3f800000
a027f0c4,3f800000
a02659d6,3f800000
a024c2e8,3f800000
a0232bfa,3f800000
a021950c,3f800000
a01ffe1e,3f800000
a01e6731,3f800000
a01cd043,3f800000
a01b3955,3f800000
a019a267,3f800000
a0180b79,3f800000
a016748b,3f800000
a014dd9d,3f800000
a01346af,3f800000
a011afc1,3f800000
a01018d3,3f800000
a00e81e5,3f800000
a00ceaf7,3f800000
a00b5409,3f800000
a009bd1c,3f800000
a008262e,3f800000
a0068f40,3f800000
a004f852,3f800000
a0036164,3f800000
a001ca76,3f800000
a0003388,3f800000
9ffe9c9a,3f800000
9ffd05ac,3f800000
9ffb6ebe,3f800000
9ff9d7d0,3f800000
9ff840e2,3f800000
9ff6a9f4,3f800000
9ff51306,3f800000
9ff37c19,3f800000
9ff1e52b,3f800000
9ff04e3d,3f800000
9feeb74f,3f800000
9fed2061,3f800000
9feb8973,3f800000
9fe9f285,3f800000
9fe85b97,3f800000
9fe6c4a9,3f800000
9fe52dbb,3f800000
9fe396cd,3f800000
9fe1ffdf,3f800000
9fe068f1,3f800000
9fded204,3f800000
9fdd3b16,3f800000
9fdba428,3f800000
9fda0d3a,3f800000
9fd8764c,3f800000
9fd6df5e,3f800000
9fd54870,3f800000
9fd3b182,3f800000
9fd21a94,3f800000
9fd083a6,3f800000
9fceecb8,3f800000
9fcd55ca,3f800000
9fcbbedc,3f800000
9fca27ee,3f800000
9fc89101,3f800000
9fc6fa13,3f800000
9fc56325,3f800000
9fc3cc37,3f800000
9fc23549,3f800000
9fc09e5b,3f800000
9fbf076d,3f800000
9fbd707f,3f800000
9fbbd991,3f800000
9fba42a3,3f800000
9fb8abb5,3f800000
9fb714c7,3f800000
9fb57dd9,3f800000
9fb3e6ec,3f800000
9fb24ffe,3f800000
9fb0b910,3f800000
9faf2222,3f800000
9fad8b34,3f800000
9fabf446,3f800000
9faa5d58,3f800000
9fa8c66a,3f800000
9fa72f7c,3f800000
9fa5988e,3f800000
9fa401a0,3f800000
9fa26ab2,3f800000
9fa0d3c4,3f800000
9f9f3cd6,3f800000
9f9da5e9,3f800000
9f9c0efb,3f800000
9f9a780d,3f800000
9f98e11f,3f800000
9f974a31,3f800000
9f95b343,3f800000
9f941c55,3f800000
9f928567,3f800000
9f90ee79,3f800000
9f8f578b,3f800000
9f8dc09d,3f800000
9f8c29af,3f800000
9f8a92c1,3f800000
9f88fbd4,3f800000
9f8764e6,3f800000
9f85cdf8,3f800000
9f84370a,3f800000
9f82a01c,3f800000
9f81092e,3f800000
9f7f7240,3f800000
9f7ddb52,3f800000
9f7c4464,3f800000
9f7aad76,3f800000
9f791688,3f800000
9f777f9a,3f800000
9f75e8ac,3f800000
9f7451be,3f800000
9f72bad1,3f800000
9f7123e3,3f800000
9f6f8cf5,3f800000
9f6df607,3f800000
9f6c5f19,3f800000
9f6ac82b,3f800000
9f69313d,3f800000
9f679a4f,3f800000
9f660361,3f800000
9f646c73,3f800000
9f62d585,3f800000
9f613e97,3f800000
9f5fa7a9,3f800000
9f5e10bc,3f800000
9f5c79ce,3f800000
9f5ae2e0,3f800000
9f594bf2,3f800000
9f57b504,3f800000
9f561e16,3f800000
9f548728,3f800000
9f52f03a,3f800000
9f51594c,3f800000
9f4fc25e,3f800000
9f4e2b70,3f800000
9f4c9482,3f800000
9f4afd94,3f800000
9f4966a6,3f800000
9f47cfb9,3f800000
9f4638cb,3f800000
9f44a1dd,3f800000
9f430aef,3f800000
9f417401,3f800000
9f3fdd13,3f800000
9f3e4625,3f800000
9f3caf37,3f800000
9f3b1849,3f800000
9f39815b,3f800000
9f37ea6d,3f800000
9f36537f,3f800000
9f34bc91,3f800000
9f3325a4,3f800000
9f318eb6,3f800000
9f2ff7c8,3f800000
9f2e60da,3f800000
9f2cc9ec,3f800000
9f2b32fe,3f800000
9f299c10,3f800000
9f280522,3f800000
9f266e34,3f800000
9f24d746,3f800000
9f234058,3f800000
9f21a96a,3f800000
9f20127c,3f800000
9f1e7b8f,3f800000
9f1ce4a1,3f800000
9f1b4db3,3f800000
9f19b6c5,3f800000
9f181fd7,3f800000
9f1688e9,3f800000
9f14f1fb,3f800000
9f135b0d,3f800000
9f11c41f,3f800000
9f102d31,3f800000
9f0e9643,3f800000
9f0cff55,3f800000
9f0b6867,3f800000
9f09d179,3f800000
9f083a8c,3f800000
9f06a39e,3f800000
9f050cb0,3f800000
9f0375c2,3f800000
9f01ded4,3f800000
9f0047e6,3f800000
9efeb0f8,3f800000
9efd1a0a,3f800000
9efb831c,3f800000
9ef9ec2e,3f800000
9ef85540,3f800000
9ef6be52,3f800000
9ef52764,3f800000
9ef39077,3f800000
9ef1f989,3f800000
9ef0629b,3f800000
9eeecbad,3f800000
9eed34bf,3f800000
9eeb9dd1,3f800000
9eea06e3,3f800000
9ee86ff5,3f800000
9ee6d907,3f800000
9ee54219,3f800000
9ee3ab2b,3f800000
9ee2143d,3f800000
9ee07d4f,3f800000
9edee661,3f800000
9edd4f74,3f800000
9edbb886,3f800000
9eda2198,3f800000
9ed88aaa,3f800000
9ed6f3bc,3f800000
9ed55cce,3f800000
9ed3c5e0,3f800000
9ed22ef2,3f800000
9ed09804,3f800000
9ecf0116,3f800000
9ecd6a28,3f800000
9ecbd33a,3f800000
9eca3c4c,3f800000
9ec8a55f,3f800000
9ec70e71,3f800000
9ec57783,3f800000
9ec3e095,3f800000
9ec249a7,3f800000
9ec0b2b9,3f800000
9ebf1bcb,3f800000
9ebd84dd,3f800000
9ebbedef,3f800000
9eba5701,3f800000
9eb8c013,3f800000
9eb72925,3f800000
9eb59237,3f800000
9eb3fb49,3f800000
9eb2645c,3f800000
9eb0cd6e,3f800000
9eaf3680,3f800000
9ead9f92,3f800000
9eac08a4,3f800000
9eaa71b6,3f800000
9ea8dac8,3f800000
9ea743da,3f800000
9ea5acec,3f800000
9ea415fe,3f800000
9ea27f10,3f800000
9ea0e822,3f800000
9e9f5134,3f800000
9e9dba47,3f800000
9e9c2359,3f800000
9e9a8c6b,3f800000
9e98f57d,3f800000
9e975e8f,3f800000
9e95c7a1,3f800000
9e9430b3,3f800000
9e9299c5,3f800000
9e9102d7,3f800000
9e8f6be9,3f800000
9e8dd4fb,3f800000
9e8c3e0d,3f800000
9e8aa71f,3f800000
9e891031,3f800000
9e877944,3f800000
9e85e256,3f800000
9e844b68,3f800000
9e82b47a,3f800000
9e811d8c,3f800000
9e7f869e,3f800000
9e7defb0,3f800000
9e7c58c2,3f800000
9e7ac1d4,3f800000
9e792ae6,3f800000
9e7793f8,3f800000
9e75fd0a,3f800000
9e74661c,3f800000
9e72cf2f,3f800000
9e713841,3f800000
9e6fa153,3f800000
9e6e0a65,3f800000
9e6c7377,3f800000
9e6adc89,3f800000
9e69459b,3f800000
9e67aead,3f800000
9e6617bf,3f800000
9e6480d1,3f800000
9e62e9e3,3f800000
9e6152f5,3f800000
9e5fbc07,3f800000
9e5e2519,3f800000
9e5c8e2c,3f800000
9e5af73e,3f800000
9e596050,3f800000
9e57c962,3f800000
9e563274,3f800000
9e549b86,3f800000
9e530498,3f800000
9e516daa,3f800000
9e4fd6bc,3f800000
9e4e3fce,3f800000
9e4ca8e0,3f800000
9e4b11f2,3f800000
9e497b04,3f800000
9e47e417,3f800000
9e464d29,3f800000
9e44b63b,3f800000
9e431f4d,3f800000
9e41885f,3f800000
9e3ff171,3f800000
9e3e5a83,3f800000
9e3cc395,3f800000
9e3b2ca7,3f800000
9e3995b9,3f800000
9e37fecb,3f800000
9e3667dd,3f800000
9e34d0ef,3f800000
9e333a01,3f800000
9e31a314,3f800000
9e300c26,3f800000
9e2e7538,3f800000
9e2cde4a,3f800000
9e2b475c,3f800000
9e29b06e,3f800000
9e281980,3f800000
9e268292,3f800000
9e24eba4,3f800000
9e2354b6,3f800000
9e21bdc8,3f800000
9e2026da,3f800000
9e1e8fec,3f800000
9e1cf8ff,3f800000
9e1b6211,3f800000
9e19cb23,3f800000
9e183435,3f800000
9e169d47,3f800000
9e150659,3f800000
9e136f6b,3f800000
9e11d87d,3f800000
9e10418f,3f800000
9e0eaaa1,3f800000
9e0d13b3,3f800000
9e0b7cc5,3f800000
9e09e5d7,3f800000
9e084ee9,3f800000
9e06b7fc,3f800000
9e05210e,3f800000
9e038a20,3f800000
9e01f332,3f800000
9e005c44,3f800000
9dfec556,3f800000
9dfd2e68,3f800000
9dfb977a,3f800000
9dfa008c,3f800000
9df8699e,3f800000
9df6d2b0,3f800000
9df53bc2,3f800000
9df3a4d4,3f800000
9df20de7,3f800000
9df076f9,3f800000
9deee00b,3f800000
9ded491d,3f800000
9debb22f,3f800000
9dea1b41,3f800000
9de88453,3f800000
9de6ed65,3f800000
9de55677,3f800000
9de3bf89,3f800000
9de2289b,3f800000
9de091ad,3f800000
9ddefabf,3f800000
9ddd63d1,3f800000
9ddbcce4,3f800000
9dda35f6,3f800000
9dd89f08,3f800000
9dd7081a,3f800000
9dd5712c,3f800000
9dd3da3e,3f800000
9dd24350,3f800000
9dd0ac62,3f800000
9dcf1574,3f800000
9dcd7e86,3f800000
9dcbe798,3f800000
9dca50aa,3f800000
9dc8b9bc,3f800000
9dc722cf,3f800000
9dc58be1,3f800000
9dc3f4f3,3f800000
9dc25e05,3f800000
9dc0c717,3f800000
9dbf3029,3f800000
9dbd993b,3f800000
9dbc024d,3f800000
9dba6b5f,3f800000
9db8d471,3f800000
9db73d83,3f800000
9db5a695,3f800000
9db40fa7,3f800000
9db278b9,3f800000
9db0e1cc,3f800000
9daf4ade,3f800000
9dadb3f0,3f800000
9dac1d02,3f800000
9daa8614,3f800000
9da8ef26,3f800000
9da75838,3f800000
9da5c14a,3f800000
9da42a5c,3f800000
9da2936e,3f800000
9da0fc80,3f800000
9d9f6592,3f800000
9d9dcea4,3f800000
9d9c37b7,3f800000
9d9aa0c9,3f800000
9d9909db,3f800000
9d9772ed,3f800000
9d95dbff,3f800000
9d944511,3f800000
9d92ae23,3f800000
9d911735,3f800000
9d8f8047,3f800000
9d8de959,3f800000
9d8c526b,3f800000
9d8abb7d,3f800000
9d89248f,3f800000
9d878da2,3f800000
9d85f6b4,3f800000
9d845fc6,3f800000
9d82c8d8,3f800000
9d8131ea,3f800000
9d7f9afc,3f800000
9d7e040e,3f800000
9d7c6d20,3f800000
9d7ad632,3f800000
9d793f44,3f800000
9d77a856,3f800000
9d761168,3f800000
9d747a7a,3f800000
9d72e38c,3f800000
9d714c9f,3f800000
9d6fb5b1,3f800000
9d6e1ec3,3f800000
9d6c87d5,3f800000
9d6af0e7,3f800000
9d6959f9,3f800000
9d67c30b,3f800000
9d662c1d,3f800000
9d64952f,3f800000
9d62fe41,3f800000
9d616753,3f800000
9d5fd065,3f800000
9d5e3977,3f800000
9d5ca28a,3f800000
9d5b0b9c,3f800000
9d5974ae,3f800000
9d57ddc0,3f800000
9d5646d2,3f800000
9d54afe4,3f800000
9d5318f6,3f800000
9d518208,3f800000
9d4feb1a,3f800000
9d4e542c,3f800000
9d4cbd3e,3f800000
9d4b2650,3f800000
9d498f62,3f800000
9d47f874,3f800000
9d466187,3f800000
9d44ca99,3f800000
9d4333ab,3f800000
9d419cbd,3f800000
9d4005cf,3f800000
9d3e6ee1,3f800000
9d3cd7f3,3f800000
9d3b4105,3f800000
9d39aa17,3f800000
9d381329,3f800000
9d367c3b,3f800000
9d34e54d,3f800000
9d334e5f,3f800000
9d31b772,3f800000
9d302084,3f800000
9d2e8996,3f800000
9d2cf2a8,3f800000
9d2b5bba,3f800000
9d29c4cc,3f800000
9d282dde,3f800000
9d2696f0,3f800000
9d250002,3f800000
9d236914,3f800000
9d21d226,3f800000
9d203b38,3f800000
9d1ea44a,3f800000
9d1d0d5c,3f800000
9d1b766f,3f800000
9d19df81,3f800000
9d184893,3f800000
9d16b1a5,3f800000
9d151ab7,3f800000
9d1383c9,3f800000
9d11ecdb,3f800000
9d1055ed,3f800000
9d0ebeff,3f800000
9d0d2811,3f800000
9d0b9123,3f800000
9d09fa35,3f800000
9d086347,3f800000
9d06cc5a,3f800000
9d05356c,3f800000
9d039e7e,3f800000
9d020790,3f800000
9d0070a2,3f800000
9cfed9b4,3f800000
9cfd42c6,3f800000
9cfbabd8,3f800000
9cfa14ea,3f800000
9cf87dfc,3f800000
9cf6e70e,3f800000
9cf55020,3f800000
9cf3b932,3f800000
9cf22244,3f800000
9cf08b57,3f800000
9ceef469,3f800000
9ced5d7b,3f800000
9cebc68d,3f800000
9cea2f9f,3f800000
9ce898b1,3f800000
9ce701c3,3f800000
9ce56ad5,3f800000
9ce3d3e7,3f800000
9ce23cf9,3f800000
9ce0a60b,3f800000
9cdf0f1d,3f800000
9cdd782f,3f800000
9cdbe142,3f800000
9cda4a54,3f800000
9cd8b366,3f800000
9cd71c78,3f800000
9cd5858a,3f800000
9cd3ee9c,3f800000
9cd257ae,3f800000
9cd0c0c0,3f800000
9ccf29d2,3f800000
9ccd92e4,3f800000
9ccbfbf6,3f800000
9cca6508,3f800000
9cc8ce1a,3f800000
9cc7372c,3f800000
9cc5a03f,3f800000
9cc40951,3f800000
9cc27263,3f800000
9cc0db75,3f800000
9cbf4487,3f800000
9cbdad99,3f800000
9cbc16ab,3f800000
9cba7fbd,3f800000
9cb8e8cf,3f800000
9cb751e1,3f800000
9cb5baf3,3f800000
9cb42405,3f800000
9cb28d17,3f800000
9cb0f62a,3f800000
9caf5f3c,3f800000
9cadc84e,3f800000
9cac3160,3f800000
9caa9a72,3f800000
9ca90384,3f800000
9ca76c96,3f800000
9ca5d5a8,3f800000
9ca43eba,3f800000
9ca2a7cc,3f800000
9ca110de,3f800000
9c9f79f0,3f800000
9c9de302,3f800000
9c9c4c14,3f800000
9c9ab527,3f800000
9c991e39,3f800000
9c97874b,3f800000
9c95f05d,3f800000
9c94596f,3f800000
9c92c281,3f800000
9c912b93,3f800000
9c8f94a5,3f800000
9c8dfdb7,3f800000
9c8c66c9,3f800000
9c8acfdb,3f800000
9c8938ed,3f800000
9c87a1ff,3f800000
9c860b12,3f800000
9c847424,3f800000
9c82dd36,3f800000
9c814648,3f800000
9c7faf5a,3f800000
9c7e186c,3f800000
9c7c817e,3f800000
9c7aea90,3f800000
9c7953a2,3f800000
9c77bcb4,3f800000
9c7625c6,3f800000
9c748ed8,3f800000
9c72f7ea,3f800000
9c7160fc,3f800000
9c6fca0f,3f800000
9c6e3321,3f800000
9c6c9c33,3f800000
9c6b0545,3f800000
9c696e57,3f800000
9c67d769,3f800000
9c66407b,3f800000
9c64a98d,3f800000
9c63129f,3f800000
9c617bb1,3f800000
9c5fe4c3,3f800000
9c5e4dd5,3f800000
9c5cb6e7,3f800000
9c5b1ffa,3f800000
9c59890c,3f800000
9c57f21e,3f800000
9c565b30,3f800000
9c54c442,3f800000
9c532d54,3f800000
9c519666,3f800000
9c4fff78,3f800000
9c4e688a,3f800000
9c4cd19c,3f800000
9c4b3aae,3f800000
9c49a3c0,3f800000
9c480cd2,3f800000
9c4675e4,3f800000
9c44def7,3f800000
9c434809,3f800000
9c41b11b,3f800000
9c401a2d,3f800000
9c3e833f,3f800000
9c3cec51,3f800000
9c3b5563,3f800000
9c39be75,3f800000
9c382787,3f800000
9c369099,3f800000
9c34f9ab,3f800000
9c3362bd,3f800000
9c31cbcf,3f800000
9c3034e2,3f800000
9c2e9df4,3f800000
9c2d0706,3f800000
9c2b7018,3f800000
9c29d92a,3f800000
9c28423c,3f800000
9c26ab4e,3f800000
9c251460,3f800000
9c237d72,3f800000
9c21e684,3f800000
9c204f96,3f800000
9c1eb8a8,3f800000
9c1d21ba,3f800000
9c1b8acc,3f800000
9c19f3df,3f800000
9c185cf1,3f800000
9c16c603,3f800000
9c152f15,3f800000
9c139827,3f800000
9c120139,3f800000
9c106a4b,3f800000
9c0ed35d,3f800000
9c0d3c6f,3f800000
9c0ba581,3f800000
9c0a0e93,3f800000
9c0877a5,3f800000
9c06e0b7,3f800000
9c0549ca,3f800000
9c03b2dc,3f800000
9c021bee,3f800000
9c008500,3f800000
9bfeee12,3f800000
9bfd5724,3f800000
9bfbc036,3f800000
9bfa2948,3f800000
9bf8925a,3f800000
9bf6fb6c,3f800000
9bf5647e,3f800000
9bf3cd90,3f800000
9bf236a2,3f800000
9bf09fb5,3f800000
9bef08c7,3f800000
9bed71d9,3f800000
9bebdaeb,3f800000
9bea43fd,3f800000
9be8ad0f,3f800000
9be71621,3f800000
9be57f33,3f800000
9be3e845,3f800000
9be25157,3f800000
9be0ba69,3f800000
9bdf237b,3f800000
9bdd8c8d,3f800000
9bdbf59f,3f800000
9bda5eb2,3f800000
9bd8c7c4,3f800000
9bd730d6,3f800000
9bd599e8,3f800000
9bd402fa,3f800000
9bd26c0c,3f800000
9bd0d51e,3f800000
9bcf3e30,3f800000
9bcda742,3f800000
9bcc1054,3f800000
9bca7966,3f800000
9bc8e278,3f800000
9bc74b8a,3f800000
9bc5b49d,3f800000
9bc41daf,3f800000
9bc286c1,3f800000
9bc0efd3,3f800000
9bbf58e5,3f800000
9bbdc1f7,3f800000
9bbc2b09,3f800000
9bba941b,3f800000
9bb8fd2d,3f800000
9bb7663f,3f800000
9bb5cf51,3f800000
9bb43863,3f800000
9bb2a175,3f800000
9bb10a87,3f800000
9baf739a,3f800000
9baddcac,3f800000
9bac45be,3f800000
9baaaed0,3f800000
9ba917e2,3f800000
9ba780f4,3f800000
9ba5ea06,3f800000
9ba45318,3f800000
9ba2bc2a,3f800000
9ba1253c,3f800000
9b9f8e4e,3f800000
9b9df760,3f800000
9b9c6072,3f800000
9b9ac985,3f800000
9b993297,3f800000
9b979ba9,3f800000
9b9604bb,3f800000
9b946dcd,3f800000
9b92d6df,3f800000
9b913ff1,3f800000
9b8fa903,3f800000
9b8e1215,3f800000
9b8c7b27,3f800000
9b8ae439,3f800000
9b894d4b,3f800000
9b87b65d,3f800000
9b861f6f,3f800000
9b848882,3f800000
9b82f194,3f800000
9b815aa6,3f800000
9b7fc3b8,3f800000
9b7e2cca,3f800000
9b7c95dc,3f800000
9b7afeee,3f800000
9b796800,3f800000
9b77d112,3f800000
9b763a24,3f800000
9b74a336,3f800000
9b730c48,3f800000
9b71755a,3f800000
9b6fde6d,3f800000
9b6e477f,3f800000
9b6cb091,3f800000
9b6b19a3,3f800000
9b6982b5,3f800000
9b67ebc7,3f800000
9b6654d9,3f800000
9b64bdeb,3f800000
9b6326fd,3f800000
9b61900f,3f800000
9b5ff921,3f800000
9b5e6233,3f800000
9b5ccb45,3f800000
9b5b3457,3f800000
9b599d6a,3f800000
9b58067c,3f800000
9b566f8e,3f800000
9b54d8a0,3f800000
9b5341b2,3f800000
9b51aac4,3f800000
9b5013d6,3f800000
9b4e7ce8,3f800000
9b4ce5fa,3f800000
9b4b4f0c,3f800000
9b49b81e,3f800000
9b482130,3f800000
9b468a42,3f800000
9b44f355,3f800000
9b435c67,3f800000
9b41c579,3f800000
9b402e8b,3f800000
9b3e979d,3f800000
9b3d00af,3f800000
9b3b69c1,3f800000
9b39d2d3,3f800000
9b383be5,3f800000
9b36a4f7,3f800000
9b350e09,3f800000
9b33771b,3f800000
9b31e02d,3f800000
9b30493f,3f800000
9b2eb252,3f800000
9b2d1b64,3f800000
9b2b8476,3f800000
9b29ed88,3f800000
9b28569a,3f800000
9b26bfac,3f800000
9b2528be,3f800000
9b2391d0,3f800000
9b21fae2,3f800000
9b2063f4,3f800000
9b1ecd06,3f800000
9b1d3618,3f800000
9b1b9f2a,3f800000
9b1a083d,3f800000
9b18714f,3f800000
9b16da61,3f800000
9b154373,3f800000
9b13ac85,3f800000
9b121597,3f800000
9b107ea9,3f800000
9b0ee7bb,3f800000
9b0d50cd,3f800000
9b0bb9df,3f800000
9b0a22f1,3f800000
9b088c03,3f800000
9b06f515,3f800000
9b055e27,3f800000
9b03c73a,3f800000
9b02304c,3f800000
9b00995e,3f800000
9aff0270,3f800000
9afd6b82,3f800000
9afbd494,3f800000
9afa3da6,3f800000
9af8a6b8,3f800000
9af70fca,3f800000
9af578dc,3f800000
9af3e1ee,3f800000
9af24b00,3f800000
9af0b412,3f800000
9aef1d25,3f800000
9aed8637,3f800000
9aebef49,3f800000
9aea585b,3f800000
9ae8c16d,3f800000
9ae72a7f,3f800000
9ae59391,3f800000
9ae3fca3,3f800000
9ae265b5,3f800000
9ae0cec7,3f800000
9adf37d9,3f800000
9adda0eb,3f800000
9adc09fd,3f800000
9ada730f,3f800000
9ad8dc22,3f800000
9ad74534,3f800000
9ad5ae46,3f800000
9ad41758,3f800000
9ad2806a,3f800000
9ad0e97c,3f800000
9acf528e,3f800000
9acdbba0,3f800000
9acc24b2,3f800000
9aca8dc4,3f800000
9ac8f6d6,3f800000
9ac75fe8,3f800000
9ac5c8fa,3f800000
9ac4320d,3f800000
9ac29b1f,3f800000
9ac10431,3f800000
9abf6d43,3f800000
9abdd655,3f800000
9abc3f67,3f800000
9abaa879,3f800000
9ab9118b,3f800000
9ab77a9d,3f800000
9ab5e3af,3f800000
9ab44cc1,3f800000
9ab2b5d3,3f800000
9ab11ee5,3f800000
9aaf87f7,3f800000
9aadf10a,3f800000
9aac5a1c,3f800000
9aaac32e,3f800000
9aa92c40,3f800000
9aa79552,3f800000
9aa5fe64,3f800000
9aa46776,3f800000
9aa2d088,3f800000
9aa1399a,3f800000
9a9fa2ac,3f800000
9a9e0bbe,3f800000
9a9c74d0,3f800000
9a9adde2,3f800000
9a9946f5,3f800000
9a97b007,3f800000
9a961919,3f800000
9a94822b,3f800000
9a92eb3d,3f800000
9a91544f,3f800000
9a8fbd61,3f800000
9a8e2673,3f800000
9a8c8f85,3f800000
9a8af897,3f800000
9a8961a9,3f800000
9a87cabb,3f800000
9a8633cd,3f800000
9a849cdf,3f800000
9a8305f2,3f800000
9a816f04,3f800000
9a7fd816,3f800000
9a7e4128,3f800000
9a7caa3a,3f800000
9a7b134c,3f800000
9a797c5e,3f800000
9a77e570,3f800000
9a764e82,3f800000
9a74b794,3f800000
9a7320a6,3f800000
9a7189b8,3f800000
9a6ff2ca,3f800000
9a6e5bdd,3f800000
9a6cc4ef,3f800000
9a6b2e01,3f800000
9a699713,3f800000
9a680025,3f800000
9a666937,3f800000
9a64d249,3f800000
9a633b5b,3f800000
9a61a46d,3f800000
9a600d7f,3f800000
9a5e7691,3f800000
9a5cdfa3,3f800000
9a5b48b5,3f800000
9a59b1c8,3f800000
9a581ada,3f800000
9a5683ec,3f800000
9a54ecfe,3f800000
9a535610,3f800000
9a51bf22,3f800000
9a502834,3f800000
9a4e9146,3f800000
9a4cfa58,3f800000
9a4b636a,3f800000
9a49cc7c,3f800000
9a48358e,3f800000
9a469ea0,3f800000
9a4507b2,3f800000
9a4370c5,3f800000
9a41d9d7,3f800000
9a4042e9,3f800000
9a3eabfb,3f800000
9a3d150d,3f800000
9a3b7e1f,3f800000
9a39e731,3f800000
9a385043,3f800000
9a36b955,3f800000
9a352267,3f800000
9a338b79,3f800000
9a31f48b,3f800000
9a305d9d,3f800000
9a2ec6b0,3f800000
9a2d2fc2,3f800000
9a2b98d4,3f800000
9a2a01e6,3f800000
9a286af8,3f800000
9a26d40a,3f800000
9a253d1c,3f800000
9a23a62e,3f800000
9a220f40,3f800000
9a207852,3f800000
9a1ee164,3f800000
9a1d4a76,3f800000
9a1bb388,3f800000
9a1a1c9a,3f800000
9a1885ad,3f800000
9a16eebf,3f800000
9a1557d1,3f800000
9a13c0e3,3f800000
9a1229f5,3f800000
9a109307,3f800000
9a0efc19,3f800000
9a0d652b,3f800000
9a0bce3d,3f800000
9a0a374f,3f800000
9a08a061,3f800000
9a070973,3f800000
9a057285,3f800000
9a03db98,3f800000
9a0244aa,3f800000
9a00adbc,3f800000
99ff16ce,3f800000
99fd7fe0,3f800000
99fbe8f2,3f800000
99fa5204,3f800000
99f8bb16,3f800000
99f72428,3f800000
99f58d3a,3f800000
99f3f64c,3f800000
99f25f5e,3f800000
99f0c870,3f800000
99ef3182,3f800000
99ed9a95,3f800000
99ec03a7,3f800000
99ea6cb9,3f800000
99e8d5cb,3f800000
99e73edd,3f800000
99e5a7ef,3f800000
99e41101,3f800000
99e27a13,3f800000
99e0e325,3f800000
99df4c37,3f800000
99ddb549,3f800000
99dc1e5b,3f800000
99da876d,3f800000
99d8f080,3f800000
99d75992,3f800000
99d5c2a4,3f800000
99d42bb6,3f800000
99d294c8,3f800000
99d0fdda,3f800000
99cf66ec,3f800000
99cdcffe,3f800000
99cc3910,3f800000
99caa222,3f800000
99c90b34,3f800000
99c77446,3f800000
99c5dd58,3f800000
99c4466a,3f800000
99c2af7d,3f800000
99c1188f,3f800000
99bf81a1,3f800000
99bdeab3,3f800000
99bc53c5,3f800000
99babcd7,3f800000
99b925e9,3f800000
99b78efb,3f800000
99b5f80d,3f800000
99b4611f,3f800000
99b2ca31,3f800000
99b13343,3f800000
99af9c55,3f800000
99ae0568,3f800000
99ac6e7a,3f800000
99aad78c,3f800000
99a9409e,3f800000
99a7a9b0,3f800000
99a612c2,3f800000
99a47bd4,3f800000
99a2e4e6,3f800000
99a14df8,3f800000
999fb70a,3f800000
999e201c,3f800000
999c892e,3f800000
999af240,3f800000
99995b52,3f800000
9997c465,3f800000
99962d77,3f800000
99949689,3f800000
9992ff9b,3f800000
999168ad,3f800000
998fd1bf,3f800000
998e3ad1,3f800000
998ca3e3,3f800000
998b0cf5,3f800000
99897607,3f800000
9987df19,3f800000
9986482b,3f800000
9984b13d,3f800000
99831a50,3f800000
99818362,3f800000
997fec74,3f800000
997e5586,3f800000
997cbe98,3f800000
997b27aa,3f800000
997990bc,3f800000
9977f9ce,3f800000
997662e0,3f800000
9974cbf2,3f800000
99733504,3f800000
99719e16,3f800000
99700728,3f800000
996e703a,3f800000
996cd94d,3f800000
996b425f,3f800000
9969ab71,3f800000
99681483,3f800000
99667d95,3f800000
9964e6a7,3f800000
99634fb9,3f800000
9961b8cb,3f800000
996021dd,3f800000
995e8aef,3f800000
995cf401,3f800000
995b5d13,3f800000
9959c625,3f800000
99582f38,3f800000
9956984a,3f800000
9955015c,3f800000
99536a6e,3f800000
9951d380,3f800000
99503c92,3f800000
994ea5a4,3f800000
994d0eb6,3f800000
994b77c8,3f800000
9949e0da,3f800000
994849ec,3f800000
9946b2fe,3f800000
99451c10,3f800000
99438522,3f800000
9941ee35,3f800000
99405747,3f800000
993ec059,3f800000
993d296b,3f800000
993b927d,3f800000
9939fb8f,3f800000
993864a1,3f800000
9936cdb3,3f800000
993536c5,3f800000
99339fd7,3f800000
993208e9,3f800000
993071fb,3f800000
992edb0d,3f800000
992d4420,3f800000
992bad32,3f800000
992a1644,3f800000
99287f56,3f800000
9926e868,3f800000
9925517a,3f800000
9923ba8c,3f800000
9922239e,3f800000
99208cb0,3f800000
991ef5c2,3f800000
991d5ed4,3f800000
991bc7e6,3f800000
991a30f8,3f800000
99189a0a,3f800000
9917031d,3f800000
99156c2f,3f800000
9913d541,3f800000
99123e53,3f800000
9910a765,3f800000
990f1077,3f800000
990d7989,3f800000
990be29b,3f800000
990a4bad,3f800000
9908b4bf,3f800000
99071dd1,3f800000
990586e3,3f800000
9903eff5,3f800000
99025908,3f800000
9900c21a,3f800000
98ff2b2c,3f800000
98fd943e,3f800000
98fbfd50,3f800000
98fa6662,3f800000
98f8cf74,3f800000
98f73886,3f800000
98f5a198,3f800000
98f40aaa,3f800000
98f273bc,3f800000
98f0dcce,3f800000
98ef45e0,3f800000
98edaef2,3f800000
98ec1805,3f800000
98ea8117,3f800000
98e8ea29,3f800000
98e7533b,3f800000
98e5bc4d,3f800000
98e4255f,3f800000
98e28e71,3f800000
98e0f783,3f800000
98df6095,3f800000
98ddc9a7,3f800000
98dc32b9,3f800000
98da9bcb,3f800000
98d904dd,3f800000
98d76df0,3f800000
98d5d702,3f800000
98d44014,3f800000
98d2a926,3f800000
98d11238,3f800000
98cf7b4a,3f800000
98cde45c,3f800000
98cc4d6e,3f800000
98cab680,3f800000
98c91f92,3f800000
98c788a4,3f800000
98c5f1b6,3f800000
98c45ac8,3f800000
98c2c3db,3f800000
98c12ced,3f800000
98bf95ff,3f800000
98bdff11,3f800000
98bc6823,3f800000
98bad135,3f800000
98b93a47,3f800000
98b7a359,3f800000
98b60c6b,3f800000
98b4757d,3f800000
98b2de8f,3f800000
98b147a1,3f800000
98afb0b3,3f800000
98ae19c5,3f800000
98ac82d8,3f800000
98aaebea,3f800000
98a954fc,3f800000
98a7be0e,3f800000
98a62720,3f800000
98a49032,3f800000
98a2f944,3f800000
98a16256,3f800000
989fcb68,3f800000
989e347a,3f800000
989c9d8c,3f800000
989b069e,3f800000
98996fb0,3f800000
9897d8c3,3f800000
989641d5,3f800000
9894aae7,3f800000
989313f9,3f800000
98917d0b,3f800000
988fe61d,3f800000
988e4f2f,3f800000
988cb841,3f800000
988b2153,3f800000
98898a65,3f800000
9887f377,3f800000
98865c89,3f800000
9884c59b,3f800000
98832ead,3f800000
988197c0,3f800000
988000d2,3f800000
987e69e4,3f800000
987cd2f6,3f800000
987b3c08,3f800000
9879a51a,3f800000
98780e2c,3f800000
9876773e,3f800000
9874e050,3f800000
98734962,3f800000
9871b274,3f800000
98701b86,3f800000
986e8498,3f800000
986cedab,3f800000
986b56bd,3f800000
9869bfcf,3f800000
986828e1,3f800000
986691f3,3f800000
9864fb05,3f800000
98636417,3f800000
9861cd29,3f800000
9860363b,3f800000
985e9f4d,3f800000
985d085f,3f800000
985b7171,3f800000
9859da83,3f800000
98584395,3f800000
9856aca8,3f800000
985515ba,3f800000
98537ecc,3f800000
9851e7de,3f800000
985050f0,3f800000
984eba02,3f800000
984d2314,3f800000
984b8c26,3f800000
9849f538,3f800000
98485e4a,3f800000
9846c75c,3f800000
9845306e,3f800000
98439980,3f800000
98420293,3f800000
98406ba5,3f800000
983ed4b7,3f800000
983d3dc9,3f800000
983ba6db,3f800000
983a0fed,3f800000
983878ff,3f800000
9836e211,3f800000
98354b23,3f800000
9833b435,3f800000
98321d47,3f800000
98308659,3f800000
982eef6b,3f800000
982d587d,3f800000
982bc190,3f800000
982a2aa2,3f800000
982893b4,3f800000
9826fcc6,3f800000
982565d8,3f800000
9823ceea,3f800000
982237fc,3f800000
9820a10e,3f800000
981f0a20,3f800000
981d7332,3f800000
981bdc44,3f800000
981a4556,3f800000
9818ae68,3f800000
9817177b,3f800000
9815808d,3f800000
9813e99f,3f800000
981252b1,3f800000
9810bbc3,3f800000
980f24d5,3f800000
980d8de7,3f800000
980bf6f9,3f800000
980a600b,3f800000
9808c91d,3f800000
9807322f,3f800000
98059b41,3f800000
98040453,3f800000
98026d65,3f800000
9800d678,3f800000
97ff3f8a,3f800000
97fda89c,3f800000
97fc11ae,3f800000
97fa7ac0,3f800000
97f8e3d2,3f800000
97f74ce4,3f800000
97f5b5f6,3f800000
97f41f08,3f800000
97f2881a,3f800000
97f0f12c,3f800000
97ef5a3e,3f800000
97edc350,3f800000
97ec2c63,3f800000
97ea9575,3f800000
97e8fe87,3f800000
97e76799,3f800000
97e5d0ab,3f800000
97e439bd,3f800000
97e2a2cf,3f800000
97e10be1,3f800000
97df74f3,3f800000
97ddde05,3f800000
97dc4717,3f800000
97dab029,3f800000
97d9193b,3f800000
97d7824d,3f800000
97d5eb60,3f800000
97d45472,3f800000
97d2bd84,3f800000
97d12696,3f800000
97cf8fa8,3f800000
97cdf8ba,3f800000
97cc61cc,3f800000
97cacade,3f800000
97c933f0,3f800000
97c79d02,3f800000
97c60614,3f800000
97c46f26,3f800000
97c2d838,3f800000
97c1414b,3f800000
97bfaa5d,3f800000
97be136f,3f800000
97bc7c81,3f800000
97bae593,3f800000
97b94ea5,3f800000
97b7b7b7,3f800000
97b620c9,3f800000
97b489db,3f800000
97b2f2ed,3f800000
97b15bff,3f800000
97afc511,3f800000
97ae2e23,3f800000
97ac9735,3f800000
97ab0048,3f800000
97a9695a,3f800000
97a7d26c,3f800000
97a63b7e,3f800000
97a4a490,3f800000
97a30da2,3f800000
97a176b4,3f800000
979fdfc6,3f800000
979e48d8,3f800000
979cb1ea,3f800000
979b1afc,3f800000
9799840e,3f800000
9797ed20,3f800000
97965633,3f800000
9794bf45,3f800000
97932857,3f800000
97919169,3f800000
978ffa7b,3f800000
978e638d,3f800000
978ccc9f,3f800000
978b35b1,3f800000
97899ec3,3f800000
978807d5,3f800000
978670e7,3f800000
9784d9f9,3f800000
9783430b,3f800000
9781ac1d,3f800000
97801530,3f800000
977e7e42,3f800000
977ce754,3f800000
977b5066,3f800000
9779b978,3f800000
9778228a,3f800000
97768b9c,3f800000
9774f4ae,3f800000
97735dc0,3f800000
9771c6d2,3f800000
97702fe4,3f800000
976e98f6,3f800000
976d0208,3f800000
976b6b1b,3f800000
9769d42d,3f800000
97683d3f,3f800000
9766a651,3f800000
97650f63,3f800000
97637875,3f800000
9761e187,3f800000
97604a99,3f800000
975eb3ab,3f800000
975d1cbd,3f800000
975b85cf,3f800000
9759eee1,3f800000
975857f3,3f800000
9756c105,3f800000
97552a18,3f800000
9753932a,3f800000
9751fc3c,3f800000
9750654e,3f800000
974ece60,3f800000
974d3772,3f800000
974ba084,3f800000
974a0996,3f800000
974872a8,3f800000
9746dbba,3f800000
974544cc,3f800000
9743adde,3f800000
974216f0,3f800000
97408003,3f800000
973ee915,3f800000
973d5227,3f800000
973bbb39,3f800000
973a244b,3f800000
97388d5d,3f800000
9736f66f,3f800000
97355f81,3f800000
9733c893,3f800000
973231a5,3f800000
97309ab7,3f800000
972f03c9,3f800000
972d6cdb,3f800000
972bd5ee,3f800000
972a3f00,3f800000
9728a812,3f800000
97271124,3f800000
97257a36,3f800000
9723e348,3f800000
97224c5a,3f800000
9720b56c,3f800000
971f1e7e,3f800000
971d8790,3f800000
971bf0a2,3f800000
971a59b4,3f800000
9718c2c6,3f800000
97172bd8,3f800000
971594eb,3f800000
9713fdfd,3f800000
9712670f,3f800000
9710d021,3f800000
970f3933,3f800000
970da245,3f800000
970c0b57,3f800000
970a7469,3f800000
9708dd7b,3f800000
9707468d,3f800000
9705af9f,3f800000
970418b1,3f800000
970281c3,3f800000
9700ead6,3f800000
96ff53e8,3f800000
96fdbcfa,3f800000
96fc260c,3f800000
96fa8f1e,3f800000
96f8f830,3f800000
96f76142,3f800000
96f5ca54,3f800000
96f43366,3f800000
96f29c78,3f800000
96f1058a,3f800000
96ef6e9c,3f800000
96edd7ae,3f800000
96ec40c0,3f800000
96eaa9d3,3f800000
96e912e5,3f800000
96e77bf7,3f800000
96e5e509,3f800000
96e44e1b,3f800000
96e2b72d,3f800000
96e1203f,3f800000
96df8951,3f800000
96ddf263,3f800000
96dc5b75,3f800000
96dac487,3f800000
96d92d99,3f800000
96d796ab,3f800000
96d5ffbe,3f800000
96d468d0,3f800000
96d2d1e2,3f800000
96d13af4,3f800000
96cfa406,3f800000
96ce0d18,3f800000
96cc762a,3f800000
96cadf3c,3f800000
96c9484e,3f800000
96c7b160,3f800000
96c61a72,3f800000
96c48384,3f800000
96c2ec96,3f800000
96c155a8,3f800000
96bfbebb,3f800000
96be27cd,3f800000
96bc90df,3f800000
96baf9f1,3f800000
96b96303,3f800000
96b7cc15,3f800000
96b63527,3f800000
96b49e39,3f800000
96b3074b,3f800000
96b1705d,3f800000
96afd96f,3f800000
96ae4281,3f800000
96acab93,3f800000
96ab14a6,3f800000
96a97db8,3f800000
96a7e6ca,3f800000
96a64fdc,3f800000
96a4b8ee,3f800000
96a32200,3f800000
96a18b12,3f800000
969ff424,3f800000
969e5d36,3f800000
969cc648,3f800000
969b2f5a,3f800000
9699986c,3f800000
9698017e,3f800000
96966a90,3f800000
9694d3a3,3f800000
96933cb5,3f800000
9691a5c7,3f800000
96900ed9,3f800000
968e77eb,3f800000
968ce0fd,3f800000
968b4a0f,3f800000
9689b321,3f800000
96881c33,3f800000
96868545,3f800000
9684ee57,3f800000
96835769,3f800000
9681c07b,3f800000
9680298e,3f800000
967e92a0,3f800000
967cfbb2,3f800000
967b64c4,3f800000
9679cdd6,3f800000
967836e8,3f800000
96769ffa,3f800000
9675090c,3f800000
9673721e,3f800000
9671db30,3f800000
96704442,3f800000
966ead54,3f800000
966d1666,3f800000
966b7f78,3f800000
9669e88b,3f800000
9668519d,3f800000
9666baaf,3f800000
966523c1,3f800000
96638cd3,3f800000
9661f5e5,3f800000
96605ef7,3f800000
965ec809,3f800000
965d311b,3f800000
965b9a2d,3f800000
965a033f,3f800000
96586c51,3f800000
9656d563,3f800000
96553e76,3f800000
9653a788,3f800000
9652109a,3f800000
965079ac,3f800000
964ee2be,3f800000
964d4bd0,3f800000
964bb4e2,3f800000
964a1df4,3f800000
96488706,3f800000
9646f018,3f800000
9645592a,3f800000
9643c23c,3f800000
96422b4e,3f800000
96409460,3f800000
963efd73,3f800000
963d6685,3f800000
963bcf97,3f800000
963a38a9,3f800000
9638a1bb,3f800000
96370acd,3f800000
963573df,3f800000
9633dcf1,3f800000
96324603,3f800000
9630af15,3f800000
962f1827,3f800000
962d8139,3f800000
962bea4b,3f800000
962a535e,3f800000
9628bc70,3f800000
96272582,3f800000
96258e94,3f800000
9623f7a6,3f800000
962260b8,3f800000
9620c9ca,3f800000
961f32dc,3f800000
961d9bee,3f800000
961c0500,3f800000
961a6e12,3f800000
9618d724,3f800000
96174036,3f800000
9615a948,3f800000
9614125b,3f800000
96127b6d,3f800000
9610e47f,3f800000
960f4d91,3f800000
960db6a3,3f800000
960c1fb5,3f800000
960a88c7,3f800000
9608f1d9,3f800000
96075aeb,3f800000
9605c3fd,3f800000
96042d0f,3f800000
96029621,3f800000
9600ff33,3f800000
95ff6846,3f800000
95fdd158,3f800000
95fc3a6a,3f800000
95faa37c,3f800000
95f90c8e,3f800000
95f775a0,3f800000
95f5deb2,3f800000
95f447c4,3f800000
95f2b0d6,3f800000
95f119e8,3f800000
95ef82fa,3f800000
95edec0c,3f800000
95ec551e,3f800000
95eabe30,3f800000
95e92743,3f800000
95e79055,3f800000
95e5f967,3f800000
95e46279,3f800000
95e2cb8b,3f800000
95e1349d,3f800000
95df9daf,3f800000
95de06c1,3f800000
95dc6fd3,3f800000
95dad8e5,3f800000
95d941f7,3f800000
95d7ab09,3f800000
95d6141b,3f800000
95d47d2e,3f800000
95d2e640,3f800000
95d14f52,3f800000
95cfb864,3f800000
95ce2176,3f800000
95cc8a88,3f800000
95caf39a,3f800000
95c95cac,3f800000
95c7c5be,3f800000
95c62ed0,3f800000
95c497e2,3f800000
95c300f4,3f800000
95c16a06,3f800000
95bfd318,3f800000
95be3c2b,3f800000
95bca53d,3f800000
95bb0e4f,3f800000
95b97761,3f800000
95b7e073,3f800000
95b64985,3f800000
95b4b297,3f800000
95b31ba9,3f800000
95b184bb,3f800000
95afedcd,3f800000
95ae56df,3f800000
95acbff1,3f800000
95ab2903,3f800000
95a99216,3f800000
95a7fb28,3f800000
95a6643a,3f800000
95a4cd4c,3f800000
95a3365e,3f800000
95a19f70,3f800000
95a00882,3f800000
959e7194,3f800000
959cdaa6,3f800000
959b43b8,3f800000
9599acca,3f800000
959815dc,3f800000
95967eee,3f800000
9594e801,3f800000
95935113,3f800000
9591ba25,3f800000
95902337,3f800000
958e8c49,3f800000
958cf55b,3f800000
958b5e6d,3f800000
9589c77f,3f800000
95883091,3f800000
958699a3,3f800000
958502b5,3f800000
95836bc7,3f800000
9581d4d9,3f800000
95803deb,3f800000
957ea6fe,3f800000
957d1010,3f800000
957b7922,3f800000
9579e234,3f800000
95784b46,3f800000
9576b458,3f800000
95751d6a,3f800000
9573867c,3f800000
9571ef8e,3f800000
957058a0,3f800000
956ec1b2,3f800000
956d2ac4,3f800000
956b93d6,3f800000
9569fce9,3f800000
956865fb,3f800000
9566cf0d,3f800000
9565381f,3f800000
9563a131,3f800000
95620a43,3f800000
95607355,3f800000
955edc67,3f800000
955d4579,3f800000
955bae8b,3f800000
955a179d,3f800000
955880af,3f800000
9556e9c1,3f800000
955552d3,3f800000
9553bbe6,3f800000
955224f8,3f800000
95508e0a,3f800000
954ef71c,3f800000
954d602e,3f800000
954bc940,3f800000
954a3252,3f800000
95489b64,3f800000
95470476,3f800000
95456d88,3f800000
9543d69a,3f800000
95423fac,3f800000
9540a8be,3f800000
953f11d1,3f800000
953d7ae3,3f800000
953be3f5,3f800000
953a4d07,3f800000
9538b619,3f800000
95371f2b,3f800000
9535883d,3f800000
9533f14f,3f800000
95325a61,3f800000
9530c373,3f800000
952f2c85,3f800000
952d9597,3f800000
952bfea9,3f800000
952a67bb,3f800000
9528d0ce,3f800000
952739e0,3f800000
9525a2f2,3f800000
95240c04,3f800000
95227516,3f800000
9520de28,3f800000
951f473a,3f800000
951db04c,3f800000
951c195e,3f800000
951a8270,3f800000
9518eb82,3f800000
95175494,3f800000
9515bda6,3f800000
951426b9,3f800000
95128fcb,3f800000
9510f8dd,3f800000
950f61ef,3f800000
950dcb01,3f800000
950c3413,3f800000
950a9d25,3f800000
95090637,3f800000
95076f49,3f800000
9505d85b,3f800000
9504416d,3f800000
9502aa7f,3f800000
95011391,3f800000
94ff7ca3,3f800000
94fde5b6,3f800000
94fc4ec8,3f800000
94fab7da,3f800000
94f920ec,3f800000
94f789fe,3f800000
94f5f310,3f800000
94f45c22,3f800000
94f2c534,3f800000
94f12e46,3f800000
94ef9758,3f800000
94ee006a,3f800000
94ec697c,3f800000
94ead28e,3f800000
94e93ba1,3f800000
94e7a4b3,3f800000
94e60dc5,3f800000
94e476d7,3f800000
94e2dfe9,3f800000
94e148fb,3f800000
94dfb20d,3f800000
94de1b1f,3f800000
94dc8431,3f800000
94daed43,3f800000
94d95655,3f800000
94d7bf67,3f800000
94d62879,3f800000
94d4918b,3f800000
94d2fa9e,3f800000
94d163b0,3f800000
94cfccc2,3f800000
94ce35d4,3f800000
94cc9ee6,3f800000
94cb07f8,3f800000
94c9710a,3f800000
94c7da1c,3f800000
94c6432e,3f800000
94c4ac40,3f800000
94c31552,3f800000
94c17e64,3f800000
94bfe776,3f800000
94be5089,3f800000
94bcb99b,3f800000
94bb22ad,3f800000
94b98bbf,3f800000
94b7f4d1,3f800000
94b65de3,3f800000
94b4c6f5,3f800000
94b33007,3f800000
94b19919,3f800000
94b0022b,3f800000
94ae6b3d,3f800000
94acd44f,3f800000
94ab3d61,3f800000
94a9a673,3f800000
94a80f86,3f800000
94a67898,3f800000
94a4e1aa,3f800000
94a34abc,3f800000
94a1b3ce,3f800000
94a01ce0,3f800000
949e85f2,3f800000
949cef04,3f800000
949b5816,3f800000
9499c128,3f800000
94982a3a,3f800000
9496934c,3f800000
9494fc5e,3f800000
94936571,3f800000
9491ce83,3f800000
94903795,3f800000
948ea0a7,3f800000
948d09b9,3f800000
948b72cb,3f800000
9489dbdd,3f800000
948844ef,3f800000
9486ae01,3f800000
94851713,3f800000
94838025,3f800000
9481e937,3f800000
94805249,3f800000
947ebb5b,3f800000
947d246e,3f800000
947b8d80,3f800000
9479f692,3f800000
94785fa4,3f800000
9476c8b6,3f800000
947531c8,3f800000
94739ada,3f800000
947203ec,3f800000
94706cfe,3f800000
946ed610,3f800000
946d3f22,3f800000
946ba834,3f800000
946a1146,3f800000
94687a59,3f800000
9466e36b,3f800000
94654c7d,3f800000
9463b58f,3f800000
94621ea1,3f800000
946087b3,3f800000
945ef0c5,3f800000
945d59d7,3f800000
945bc2e9,3f800000
945a2bfb,3f800000
9458950d,3f800000
9456fe1f,3f800000
94556731,3f800000
9453d043,3f800000
94523956,3f800000
9450a268,3f800000
944f0b7a,3f800000
944d748c,3f800000
944bdd9e,3f800000
944a46b0,3f800000
9448afc2,3f800000
944718d4,3f800000
944581e6,3f800000
9443eaf8,3f800000
9442540a,3f800000
9440bd1c,3f800000
943f262e,3f800000
943d8f41,3f800000
943bf853,3f800000
943a6165,3f800000
9438ca77,3f800000
94373389,3f800000
94359c9b,3f800000
943405ad,3f800000
94326ebf,3f800000
9430d7d1,3f800000
942f40e3,3f800000
942da9f5,3f800000
942c1307,3f800000
942a7c19,3f800000
9428e52b,3f800000
94274e3e,3f800000
9425b750,3f800000
94242062,3f800000
94228974,3f800000
9420f286,3f800000
941f5b98,3f800000
941dc4aa,3f800000
941c2dbc,3f800000
941a96ce,3f800000
9418ffe0,3f800000
941768f2,3f800000
9415d204,3f800000
94143b16,3f800000
9412a429,3f800000
94110d3b,3f800000
940f764d,3f800000
940ddf5f,3f800000
940c4871,3f800000
940ab183,3f800000
94091a95,3f800000
940783a7,3f800000
9405ecb9,3f800000
940455cb,3f800000
9402bedd,3f800000
940127ef,3f800000
93ff9101,3f800000
93fdfa14,3f800000
93fc6326,3f800000
93facc38,3f800000
93f9354a,3f800000
93f79e5c,3f800000
93f6076e,3f800000
93f47080,3f800000
93f2d992,3f800000
93f142a4,3f800000
93efabb6,3f800000
93ee14c8,3f800000
93ec7dda,3f800000
93eae6ec,3f800000
93e94ffe,3f800000
93e7b911,3f800000
93e62223,3f800000
93e48b35,3f800000
93e2f447,3f800000
93e15d59,3f800000
93dfc66b,3f800000
93de2f7d,3f800000
93dc988f,3f800000
93db01a1,3f800000
93d96ab3,3f800000
93d7d3c5,3f800000
93d63cd7,3f800000
93d4a5e9,3f800000
93d30efc,3f800000
93d1780e,3f800000
93cfe120,3f800000
93ce4a32,3f800000
93ccb344,3f800000
93cb1c56,3f800000
93c98568,3f800000
93c7ee7a,3f800000
93c6578c,3f800000
93c4c09e,3f800000
93c329b0,3f800000
93c192c2,3f800000
93bffbd4,3f800000
93be64e6,3f800000
93bccdf9,3f800000
93bb370b,3f800000
93b9a01d,3f800000
93b8092f,3f800000
93b67241,3f800000
93b4db53,3f800000
93b34465,3f800000
93b1ad77,3f800000
93b01689,3f800000
93ae7f9b,3f800000
93ace8ad,3f800000
93ab51bf,3f800000
93a9bad1,3f800000
93a823e4,3f800000
93a68cf6,3f800000
93a4f608,3f800000
93a35f1a,3f800000
93a1c82c,3f800000
93a0313e,3f800000
939e9a50,3f800000
939d0362,3f800000
939b6c74,3f800000
9399d586,3f800000
93983e98,3f800000
9396a7aa,3f800000
939510bc,3f800000
939379ce,3f800000
9391e2e1,3f800000
93904bf3,3f800000
938eb505,3f800000
938d1e17,3f800000
938b8729,3f800000
9389f03b,3f800000
9388594d,3f800000
9386c25f,3f800000
93852b71,3f800000
93839483,3f800000
9381fd95,3f800000
938066a7,3f800000
937ecfb9,3f800000
937d38cc,3f800000
937ba1de,3f800000
937a0af0,3f800000
93787402,3f800000
9376dd14,3f800000
93754626,3f800000
9373af38,3f800000
9372184a,3f800000
9370815c,3f800000
936eea6e,3f800000
936d5380,3f800000
936bbc92,3f800000
936a25a4,3f800000
93688eb6,3f800000
9366f7c9,3f800000
936560db,3f800000
9363c9ed,3f800000
936232ff,3f800000
93609c11,3f800000
935f0523,3f800000
935d6e35,3f800000
935bd747,3f800000
935a4059,3f800000
9358a96b,3f800000
9357127d,3f800000
93557b8f,3f800000
9353e4a1,3f800000
93524db4,3f800000
9350b6c6,3f800000
934f1fd8,3f800000
934d88ea,3f800000
934bf1fc,3f800000
934a5b0e,3f800000
9348c420,3f800000
93472d32,3f800000
93459644,3f800000
9343ff56,3f800000
93426868,3f800000
9340d17a,3f800000
933f3a8c,3f800000
933da39e,3f800000
933c0cb1,3f800000
933a75c3,3f800000
9338ded5,3f800000
933747e7,3f800000
9335b0f9,3f800000
93341a0b,3f800000
9332831d,3f800000
9330ec2f,3f800000
932f5541,3f800000
932dbe53,3f800000
932c2765,3f800000
932a9077,3f800000
9328f989,3f800000
9327629c,3f800000
9325cbae,3f800000
932434c0,3f800000
93229dd2,3f800000
932106e4,3f800000
931f6ff6,3f800000
931dd908,3f800000
931c421a,3f800000
931aab2c,3f800000
9319143e,3f800000
93177d50,3f800000
9315e662,3f800000
93144f74,3f800000
9312b886,3f800000
93112199,3f800000
930f8aab,3f800000
930df3bd,3f800000
930c5ccf,3f800000
930ac5e1,3f800000
93092ef3,3f800000
93079805,3f800000
93060117,3f800000
93046a29,3f800000
9302d33b,3f800000
93013c4d,3f800000
92ffa55f,3f800000
92fe0e71,3f800000
92fc7784,3f800000
92fae096,3f800000
92f949a8,3f800000
92f7b2ba,3f800000
92f61bcc,3f800000
92f484de,3f800000
92f2edf0,3f800000
92f15702,3f800000
92efc014,3f800000
92ee2926,3f800000
92ec9238,3f800000
92eafb4a,3f800000
92e9645c,3f800000
92e7cd6e,3f800000
92e63681,3f800000
92e49f93,3f800000
92e308a5,3f800000
92e171b7,3f800000
92dfdac9,3f800000
92de43db,3f800000
92dcaced,3f800000
92db15ff,3f800000
92d97f11,3f800000
92d7e823,3f800000
92d65135,3f800000
92d4ba47,3f800000
92d32359,3f800000
92d18c6c,3f800000
92cff57e,3f800000
92ce5e90,3f800000
92ccc7a2,3f800000
92cb30b4,3f800000
92c999c6,3f800000
92c802d8,3f800000
92c66bea,3f800000
92c4d4fc,3f800000
92c33e0e,3f800000
92c1a720,3f800000
92c01032,3f800000
92be7944,3f800000
92bce256,3f800000
92bb4b69,3f800000
92b9b47b,3f800000
92b81d8d,3f800000
92b6869f,3f800000
92b4efb1,3f800000
92b358c3,3f800000
92b1c1d5,3f800000
92b02ae7,3f800000
92ae93f9,3f800000
92acfd0b,3f800000
92ab661d,3f800000
92a9cf2f,3f800000
92a83841,3f800000
92a6a154,3f800000
92a50a66,3f800000
92a37378,3f800000
92a1dc8a,3f800000
92a0459c,3f800000
929eaeae,3f800000
929d17c0,3f800000
929b80d2,3f800000
9299e9e4,3f800000
929852f6,3f800000
9296bc08,3f800000
9295251a,3f800000
92938e2c,3f800000
9291f73e,3f800000
92906051,3f800000
928ec963,3f800000
928d3275,3f800000
928b9b87,3f800000
928a0499,3f800000
92886dab,3f800000
9286d6bd,3f800000
92853fcf,3f800000
9283a8e1,3f800000
928211f3,3f800000
92807b05,3f800000
927ee417,3f800000
927d4d29,3f800000
927bb63c,3f800000
927a1f4e,3f800000
92788860,3f800000
9276f172,3f800000
92755a84,3f800000
9273c396,3f800000
92722ca8,3f800000
927095ba,3f800000
926efecc,3f800000
926d67de,3f800000
926bd0f0,3f800000
926a3a02,3f800000
9268a314,3f800000
92670c27,3f800000
92657539,3f800000
9263de4b,3f800000
9262475d,3f800000
9260b06f,3f800000
925f1981,3f800000
925d8293,3f800000
925beba5,3f800000
925a54b7,3f800000
9258bdc9,3f800000
925726db,3f800000
92558fed,3f800000
9253f8ff,3f800000
92526211,3f800000
9250cb24,3f800000
924f3436,3f800000
924d9d48,3f800000
924c065a,3f800000
924a6f6c,3f800000
9248d87e,3f800000
92474190,3f800000
9245aaa2,3f800000
924413b4,3f800000
92427cc6,3f800000
9240e5d8,3f800000
923f4eea,3f800000
923db7fc,3f800000
923c210f,3f800000
923a8a21,3f800000
9238f333,3f800000
92375c45,3f800000
9235c557,3f800000
92342e69,3f800000
9232977b,3f800000
9231008d,3f800000
922f699f,3f800000
922dd2b1,3f800000
922c3bc3,3f800000
922aa4d5,3f800000
92290de7,3f800000
922776f9,3f800000
9225e00c,3f800000
9224491e,3f800000
9222b230,3f800000
92211b42,3f800000
921f8454,3f800000
921ded66,3f800000
921c5678,3f800000
921abf8a,3f800000
9219289c,3f800000
921791ae,3f800000
9215fac0,3f800000
921463d2,3f800000
9212cce4,3f800000
921135f7,3f800000
920f9f09,3f800000
920e081b,3f800000
920c712d,3f800000
920ada3f,3f800000
92094351,3f800000
9207ac63,3f800000
92061575,3f800000
92047e87,3f800000
9202e799,3f800000
920150ab,3f800000
91ffb9bd,3f800000
91fe22cf,3f800000
91fc8be1,3f800000
91faf4f4,3f800000
91f95e06,3f800000
91f7c718,3f800000
91f6302a,3f800000
91f4993c,3f800000
91f3024e,3f800000
91f16b60,3f800000
91efd472,3f800000
91ee3d84,3f800000
91eca696,3f800000
91eb0fa8,3f800000
91e978ba,3f800000
91e7e1cc,3f800000
91e64adf,3f800000
91e4b3f1,3f800000
91e31d03,3f800000
91e18615,3f800000
91dfef27,3f800000
91de5839,3f800000
91dcc14b,3f800000
91db2a5d,3f800000
91d9936f,3f800000
91d7fc81,3f800000
91d66593,3f800000
91d4cea5,3f800000
91d337b7,3f800000
91d1a0c9,3f800000
91d009dc,3f800000
91ce72ee,3f800000
91ccdc00,3f800000
91cb4512,3f800000
91c9ae24,3f800000
91c81736,3f800000
91c68048,3f800000
91c4e95a,3f800000
91c3526c,3f800000
91c1bb7e,3f800000
91c02490,3f800000
91be8da2,3f800000
91bcf6b4,3f800000
91bb5fc7,3f800000
91b9c8d9,3f800000
91b831eb,3f800000
91b69afd,3f800000
91b5040f,3f800000
91b36d21,3f800000
91b1d633,3f800000
91b03f45,3f800000
91aea857,3f800000
91ad1169,3f800000
91ab7a7b,3f800000
91a9e38d,3f800000
91a84c9f,3f800000
91a6b5b1,3f800000
91a51ec4,3f800000
91a387d6,3f800000
91a1f0e8,3f800000
91a059fa,3f800000
919ec30c,3f800000
919d2c1e,3f800000
919b9530,3f800000
9199fe42,3f800000
91986754,3f800000
9196d066,3f800000
91953978,3f800000
9193a28a,3f800000
91920b9c,3f800000
919074af,3f800000
918eddc1,3f800000
918d46d3,3f800000
918bafe5,3f800000
918a18f7,3f800000
91888209,3f800000
9186eb1b,3f800000
9185542d,3f800000
9183bd3f,3f800000
91822651,3f800000
91808f63,3f800000
917ef875,3f800000
917d6187,3f800000
917bca99,3f800000
917a33ac,3f800000
91789cbe,3f800000
917705d0,3f800000
91756ee2,3f800000
9173d7f4,3f800000
91724106,3f800000
9170aa18,3f800000
916f132a,3f800000
916d7c3c,3f800000
916be54e,3f800000
916a4e60,3f800000
9168b772,3f800000
91672084,3f800000
91658997,3f800000
9163f2a9,3f800000
91625bbb,3f800000
9160c4cd,3f800000
915f2ddf,3f800000
915d96f1,3f800000
915c0003,3f800000
915a6915,3f800000
9158d227,3f800000
91573b39,3f800000
9155a44b,3f800000
91540d5d,3f800000
9152766f,3f800000
9150df81,3f800000
914f4894,3f800000
914db1a6,3f800000
914c1ab8,3f800000
914a83ca,3f800000
9148ecdc,3f800000
914755ee,3f800000
9145bf00,3f800000
91442812,3f800000
91429124,3f800000
9140fa36,3f800000
913f6348,3f800000
913dcc5a,3f800000
913c356c,3f800000
913a9e7f,3f800000
91390791,3f800000
913770a3,3f800000
9135d9b5,3f800000
913442c7,3f800000
9132abd9,3f800000
913114eb,3f800000
912f7dfd,3f800000
912de70f,3f800000
912c5021,3f800000
912ab933,3f800000
91292245,3f800000
91278b57,3f800000
9125f469,3f800000
91245d7c,3f800000
9122c68e,3f800000
91212fa0,3f800000
911f98b2,3f800000
911e01c4,3f800000
911c6ad6,3f800000
911ad3e8,3f800000
91193cfa,3f800000
9117a60c,3f800000
91160f1e,3f800000
91147830,3f800000
9112e142,3f800000
91114a54,3f800000
910fb367,3f800000
910e1c79,3f800000
910c858b,3f800000
910aee9d,3f800000
910957af,3f800000
9107c0c1,3f800000
910629d3,3f800000
910492e5,3f800000
9102fbf7,3f800000
91016509,3f800000
90ffce1b,3f800000
90fe372d,3f800000
90fca03f,3f800000
90fb0951,3f800000
90f97264,3f800000
90f7db76,3f800000
90f64488,3f800000
90f4ad9a,3f800000
90f316ac,3f800000
90f17fbe,3f800000
90efe8d0,3f800000
90ee51e2,3f800000
90ecbaf4,3f800000
90eb2406,3f800000
90e98d18,3f800000
90e7f62a,3f800000
90e65f3c,3f800000
90e4c84f,3f800000
90e33161,3f800000
90e19a73,3f800000
90e00385,3f800000
90de6c97,3f800000
90dcd5a9,3f800000
90db3ebb,3f800000
90d9a7cd,3f800000
90d810df,3f800000
90d679f1,3f800000
90d4e303,3f800000
90d34c15,3f800000
90d1b527,3f800000
90d01e3a,3f800000
90ce874c,3f800000
90ccf05e,3f800000
90cb5970,3f800000
90c9c282,3f800000
90c82b94,3f800000
90c694a6,3f800000
90c4fdb8,3f800000
90c366ca,3f800000
90c1cfdc,3f800000
90c038ee,3f800000
90bea200,3f800000
90bd0b12,3f800000
90bb7424,3f800000
90b9dd37,3f800000
90b84649,3f800000
90b6af5b,3f800000
90b5186d,3f800000
90b3817f,3f800000
90b1ea91,3f800000
90b053a3,3f800000
90aebcb5,3f800000
90ad25c7,3f800000
90ab8ed9,3f800000
90a9f7eb,3f800000
90a860fd,3f800000
90a6ca0f,3f800000
90a53322,3f800000
90a39c34,3f800000
90a20546,3f800000
90a06e58,3f800000
909ed76a,3f800000
909d407c,3f800000
909ba98e,3f800000
909a12a0,3f800000
90987bb2,3f800000
9096e4c4,3f800000
90954dd6,3f800000
9093b6e8,3f800000
90921ffa,3f800000
9090890c,3f800000
908ef21f,3f800000
908d5b31,3f800000
908bc443,3f800000
908a2d55,3f800000
90889667,3f800000
9086ff79,3f800000
9085688b,3f800000
9083d19d,3f800000
90823aaf,3f800000
9080a3c1,3f800000
907f0cd3,3f800000
907d75e5,3f800000
907bdef7,3f800000
907a480a,3f800000
9078b11c,3f800000
90771a2e,3f800000
90758340,3f800000
9073ec52,3f800000
90725564,3f800000
9070be76,3f800000
906f2788,3f800000
906d909a,3f800000
906bf9ac,3f800000
906a62be,3f800000
9068cbd0,3f800000
906734e2,3f800000
90659df4,3f800000
90640707,3f800000
90627019,3f800000
9060d92b,3f800000
905f423d,3f800000
905dab4f,3f800000
905c1461,3f800000
905a7d73,3f800000
9058e685,3f800000
90574f97,3f800000
9055b8a9,3f800000
905421bb,3f800000
90528acd,3f800000
9050f3df,3f800000
904f5cf2,3f800000
904dc604,3f800000
904c2f16,3f800000
904a9828,3f800000
9049013a,3f800000
90476a4c,3f800000
9045d35e,3f800000
90443c70,3f800000
9042a582,3f800000
90410e94,3f800000
903f77a6,3f800000
903de0b8,3f800000
903c49ca,3f800000
903ab2dc,3f800000
90391bef,3f800000
90378501,3f800000
9035ee13,3f800000
90345725,3f800000
9032c037,3f800000
90312949,3f800000
902f925b,3f800000
902dfb6d,3f800000
902c647f,3f800000
902acd91,3f800000
902936a3,3f800000
90279fb5,3f800000
902608c7,3f800000
902471da,3f800000
9022daec,3f800000
902143fe,3f800000
901fad10,3f800000
901e1622,3f800000
901c7f34,3f800000
901ae846,3f800000
90195158,3f800000
9017ba6a,3f800000
9016237c,3f800000
90148c8e,3f800000
9012f5a0,3f800000
90115eb2,3f800000
900fc7c4,3f800000
900e30d7,3f800000
900c99e9,3f800000
900b02fb,3f800000
90096c0d,3f800000
9007d51f,3f800000
90063e31,3f800000
9004a743,3f800000
90031055,3f800000
90017967,3f800000
8fffe279,3f800000
8ffe4b8b,3f800000
8ffcb49d,3f800000
8ffb1daf,3f800000
8ff986c2,3f800000
8ff7efd4,3f800000
8ff658e6,3f800000
8ff4c1f8,3f800000
8ff32b0a,3f800000
8ff1941c,3f800000
8feffd2e,3f800000
8fee6640,3f800000
8feccf52,3f800000
8feb3864,3f800000
8fe9a176,3f800000
8fe80a88,3f800000
8fe6739a,3f800000
8fe4dcac,3f800000
8fe345bf,3f800000
8fe1aed1,3f800000
8fe017e3,3f800000
8fde80f5,3f800000
8fdcea07,3f800000
8fdb5319,3f800000
8fd9bc2b,3f800000
8fd8253d,3f800000
8fd68e4f,3f800000
8fd4f761,3f800000
8fd36073,3f800000
8fd1c985,3f800000
8fd03297,3f800000
8fce9baa,3f800000
8fcd04bc,3f800000
8fcb6dce,3f800000
8fc9d6e0,3f800000
8fc83ff2,3f800000
8fc6a904,3f800000
8fc51216,3f800000
8fc37b28,3f800000
8fc1e43a,3f800000
8fc04d4c,3f800000
8fbeb65e,3f800000
8fbd1f70,3f800000
8fbb8882,3f800000
8fb9f194,3f800000
8fb85aa7,3f800000
8fb6c3b9,3f800000
8fb52ccb,3f800000
8fb395dd,3f800000
8fb1feef,3f800000
8fb06801,3f800000
8faed113,3f800000
8fad3a25,3f800000
8faba337,3f800000
8faa0c49,3f800000
8fa8755b,3f800000
8fa6de6d,3f800000
8fa5477f,3f800000
8fa3b092,3f800000
8fa219a4,3f800000
8fa082b6,3f800000
8f9eebc8,3f800000
8f9d54da,3f800000
8f9bbdec,3f800000
8f9a26fe,3f800000
8f989010,3f800000
8f96f922,3f800000
8f956234,3f800000
8f93cb46,3f800000
8f923458,3f800000
8f909d6a,3f800000
8f8f067c,3f800000
8f8d6f8f,3f800000
8f8bd8a1,3f800000
8f8a41b3,3f800000
8f88aac5,3f800000
8f8713d7,3f800000
8f857ce9,3f800000
8f83e5fb,3f800000
8f824f0d,3f800000
8f80b81f,3f800000
8f7f2131,3f800000
8f7d8a43,3f800000
8f7bf355,3f800000
8f7a5c67,3f800000
8f78c57a,3f800000
8f772e8c,3f800000
8f75979e,3f800000
8f7400b0,3f800000
8f7269c2,3f800000
8f70d2d4,3f800000
8f6f3be6,3f800000
8f6da4f8,3f800000
8f6c0e0a,3f800000
8f6a771c,3f800000
8f68e02e,3f800000
8f674940,3f800000
8f65b252,3f800000
8f641b64,3f800000
8f628477,3f800000
8f60ed89,3f800000
8f5f569b,3f800000
8f5dbfad,3f800000
8f5c28bf,3f800000
8f5a91d1,3f800000
8f58fae3,3f800000
8f5763f5,3f800000
8f55cd07,3f800000
8f543619,3f800000
8f529f2b,3f800000
8f51083d,3f800000
8f4f714f,3f800000
8f4dda62,3f800000
8f4c4374,3f800000
8f4aac86,3f800000
8f491598,3f800000
8f477eaa,3f800000
8f45e7bc,3f800000
8f4450ce,3f800000
8f42b9e0,3f800000
8f4122f2,3f800000
8f3f8c04,3f800000
8f3df516,3f800000
8f3c5e28,3f800000
8f3ac73a,3f800000
8f39304d,3f800000
8f37995f,3f800000
8f360271,3f800000
8f346b83,3f800000
8f32d495,3f800000
8f313da7,3f800000
8f2fa6b9,3f800000
8f2e0fcb,3f800000
8f2c78dd,3f800000
8f2ae1ef,3f800000
8f294b01,3f800000
8f27b413,3f800000
8f261d25,3f800000
8f248637,3f800000
8f22ef4a,3f800000
8f21585c,3f800000
8f1fc16e,3f800000
8f1e2a80,3f800000
8f1c9392,3f800000
8f1afca4,3f800000
8f1965b6,3f800000
8f17cec8,3f800000
8f1637da,3f800000
8f14a0ec,3f800000
8f1309fe,3f800000
8f117310,3f800000
8f0fdc22,3f800000
8f0e4535,3f800000
8f0cae47,3f800000
8f0b1759,3f800000
8f09806b,3f800000
8f07e97d,3f800000
8f06528f,3f800000
8f04bba1,3f800000
8f0324b3,3f800000
8f018dc5,3f800000
8efff6d7,3f800000
8efe5fe9,3f800000
8efcc8fb,3f800000
8efb320d,3f800000
8ef99b1f,3f800000
8ef80432,3f800000
8ef66d44,3f800000
8ef4d656,3f800000
8ef33f68,3f800000
8ef1a87a,3f800000
8ef0118c,3f800000
8eee7a9e,3f800000
8eece3b0,3f800000
8eeb4cc2,3f800000
8ee9b5d4,3f800000
8ee81ee6,3f800000
8ee687f8,3f800000
8ee4f10a,3f800000
8ee35a1d,3f800000
8ee1c32f,3f800000
8ee02c41,3f800000
8ede9553,3f800000
8edcfe65,3f800000
8edb6777,3f800000
8ed9d089,3f800000
8ed8399b,3f800000
8ed6a2ad,3f800000
8ed50bbf,3f800000
8ed374d1,3f800000
8ed1dde3,3f800000
8ed046f5,3f800000
8eceb007,3f800000
8ecd191a,3f800000
8ecb822c,3f800000
8ec9eb3e,3f800000
8ec85450,3f800000
8ec6bd62,3f800000
8ec52674,3f800000
8ec38f86,3f800000
8ec1f898,3f800000
8ec061aa,3f800000
8ebecabc,3f800000
8ebd33ce,3f800000
8ebb9ce0,3f800000
8eba05f2,3f800000
8eb86f05,3f800000
8eb6d817,3f800000
8eb54129,3f800000
8eb3aa3b,3f800000
8eb2134d,3f800000
8eb07c5f,3f800000
8eaee571,3f800000
8ead4e83,3f800000
8eabb795,3f800000
8eaa20a7,3f800000
8ea889b9,3f800000
8ea6f2cb,3f800000
8ea55bdd,3f800000
8ea3c4ef,3f800000
8ea22e02,3f800000
8ea09714,3f800000
8e9f0026,3f800000
8e9d6938,3f800000
8e9bd24a,3f800000
8e9a3b5c,3f800000
8e98a46e,3f800000
8e970d80,3f800000
8e957692,3f800000
8e93dfa4,3f800000
8e9248b6,3f800000
8e90b1c8,3f800000
8e8f1ada,3f800000
8e8d83ed,3f800000
8e8becff,3f800000
8e8a5611,3f800000
8e88bf23,3f800000
8e872835,3f800000
8e859147,3f800000
8e83fa59,3f800000
8e82636b,3f800000
8e80cc7d,3f800000
8e7f358f,3f800000
8e7d9ea1,3f800000
8e7c07b3,3f800000
8e7a70c5,3f800000
8e78d9d7,3f800000
8e7742ea,3f800000
8e75abfc,3f800000
8e74150e,3f800000
8e727e20,3f800000
8e70e732,3f800000
8e6f5044,3f800000
8e6db956,3f800000
8e6c2268,3f800000
8e6a8b7a,3f800000
8e68f48c,3f800000
8e675d9e,3f800000
8e65c6b0,3f800000
8e642fc2,3f800000
8e6298d5,3f800000
8e6101e7,3f800000
8e5f6af9,3f800000
8e5dd40b,3f800000
8e5c3d1d,3f800000
8e5aa62f,3f800000
8e590f41,3f800000
8e577853,3f800000
8e55e165,3f800000
8e544a77,3f800000
8e52b389,3f800000
8e511c9b,3f800000
8e4f85ad,3f800000
8e4deebf,3f800000
8e4c57d2,3f800000
8e4ac0e4,3f800000
8e4929f6,3f800000
8e479308,3f800000
8e45fc1a,3f800000
8e44652c,3f800000
8e42ce3e,3f800000
8e413750,3f800000
8e3fa062,3f800000
8e3e0974,3f800000
8e3c7286,3f800000
8e3adb98,3f800000
8e3944aa,3f800000
8e37adbd,3f800000
8e3616cf,3f800000
8e347fe1,3f800000
8e32e8f3,3f800000
8e315205,3f800000
8e2fbb17,3f800000
8e2e2429,3f800000
8e2c8d3b,3f800000
8e2af64d,3f800000
8e295f5f,3f800000
8e27c871,3f800000
8e263183,3f800000
8e249a95,3f800000
8e2303a7,3f800000
8e216cba,3f800000
8e1fd5cc,3f800000
8e1e3ede,3f800000
8e1ca7f0,3f800000
8e1b1102,3f800000
8e197a14,3f800000
8e17e326,3f800000
8e164c38,3f800000
8e14b54a,3f800000
8e131e5c,3f800000
8e11876e,3f800000
8e0ff080,3f800000
8e0e5992,3f800000
8e0cc2a5,3f800000
8e0b2bb7,3f800000
8e0994c9,3f800000
8e07fddb,3f800000
8e0666ed,3f800000
8e04cfff,3f800000
8e033911,3f800000
8e01a223,3f800000
8e000b35,3f800000
8dfe7447,3f800000
8dfcdd59,3f800000
8dfb466b,3f800000
8df9af7d,3f800000
8df8188f,3f800000
8df681a2,3f800000
8df4eab4,3f800000
8df353c6,3f800000
8df1bcd8,3f800000
8df025ea,3f800000
8dee8efc,3f800000
8decf80e,3f800000
8deb6120,3f800000
8de9ca32,3f800000
8de83344,3f800000
8de69c56,3f800000
8de50568,3f800000
8de36e7a,3f800000
8de1d78d,3f800000
8de0409f,3f800000
8ddea9b1,3f800000
8ddd12c3,3f800000
8ddb7bd5,3f800000
8dd9e4e7,3f800000
8dd84df9,3f800000
8dd6b70b,3f800000
8dd5201d,3f800000
8dd3892f,3f800000
8dd1f241,3f800000
8dd05b53,3f800000
8dcec465,3f800000
8dcd2d77,3f800000
8dcb968a,3f800000
8dc9ff9c,3f800000
8dc868ae,3f800000
8dc6d1c0,3f800000
8dc53ad2,3f800000
8dc3a3e4,3f800000
8dc20cf6,3f800000
8dc07608,3f800000
8dbedf1a,3f800000
8dbd482c,3f800000
8dbbb13e,3f800000
8dba1a50,3f800000
8db88362,3f800000
8db6ec75,3f800000
8db55587,3f800000
8db3be99,3f800000
8db227ab,3f800000
8db090bd,3f800000
8daef9cf,3f800000
8dad62e1,3f800000
8dabcbf3,3f800000
8daa3505,3f800000
8da89e17,3f800000
8da70729,3f800000
8da5703b,3f800000
8da3d94d,3f800000
8da24260,3f800000
00000000,3f800000
0da24260,3f800000
0da3d94d,3f800000
0da5703b,3f800000
0da70729,3f800000
0da89e17,3f800000
0daa3505,3f800000
0dabcbf3,3f800000
0dad62e1,3f800000
0daef9cf,3f800000
0db090bd,3f800000
0db227ab,3f800000
0db3be99,3f800000
0db55587,3f800000
0db6ec75,3f800000
0db88362,3f800000
0dba1a50,3f800000
0dbbb13e,3f800000
0dbd482c,3f800000
0dbedf1a,3f800000
0dc07608,3f800000
0dc20cf6,3f800000
0dc3a3e4,3f800000
0dc53ad2,3f800000
0dc6d1c0,3f800000
0dc868ae,3f800000
0dc9ff9c,3f800000
0dcb968a,3f800000
0dcd2d77,3f800000
0dcec465,3f800000
0dd05b53,3f800000
0dd1f241,3f800000
0dd3892f,3f800000
0dd5201d,3f800000
0dd6b70b,3f800000
0dd84df9,3f800000
0dd9e4e7,3f800000
0ddb7bd5,3f800000
0ddd12c3,3f800000
0ddea9b1,3f800000
0de0409f,3f800000
0de1d78d,3f800000
0de36e7a,3f800000
0de50568,3f800000
0de69c56,3f800000
0de83344,3f800000
0de9ca32,3f800000
0deb6120,3f800000
0decf80e,3f800000
0dee8efc,3f800000
0df025ea,3f800000
0df1bcd8,3f800000
0df353c6,3f800000
0df4eab4,3f800000
0df681a2,3f800000
0df8188f,3f800000
0df9af7d,3f800000
0dfb466b,3f800000
0dfcdd59,3f800000
0dfe7447,3f800000
0e000b35,3f800000
0e01a223,3f800000
0e033911,3f800000
0e04cfff,3f800000
0e0666ed,3f800000
0e07fddb,3f800000
0e0994c9,3f800000
0e0b2bb7,3f800000
0e0cc2a5,3f800000
0e0e5992,3f800000
0e0ff080,3f800000
0e11876e,3f800000
0e131e5c,3f800000
0e14b54a,3f800000
0e164c38,3f800000
0e17e326,3f800000
0e197a14,3f800000
0e1b1102,3f800000
0e1ca7f0,3f800000
0e1e3ede,3f800000
0e1fd5cc,3f800000
0e216cba,3f800000
0e2303a7,3f800000
0e249a95,3f800000
0e263183,3f800000
0e27c871,3f800000
0e295f5f,3f800000
0e2af64d,3f800000
0e2c8d3b,3f800000
0e2e2429,3f800000
0e2fbb17,3f800000
0e315205,3f800000
0e32e8f3,3f800000
0e347fe1,3f800000
0e3616cf,3f800000
0e37adbd,3f800000
0e3944aa,3f800000
0e3adb98,3f800000
0e3c7286,3f800000
0e3e0974,3f800000
0e3fa062,3f800000
0e413750,3f800000
0e42ce3e,3f800000
0e44652c,3f800000
0e45fc1a,3f800000
0e479308,3f800000
0e4929f6,3f800000
0e4ac0e4,3f800000
0e4c57d2,3f800000
0e4deebf,3f800000
0e4f85ad,3f800000
0e511c9b,3f800000
0e52b389,3f800000
0e544a77,3f800000
0e55e165,3f800000
0e577853,3f800000
0e590f41,3f800000
0e5aa62f,3f800000
0e5c3d1d,3f800000
0e5dd40b,3f800000
0e5f6af9,3f800000
0e6101e7,3f800000
0e6298d5,3f800000
0e642fc2,3f800000
0e65c6b0,3f800000
0e675d9e,3f800000
0e68f48c,3f800000
0e6a8b7a,3f800000
0e6c2268,3f800000
0e6db956,3f800000
0e6f5044,3f800000
0e70e732,3f800000
0e727e20,3f800000
0e74150e,3f800000
0e75abfc,3f800000
0e7742ea,3f800000
0e78d9d7,3f800000
0e7a70c5,3f800000
0e7c07b3,3f800000
0e7d9ea1,3f800000
0e7f358f,3f800000
0e80cc7d,3f800000
0e82636b,3f800000
0e83fa59,3f800000
0e859147,3f800000
0e872835,3f800000
0e88bf23,3f800000
0e8a5611,3f800000
0e8becff,3f800000
0e8d83ed,3f800000
0e8f1ada,3f800000
0e90b1c8,3f800000
0e9248b6,3f800000
0e93dfa4,3f800000
0e957692,3f800000
0e970d80,3f800000
0e98a46e,3f800000
0e9a3b5c,3f800000
0e9bd24a,3f800000
0e9d6938,3f800000
0e9f0026,3f800000
0ea09714,3f800000
0ea22e02,3f800000
0ea3c4ef,3f800000
0ea55bdd,3f800000
0ea6f2cb,3f800000
0ea889b9,3f800000
0eaa20a7,3f800000
0eabb795,3f800000
0ead4e83,3f800000
0eaee571,3f800000
0eb07c5f,3f800000
0eb2134d,3f800000
0eb3aa3b,3f800000
0eb54129,3f800000
0eb6d817,3f800000
0eb86f05,3f800000
0eba05f2,3f800000
0ebb9ce0,3f800000
0ebd33ce,3f800000
0ebecabc,3f800000
0ec061aa,3f800000
0ec1f898,3f800000
0ec38f86,3f800000
0ec52674,3f800000
0ec6bd62,3f800000
0ec85450,3f800000
0ec9eb3e,3f800000
0ecb822c,3f800000
0ecd191a,3f800000
0eceb007,3f800000
0ed046f5,3f800000
0ed1dde3,3f800000
0ed374d1,3f800000
0ed50bbf,3f800000
0ed6a2ad,3f800000
0ed8399b,3f800000
0ed9d089,3f800000
0edb6777,3f800000
0edcfe65,3f800000
0ede9553,3f800000
0ee02c41,3f800000
0ee1c32f,3f800000
0ee35a1d,3f800000
0ee4f10a,3f800000
0ee687f8,3f800000
0ee81ee6,3f800000
0ee9b5d4,3f800000
0eeb4cc2,3f800000
0eece3b0,3f800000
0eee7a9e,3f800000
0ef0118c,3f800000
0ef1a87a,3f800000
0ef33f68,3f800000
0ef4d656,3f800000
0ef66d44,3f800000
0ef80432,3f800000
0ef99b1f,3f800000
0efb320d,3f800000
0efcc8fb,3f800000
0efe5fe9,3f800000
0efff6d7,3f800000
0f018dc5,3f800000
0f0324b3,3f800000
0f04bba1,3f800000
0f06528f,3f800000
0f07e97d,3f800000
0f09806b,3f800000
0f0b1759,3f800000
0f0cae47,3f800000
0f0e4535,3f800000
0f0fdc22,3f800000
0f117310,3f800000
0f1309fe,3f800000
0f14a0ec,3f800000
0f1637da,3f800000
0f17cec8,3f800000
0f1965b6,3f800000
0f1afca4,3f800000
0f1c9392,3f800000
0f1e2a80,3f800000
0f1fc16e,3f800000
0f21585c,3f800000
0f22ef4a,3f800000
0f248637,3f800000
0f261d25,3f800000
0f27b413,3f800000
0f294b01,3f800000
0f2ae1ef,3f800000
0f2c78dd,3f800000
0f2e0fcb,3f800000
0f2fa6b9,3f800000
0f313da7,3f800000
0f32d495,3f800000
0f346b83,3f800000
0f360271,3f800000
0f37995f,3f800000
0f39304d,3f800000
0f3ac73a,3f800000
0f3c5e28,3f800000
0f3df516,3f800000
0f3f8c04,3f800000
0f4122f2,3f800000
0f42b9e0,3f800000
0f4450ce,3f800000
0f45e7bc,3f800000
0f477eaa,3f800000
0f491598,3f800000
0f4aac86,3f800000
0f4c4374,3f800000
0f4dda62,3f800000
0f4f714f,3f800000
0f51083d,3f800000
0f529f2b,3f800000
0f543619,3f800000
0f55cd07,3f800000
0f5763f5,3f800000
0f58fae3,3f800000
0f5a91d1,3f800000
0f5c28bf,3f800000
0f5dbfad,3f800000
0f5f569b,3f800000
0f60ed89,3f800000
0f628477,3f800000
0f641b64,3f800000
0f65b252,3f800000
0f674940,3f800000
0f68e02e,3f800000
0f6a771c,3f800000
0f6c0e0a,3f800000
0f6da4f8,3f800000
0f6f3be6,3f800000
0f70d2d4,3f800000
0f7269c2,3f800000
0f7400b0,3f800000
0f75979e,3f800000
0f772e8c,3f800000
0f78c57a,3f800000
0f7a5c67,3f800000
0f7bf355,3f800000
0f7d8a43,3f800000
0f7f2131,3f800000
0f80b81f,3f800000
0f824f0d,3f800000
0f83e5fb,3f800000
0f857ce9,3f800000
0f8713d7,3f800000
0f88aac5,3f800000
0f8a41b3,3f800000
0f8bd8a1,3f800000
0f8d6f8f,3f800000
0f8f067c,3f800000
0f909d6a,3f800000
0f923458,3f800000
0f93cb46,3f800000
0f956234,3f800000
0f96f922,3f800000
0f989010,3f800000
0f9a26fe,3f800000
0f9bbdec,3f800000
0f9d54da,3f800000
0f9eebc8,3f800000
0fa082b6,3f800000
0fa219a4,3f800000
0fa3b092,3f800000
0fa5477f,3f800000
0fa6de6d,3f800000
0fa8755b,3f800000
0faa0c49,3f800000
0faba337,3f800000
0fad3a25,3f800000
0faed113,3f800000
0fb06801,3f800000
0fb1feef,3f800000
0fb395dd,3f800000
0fb52ccb,3f800000
0fb6c3b9,3f800000
0fb85aa7,3f800000
0fb9f194,3f800000
0fbb8882,3f800000
0fbd1f70,3f800000
0fbeb65e,3f800000
0fc04d4c,3f800000
0fc1e43a,3f800000
0fc37b28,3f800000
0fc51216,3f800000
0fc6a904,3f800000
0fc83ff2,3f800000
0fc9d6e0,3f800000
0fcb6dce,3f800000
0fcd04bc,3f800000
0fce9baa,3f800000
0fd03297,3f800000
0fd1c985,3f800000
0fd36073,3f800000
0fd4f761,3f800000
0fd68e4f,3f800000
0fd8253d,3f800000
0fd9bc2b,3f800000
0fdb5319,3f800000
0fdcea07,3f800000
0fde80f5,3f800000
0fe017e3,3f800000
0fe1aed1,3f800000
0fe345bf,3f800000
0fe4dcac,3f800000
0fe6739a,3f800000
0fe80a88,3f800000
0fe9a176,3f800000
0feb3864,3f800000
0feccf52,3f800000
0fee6640,3f800000
0feffd2e,3f800000
0ff1941c,3f800000
0ff32b0a,3f800000
0ff4c1f8,3f800000
0ff658e6,3f800000
0ff7efd4,3f800000
0ff986c2,3f800000
0ffb1daf,3f800000
0ffcb49d,3f800000
0ffe4b8b,3f800000
0fffe279,3f800000
10017967,3f800000
10031055,3f800000
1004a743,3f800000
10063e31,3f800000
1007d51f,3f800000
10096c0d,3f800000
100b02fb,3f800000
100c99e9,3f800000
100e30d7,3f800000
100fc7c4,3f800000
10115eb2,3f800000
1012f5a0,3f800000
10148c8e,3f800000
1016237c,3f800000
1017ba6a,3f800000
10195158,3f800000
101ae846,3f800000
101c7f34,3f800000
101e1622,3f800000
101fad10,3f800000
102143fe,3f800000
1022daec,3f800000
102471da,3f800000
102608c7,3f800000
10279fb5,3f800000
102936a3,3f800000
102acd91,3f800000
102c647f,3f800000
102dfb6d,3f800000
102f925b,3f800000
10312949,3f800000
1032c037,3f800000
10345725,3f800000
1035ee13,3f800000
10378501,3f800000
10391bef,3f800000
103ab2dc,3f800000
103c49ca,3f800000
103de0b8,3f800000
103f77a6,3f800000
10410e94,3f800000
1042a582,3f800000
10443c70,3f800000
1045d35e,3f800000
10476a4c,3f800000
1049013a,3f800000
104a9828,3f800000
104c2f16,3f800000
104dc604,3f800000
104f5cf2,3f800000
1050f3df,3f800000
10528acd,3f800000
105421bb,3f800000
1055b8a9,3f800000
10574f97,3f800000
1058e685,3f800000
105a7d73,3f800000
105c1461,3f800000
105dab4f,3f800000
105f423d,3f800000
1060d92b,3f800000
10627019,3f800000
10640707,3f800000
10659df4,3f800000
106734e2,3f800000
1068cbd0,3f800000
106a62be,3f800000
106bf9ac,3f800000
106d909a,3f800000
106f2788,3f800000
1070be76,3f800000
10725564,3f800000
1073ec52,3f800000
10758340,3f800000
10771a2e,3f800000
1078b11c,3f800000
107a480a,3f800000
107bdef7,3f800000
107d75e5,3f800000
107f0cd3,3f800000
1080a3c1,3f800000
10823aaf,3f800000
1083d19d,3f800000
1085688b,3f800000
1086ff79,3f800000
10889667,3f800000
108a2d55,3f800000
108bc443,3f800000
108d5b31,3f800000
108ef21f,3f800000
1090890c,3f800000
10921ffa,3f800000
1093b6e8,3f800000
10954dd6,3f800000
1096e4c4,3f800000
10987bb2,3f800000
109a12a0,3f800000
109ba98e,3f800000
109d407c,3f800000
109ed76a,3f800000
10a06e58,3f800000
10a20546,3f800000
10a39c34,3f800000
10a53322,3f800000
10a6ca0f,3f800000
10a860fd,3f800000
10a9f7eb,3f800000
10ab8ed9,3f800000
10ad25c7,3f800000
10aebcb5,3f800000
10b053a3,3f800000
10b1ea91,3f800000
10b3817f,3f800000
10b5186d,3f800000
10b6af5b,3f800000
10b84649,3f800000
10b9dd37,3f800000
10bb7424,3f800000
10bd0b12,3f800000
10bea200,3f800000
10c038ee,3f800000
10c1cfdc,3f800000
10c366ca,3f800000
10c4fdb8,3f800000
10c694a6,3f800000
10c82b94,3f800000
10c9c282,3f800000
10cb5970,3f800000
10ccf05e,3f800000
10ce874c,3f800000
10d01e3a,3f800000
10d1b527,3f800000
10d34c15,3f800000
10d4e303,3f800000
10d679f1,3f800000
10d810df,3f800000
10d9a7cd,3f800000
10db3ebb,3f800000
10dcd5a9,3f800000
10de6c97,3f800000
10e00385,3f800000
10e19a73,3f800000
10e33161,3f800000
10e4c84f,3f800000
10e65f3c,3f800000
10e7f62a,3f800000
10e98d18,3f800000
10eb2406,3f800000
10ecbaf4,3f800000
10ee51e2,3f800000
10efe8d0,3f800000
10f17fbe,3f800000
10f316ac,3f800000
10f4ad9a,3f800000
10f64488,3f800000
10f7db76,3f800000
10f97264,3f800000
10fb0951,3f800000
10fca03f,3f800000
10fe372d,3f800000
10ffce1b,3f800000
11016509,3f800000
1102fbf7,3f800000
110492e5,3f800000
110629d3,3f800000
1107c0c1,3f800000
110957af,3f800000
110aee9d,3f800000
110c858b,3f800000
110e1c79,3f800000
110fb367,3f800000
11114a54,3f800000
1112e142,3f800000
11147830,3f800000
11160f1e,3f800000
1117a60c,3f800000
11193cfa,3f800000
111ad3e8,3f800000
111c6ad6,3f800000
111e01c4,3f800000
111f98b2,3f800000
11212fa0,3f800000
1122c68e,3f800000
11245d7c,3f800000
1125f469,3f800000
11278b57,3f800000
11292245,3f800000
112ab933,3f800000
112c5021,3f800000
112de70f,3f800000
112f7dfd,3f800000
113114eb,3f800000
1132abd9,3f800000
113442c7,3f800000
1135d9b5,3f800000
113770a3,3f800000
11390791,3f800000
113a9e7f,3f800000
113c356c,3f800000
113dcc5a,3f800000
113f6348,3f800000
1140fa36,3f800000
11429124,3f800000
11442812,3f800000
1145bf00,3f800000
114755ee,3f800000
1148ecdc,3f800000
114a83ca,3f800000
114c1ab8,3f800000
114db1a6,3f800000
114f4894,3f800000
1150df81,3f800000
1152766f,3f800000
11540d5d,3f800000
1155a44b,3f800000
11573b39,3f800000
1158d227,3f800000
115a6915,3f800000
115c0003,3f800000
115d96f1,3f800000
115f2ddf,3f800000
1160c4cd,3f800000
11625bbb,3f800000
1163f2a9,3f800000
11658997,3f800000
11672084,3f800000
1168b772,3f800000
116a4e60,3f800000
116be54e,3f800000
116d7c3c,3f800000
116f132a,3f800000
1170aa18,3f800000
11724106,3f800000
1173d7f4,3f800000
11756ee2,3f800000
117705d0,3f800000
11789cbe,3f800000
117a33ac,3f800000
117bca99,3f800000
117d6187,3f800000
117ef875,3f800000
11808f63,3f800000
11822651,3f800000
1183bd3f,3f800000
1185542d,3f800000
1186eb1b,3f800000
11888209,3f800000
118a18f7,3f800000
118bafe5,3f800000
118d46d3,3f800000
118eddc1,3f800000
119074af,3f800000
11920b9c,3f800000
1193a28a,3f800000
11953978,3f800000
1196d066,3f800000
11986754,3f800000
1199fe42,3f800000
119b9530,3f800000
119d2c1e,3f800000
119ec30c,3f800000
11a059fa,3f800000
11a1f0e8,3f800000
11a387d6,3f800000
11a51ec4,3f800000
11a6b5b1,3f800000
11a84c9f,3f800000
11a9e38d,3f800000
11ab7a7b,3f800000
11ad1169,3f800000
11aea857,3f800000
11b03f45,3f800000
11b1d633,3f800000
11b36d21,3f800000
11b5040f,3f800000
11b69afd,3f800000
11b831eb,3f800000
11b9c8d9,3f800000
11bb5fc7,3f800000
11bcf6b4,3f800000
11be8da2,3f800000
11c02490,3f800000
11c1bb7e,3f800000
11c3526c,3f800000
11c4e95a,3f800000
11c68048,3f800000
11c81736,3f800000
11c9ae24,3f800000
11cb4512,3f800000
11ccdc00,3f800000
11ce72ee,3f800000
11d009dc,3f800000
11d1a0c9,3f800000
11d337b7,3f800000
11d4cea5,3f800000
11d66593,3f800000
11d7fc81,3f800000
11d9936f,3f800000
11db2a5d,3f800000
11dcc14b,3f800000
11de5839,3f800000
11dfef27,3f800000
11e18615,3f800000
11e31d03,3f800000
11e4b3f1,3f800000
11e64adf,3f800000
11e7e1cc,3f800000
11e978ba,3f800000
11eb0fa8,3f800000
11eca696,3f800000
11ee3d84,3f800000
11efd472,3f800000
11f16b60,3f800000
11f3024e,3f800000
11f4993c,3f800000
11f6302a,3f800000
11f7c718,3f800000
11f95e06,3f800000
11faf4f4,3f800000
11fc8be1,3f800000
11fe22cf,3f800000
11ffb9bd,3f800000
120150ab,3f800000
1202e799,3f800000
12047e87,3f800000
12061575,3f800000
1207ac63,3f800000
12094351,3f800000
120ada3f,3f800000
120c712d,3f800000
120e081b,3f800000
120f9f09,3f800000
121135f7,3f800000
1212cce4,3f800000
121463d2,3f800000
1215fac0,3f800000
121791ae,3f800000
1219289c,3f800000
121abf8a,3f800000
121c5678,3f800000
121ded66,3f800000
121f8454,3f800000
12211b42,3f800000
1222b230,3f800000
1224491e,3f800000
1225e00c,3f800000
122776f9,3f800000
12290de7,3f800000
122aa4d5,3f800000
122c3bc3,3f800000
122dd2b1,3f800000
122f699f,3f800000
1231008d,3f800000
1232977b,3f800000
12342e69,3f800000
1235c557,3f800000
12375c45,3f800000
1238f333,3f800000
123a8a21,3f800000
123c210f,3f800000
123db7fc,3f800000
123f4eea,3f800000
1240e5d8,3f800000
12427cc6,3f800000
124413b4,3f800000
1245aaa2,3f800000
12474190,3f800000
1248d87e,3f800000
124a6f6c,3f800000
124c065a,3f800000
124d9d48,3f800000
124f3436,3f800000
1250cb24,3f800000
12526211,3f800000
1253f8ff,3f800000
12558fed,3f800000
125726db,3f800000
1258bdc9,3f800000
125a54b7,3f800000
125beba5,3f800000
125d8293,3f800000
125f1981,3f800000
1260b06f,3f800000
1262475d,3f800000
1263de4b,3f800000
12657539,3f800000
12670c27,3f800000
1268a314,3f800000
126a3a02,3f800000
126bd0f0,3f800000
126d67de,3f800000
126efecc,3f800000
127095ba,3f800000
12722ca8,3f800000
1273c396,3f800000
12755a84,3f800000
1276f172,3f800000
12788860,3f800000
127a1f4e,3f800000
127bb63c,3f800000
127d4d29,3f800000
127ee417,3f800000
12807b05,3f800000
128211f3,3f800000
1283a8e1,3f800000
12853fcf,3f800000
1286d6bd,3f800000
12886dab,3f800000
128a0499,3f800000
128b9b87,3f800000
128d3275,3f800000
128ec963,3f800000
12906051,3f800000
1291f73e,3f800000
12938e2c,3f800000
1295251a,3f800000
1296bc08,3f800000
129852f6,3f800000
1299e9e4,3f800000
129b80d2,3f800000
129d17c0,3f800000
129eaeae,3f800000
12a0459c,3f800000
12a1dc8a,3f800000
12a37378,3f800000
12a50a66,3f800000
12a6a154,3f800000
12a83841,3f800000
12a9cf2f,3f800000
12ab661d,3f800000
12acfd0b,3f800000
12ae93f9,3f800000
12b02ae7,3f800000
12b1c1d5,3f800000
12b358c3,3f800000
12b4efb1,3f800000
12b6869f,3f800000
12b81d8d,3f800000
12b9b47b,3f800000
12bb4b69,3f800000
12bce256,3f800000
12be7944,3f800000
12c01032,3f800000
12c1a720,3f800000
12c33e0e,3f800000
12c4d4fc,3f800000
12c66bea,3f800000
12c802d8,3f800000
12c999c6,3f800000
12cb30b4,3f800000
12ccc7a2,3f800000
12ce5e90,3f800000
12cff57e,3f800000
12d18c6c,3f800000
12d32359,3f800000
12d4ba47,3f800000
12d65135,3f800000
12d7e823,3f800000
12d97f11,3f800000
12db15ff,3f800000
12dcaced,3f800000
12de43db,3f800000
12dfdac9,3f800000
12e171b7,3f800000
12e308a5,3f800000
12e49f93,3f800000
12e63681,3f800000
12e7cd6e,3f800000
12e9645c,3f800000
12eafb4a,3f800000
12ec9238,3f800000
12ee2926,3f800000
12efc014,3f800000
12f15702,3f800000
12f2edf0,3f800000
12f484de,3f800000
12f61bcc,3f800000
12f7b2ba,3f800000
12f949a8,3f800000
12fae096,3f800000
12fc7784,3f800000
12fe0e71,3f800000
12ffa55f,3f800000
13013c4d,3f800000
1302d33b,3f800000
13046a29,3f800000
13060117,3f800000
13079805,3f800000
13092ef3,3f800000
130ac5e1,3f800000
130c5ccf,3f800000
130df3bd,3f800000
130f8aab,3f800000
13112199,3f800000
1312b886,3f800000
13144f74,3f800000
1315e662,3f800000
13177d50,3f800000
1319143e,3f800000
131aab2c,3f800000
131c421a,3f800000
131dd908,3f800000
131f6ff6,3f800000
132106e4,3f800000
13229dd2,3f800000
132434c0,3f800000
1325cbae,3f800000
1327629c,3f800000
1328f989,3f800000
132a9077,3f800000
132c2765,3f800000
132dbe53,3f800000
132f5541,3f800000
1330ec2f,3f800000
1332831d,3f800000
13341a0b,3f800000
1335b0f9,3f800000
133747e7,3f800000
1338ded5,3f800000
133a75c3,3f800000
133c0cb1,3f800000
133da39e,3f800000
133f3a8c,3f800000
1340d17a,3f800000
13426868,3f800000
1343ff56,3f800000
13459644,3f800000
13472d32,3f800000
1348c420,3f800000
134a5b0e,3f800000
134bf1fc,3f800000
134d88ea,3f800000
134f1fd8,3f800000
1350b6c6,3f800000
13524db4,3f800000
1353e4a1,3f800000
13557b8f,3f800000
1357127d,3f800000
1358a96b,3f800000
135a4059,3f800000
135bd747,3f800000
135d6e35,3f800000
135f0523,3f800000
13609c11,3f800000
136232ff,3f800000
1363c9ed,3f800000
136560db,3f800000
1366f7c9,3f800000
13688eb6,3f800000
136a25a4,3f800000
136bbc92,3f800000
136d5380,3f800000
136eea6e,3f800000
1370815c,3f800000
1372184a,3f800000
1373af38,3f800000
13754626,3f800000
1376dd14,3f800000
13787402,3f800000
137a0af0,3f800000
137ba1de,3f800000
137d38cc,3f800000
137ecfb9,3f800000
138066a7,3f800000
1381fd95,3f800000
13839483,3f800000
13852b71,3f800000
1386c25f,3f800000
1388594d,3f800000
1389f03b,3f800000
138b8729,3f800000
138d1e17,3f800000
138eb505,3f800000
13904bf3,3f800000
1391e2e1,3f800000
139379ce,3f800000
139510bc,3f800000
1396a7aa,3f800000
13983e98,3f800000
1399d586,3f800000
139b6c74,3f800000
139d0362,3f800000
139e9a50,3f800000
13a0313e,3f800000
13a1c82c,3f800000
13a35f1a,3f800000
13a4f608,3f800000
13a68cf6,3f800000
13a823e4,3f800000
13a9bad1,3f800000
13ab51bf,3f800000
13ace8ad,3f800000
13ae7f9b,3f800000
13b01689,3f800000
13b1ad77,3f800000
13b34465,3f800000
13b4db53,3f800000
13b67241,3f800000
13b8092f,3f800000
13b9a01d,3f800000
13bb370b,3f800000
13bccdf9,3f800000
13be64e6,3f800000
13bffbd4,3f800000
13c192c2,3f800000
13c329b0,3f800000
13c4c09e,3f800000
13c6578c,3f800000
13c7ee7a,3f800000
13c98568,3f800000
13cb1c56,3f800000
13ccb344,3f800000
13ce4a32,3f800000
13cfe120,3f800000
13d1780e,3f800000
13d30efc,3f800000
13d4a5e9,3f800000
13d63cd7,3f800000
13d7d3c5,3f800000
13d96ab3,3f800000
13db01a1,3f800000
13dc988f,3f800000
13de2f7d,3f800000
13dfc66b,3f800000
13e15d59,3f800000
13e2f447,3f800000
13e48b35,3f800000
13e62223,3f800000
13e7b911,3f800000
13e94ffe,3f800000
13eae6ec,3f800000
13ec7dda,3f800000
13ee14c8,3f800000
13efabb6,3f800000
13f142a4,3f800000
13f2d992,3f800000
13f47080,3f800000
13f6076e,3f800000
13f79e5c,3f800000
13f9354a,3f800000
13facc38,3f800000
13fc6326,3f800000
13fdfa14,3f800000
13ff9101,3f800000
140127ef,3f800000
1402bedd,3f800000
140455cb,3f800000
1405ecb9,3f800000
140783a7,3f800000
14091a95,3f800000
140ab183,3f800000
140c4871,3f800000
140ddf5f,3f800000
140f764d,3f800000
14110d3b,3f800000
1412a429,3f800000
14143b16,3f800000
1415d204,3f800000
141768f2,3f800000
1418ffe0,3f800000
141a96ce,3f800000
141c2dbc,3f800000
141dc4aa,3f800000
141f5b98,3f800000
1420f286,3f800000
14228974,3f800000
14242062,3f800000
1425b750,3f800000
14274e3e,3f800000
1428e52b,3f800000
142a7c19,3f800000
142c1307,3f800000
142da9f5,3f800000
142f40e3,3f800000
1430d7d1,3f800000
14326ebf,3f800000
143405ad,3f800000
14359c9b,3f800000
14373389,3f800000
1438ca77,3f800000
143a6165,3f800000
143bf853,3f800000
143d8f41,3f800000
143f262e,3f800000
1440bd1c,3f800000
1442540a,3f800000
1443eaf8,3f800000
144581e6,3f800000
144718d4,3f800000
1448afc2,3f800000
144a46b0,3f800000
144bdd9e,3f800000
144d748c,3f800000
144f0b7a,3f800000
1450a268,3f800000
14523956,3f800000
1453d043,3f800000
14556731,3f800000
1456fe1f,3f800000
1458950d,3f800000
145a2bfb,3f800000
145bc2e9,3f800000
145d59d7,3f800000
145ef0c5,3f800000
146087b3,3f800000
14621ea1,3f800000
1463b58f,3f800000
14654c7d,3f800000
1466e36b,3f800000
14687a59,3f800000
146a1146,3f800000
146ba834,3f800000
146d3f22,3f800000
146ed610,3f800000
14706cfe,3f800000
147203ec,3f800000
14739ada,3f800000
147531c8,3f800000
1476c8b6,3f800000
14785fa4,3f800000
1479f692,3f800000
147b8d80,3f800000
147d246e,3f800000
147ebb5b,3f800000
14805249,3f800000
1481e937,3f800000
14838025,3f800000
14851713,3f800000
1486ae01,3f800000
148844ef,3f800000
1489dbdd,3f800000
148b72cb,3f800000
148d09b9,3f800000
148ea0a7,3f800000
14903795,3f800000
1491ce83,3f800000
14936571,3f800000
1494fc5e,3f800000
1496934c,3f800000
14982a3a,3f800000
1499c128,3f800000
149b5816,3f800000
149cef04,3f800000
149e85f2,3f800000
14a01ce0,3f800000
14a1b3ce,3f800000
14a34abc,3f800000
14a4e1aa,3f800000
14a67898,3f800000
14a80f86,3f800000
14a9a673,3f800000
14ab3d61,3f800000
14acd44f,3f800000
14ae6b3d,3f800000
14b0022b,3f800000
14b19919,3f800000
14b33007,3f800000
14b4c6f5,3f800000
14b65de3,3f800000
14b7f4d1,3f800000
14b98bbf,3f800000
14bb22ad,3f800000
14bcb99b,3f800000
14be5089,3f800000
14bfe776,3f800000
14c17e64,3f800000
14c31552,3f800000
14c4ac40,3f800000
14c6432e,3f800000
14c7da1c,3f800000
14c9710a,3f800000
14cb07f8,3f800000
14cc9ee6,3f800000
14ce35d4,3f800000
14cfccc2,3f800000
14d163b0,3f800000
14d2fa9e,3f800000
14d4918b,3f800000
14d62879,3f800000
14d7bf67,3f800000
14d95655,3f800000
14daed43,3f800000
14dc8431,3f800000
14de1b1f,3f800000
14dfb20d,3f800000
14e148fb,3f800000
14e2dfe9,3f800000
14e476d7,3f800000
14e60dc5,3f800000
14e7a4b3,3f800000
14e93ba1,3f800000
14ead28e,3f800000
14ec697c,3f800000
14ee006a,3f800000
14ef9758,3f800000
14f12e46,3f800000
14f2c534,3f800000
14f45c22,3f800000
14f5f310,3f800000
14f789fe,3f800000
14f920ec,3f800000
14fab7da,3f800000
14fc4ec8,3f800000
14fde5b6,3f800000
14ff7ca3,3f800000
15011391,3f800000
1502aa7f,3f800000
1504416d,3f800000
1505d85b,3f800000
15076f49,3f800000
15090637,3f800000
150a9d25,3f800000
150c3413,3f800000
150dcb01,3f800000
150f61ef,3f800000
1510f8dd,3f800000
15128fcb,3f800000
151426b9,3f800000
1515bda6,3f800000
15175494,3f800000
1518eb82,3f800000
151a8270,3f800000
151c195e,3f800000
151db04c,3f800000
151f473a,3f800000
1520de28,3f800000
15227516,3f800000
15240c04,3f800000
1525a2f2,3f800000
152739e0,3f800000
1528d0ce,3f800000
152a67bb,3f800000
152bfea9,3f800000
152d9597,3f800000
152f2c85,3f800000
1530c373,3f800000
15325a61,3f800000
1533f14f,3f800000
1535883d,3f800000
15371f2b,3f800000
1538b619,3f800000
153a4d07,3f800000
153be3f5,3f800000
153d7ae3,3f800000
153f11d1,3f800000
1540a8be,3f800000
15423fac,3f800000
1543d69a,3f800000
15456d88,3f800000
15470476,3f800000
15489b64,3f800000
154a3252,3f800000
154bc940,3f800000
154d602e,3f800000
154ef71c,3f800000
15508e0a,3f800000
155224f8,3f800000
1553bbe6,3f800000
155552d3,3f800000
1556e9c1,3f800000
155880af,3f800000
155a179d,3f800000
155bae8b,3f800000
155d4579,3f800000
155edc67,3f800000
15607355,3f800000
15620a43,3f800000
1563a131,3f800000
1565381f,3f800000
1566cf0d,3f800000
156865fb,3f800000
1569fce9,3f800000
156b93d6,3f800000
156d2ac4,3f800000
156ec1b2,3f800000
157058a0,3f800000
1571ef8e,3f800000
1573867c,3f800000
15751d6a,3f800000
1576b458,3f800000
15784b46,3f800000
1579e234,3f800000
157b7922,3f800000
157d1010,3f800000
157ea6fe,3f800000
15803deb,3f800000
1581d4d9,3f800000
15836bc7,3f800000
158502b5,3f800000
158699a3,3f800000
15883091,3f800000
1589c77f,3f800000
158b5e6d,3f800000
158cf55b,3f800000
158e8c49,3f800000
15902337,3f800000
1591ba25,3f800000
15935113,3f800000
1594e801,3f800000
15967eee,3f800000
159815dc,3f800000
1599acca,3f800000
159b43b8,3f800000
159cdaa6,3f800000
159e7194,3f800000
15a00882,3f800000
15a19f70,3f800000
15a3365e,3f800000
15a4cd4c,3f800000
15a6643a,3f800000
15a7fb28,3f800000
15a99216,3f800000
15ab2903,3f800000
15acbff1,3f800000
15ae56df,3f800000
15afedcd,3f800000
15b184bb,3f800000
15b31ba9,3f800000
15b4b297,3f800000
15b64985,3f800000
15b7e073,3f800000
15b97761,3f800000
15bb0e4f,3f800000
15bca53d,3f800000
15be3c2b,3f800000
15bfd318,3f800000
15c16a06,3f800000
15c300f4,3f800000
15c497e2,3f800000
15c62ed0,3f800000
15c7c5be,3f800000
15c95cac,3f800000
15caf39a,3f800000
15cc8a88,3f800000
15ce2176,3f800000
15cfb864,3f800000
15d14f52,3f800000
15d2e640,3f800000
15d47d2e,3f800000
15d6141b,3f800000
15d7ab09,3f800000
15d941f7,3f800000
15dad8e5,3f800000
15dc6fd3,3f800000
15de06c1,3f800000
15df9daf,3f800000
15e1349d,3f800000
15e2cb8b,3f800000
15e46279,3f800000
15e5f967,3f800000
15e79055,3f800000
15e92743,3f800000
15eabe30,3f800000
15ec551e,3f800000
15edec0c,3f800000
15ef82fa,3f800000
15f119e8,3f800000
15f2b0d6,3f800000
15f447c4,3f800000
15f5deb2,3f800000
15f775a0,3f800000
15f90c8e,3f800000
15faa37c,3f800000
15fc3a6a,3f800000
15fdd158,3f800000
15ff6846,3f800000
1600ff33,3f800000
16029621,3f800000
16042d0f,3f800000
1605c3fd,3f800000
16075aeb,3f800000
1608f1d9,3f800000
160a88c7,3f800000
160c1fb5,3f800000
160db6a3,3f800000
160f4d91,3f800000
1610e47f,3f800000
16127b6d,3f800000
1614125b,3f800000
1615a948,3f800000
16174036,3f800000
1618d724,3f800000
161a6e12,3f800000
161c0500,3f800000
161d9bee,3f800000
161f32dc,3f800000
1620c9ca,3f800000
162260b8,3f800000
1623f7a6,3f800000
16258e94,3f800000
16272582,3f800000
1628bc70,3f800000
162a535e,3f800000
162bea4b,3f800000
162d8139,3f800000
162f1827,3f800000
1630af15,3f800000
16324603,3f800000
1633dcf1,3f800000
163573df,3f800000
16370acd,3f800000
1638a1bb,3f800000
163a38a9,3f800000
163bcf97,3f800000
163d6685,3f800000
163efd73,3f800000
16409460,3f800000
16422b4e,3f800000
1643c23c,3f800000
1645592a,3f800000
1646f018,3f800000
16488706,3f800000
164a1df4,3f800000
164bb4e2,3f800000
164d4bd0,3f800000
164ee2be,3f800000
165079ac,3f800000
1652109a,3f800000
1653a788,3f800000
16553e76,3f800000
1656d563,3f800000
16586c51,3f800000
165a033f,3f800000
165b9a2d,3f800000
165d311b,3f800000
165ec809,3f800000
16605ef7,3f800000
1661f5e5,3f800000
16638cd3,3f800000
166523c1,3f800000
1666baaf,3f800000
1668519d,3f800000
1669e88b,3f800000
166b7f78,3f800000
166d1666,3f800000
166ead54,3f800000
16704442,3f800000
1671db30,3f800000
1673721e,3f800000
1675090c,3f800000
16769ffa,3f800000
167836e8,3f800000
1679cdd6,3f800000
167b64c4,3f800000
167cfbb2,3f800000
167e92a0,3f800000
1680298e,3f800000
1681c07b,3f800000
16835769,3f800000
1684ee57,3f800000
16868545,3f800000
16881c33,3f800000
1689b321,3f800000
168b4a0f,3f800000
168ce0fd,3f800000
168e77eb,3f800000
16900ed9,3f800000
1691a5c7,3f800000
16933cb5,3f800000
1694d3a3,3f800000
16966a90,3f800000
1698017e,3f800000
1699986c,3f800000
169b2f5a,3f800000
169cc648,3f800000
169e5d36,3f800000
169ff424,3f800000
16a18b12,3f800000
16a32200,3f800000
16a4b8ee,3f800000
16a64fdc,3f800000
16a7e6ca,3f800000
16a97db8,3f800000
16ab14a6,3f800000
16acab93,3f800000
16ae4281,3f800000
16afd96f,3f800000
16b1705d,3f800000
16b3074b,3f800000
16b49e39,3f800000
16b63527,3f800000
16b7cc15,3f800000
16b96303,3f800000
16baf9f1,3f800000
16bc90df,3f800000
16be27cd,3f800000
16bfbebb,3f800000
16c155a8,3f800000
16c2ec96,3f800000
16c48384,3f800000
16c61a72,3f800000
16c7b160,3f800000
16c9484e,3f800000
16cadf3c,3f800000
16cc762a,3f800000
16ce0d18,3f800000
16cfa406,3f800000
16d13af4,3f800000
16d2d1e2,3f800000
16d468d0,3f800000
16d5ffbe,3f800000
16d796ab,3f800000
16d92d99,3f800000
16dac487,3f800000
16dc5b75,3f800000
16ddf263,3f800000
16df8951,3f800000
16e1203f,3f800000
16e2b72d,3f800000
16e44e1b,3f800000
16e5e509,3f800000
16e77bf7,3f800000
16e912e5,3f800000
16eaa9d3,3f800000
16ec40c0,3f800000
16edd7ae,3f800000
16ef6e9c,3f800000
16f1058a,3f800000
16f29c78,3f800000
16f43366,3f800000
16f5ca54,3f800000
16f76142,3f800000
16f8f830,3f800000
16fa8f1e,3f800000
16fc260c,3f800000
16fdbcfa,3f800000
16ff53e8,3f800000
1700ead6,3f800000
170281c3,3f800000
170418b1,3f800000
1705af9f,3f800000
1707468d,3f800000
1708dd7b,3f800000
170a7469,3f800000
170c0b57,3f800000
170da245,3f800000
170f3933,3f800000
1710d021,3f800000
1712670f,3f800000
1713fdfd,3f800000
171594eb,3f800000
17172bd8,3f800000
1718c2c6,3f800000
171a59b4,3f800000
171bf0a2,3f800000
171d8790,3f800000
171f1e7e,3f800000
1720b56c,3f800000
17224c5a,3f800000
1723e348,3f800000
17257a36,3f800000
17271124,3f800000
1728a812,3f800000
172a3f00,3f800000
172bd5ee,3f800000
172d6cdb,3f800000
172f03c9,3f800000
17309ab7,3f800000
173231a5,3f800000
1733c893,3f800000
17355f81,3f800000
1736f66f,3f800000
17388d5d,3f800000
173a244b,3f800000
173bbb39,3f800000
173d5227,3f800000
173ee915,3f800000
17408003,3f800000
174216f0,3f800000
1743adde,3f800000
174544cc,3f800000
1746dbba,3f800000
174872a8,3f800000
174a0996,3f800000
174ba084,3f800000
174d3772,3f800000
174ece60,3f800000
1750654e,3f800000
1751fc3c,3f800000
1753932a,3f800000
17552a18,3f800000
1756c105,3f800000
175857f3,3f800000
1759eee1,3f800000
175b85cf,3f800000
175d1cbd,3f800000
175eb3ab,3f800000
17604a99,3f800000
1761e187,3f800000
17637875,3f800000
17650f63,3f800000
1766a651,3f800000
17683d3f,3f800000
1769d42d,3f800000
176b6b1b,3f800000
176d0208,3f800000
176e98f6,3f800000
17702fe4,3f800000
1771c6d2,3f800000
17735dc0,3f800000
1774f4ae,3f800000
17768b9c,3f800000
1778228a,3f800000
1779b978,3f800000
177b5066,3f800000
177ce754,3f800000
177e7e42,3f800000
17801530,3f800000
1781ac1d,3f800000
1783430b,3f800000
1784d9f9,3f800000
178670e7,3f800000
178807d5,3f800000
17899ec3,3f800000
178b35b1,3f800000
178ccc9f,3f800000
178e638d,3f800000
178ffa7b,3f800000
17919169,3f800000
17932857,3f800000
1794bf45,3f800000
17965633,3f800000
1797ed20,3f800000
1799840e,3f800000
179b1afc,3f800000
179cb1ea,3f800000
179e48d8,3f800000
179fdfc6,3f800000
17a176b4,3f800000
17a30da2,3f800000
17a4a490,3f800000
17a63b7e,3f800000
17a7d26c,3f800000
17a9695a,3f800000
17ab0048,3f800000
17ac9735,3f800000
17ae2e23,3f800000
17afc511,3f800000
17b15bff,3f800000
17b2f2ed,3f800000
17b489db,3f800000
17b620c9,3f800000
17b7b7b7,3f800000
17b94ea5,3f800000
17bae593,3f800000
17bc7c81,3f800000
17be136f,3f800000
17bfaa5d,3f800000
17c1414b,3f800000
17c2d838,3f800000
17c46f26,3f800000
17c60614,3f800000
17c79d02,3f800000
17c933f0,3f800000
17cacade,3f800000
17cc61cc,3f800000
17cdf8ba,3f800000
17cf8fa8,3f800000
17d12696,3f800000
17d2bd84,3f800000
17d45472,3f800000
17d5eb60,3f800000
17d7824d,3f800000
17d9193b,3f800000
17dab029,3f800000
17dc4717,3f800000
17ddde05,3f800000
17df74f3,3f800000
17e10be1,3f800000
17e2a2cf,3f800000
17e439bd,3f800000
17e5d0ab,3f800000
17e76799,3f800000
17e8fe87,3f800000
17ea9575,3f800000
17ec2c63,3f800000
17edc350,3f800000
17ef5a3e,3f800000
17f0f12c,3f800000
17f2881a,3f800000
17f41f08,3f800000
17f5b5f6,3f800000
17f74ce4,3f800000
17f8e3d2,3f800000
17fa7ac0,3f800000
17fc11ae,3f800000
17fda89c,3f800000
17ff3f8a,3f800000
1800d678,3f800000
18026d65,3f800000
18040453,3f800000
18059b41,3f800000
1807322f,3f800000
1808c91d,3f800000
180a600b,3f800000
180bf6f9,3f800000
180d8de7,3f800000
180f24d5,3f800000
1810bbc3,3f800000
181252b1,3f800000
1813e99f,3f800000
1815808d,3f800000
1817177b,3f800000
1818ae68,3f800000
181a4556,3f800000
181bdc44,3f800000
181d7332,3f800000
181f0a20,3f800000
1820a10e,3f800000
182237fc,3f800000
1823ceea,3f800000
182565d8,3f800000
1826fcc6,3f800000
182893b4,3f800000
182a2aa2,3f800000
182bc190,3f800000
182d587d,3f800000
182eef6b,3f800000
18308659,3f800000
18321d47,3f800000
1833b435,3f800000
18354b23,3f800000
1836e211,3f800000
183878ff,3f800000
183a0fed,3f800000
183ba6db,3f800000
183d3dc9,3f800000
183ed4b7,3f800000
18406ba5,3f800000
18420293,3f800000
18439980,3f800000
1845306e,3f800000
1846c75c,3f800000
18485e4a,3f800000
1849f538,3f800000
184b8c26,3f800000
184d2314,3f800000
184eba02,3f800000
185050f0,3f800000
1851e7de,3f800000
18537ecc,3f800000
185515ba,3f800000
1856aca8,3f800000
18584395,3f800000
1859da83,3f800000
185b7171,3f800000
185d085f,3f800000
185e9f4d,3f800000
1860363b,3f800000
1861cd29,3f800000
18636417,3f800000
1864fb05,3f800000
186691f3,3f800000
186828e1,3f800000
1869bfcf,3f800000
186b56bd,3f800000
186cedab,3f800000
186e8498,3f800000
18701b86,3f800000
1871b274,3f800000
18734962,3f800000
1874e050,3f800000
1876773e,3f800000
18780e2c,3f800000
1879a51a,3f800000
187b3c08,3f800000
187cd2f6,3f800000
187e69e4,3f800000
188000d2,3f800000
188197c0,3f800000
18832ead,3f800000
1884c59b,3f800000
18865c89,3f800000
1887f377,3f800000
18898a65,3f800000
188b2153,3f800000
188cb841,3f800000
188e4f2f,3f800000
188fe61d,3f800000
18917d0b,3f800000
189313f9,3f800000
1894aae7,3f800000
189641d5,3f800000
1897d8c3,3f800000
18996fb0,3f800000
189b069e,3f800000
189c9d8c,3f800000
189e347a,3f800000
189fcb68,3f800000
18a16256,3f800000
18a2f944,3f800000
18a49032,3f800000
18a62720,3f800000
18a7be0e,3f800000
18a954fc,3f800000
18aaebea,3f800000
18ac82d8,3f800000
18ae19c5,3f800000
18afb0b3,3f800000
18b147a1,3f800000
18b2de8f,3f800000
18b4757d,3f800000
18b60c6b,3f800000
18b7a359,3f800000
18b93a47,3f800000
18bad135,3f800000
18bc6823,3f800000
18bdff11,3f800000
18bf95ff,3f800000
18c12ced,3f800000
18c2c3db,3f800000
18c45ac8,3f800000
18c5f1b6,3f800000
18c788a4,3f800000
18c91f92,3f800000
18cab680,3f800000
18cc4d6e,3f800000
18cde45c,3f800000
18cf7b4a,3f800000
18d11238,3f800000
18d2a926,3f800000
18d44014,3f800000
18d5d702,3f800000
18d76df0,3f800000
18d904dd,3f800000
18da9bcb,3f800000
18dc32b9,3f800000
18ddc9a7,3f800000
18df6095,3f800000
18e0f783,3f800000
18e28e71,3f800000
18e4255f,3f800000
18e5bc4d,3f800000
18e7533b,3f800000
18e8ea29,3f800000
18ea8117,3f800000
18ec1805,3f800000
18edaef2,3f800000
18ef45e0,3f800000
18f0dcce,3f800000
18f273bc,3f800000
18f40aaa,3f800000
18f5a198,3f800000
18f73886,3f800000
18f8cf74,3f800000
18fa6662,3f800000
18fbfd50,3f800000
18fd943e,3f800000
18ff2b2c,3f800000
1900c21a,3f800000
19025908,3f800000
1903eff5,3f800000
190586e3,3f800000
19071dd1,3f800000
1908b4bf,3f800000
190a4bad,3f800000
190be29b,3f800000
190d7989,3f800000
190f1077,3f800000
1910a765,3f800000
19123e53,3f800000
1913d541,3f800000
19156c2f,3f800000
1917031d,3f800000
19189a0a,3f800000
191a30f8,3f800000
191bc7e6,3f800000
191d5ed4,3f800000
191ef5c2,3f800000
19208cb0,3f800000
1922239e,3f800000
1923ba8c,3f800000
1925517a,3f800000
1926e868,3f800000
19287f56,3f800000
192a1644,3f800000
192bad32,3f800000
192d4420,3f800000
192edb0d,3f800000
193071fb,3f800000
193208e9,3f800000
19339fd7,3f800000
193536c5,3f800000
1936cdb3,3f800000
193864a1,3f800000
1939fb8f,3f800000
193b927d,3f800000
193d296b,3f800000
193ec059,3f800000
19405747,3f800000
1941ee35,3f800000
19438522,3f800000
19451c10,3f800000
1946b2fe,3f800000
194849ec,3f800000
1949e0da,3f800000
194b77c8,3f800000
194d0eb6,3f800000
194ea5a4,3f800000
19503c92,3f800000
1951d380,3f800000
19536a6e,3f800000
1955015c,3f800000
1956984a,3f800000
19582f38,3f800000
1959c625,3f800000
195b5d13,3f800000
195cf401,3f800000
195e8aef,3f800000
196021dd,3f800000
1961b8cb,3f800000
19634fb9,3f800000
1964e6a7,3f800000
19667d95,3f800000
19681483,3f800000
1969ab71,3f800000
196b425f,3f800000
196cd94d,3f800000
196e703a,3f800000
19700728,3f800000
19719e16,3f800000
19733504,3f800000
1974cbf2,3f800000
197662e0,3f800000
1977f9ce,3f800000
197990bc,3f800000
197b27aa,3f800000
197cbe98,3f800000
197e5586,3f800000
197fec74,3f800000
19818362,3f800000
19831a50,3f800000
1984b13d,3f800000
1986482b,3f800000
1987df19,3f800000
19897607,3f800000
198b0cf5,3f800000
198ca3e3,3f800000
198e3ad1,3f800000
198fd1bf,3f800000
199168ad,3f800000
1992ff9b,3f800000
19949689,3f800000
19962d77,3f800000
1997c465,3f800000
19995b52,3f800000
199af240,3f800000
199c892e,3f800000
199e201c,3f800000
199fb70a,3f800000
19a14df8,3f800000
19a2e4e6,3f800000
19a47bd4,3f800000
19a612c2,3f800000
19a7a9b0,3f800000
19a9409e,3f800000
19aad78c,3f800000
19ac6e7a,3f800000
19ae0568,3f800000
19af9c55,3f800000
19b13343,3f800000
19b2ca31,3f800000
19b4611f,3f800000
19b5f80d,3f800000
19b78efb,3f800000
19b925e9,3f800000
19babcd7,3f800000
19bc53c5,3f800000
19bdeab3,3f800000
19bf81a1,3f800000
19c1188f,3f800000
19c2af7d,3f800000
19c4466a,3f800000
19c5dd58,3f800000
19c77446,3f800000
19c90b34,3f800000
19caa222,3f800000
19cc3910,3f800000
19cdcffe,3f800000
19cf66ec,3f800000
19d0fdda,3f800000
19d294c8,3f800000
19d42bb6,3f800000
19d5c2a4,3f800000
19d75992,3f800000
19d8f080,3f800000
19da876d,3f800000
19dc1e5b,3f800000
19ddb549,3f800000
19df4c37,3f800000
19e0e325,3f800000
19e27a13,3f800000
19e41101,3f800000
19e5a7ef,3f800000
19e73edd,3f800000
19e8d5cb,3f800000
19ea6cb9,3f800000
19ec03a7,3f800000
19ed9a95,3f800000
19ef3182,3f800000
19f0c870,3f800000
19f25f5e,3f800000
19f3f64c,3f800000
19f58d3a,3f800000
19f72428,3f800000
19f8bb16,3f800000
19fa5204,3f800000
19fbe8f2,3f800000
19fd7fe0,3f800000
19ff16ce,3f800000
1a00adbc,3f800000
1a0244aa,3f800000
1a03db98,3f800000
1a057285,3f800000
1a070973,3f800000
1a08a061,3f800000
1a0a374f,3f800000
1a0bce3d,3f800000
1a0d652b,3f800000
1a0efc19,3f800000
1a109307,3f800000
1a1229f5,3f800000
1a13c0e3,3f800000
1a1557d1,3f800000
1a16eebf,3f800000
1a1885ad,3f800000
1a1a1c9a,3f800000
1a1bb388,3f800000
1a1d4a76,3f800000
1a1ee164,3f800000
1a207852,3f800000
1a220f40,3f800000
1a23a62e,3f800000
1a253d1c,3f800000
1a26d40a,3f800000
1a286af8,3f800000
1a2a01e6,3f800000
1a2b98d4,3f800000
1a2d2fc2,3f800000
1a2ec6b0,3f800000
1a305d9d,3f800000
1a31f48b,3f800000
1a338b79,3f800000
1a352267,3f800000
1a36b955,3f800000
1a385043,3f800000
1a39e731,3f800000
1a3b7e1f,3f800000
1a3d150d,3f800000
1a3eabfb,3f800000
1a4042e9,3f800000
1a41d9d7,3f800000
1a4370c5,3f800000
1a4507b2,3f800000
1a469ea0,3f800000
1a48358e,3f800000
1a49cc7c,3f800000
1a4b636a,3f800000
1a4cfa58,3f800000
1a4e9146,3f800000
1a502834,3f800000
1a51bf22,3f800000
1a535610,3f800000
1a54ecfe,3f800000
1a5683ec,3f800000
1a581ada,3f800000
1a59b1c8,3f800000
1a5b48b5,3f800000
1a5cdfa3,3f800000
1a5e7691,3f800000
1a600d7f,3f800000
1a61a46d,3f800000
1a633b5b,3f800000
1a64d249,3f800000
1a666937,3f800000
1a680025,3f800000
1a699713,3f800000
1a6b2e01,3f800000
1a6cc4ef,3f800000
1a6e5bdd,3f800000
1a6ff2ca,3f800000
1a7189b8,3f800000
1a7320a6,3f800000
1a74b794,3f800000
1a764e82,3f800000
1a77e570,3f800000
1a797c5e,3f800000
1a7b134c,3f800000
1a7caa3a,3f800000
1a7e4128,3f800000
1a7fd816,3f800000
1a816f04,3f800000
1a8305f2,3f800000
1a849cdf,3f800000
1a8633cd,3f800000
1a87cabb,3f800000
1a8961a9,3f800000
1a8af897,3f800000
1a8c8f85,3f800000
1a8e2673,3f800000
1a8fbd61,3f800000
1a91544f,3f800000
1a92eb3d,3f800000
1a94822b,3f800000
1a961919,3f800000
1a97b007,3f800000
1a9946f5,3f800000
1a9adde2,3f800000
1a9c74d0,3f800000
1a9e0bbe,3f800000
1a9fa2ac,3f800000
1aa1399a,3f800000
1aa2d088,3f800000
1aa46776,3f800000
1aa5fe64,3f800000
1aa79552,3f800000
1aa92c40,3f800000
1aaac32e,3f800000
1aac5a1c,3f800000
1aadf10a,3f800000
1aaf87f7,3f800000
1ab11ee5,3f800000
1ab2b5d3,3f800000
1ab44cc1,3f800000
1ab5e3af,3f800000
1ab77a9d,3f800000
1ab9118b,3f800000
1abaa879,3f800000
1abc3f67,3f800000
1abdd655,3f800000
1abf6d43,3f800000
1ac10431,3f800000
1ac29b1f,3f800000
1ac4320d,3f800000
1ac5c8fa,3f800000
1ac75fe8,3f800000
1ac8f6d6,3f800000
1aca8dc4,3f800000
1acc24b2,3f800000
1acdbba0,3f800000
1acf528e,3f800000
1ad0e97c,3f800000
1ad2806a,3f800000
1ad41758,3f800000
1ad5ae46,3f800000
1ad74534,3f800000
1ad8dc22,3f800000
1ada730f,3f800000
1adc09fd,3f800000
1adda0eb,3f800000
1adf37d9,3f800000
1ae0cec7,3f800000
1ae265b5,3f800000
1ae3fca3,3f800000
1ae59391,3f800000
1ae72a7f,3f800000
1ae8c16d,3f800000
1aea585b,3f800000
1aebef49,3f800000
1aed8637,3f800000
1aef1d25,3f800000
1af0b412,3f800000
1af24b00,3f800000
1af3e1ee,3f800000
1af578dc,3f800000
1af70fca,3f800000
1af8a6b8,3f800000
1afa3da6,3f800000
1afbd494,3f800000
1afd6b82,3f800000
1aff0270,3f800000
1b00995e,3f800000
1b02304c,3f800000
1b03c73a,3f800000
1b055e27,3f800000
1b06f515,3f800000
1b088c03,3f800000
1b0a22f1,3f800000
1b0bb9df,3f800000
1b0d50cd,3f800000
1b0ee7bb,3f800000
1b107ea9,3f800000
1b121597,3f800000
1b13ac85,3f800000
1b154373,3f800000
1b16da61,3f800000
1b18714f,3f800000
1b1a083d,3f800000
1b1b9f2a,3f800000
1b1d3618,3f800000
1b1ecd06,3f800000
1b2063f4,3f800000
1b21fae2,3f800000
1b2391d0,3f800000
1b2528be,3f800000
1b26bfac,3f800000
1b28569a,3f800000
1b29ed88,3f800000
1b2b8476,3f800000
1b2d1b64,3f800000
1b2eb252,3f800000
1b30493f,3f800000
1b31e02d,3f800000
1b33771b,3f800000
1b350e09,3f800000
1b36a4f7,3f800000
1b383be5,3f800000
1b39d2d3,3f800000
1b3b69c1,3f800000
1b3d00af,3f800000
1b3e979d,3f800000
1b402e8b,3f800000
1b41c579,3f800000
1b435c67,3f800000
1b44f355,3f800000
1b468a42,3f800000
1b482130,3f800000
1b49b81e,3f800000
1b4b4f0c,3f800000
1b4ce5fa,3f800000
1b4e7ce8,3f800000
1b5013d6,3f800000
1b51aac4,3f800000
1b5341b2,3f800000
1b54d8a0,3f800000
1b566f8e,3f800000
1b58067c,3f800000
1b599d6a,3f800000
1b5b3457,3f800000
1b5ccb45,3f800000
1b5e6233,3f800000
1b5ff921,3f800000
1b61900f,3f800000
1b6326fd,3f800000
1b64bdeb,3f800000
1b6654d9,3f800000
1b67ebc7,3f800000
1b6982b5,3f800000
1b6b19a3,3f800000
1b6cb091,3f800000
1b6e477f,3f800000
1b6fde6d,3f800000
1b71755a,3f800000
1b730c48,3f800000
1b74a336,3f800000
1b763a24,3f800000
1b77d112,3f800000
1b796800,3f800000
1b7afeee,3f800000
1b7c95dc,3f800000
1b7e2cca,3f800000
1b7fc3b8,3f800000
1b815aa6,3f800000
1b82f194,3f800000
1b848882,3f800000
1b861f6f,3f800000
1b87b65d,3f800000
1b894d4b,3f800000
1b8ae439,3f800000
1b8c7b27,3f800000
1b8e1215,3f800000
1b8fa903,3f800000
1b913ff1,3f800000
1b92d6df,3f800000
1b946dcd,3f800000
1b9604bb,3f800000
1b979ba9,3f800000
1b993297,3f800000
1b9ac985,3f800000
1b9c6072,3f800000
1b9df760,3f800000
1b9f8e4e,3f800000
1ba1253c,3f800000
1ba2bc2a,3f800000
1ba45318,3f800000
1ba5ea06,3f800000
1ba780f4,3f800000
1ba917e2,3f800000
1baaaed0,3f800000
1bac45be,3f800000
1baddcac,3f800000
1baf739a,3f800000
1bb10a87,3f800000
1bb2a175,3f800000
1bb43863,3f800000
1bb5cf51,3f800000
1bb7663f,3f800000
1bb8fd2d,3f800000
1bba941b,3f800000
1bbc2b09,3f800000
1bbdc1f7,3f800000
1bbf58e5,3f800000
1bc0efd3,3f800000
1bc286c1,3f800000
1bc41daf,3f800000
1bc5b49d,3f800000
1bc74b8a,3f800000
1bc8e278,3f800000
1bca7966,3f800000
1bcc1054,3f800000
1bcda742,3f800000
1bcf3e30,3f800000
1bd0d51e,3f800000
1bd26c0c,3f800000
1bd402fa,3f800000
1bd599e8,3f800000
1bd730d6,3f800000
1bd8c7c4,3f800000
1bda5eb2,3f800000
1bdbf59f,3f800000
1bdd8c8d,3f800000
1bdf237b,3f800000
1be0ba69,3f800000
1be25157,3f800000
1be3e845,3f800000
1be57f33,3f800000
1be71621,3f800000
1be8ad0f,3f800000
1bea43fd,3f800000
1bebdaeb,3f800000
1bed71d9,3f800000
1bef08c7,3f800000
1bf09fb5,3f800000
1bf236a2,3f800000
1bf3cd90,3f800000
1bf5647e,3f800000
1bf6fb6c,3f800000
1bf8925a,3f800000
1bfa2948,3f800000
1bfbc036,3f800000
1bfd5724,3f800000
1bfeee12,3f800000
1c008500,3f800000
1c021bee,3f800000
1c03b2dc,3f800000
1c0549ca,3f800000
1c06e0b7,3f800000
1c0877a5,3f800000
1c0a0e93,3f800000
1c0ba581,3f800000
1c0d3c6f,3f800000
1c0ed35d,3f800000
1c106a4b,3f800000
1c120139,3f800000
1c139827,3f800000
1c152f15,3f800000
1c16c603,3f800000
1c185cf1,3f800000
1c19f3df,3f800000
1c1b8acc,3f800000
1c1d21ba,3f800000
1c1eb8a8,3f800000
1c204f96,3f800000
1c21e684,3f800000
1c237d72,3f800000
1c251460,3f800000
1c26ab4e,3f800000
1c28423c,3f800000
1c29d92a,3f800000
1c2b7018,3f800000
1c2d0706,3f800000
1c2e9df4,3f800000
1c3034e2,3f800000
1c31cbcf,3f800000
1c3362bd,3f800000
1c34f9ab,3f800000
1c369099,3f800000
1c382787,3f800000
1c39be75,3f800000
1c3b5563,3f800000
1c3cec51,3f800000
1c3e833f,3f800000
1c401a2d,3f800000
1c41b11b,3f800000
1c434809,3f800000
1c44def7,3f800000
1c4675e4,3f800000
1c480cd2,3f800000
1c49a3c0,3f800000
1c4b3aae,3f800000
1c4cd19c,3f800000
1c4e688a,3f800000
1c4fff78,3f800000
1c519666,3f800000
1c532d54,3f800000
1c54c442,3f800000
1c565b30,3f800000
1c57f21e,3f800000
1c59890c,3f800000
1c5b1ffa,3f800000
1c5cb6e7,3f800000
1c5e4dd5,3f800000
1c5fe4c3,3f800000
1c617bb1,3f800000
1c63129f,3f800000
1c64a98d,3f800000
1c66407b,3f800000
1c67d769,3f800000
1c696e57,3f800000
1c6b0545,3f800000
1c6c9c33,3f800000
1c6e3321,3f800000
1c6fca0f,3f800000
1c7160fc,3f800000
1c72f7ea,3f800000
1c748ed8,3f800000
1c7625c6,3f800000
1c77bcb4,3f800000
1c7953a2,3f800000
1c7aea90,3f800000
1c7c817e,3f800000
1c7e186c,3f800000
1c7faf5a,3f800000
1c814648,3f800000
1c82dd36,3f800000
1c847424,3f800000
1c860b12,3f800000
1c87a1ff,3f800000
1c8938ed,3f800000
1c8acfdb,3f800000
1c8c66c9,3f800000
1c8dfdb7,3f800000
1c8f94a5,3f800000
1c912b93,3f800000
1c92c281,3f800000
1c94596f,3f800000
1c95f05d,3f800000
1c97874b,3f800000
1c991e39,3f800000
1c9ab527,3f800000
1c9c4c14,3f800000
1c9de302,3f800000
1c9f79f0,3f800000
1ca110de,3f800000
1ca2a7cc,3f800000
1ca43eba,3f800000
1ca5d5a8,3f800000
1ca76c96,3f800000
1ca90384,3f800000
1caa9a72,3f800000
1cac3160,3f800000
1cadc84e,3f800000
1caf5f3c,3f800000
1cb0f62a,3f800000
1cb28d17,3f800000
1cb42405,3f800000
1cb5baf3,3f800000
1cb751e1,3f800000
1cb8e8cf,3f800000
1cba7fbd,3f800000
1cbc16ab,3f800000
1cbdad99,3f800000
1cbf4487,3f800000
1cc0db75,3f800000
1cc27263,3f800000
1cc40951,3f800000
1cc5a03f,3f800000
1cc7372c,3f800000
1cc8ce1a,3f800000
1cca6508,3f800000
1ccbfbf6,3f800000
1ccd92e4,3f800000
1ccf29d2,3f800000
1cd0c0c0,3f800000
1cd257ae,3f800000
1cd3ee9c,3f800000
1cd5858a,3f800000
1cd71c78,3f800000
1cd8b366,3f800000
1cda4a54,3f800000
1cdbe142,3f800000
1cdd782f,3f800000
1cdf0f1d,3f800000
1ce0a60b,3f800000
1ce23cf9,3f800000
1ce3d3e7,3f800000
1ce56ad5,3f800000
1ce701c3,3f800000
1ce898b1,3f800000
1cea2f9f,3f800000
1cebc68d,3f800000
1ced5d7b,3f800000
1ceef469,3f800000
1cf08b57,3f800000
1cf22244,3f800000
1cf3b932,3f800000
1cf55020,3f800000
1cf6e70e,3f800000
1cf87dfc,3f800000
1cfa14ea,3f800000
1cfbabd8,3f800000
1cfd42c6,3f800000
1cfed9b4,3f800000
1d0070a2,3f800000
1d020790,3f800000
1d039e7e,3f800000
1d05356c,3f800000
1d06cc5a,3f800000
1d086347,3f800000
1d09fa35,3f800000
1d0b9123,3f800000
1d0d2811,3f800000
1d0ebeff,3f800000
1d1055ed,3f800000
1d11ecdb,3f800000
1d1383c9,3f800000
1d151ab7,3f800000
1d16b1a5,3f800000
1d184893,3f800000
1d19df81,3f800000
1d1b766f,3f800000
1d1d0d5c,3f800000
1d1ea44a,3f800000
1d203b38,3f800000
1d21d226,3f800000
1d236914,3f800000
1d250002,3f800000
1d2696f0,3f800000
1d282dde,3f800000
1d29c4cc,3f800000
1d2b5bba,3f800000
1d2cf2a8,3f800000
1d2e8996,3f800000
1d302084,3f800000
1d31b772,3f800000
1d334e5f,3f800000
1d34e54d,3f800000
1d367c3b,3f800000
1d381329,3f800000
1d39aa17,3f800000
1d3b4105,3f800000
1d3cd7f3,3f800000
1d3e6ee1,3f800000
1d4005cf,3f800000
1d419cbd,3f800000
1d4333ab,3f800000
1d44ca99,3f800000
1d466187,3f800000
1d47f874,3f800000
1d498f62,3f800000
1d4b2650,3f800000
1d4cbd3e,3f800000
1d4e542c,3f800000
1d4feb1a,3f800000
1d518208,3f800000
1d5318f6,3f800000
1d54afe4,3f800000
1d5646d2,3f800000
1d57ddc0,3f800000
1d5974ae,3f800000
1d5b0b9c,3f800000
1d5ca28a,3f800000
1d5e3977,3f800000
1d5fd065,3f800000
1d616753,3f800000
1d62fe41,3f800000
1d64952f,3f800000
1d662c1d,3f800000
1d67c30b,3f800000
1d6959f9,3f800000
1d6af0e7,3f800000
1d6c87d5,3f800000
1d6e1ec3,3f800000
1d6fb5b1,3f800000
1d714c9f,3f800000
1d72e38c,3f800000
1d747a7a,3f800000
1d761168,3f800000
1d77a856,3f800000
1d793f44,3f800000
1d7ad632,3f800000
1d7c6d20,3f800000
1d7e040e,3f800000
1d7f9afc,3f800000
1d8131ea,3f800000
1d82c8d8,3f800000
1d845fc6,3f800000
1d85f6b4,3f800000
1d878da2,3f800000
1d89248f,3f800000
1d8abb7d,3f800000
1d8c526b,3f800000
1d8de959,3f800000
1d8f8047,3f800000
1d911735,3f800000
1d92ae23,3f800000
1d944511,3f800000
1d95dbff,3f800000
1d9772ed,3f800000
1d9909db,3f800000
1d9aa0c9,3f800000
1d9c37b7,3f800000
1d9dcea4,3f800000
1d9f6592,3f800000
1da0fc80,3f800000
1da2936e,3f800000
1da42a5c,3f800000
1da5c14a,3f800000
1da75838,3f800000
1da8ef26,3f800000
1daa8614,3f800000
1dac1d02,3f800000
1dadb3f0,3f800000
1daf4ade,3f800000
1db0e1cc,3f800000
1db278b9,3f800000
1db40fa7,3f800000
1db5a695,3f800000
1db73d83,3f800000
1db8d471,3f800000
1dba6b5f,3f800000
1dbc024d,3f800000
1dbd993b,3f800000
1dbf3029,3f800000
1dc0c717,3f800000
1dc25e05,3f800000
1dc3f4f3,3f800000
1dc58be1,3f800000
1dc722cf,3f800000
1dc8b9bc,3f800000
1dca50aa,3f800000
1dcbe798,3f800000
1dcd7e86,3f800000
1dcf1574,3f800000
1dd0ac62,3f800000
1dd24350,3f800000
1dd3da3e,3f800000
1dd5712c,3f800000
1dd7081a,3f800000
1dd89f08,3f800000
1dda35f6,3f800000
1ddbcce4,3f800000
1ddd63d1,3f800000
1ddefabf,3f800000
1de091ad,3f800000
1de2289b,3f800000
1de3bf89,3f800000
1de55677,3f800000
1de6ed65,3f800000
1de88453,3f800000
1dea1b41,3f800000
1debb22f,3f800000
1ded491d,3f800000
1deee00b,3f800000
1df076f9,3f800000
1df20de7,3f800000
1df3a4d4,3f800000
1df53bc2,3f800000
1df6d2b0,3f800000
1df8699e,3f800000
1dfa008c,3f800000
1dfb977a,3f800000
1dfd2e68,3f800000
1dfec556,3f800000
1e005c44,3f800000
1e01f332,3f800000
1e038a20,3f800000
1e05210e,3f800000
1e06b7fc,3f800000
1e084ee9,3f800000
1e09e5d7,3f800000
1e0b7cc5,3f800000
1e0d13b3,3f800000
1e0eaaa1,3f800000
1e10418f,3f800000
1e11d87d,3f800000
1e136f6b,3f800000
1e150659,3f800000
1e169d47,3f800000
1e183435,3f800000
1e19cb23,3f800000
1e1b6211,3f800000
1e1cf8ff,3f800000
1e1e8fec,3f800000
1e2026da,3f800000
1e21bdc8,3f800000
1e2354b6,3f800000
1e24eba4,3f800000
1e268292,3f800000
1e281980,3f800000
1e29b06e,3f800000
1e2b475c,3f800000
1e2cde4a,3f800000
1e2e7538,3f800000
1e300c26,3f800000
1e31a314,3f800000
1e333a01,3f800000
1e34d0ef,3f800000
1e3667dd,3f800000
1e37fecb,3f800000
1e3995b9,3f800000
1e3b2ca7,3f800000
1e3cc395,3f800000
1e3e5a83,3f800000
1e3ff171,3f800000
1e41885f,3f800000
1e431f4d,3f800000
1e44b63b,3f800000
1e464d29,3f800000
1e47e417,3f800000
1e497b04,3f800000
1e4b11f2,3f800000
1e4ca8e0,3f800000
1e4e3fce,3f800000
1e4fd6bc,3f800000
1e516daa,3f800000
1e530498,3f800000
1e549b86,3f800000
1e563274,3f800000
1e57c962,3f800000
1e596050,3f800000
1e5af73e,3f800000
1e5c8e2c,3f800000
1e5e2519,3f800000
1e5fbc07,3f800000
1e6152f5,3f800000
1e62e9e3,3f800000
1e6480d1,3f800000
1e6617bf,3f800000
1e67aead,3f800000
1e69459b,3f800000
1e6adc89,3f800000
1e6c7377,3f800000
1e6e0a65,3f800000
1e6fa153,3f800000
1e713841,3f800000
1e72cf2f,3f800000
1e74661c,3f800000
1e75fd0a,3f800000
1e7793f8,3f800000
1e792ae6,3f800000
1e7ac1d4,3f800000
1e7c58c2,3f800000
1e7defb0,3f800000
1e7f869e,3f800000
1e811d8c,3f800000
1e82b47a,3f800000
1e844b68,3f800000
1e85e256,3f800000
1e877944,3f800000
1e891031,3f800000
1e8aa71f,3f800000
1e8c3e0d,3f800000
1e8dd4fb,3f800000
1e8f6be9,3f800000
1e9102d7,3f800000
1e9299c5,3f800000
1e9430b3,3f800000
1e95c7a1,3f800000
1e975e8f,3f800000
1e98f57d,3f800000
1e9a8c6b,3f800000
1e9c2359,3f800000
1e9dba47,3f800000
1e9f5134,3f800000
1ea0e822,3f800000
1ea27f10,3f800000
1ea415fe,3f800000
1ea5acec,3f800000
1ea743da,3f800000
1ea8dac8,3f800000
1eaa71b6,3f800000
1eac08a4,3f800000
1ead9f92,3f800000
1eaf3680,3f800000
1eb0cd6e,3f800000
1eb2645c,3f800000
1eb3fb49,3f800000
1eb59237,3f800000
1eb72925,3f800000
1eb8c013,3f800000
1eba5701,3f800000
1ebbedef,3f800000
1ebd84dd,3f800000
1ebf1bcb,3f800000
1ec0b2b9,3f800000
1ec249a7,3f800000
1ec3e095,3f800000
1ec57783,3f800000
1ec70e71,3f800000
1ec8a55f,3f800000
1eca3c4c,3f800000
1ecbd33a,3f800000
1ecd6a28,3f800000
1ecf0116,3f800000
1ed09804,3f800000
1ed22ef2,3f800000
1ed3c5e0,3f800000
1ed55cce,3f800000
1ed6f3bc,3f800000
1ed88aaa,3f800000
1eda2198,3f800000
1edbb886,3f800000
1edd4f74,3f800000
1edee661,3f800000
1ee07d4f,3f800000
1ee2143d,3f800000
1ee3ab2b,3f800000
1ee54219,3f800000
1ee6d907,3f800000
1ee86ff5,3f800000
1eea06e3,3f800000
1eeb9dd1,3f800000
1eed34bf,3f800000
1eeecbad,3f800000
1ef0629b,3f800000
1ef1f989,3f800000
1ef39077,3f800000
1ef52764,3f800000
1ef6be52,3f800000
1ef85540,3f800000
1ef9ec2e,3f800000
1efb831c,3f800000
1efd1a0a,3f800000
1efeb0f8,3f800000
1f0047e6,3f800000
1f01ded4,3f800000
1f0375c2,3f800000
1f050cb0,3f800000
1f06a39e,3f800000
1f083a8c,3f800000
1f09d179,3f800000
1f0b6867,3f800000
1f0cff55,3f800000
1f0e9643,3f800000
1f102d31,3f800000
1f11c41f,3f800000
1f135b0d,3f800000
1f14f1fb,3f800000
1f1688e9,3f800000
1f181fd7,3f800000
1f19b6c5,3f800000
1f1b4db3,3f800000
1f1ce4a1,3f800000
1f1e7b8f,3f800000
1f20127c,3f800000
1f21a96a,3f800000
1f234058,3f800000
1f24d746,3f800000
1f266e34,3f800000
1f280522,3f800000
1f299c10,3f800000
1f2b32fe,3f800000
1f2cc9ec,3f800000
1f2e60da,3f800000
1f2ff7c8,3f800000
1f318eb6,3f800000
1f3325a4,3f800000
1f34bc91,3f800000
1f36537f,3f800000
1f37ea6d,3f800000
1f39815b,3f800000
1f3b1849,3f800000
1f3caf37,3f800000
1f3e4625,3f800000
1f3fdd13,3f800000
1f417401,3f800000
1f430aef,3f800000
1f44a1dd,3f800000
1f4638cb,3f800000
1f47cfb9,3f800000
1f4966a6,3f800000
1f4afd94,3f800000
1f4c9482,3f800000
1f4e2b70,3f800000
1f4fc25e,3f800000
1f51594c,3f800000
1f52f03a,3f800000
1f548728,3f800000
1f561e16,3f800000
1f57b504,3f800000
1f594bf2,3f800000
1f5ae2e0,3f800000
1f5c79ce,3f800000
1f5e10bc,3f800000
1f5fa7a9,3f800000
1f613e97,3f800000
1f62d585,3f800000
1f646c73,3f800000
1f660361,3f800000
1f679a4f,3f800000
1f69313d,3f800000
1f6ac82b,3f800000
1f6c5f19,3f800000
1f6df607,3f800000
1f6f8cf5,3f800000
1f7123e3,3f800000
1f72bad1,3f800000
1f7451be,3f800000
1f75e8ac,3f800000
1f777f9a,3f800000
1f791688,3f800000
1f7aad76,3f800000
1f7c4464,3f800000
1f7ddb52,3f800000
1f7f7240,3f800000
1f81092e,3f800000
1f82a01c,3f800000
1f84370a,3f800000
1f85cdf8,3f800000
1f8764e6,3f800000
1f88fbd4,3f800000
1f8a92c1,3f800000
1f8c29af,3f800000
1f8dc09d,3f800000
1f8f578b,3f800000
1f90ee79,3f800000
1f928567,3f800000
1f941c55,3f800000
1f95b343,3f800000
1f974a31,3f800000
1f98e11f,3f800000
1f9a780d,3f800000
1f9c0efb,3f800000
1f9da5e9,3f800000
1f9f3cd6,3f800000
1fa0d3c4,3f800000
1fa26ab2,3f800000
1fa401a0,3f800000
1fa5988e,3f800000
1fa72f7c,3f800000
1fa8c66a,3f800000
1faa5d58,3f800000
1fabf446,3f800000
1fad8b34,3f800000
1faf2222,3f800000
1fb0b910,3f800000
1fb24ffe,3f800000
1fb3e6ec,3f800000
1fb57dd9,3f800000
1fb714c7,3f800000
1fb8abb5,3f800000
1fba42a3,3f800000
1fbbd991,3f800000
1fbd707f,3f800000
1fbf076d,3f800000
1fc09e5b,3f800000
1fc23549,3f800000
1fc3cc37,3f800000
1fc56325,3f800000
1fc6fa13,3f800000
1fc89101,3f800000
1fca27ee,3f800000
1fcbbedc,3f800000
1fcd55ca,3f800000
1fceecb8,3f800000
1fd083a6,3f800000
1fd21a94,3f800000
1fd3b182,3f800000
1fd54870,3f800000
1fd6df5e,3f800000
1fd8764c,3f800000
1fda0d3a,3f800000
1fdba428,3f800000
1fdd3b16,3f800000
1fded204,3f800000
1fe068f1,3f800000
1fe1ffdf,3f800000
1fe396cd,3f800000
1fe52dbb,3f800000
1fe6c4a9,3f800000
1fe85b97,3f800000
1fe9f285,3f800000
1feb8973,3f800000
1fed2061,3f800000
1feeb74f,3f800000
1ff04e3d,3f800000
1ff1e52b,3f800000
1ff37c19,3f800000
1ff51306,3f800000
1ff6a9f4,3f800000
1ff840e2,3f800000
1ff9d7d0,3f800000
1ffb6ebe,3f800000
1ffd05ac,3f800000
1ffe9c9a,3f800000
20003388,3f800000
2001ca76,3f800000
20036164,3f800000
2004f852,3f800000
20068f40,3f800000
2008262e,3f800000
2009bd1c,3f800000
200b5409,3f800000
200ceaf7,3f800000
200e81e5,3f800000
201018d3,3f800000
2011afc1,3f800000
201346af,3f800000
2014dd9d,3f800000
2016748b,3f800000
20180b79,3f800000
2019a267,3f800000
201b3955,3f800000
201cd043,3f800000
201e6731,3f800000
201ffe1e,3f800000
2021950c,3f800000
20232bfa,3f800000
2024c2e8,3f800000
202659d6,3f800000
2027f0c4,3f800000
202987b2,3f800000
202b1ea0,3f800000
202cb58e,3f800000
202e4c7c,3f800000
202fe36a,3f800000
20317a58,3f800000
20331146,3f800000
2034a834,3f800000
20363f21,3f800000
2037d60f,3f800000
20396cfd,3f800000
203b03eb,3f800000
203c9ad9,3f800000
203e31c7,3f800000
203fc8b5,3f800000
20415fa3,3f800000
2042f691,3f800000
20448d7f,3f800000
2046246d,3f800000
2047bb5b,3f800000
20495249,3f800000
204ae936,3f800000
204c8024,3f800000
204e1712,3f800000
204fae00,3f800000
205144ee,3f800000
2052dbdc,3f800000
205472ca,3f800000
205609b8,3f800000
2057a0a6,3f800000
20593794,3f800000
205ace82,3f800000
205c6570,3f800000
205dfc5e,3f800000
205f934c,3f800000
20612a39,3f800000
2062c127,3f800000
20645815,3f800000
2065ef03,3f800000
206785f1,3f800000
20691cdf,3f800000
206ab3cd,3f800000
206c4abb,3f800000
206de1a9,3f800000
206f7897,3f800000
20710f85,3f800000
2072a673,3f800000
20743d61,3f800000
2075d44e,3f800000
20776b3c,3f800000
2079022a,3f800000
207a9918,3f800000
207c3006,3f800000
207dc6f4,3f800000
207f5de2,3f800000
2080f4d0,3f800000
20828bbe,3f800000
208422ac,3f800000
2085b99a,3f800000
20875088,3f800000
2088e776,3f800000
208a7e64,3f800000
208c1551,3f800000
208dac3f,3f800000
208f432d,3f800000
2090da1b,3f800000
20927109,3f800000
209407f7,3f800000
20959ee5,3f800000
209735d3,3f800000
2098ccc1,3f800000
209a63af,3f800000
209bfa9d,3f800000
209d918b,3f800000
209f2879,3f800000
20a0bf66,3f800000
20a25654,3f800000
20a3ed42,3f800000
20a58430,3f800000
20a71b1e,3f800000
20a8b20c,3f800000
20aa48fa,3f800000
20abdfe8,3f800000
20ad76d6,3f800000
20af0dc4,3f800000
20b0a4b2,3f800000
20b23ba0,3f800000
20b3d28e,3f800000
20b5697c,3f800000
20b70069,3f800000
20b89757,3f800000
20ba2e45,3f800000
20bbc533,3f800000
20bd5c21,3f800000
20bef30f,3f800000
20c089fd,3f800000
20c220eb,3f800000
20c3b7d9,3f800000
20c54ec7,3f800000
20c6e5b5,3f800000
20c87ca3,3f800000
20ca1391,3f800000
20cbaa7e,3f800000
20cd416c,3f800000
20ced85a,3f800000
20d06f48,3f800000
20d20636,3f800000
20d39d24,3f800000
20d53412,3f800000
20d6cb00,3f800000
20d861ee,3f800000
20d9f8dc,3f800000
20db8fca,3f800000
20dd26b8,3f800000
20debda6,3f800000
20e05493,3f800000
20e1eb81,3f800000
20e3826f,3f800000
20e5195d,3f800000
20e6b04b,3f800000
20e84739,3f800000
20e9de27,3f800000
20eb7515,3f800000
20ed0c03,3f800000
20eea2f1,3f800000
20f039df,3f800000
20f1d0cd,3f800000
20f367bb,3f800000
20f4fea9,3f800000
20f69596,3f800000
20f82c84,3f800000
20f9c372,3f800000
20fb5a60,3f800000
20fcf14e,3f800000
20fe883c,3f800000
21001f2a,3f800000
2101b618,3f800000
21034d06,3f800000
2104e3f4,3f800000
21067ae2,3f800000
210811d0,3f800000
2109a8be,3f800000
210b3fab,3f800000
210cd699,3f800000
210e6d87,3f800000
21100475,3f800000
21119b63,3f800000
21133251,3f800000
2114c93f,3f800000
2116602d,3f800000
2117f71b,3f800000
21198e09,3f800000
211b24f7,3f800000
211cbbe5,3f800000
211e52d3,3f800000
211fe9c1,3f800000
212180ae,3f800000
2123179c,3f800000
2124ae8a,3f800000
21264578,3f800000
2127dc66,3f800000
21297354,3f800000
212b0a42,3f800000
212ca130,3f800000
212e381e,3f800000
212fcf0c,3f800000
213165fa,3f800000
2132fce8,3f800000
213493d6,3f800000
21362ac3,3f800000
2137c1b1,3f800000
2139589f,3f800000
213aef8d,3f800000
213c867b,3f800000
213e1d69,3f800000
213fb457,3f800000
21414b45,3f800000
2142e233,3f800000
21447921,3f800000
2146100f,3f800000
2147a6fd,3f800000
21493deb,3f800000
214ad4d9,3f800000
214c6bc6,3f800000
214e02b4,3f800000
214f99a2,3f800000
21513090,3f800000
2152c77e,3f800000
21545e6c,3f800000
2155f55a,3f800000
21578c48,3f800000
21592336,3f800000
215aba24,3f800000
215c5112,3f800000
215de800,3f800000
215f7eee,3f800000
216115db,3f800000
2162acc9,3f800000
216443b7,3f800000
2165daa5,3f800000
21677193,3f800000
21690881,3f800000
216a9f6f,3f800000
216c365d,3f800000
216dcd4b,3f800000
216f6439,3f800000
2170fb27,3f800000
21729215,3f800000
21742903,3f800000
2175bff1,3f800000
217756de,3f800000
2178edcc,3f800000
217a84ba,3f800000
217c1ba8,3f800000
217db296,3f800000
217f4984,3f800000
2180e072,3f800000
21827760,3f800000
21840e4e,3f800000
2185a53c,3f800000
21873c2a,3f800000
2188d318,3f800000
218a6a06,3f800000
218c00f3,3f800000
218d97e1,3f800000
218f2ecf,3f800000
2190c5bd,3f800000
21925cab,3f800000
2193f399,3f800000
21958a87,3f800000
21972175,3f800000
2198b863,3f800000
219a4f51,3f800000
219be63f,3f800000
219d7d2d,3f800000
219f141b,3f800000
21a0ab09,3f800000
21a241f6,3f800000
21a3d8e4,3f800000
21a56fd2,3f800000
21a706c0,3f800000
21a89dae,3f800000
21aa349c,3f800000
21abcb8a,3f800000
21ad6278,3f800000
21aef966,3f800000
21b09054,3f800000
21b22742,3f800000
21b3be30,3f800000
21b5551e,3f800000
21b6ec0b,3f800000
21b882f9,3f800000
21ba19e7,3f800000
21bbb0d5,3f800000
21bd47c3,3f800000
21bedeb1,3f800000
21c0759f,3f800000
21c20c8d,3f800000
21c3a37b,3f800000
21c53a69,3f800000
21c6d157,3f800000
21c86845,3f800000
21c9ff33,3f800000
21cb9621,3f800000
21cd2d0e,3f800000
21cec3fc,3f800000
21d05aea,3f800000
21d1f1d8,3f800000
21d388c6,3f800000
21d51fb4,3f800000
21d6b6a2,3f800000
21d84d90,3f800000
21d9e47e,3f800000
21db7b6c,3f800000
21dd125a,3f800000
21dea948,3f800000
21e04036,3f800000
21e1d723,3f800000
21e36e11,3f800000
21e504ff,3f800000
21e69bed,3f800000
21e832db,3f800000
21e9c9c9,3f800000
21eb60b7,3f800000
21ecf7a5,3f800000
21ee8e93,3f800000
21f02581,3f800000
21f1bc6f,3f800000
21f3535d,3f800000
21f4ea4b,3f800000
21f68139,3f800000
21f81826,3f800000
21f9af14,3f800000
21fb4602,3f800000
21fcdcf0,3f800000
21fe73de,3f800000
22000acc,3f800000
2201a1ba,3f800000
220338a8,3f800000
2204cf96,3f800000
22066684,3f800000
2207fd72,3f800000
22099460,3f800000
220b2b4e,3f800000
220cc23b,3f800000
220e5929,3f800000
220ff017,3f800000
22118705,3f800000
22131df3,3f800000
2214b4e1,3f800000
22164bcf,3f800000
2217e2bd,3f800000
221979ab,3f800000
221b1099,3f800000
221ca787,3f800000
221e3e75,3f800000
221fd563,3f800000
22216c51,3f800000
2223033e,3f800000
22249a2c,3f800000
2226311a,3f800000
2227c808,3f800000
22295ef6,3f800000
222af5e4,3f800000
222c8cd2,3f800000
222e23c0,3f800000
222fbaae,3f800000
2231519c,3f800000
2232e88a,3f800000
22347f78,3f800000
22361666,3f800000
2237ad53,3f800000
22394441,3f800000
223adb2f,3f800000
223c721d,3f800000
223e090b,3f800000
223f9ff9,3f800000
224136e7,3f800000
2242cdd5,3f800000
224464c3,3f800000
2245fbb1,3f800000
2247929f,3f800000
2249298d,3f800000
224ac07b,3f800000
224c5769,3f800000
224dee56,3f800000
224f8544,3f800000
22511c32,3f800000
2252b320,3f800000
22544a0e,3f800000
2255e0fc,3f800000
225777ea,3f800000
22590ed8,3f800000
225aa5c6,3f800000
225c3cb4,3f800000
225dd3a2,3f800000
225f6a90,3f800000
2261017e,3f800000
2262986b,3f800000
22642f59,3f800000
2265c647,3f800000
22675d35,3f800000
2268f423,3f800000
226a8b11,3f800000
226c21ff,3f800000
226db8ed,3f800000
226f4fdb,3f800000
2270e6c9,3f800000
22727db7,3f800000
227414a5,3f800000
2275ab93,3f800000
22774280,3f800000
2278d96e,3f800000
227a705c,3f800000
227c074a,3f800000
227d9e38,3f800000
227f3526,3f800000
2280cc14,3f800000
22826302,3f800000
2283f9f0,3f800000
228590de,3f800000
228727cc,3f800000
2288beba,3f800000
228a55a8,3f800000
228bec96,3f800000
228d8383,3f800000
228f1a71,3f800000
2290b15f,3f800000
2292484d,3f800000
2293df3b,3f800000
22957629,3f800000
22970d17,3f800000
2298a405,3f800000
229a3af3,3f800000
229bd1e1,3f800000
229d68cf,3f800000
229effbd,3f800000
22a096ab,3f800000
22a22d98,3f800000
22a3c486,3f800000
22a55b74,3f800000
22a6f262,3f800000
22a88950,3f800000
22aa203e,3f800000
22abb72c,3f800000
22ad4e1a,3f800000
22aee508,3f800000
22b07bf6,3f800000
22b212e4,3f800000
22b3a9d2,3f800000
22b540c0,3f800000
22b6d7ae,3f800000
22b86e9b,3f800000
22ba0589,3f800000
22bb9c77,3f800000
22bd3365,3f800000
22beca53,3f800000
22c06141,3f800000
22c1f82f,3f800000
22c38f1d,3f800000
22c5260b,3f800000
22c6bcf9,3f800000
22c853e7,3f800000
22c9ead5,3f800000
22cb81c3,3f800000
22cd18b0,3f800000
22ceaf9e,3f800000
22d0468c,3f800000
22d1dd7a,3f800000
22d37468,3f800000
22d50b56,3f800000
22d6a244,3f800000
22d83932,3f800000
22d9d020,3f800000
22db670e,3f800000
22dcfdfc,3f800000
22de94ea,3f800000
22e02bd8,3f800000
22e1c2c6,3f800000
22e359b3,3f800000
22e4f0a1,3f800000
22e6878f,3f800000
22e81e7d,3f800000
22e9b56b,3f800000
22eb4c59,3f800000
22ece347,3f800000
22ee7a35,3f800000
22f01123,3f800000
22f1a811,3f800000
22f33eff,3f800000
22f4d5ed,3f800000
22f66cdb,3f800000
22f803c8,3f800000
22f99ab6,3f800000
22fb31a4,3f800000
22fcc892,3f800000
22fe5f80,3f800000
22fff66e,3f800000
23018d5c,3f800000
2303244a,3f800000
2304bb38,3f800000
23065226,3f800000
2307e914,3f800000
23098002,3f800000
230b16f0,3f800000
230cadde,3f800000
230e44cb,3f800000
230fdbb9,3f800000
231172a7,3f800000
23130995,3f800000
2314a083,3f800000
23163771,3f800000
2317ce5f,3f800000
2319654d,3f800000
231afc3b,3f800000
231c9329,3f800000
231e2a17,3f800000
231fc105,3f800000
232157f3,3f800000
2322eee0,3f800000
232485ce,3f800000
23261cbc,3f800000
2327b3aa,3f800000
23294a98,3f800000
232ae186,3f800000
232c7874,3f800000
232e0f62,3f800000
232fa650,3f800000
23313d3e,3f800000
2332d42c,3f800000
23346b1a,3f800000
23360208,3f800000
233798f6,3f800000
23392fe3,3f800000
233ac6d1,3f800000
233c5dbf,3f800000
233df4ad,3f800000
233f8b9b,3f800000
23412289,3f800000
2342b977,3f800000
23445065,3f800000
2345e753,3f800000
23477e41,3f800000
2349152f,3f800000
234aac1d,3f800000
234c430b,3f800000
234dd9f8,3f800000
234f70e6,3f800000
235107d4,3f800000
23529ec2,3f800000
235435b0,3f800000
2355cc9e,3f800000
2357638c,3f800000
2358fa7a,3f800000
235a9168,3f800000
235c2856,3f800000
235dbf44,3f800000
235f5632,3f800000
2360ed20,3f800000
2362840e,3f800000
23641afb,3f800000
2365b1e9,3f800000
236748d7,3f800000
2368dfc5,3f800000
236a76b3,3f800000
236c0da1,3f800000
236da48f,3f800000
236f3b7d,3f800000
2370d26b,3f800000
23726959,3f800000
23740047,3f800000
23759735,3f800000
23772e23,3f800000
2378c510,3f800000
237a5bfe,3f800000
237bf2ec,3f800000
237d89da,3f800000
237f20c8,3f800000
2380b7b6,3f800000
23824ea4,3f800000
2383e592,3f800000
23857c80,3f800000
2387136e,3f800000
2388aa5c,3f800000
238a414a,3f800000
238bd838,3f800000
238d6f26,3f800000
238f0613,3f800000
23909d01,3f800000
239233ef,3f800000
2393cadd,3f800000
239561cb,3f800000
2396f8b9,3f800000
23988fa7,3f800000
239a2695,3f800000
239bbd83,3f800000
239d5471,3f800000
239eeb5f,3f800000
23a0824d,3f800000
23a2193b,3f800000
23a3b028,3f800000
23a54716,3f800000
23a6de04,3f800000
23a874f2,3f800000
23aa0be0,3f800000
23aba2ce,3f800000
23ad39bc,3f800000
23aed0aa,3f800000
23b06798,3f800000
23b1fe86,3f800000
23b39574,3f800000
23b52c62,3f800000
23b6c350,3f800000
23b85a3e,3f800000
23b9f12b,3f800000
23bb8819,3f800000
23bd1f07,3f800000
23beb5f5,3f800000
23c04ce3,3f800000
23c1e3d1,3f800000
23c37abf,3f800000
23c511ad,3f800000
23c6a89b,3f800000
23c83f89,3f800000
23c9d677,3f800000
23cb6d65,3f800000
23cd0453,3f800000
23ce9b40,3f800000
23d0322e,3f800000
23d1c91c,3f800000
23d3600a,3f800000
23d4f6f8,3f800000
23d68de6,3f800000
23d824d4,3f800000
23d9bbc2,3f800000
23db52b0,3f800000
23dce99e,3f800000
23de808c,3f800000
23e0177a,3f800000
23e1ae68,3f800000
23e34556,3f800000
23e4dc43,3f800000
23e67331,3f800000
23e80a1f,3f800000
23e9a10d,3f800000
23eb37fb,3f800000
23eccee9,3f800000
23ee65d7,3f800000
23effcc5,3f800000
23f193b3,3f800000
23f32aa1,3f800000
23f4c18f,3f800000
23f6587d,3f800000
23f7ef6b,3f800000
23f98658,3f800000
23fb1d46,3f800000
23fcb434,3f800000
23fe4b22,3f800000
23ffe210,3f800000
240178fe,3f800000
24030fec,3f800000
2404a6da,3f800000
24063dc8,3f800000
2407d4b6,3f800000
24096ba4,3f800000
240b0292,3f800000
240c9980,3f800000
240e306d,3f800000
240fc75b,3f800000
24115e49,3f800000
2412f537,3f800000
24148c25,3f800000
24162313,3f800000
2417ba01,3f800000
241950ef,3f800000
241ae7dd,3f800000
241c7ecb,3f800000
241e15b9,3f800000
241faca7,3f800000
24214395,3f800000
2422da83,3f800000
24247170,3f800000
2426085e,3f800000
24279f4c,3f800000
2429363a,3f800000
242acd28,3f800000
242c6416,3f800000
242dfb04,3f800000
242f91f2,3f800000
243128e0,3f800000
2432bfce,3f800000
243456bc,3f800000
2435edaa,3f800000
24378498,3f800000
24391b85,3f800000
243ab273,3f800000
243c4961,3f800000
243de04f,3f800000
243f773d,3f800000
24410e2b,3f800000
2442a519,3f800000
24443c07,3f800000
2445d2f5,3f800000
244769e3,3f800000
244900d1,3f800000
244a97bf,3f800000
244c2ead,3f800000
244dc59b,3f800000
244f5c88,3f800000
2450f376,3f800000
24528a64,3f800000
24542152,3f800000
2455b840,3f800000
24574f2e,3f800000
2458e61c,3f800000
245a7d0a,3f800000
245c13f8,3f800000
245daae6,3f800000
245f41d4,3f800000
2460d8c2,3f800000
24626fb0,3f800000
2464069d,3f800000
24659d8b,3f800000
24673479,3f800000
2468cb67,3f800000
246a6255,3f800000
246bf943,3f800000
246d9031,3f800000
246f271f,3f800000
2470be0d,3f800000
247254fb,3f800000
2473ebe9,3f800000
247582d7,3f800000
247719c5,3f800000
2478b0b3,3f800000
247a47a0,3f800000
247bde8e,3f800000
247d757c,3f800000
247f0c6a,3f800000
2480a358,3f800000
24823a46,3f800000
2483d134,3f800000
24856822,3f800000
2486ff10,3f800000
248895fe,3f800000
248a2cec,3f800000
248bc3da,3f800000
248d5ac8,3f800000
248ef1b5,3f800000
249088a3,3f800000
24921f91,3f800000
2493b67f,3f800000
24954d6d,3f800000
2496e45b,3f800000
24987b49,3f800000
249a1237,3f800000
249ba925,3f800000
249d4013,3f800000
249ed701,3f800000
24a06def,3f800000
24a204dd,3f800000
24a39bcb,3f800000
24a532b8,3f800000
24a6c9a6,3f800000
24a86094,3f800000
24a9f782,3f800000
24ab8e70,3f800000
24ad255e,3f800000
24aebc4c,3f800000
24b0533a,3f800000
24b1ea28,3f800000
24b38116,3f800000
24b51804,3f800000
24b6aef2,3f800000
24b845e0,3f800000
24b9dccd,3f800000
24bb73bb,3f800000
24bd0aa9,3f800000
24bea197,3f800000
24c03885,3f800000
24c1cf73,3f800000
24c36661,3f800000
24c4fd4f,3f800000
24c6943d,3f800000
24c82b2b,3f800000
24c9c219,3f800000
24cb5907,3f800000
24cceff5,3f800000
24ce86e3,3f800000
24d01dd0,3f800000
24d1b4be,3f800000
24d34bac,3f800000
24d4e29a,3f800000
24d67988,3f800000
24d81076,3f800000
24d9a764,3f800000
24db3e52,3f800000
24dcd540,3f800000
24de6c2e,3f800000
24e0031c,3f800000
24e19a0a,3f800000
24e330f8,3f800000
24e4c7e5,3f800000
24e65ed3,3f800000
24e7f5c1,3f800000
24e98caf,3f800000
24eb239d,3f800000
24ecba8b,3f800000
24ee5179,3f800000
24efe867,3f800000
24f17f55,3f800000
24f31643,3f800000
24f4ad31,3f800000
24f6441f,3f800000
24f7db0d,3f800000
24f971fb,3f800000
24fb08e8,3f800000
24fc9fd6,3f800000
24fe36c4,3f800000
24ffcdb2,3f800000
250164a0,3f800000
2502fb8e,3f800000
2504927c,3f800000
2506296a,3f800000
2507c058,3f800000
25095746,3f800000
250aee34,3f800000
250c8522,3f800000
250e1c10,3f800000
250fb2fd,3f800000
251149eb,3f800000
2512e0d9,3f800000
251477c7,3f800000
25160eb5,3f800000
2517a5a3,3f800000
25193c91,3f800000
251ad37f,3f800000
251c6a6d,3f800000
251e015b,3f800000
251f9849,3f800000
25212f37,3f800000
2522c625,3f800000
25245d13,3f800000
2525f400,3f800000
25278aee,3f800000
252921dc,3f800000
252ab8ca,3f800000
252c4fb8,3f800000
252de6a6,3f800000
252f7d94,3f800000
25311482,3f800000
2532ab70,3f800000
2534425e,3f800000
2535d94c,3f800000
2537703a,3f800000
25390728,3f800000
253a9e15,3f800000
253c3503,3f800000
253dcbf1,3f800000
253f62df,3f800000
2540f9cd,3f800000
254290bb,3f800000
254427a9,3f800000
2545be97,3f800000
25475585,3f800000
2548ec73,3f800000
254a8361,3f800000
254c1a4f,3f800000
254db13d,3f800000
254f482b,3f800000
2550df18,3f800000
25527606,3f800000
25540cf4,3f800000
2555a3e2,3f800000
25573ad0,3f800000
2558d1be,3f800000
255a68ac,3f800000
255bff9a,3f800000
255d9688,3f800000
255f2d76,3f800000
2560c464,3f800000
25625b52,3f800000
2563f240,3f800000
2565892d,3f800000
2567201b,3f800000
2568b709,3f800000
256a4df7,3f800000
256be4e5,3f800000
256d7bd3,3f800000
256f12c1,3f800000
2570a9af,3f800000
2572409d,3f800000
2573d78b,3f800000
25756e79,3f800000
25770567,3f800000
25789c55,3f800000
257a3343,3f800000
257bca30,3f800000
257d611e,3f800000
257ef80c,3f800000
25808efa,3f800000
258225e8,3f800000
2583bcd6,3f800000
258553c4,3f800000
2586eab2,3f800000
258881a0,3f800000
258a188e,3f800000
258baf7c,3f800000
258d466a,3f800000
258edd58,3f800000
25907445,3f800000
25920b33,3f800000
2593a221,3f800000
2595390f,3f800000
2596cffd,3f800000
259866eb,3f800000
2599fdd9,3f800000
259b94c7,3f800000
259d2bb5,3f800000
259ec2a3,3f800000
25a05991,3f800000
25a1f07f,3f800000
25a3876d,3f800000
25a51e5a,3f800000
25a6b548,3f800000
25a84c36,3f800000
25a9e324,3f800000
25ab7a12,3f800000
25ad1100,3f800000
25aea7ee,3f800000
25b03edc,3f800000
25b1d5ca,3f800000
25b36cb8,3f800000
25b503a6,3f800000
25b69a94,3f800000
25b83182,3f800000
25b9c870,3f800000
25bb5f5d,3f800000
25bcf64b,3f800000
25be8d39,3f800000
25c02427,3f800000
25c1bb15,3f800000
25c35203,3f800000
25c4e8f1,3f800000
25c67fdf,3f800000
25c816cd,3f800000
25c9adbb,3f800000
25cb44a9,3f800000
25ccdb97,3f800000
25ce7285,3f800000
25d00972,3f800000
25d1a060,3f800000
25d3374e,3f800000
25d4ce3c,3f800000
25d6652a,3f800000
25d7fc18,3f800000
25d99306,3f800000
25db29f4,3f800000
25dcc0e2,3f800000
25de57d0,3f800000
25dfeebe,3f800000
25e185ac,3f800000
25e31c9a,3f800000
25e4b388,3f800000
25e64a75,3f800000
25e7e163,3f800000
25e97851,3f800000
25eb0f3f,3f800000
25eca62d,3f800000
25ee3d1b,3f800000
25efd409,3f800000
25f16af7,3f800000
25f301e5,3f800000
25f498d3,3f800000
25f62fc1,3f800000
25f7c6af,3f800000
25f95d9d,3f800000
25faf48a,3f800000
25fc8b78,3f800000
25fe2266,3f800000
25ffb954,3f800000
26015042,3f800000
2602e730,3f800000
26047e1e,3f800000
2606150c,3f800000
2607abfa,3f800000
260942e8,3f800000
260ad9d6,3f800000
260c70c4,3f800000
260e07b2,3f800000
260f9ea0,3f800000
2611358d,3f800000
2612cc7b,3f800000
26146369,3f800000
2615fa57,3f800000
26179145,3f800000
26192833,3f800000
261abf21,3f800000
261c560f,3f800000
261decfd,3f800000
261f83eb,3f800000
26211ad9,3f800000
2622b1c7,3f800000
262448b5,3f800000
2625dfa2,3f800000
26277690,3f800000
26290d7e,3f800000
262aa46c,3f800000
262c3b5a,3f800000
262dd248,3f800000
262f6936,3f800000
26310024,3f800000
26329712,3f800000
26342e00,3f800000
2635c4ee,3f800000
26375bdc,3f800000
2638f2ca,3f800000
263a89b8,3f800000
263c20a5,3f800000
263db793,3f800000
263f4e81,3f800000
2640e56f,3f800000
26427c5d,3f800000
2644134b,3f800000
2645aa39,3f800000
26474127,3f800000
2648d815,3f800000
264a6f03,3f800000
264c05f1,3f800000
264d9cdf,3f800000
264f33cd,3f800000
2650caba,3f800000
265261a8,3f800000
2653f896,3f800000
26558f84,3f800000
26572672,3f800000
2658bd60,3f800000
265a544e,3f800000
265beb3c,3f800000
265d822a,3f800000
265f1918,3f800000
2660b006,3f800000
266246f4,3f800000
2663dde2,3f800000
266574d0,3f800000
26670bbd,3f800000
2668a2ab,3f800000
266a3999,3f800000
266bd087,3f800000
266d6775,3f800000
266efe63,3f800000
26709551,3f800000
26722c3f,3f800000
2673c32d,3f800000
26755a1b,3f800000
2676f109,3f800000
267887f7,3f800000
267a1ee5,3f800000
267bb5d2,3f800000
267d4cc0,3f800000
267ee3ae,3f800000
26807a9c,3f800000
2682118a,3f800000
2683a878,3f800000
26853f66,3f800000
2686d654,3f800000
26886d42,3f800000
268a0430,3f800000
268b9b1e,3f800000
268d320c,3f800000
268ec8fa,3f800000
26905fe8,3f800000
2691f6d5,3f800000
26938dc3,3f800000
269524b1,3f800000
2696bb9f,3f800000
2698528d,3f800000
2699e97b,3f800000
269b8069,3f800000
269d1757,3f800000
269eae45,3f800000
26a04533,3f800000
26a1dc21,3f800000
26a3730f,3f800000
26a509fd,3f800000
26a6a0ea,3f800000
26a837d8,3f800000
26a9cec6,3f800000
26ab65b4,3f800000
26acfca2,3f800000
26ae9390,3f800000
26b02a7e,3f800000
26b1c16c,3f800000
26b3585a,3f800000
26b4ef48,3f800000
26b68636,3f800000
26b81d24,3f800000
26b9b412,3f800000
26bb4b00,3f800000
26bce1ed,3f800000
26be78db,3f800000
26c00fc9,3f800000
26c1a6b7,3f800000
26c33da5,3f800000
26c4d493,3f800000
26c66b81,3f800000
26c8026f,3f800000
26c9995d,3f800000
26cb304b,3f800000
26ccc739,3f800000
26ce5e27,3f800000
26cff515,3f800000
26d18c02,3f800000
26d322f0,3f800000
26d4b9de,3f800000
26d650cc,3f800000
26d7e7ba,3f800000
26d97ea8,3f800000
26db1596,3f800000
26dcac84,3f800000
26de4372,3f800000
26dfda60,3f800000
26e1714e,3f800000
26e3083c,3f800000
26e49f2a,3f800000
26e63618,3f800000
26e7cd05,3f800000
26e963f3,3f800000
26eafae1,3f800000
26ec91cf,3f800000
26ee28bd,3f800000
26efbfab,3f800000
26f15699,3f800000
26f2ed87,3f800000
26f48475,3f800000
26f61b63,3f800000
26f7b251,3f800000
26f9493f,3f800000
26fae02d,3f800000
26fc771a,3f800000
26fe0e08,3f800000
26ffa4f6,3f800000
27013be4,3f800000
2702d2d2,3f800000
270469c0,3f800000
270600ae,3f800000
2707979c,3f800000
27092e8a,3f800000
270ac578,3f800000
270c5c66,3f800000
270df354,3f800000
270f8a42,3f800000
27112130,3f800000
2712b81d,3f800000
27144f0b,3f800000
2715e5f9,3f800000
27177ce7,3f800000
271913d5,3f800000
271aaac3,3f800000
271c41b1,3f800000
271dd89f,3f800000
271f6f8d,3f800000
2721067b,3f800000
27229d69,3f800000
27243457,3f800000
2725cb45,3f800000
27276232,3f800000
2728f920,3f800000
272a900e,3f800000
272c26fc,3f800000
272dbdea,3f800000
272f54d8,3f800000
2730ebc6,3f800000
273282b4,3f800000
273419a2,3f800000
2735b090,3f800000
2737477e,3f800000
2738de6c,3f800000
273a755a,3f800000
273c0c47,3f800000
273da335,3f800000
273f3a23,3f800000
2740d111,3f800000
274267ff,3f800000
2743feed,3f800000
274595db,3f800000
27472cc9,3f800000
2748c3b7,3f800000
274a5aa5,3f800000
274bf193,3f800000
274d8881,3f800000
274f1f6f,3f800000
2750b65d,3f800000
27524d4a,3f800000
2753e438,3f800000
27557b26,3f800000
27571214,3f800000
2758a902,3f800000
275a3ff0,3f800000
275bd6de,3f800000
275d6dcc,3f800000
275f04ba,3f800000
27609ba8,3f800000
27623296,3f800000
2763c984,3f800000
27656072,3f800000
2766f75f,3f800000
27688e4d,3f800000
276a253b,3f800000
276bbc29,3f800000
276d5317,3f800000
276eea05,3f800000
277080f3,3f800000
277217e1,3f800000
2773aecf,3f800000
277545bd,3f800000
2776dcab,3f800000
27787399,3f800000
277a0a87,3f800000
277ba175,3f800000
277d3862,3f800000
277ecf50,3f800000
2780663e,3f800000
2781fd2c,3f800000
2783941a,3f800000
27852b08,3f800000
2786c1f6,3f800000
278858e4,3f800000
2789efd2,3f800000
278b86c0,3f800000
278d1dae,3f800000
278eb49c,3f800000
27904b8a,3f800000
2791e277,3f800000
27937965,3f800000
27951053,3f800000
2796a741,3f800000
27983e2f,3f800000
2799d51d,3f800000
279b6c0b,3f800000
279d02f9,3f800000
279e99e7,3f800000
27a030d5,3f800000
27a1c7c3,3f800000
27a35eb1,3f800000
27a4f59f,3f800000
27a68c8d,3f800000
27a8237a,3f800000
27a9ba68,3f800000
27ab5156,3f800000
27ace844,3f800000
27ae7f32,3f800000
27b01620,3f800000
27b1ad0e,3f800000
27b343fc,3f800000
27b4daea,3f800000
27b671d8,3f800000
27b808c6,3f800000
27b99fb4,3f800000
27bb36a2,3f800000
27bccd8f,3f800000
27be647d,3f800000
27bffb6b,3f800000
27c19259,3f800000
27c32947,3f800000
27c4c035,3f800000
27c65723,3f800000
27c7ee11,3f800000
27c984ff,3f800000
27cb1bed,3f800000
27ccb2db,3f800000
27ce49c9,3f800000
27cfe0b7,3f800000
27d177a5,3f800000
27d30e92,3f800000
27d4a580,3f800000
27d63c6e,3f800000
27d7d35c,3f800000
27d96a4a,3f800000
27db0138,3f800000
27dc9826,3f800000
27de2f14,3f800000
27dfc602,3f800000
27e15cf0,3f800000
27e2f3de,3f800000
27e48acc,3f800000
27e621ba,3f800000
27e7b8a7,3f800000
27e94f95,3f800000
27eae683,3f800000
27ec7d71,3f800000
27ee145f,3f800000
27efab4d,3f800000
27f1423b,3f800000
27f2d929,3f800000
27f47017,3f800000
27f60705,3f800000
27f79df3,3f800000
27f934e1,3f800000
27facbcf,3f800000
27fc62bd,3f800000
27fdf9aa,3f800000
27ff9098,3f800000
28012786,3f800000
2802be74,3f800000
28045562,3f800000
2805ec50,3f800000
2807833e,3f800000
28091a2c,3f800000
280ab11a,3f800000
280c4808,3f800000
280ddef6,3f800000
280f75e4,3f800000
28110cd2,3f800000
2812a3bf,3f800000
28143aad,3f800000
2815d19b,3f800000
28176889,3f800000
2818ff77,3f800000
281a9665,3f800000
281c2d53,3f800000
281dc441,3f800000
281f5b2f,3f800000
2820f21d,3f800000
2822890b,3f800000
28241ff9,3f800000
2825b6e7,3f800000
28274dd5,3f800000
2828e4c2,3f800000
282a7bb0,3f800000
282c129e,3f800000
282da98c,3f800000
282f407a,3f800000
2830d768,3f800000
28326e56,3f800000
28340544,3f800000
28359c32,3f800000
28373320,3f800000
2838ca0e,3f800000
283a60fc,3f800000
283bf7ea,3f800000
283d8ed7,3f800000
283f25c5,3f800000
2840bcb3,3f800000
284253a1,3f800000
2843ea8f,3f800000
2845817d,3f800000
2847186b,3f800000
2848af59,3f800000
284a4647,3f800000
284bdd35,3f800000
284d7423,3f800000
284f0b11,3f800000
2850a1ff,3f800000
285238ed,3f800000
2853cfda,3f800000
285566c8,3f800000
2856fdb6,3f800000
285894a4,3f800000
285a2b92,3f800000
285bc280,3f800000
285d596e,3f800000
285ef05c,3f800000
2860874a,3f800000
28621e38,3f800000
2863b526,3f800000
28654c14,3f800000
2866e302,3f800000
286879ef,3f800000
286a10dd,3f800000
286ba7cb,3f800000
286d3eb9,3f800000
286ed5a7,3f800000
28706c95,3f800000
28720383,3f800000
28739a71,3f800000
2875315f,3f800000
2876c84d,3f800000
28785f3b,3f800000
2879f629,3f800000
287b8d17,3f800000
287d2405,3f800000
287ebaf2,3f800000
288051e0,3f800000
2881e8ce,3f800000
28837fbc,3f800000
288516aa,3f800000
2886ad98,3f800000
28884486,3f800000
2889db74,3f800000
288b7262,3f800000
288d0950,3f800000
288ea03e,3f800000
2890372c,3f800000
2891ce1a,3f800000
28936507,3f800000
2894fbf5,3f800000
289692e3,3f800000
289829d1,3f800000
2899c0bf,3f800000
289b57ad,3f800000
289cee9b,3f800000
289e8589,3f800000
28a01c77,3f800000
28a1b365,3f800000
28a34a53,3f800000
28a4e141,3f800000
28a6782f,3f800000
28a80f1d,3f800000
28a9a60a,3f800000
28ab3cf8,3f800000
28acd3e6,3f800000
28ae6ad4,3f800000
28b001c2,3f800000
28b198b0,3f800000
28b32f9e,3f800000
28b4c68c,3f800000
28b65d7a,3f800000
28b7f468,3f800000
28b98b56,3f800000
28bb2244,3f800000
28bcb932,3f800000
28be501f,3f800000
28bfe70d,3f800000
28c17dfb,3f800000
28c314e9,3f800000
28c4abd7,3f800000
28c642c5,3f800000
28c7d9b3,3f800000
28c970a1,3f800000
28cb078f,3f800000
28cc9e7d,3f800000
28ce356b,3f800000
28cfcc59,3f800000
28d16347,3f800000
28d2fa34,3f800000
28d49122,3f800000
28d62810,3f800000
28d7befe,3f800000
28d955ec,3f800000
28daecda,3f800000
28dc83c8,3f800000
28de1ab6,3f800000
28dfb1a4,3f800000
28e14892,3f800000
28e2df80,3f800000
28e4766e,3f800000
28e60d5c,3f800000
28e7a44a,3f800000
28e93b37,3f800000
28ead225,3f800000
28ec6913,3f800000
28ee0001,3f800000
28ef96ef,3f800000
28f12ddd,3f800000
28f2c4cb,3f800000
28f45bb9,3f800000
28f5f2a7,3f800000
28f78995,3f800000
28f92083,3f800000
28fab771,3f800000
28fc4e5f,3f800000
28fde54c,3f800000
28ff7c3a,3f800000
29011328,3f800000
2902aa16,3f800000
29044104,3f800000
2905d7f2,3f800000
29076ee0,3f800000
290905ce,3f800000
290a9cbc,3f800000
290c33aa,3f800000
290dca98,3f800000
290f6186,3f800000
2910f874,3f800000
29128f62,3f800000
2914264f,3f800000
2915bd3d,3f800000
2917542b,3f800000
2918eb19,3f800000
291a8207,3f800000
291c18f5,3f800000
291dafe3,3f800000
291f46d1,3f800000
2920ddbf,3f800000
292274ad,3f800000
29240b9b,3f800000
2925a289,3f800000
29273977,3f800000
2928d064,3f800000
292a6752,3f800000
292bfe40,3f800000
292d952e,3f800000
292f2c1c,3f800000
2930c30a,3f800000
293259f8,3f800000
2933f0e6,3f800000
293587d4,3f800000
29371ec2,3f800000
2938b5b0,3f800000
293a4c9e,3f800000
293be38c,3f800000
293d7a7a,3f800000
293f1167,3f800000
2940a855,3f800000
29423f43,3f800000
2943d631,3f800000
29456d1f,3f800000
2947040d,3f800000
29489afb,3f800000
294a31e9,3f800000
294bc8d7,3f800000
294d5fc5,3f800000
294ef6b3,3f800000
29508da1,3f800000
2952248f,3f800000
2953bb7c,3f800000
2955526a,3f800000
2956e958,3f800000
29588046,3f800000
295a1734,3f800000
295bae22,3f800000
295d4510,3f800000
295edbfe,3f800000
296072ec,3f800000
296209da,3f800000
2963a0c8,3f800000
296537b6,3f800000
2966cea4,3f800000
29686592,3f800000
2969fc7f,3f800000
296b936d,3f800000
296d2a5b,3f800000
296ec149,3f800000
29705837,3f800000
2971ef25,3f800000
29738613,3f800000
29751d01,3f800000
2976b3ef,3f800000
29784add,3f800000
2979e1cb,3f800000
297b78b9,3f800000
297d0fa7,3f800000
297ea694,3f800000
29803d82,3f800000
2981d470,3f800000
29836b5e,3f800000
2985024c,3f800000
2986993a,3f800000
29883028,3f800000
2989c716,3f800000
298b5e04,3f800000
298cf4f2,3f800000
298e8be0,3f800000
299022ce,3f800000
2991b9bc,3f800000
299350aa,3f800000
2994e797,3f800000
29967e85,3f800000
29981573,3f800000
2999ac61,3f800000
299b434f,3f800000
299cda3d,3f800000
299e712b,3f800000
29a00819,3f800000
29a19f07,3f800000
29a335f5,3f800000
29a4cce3,3f800000
29a663d1,3f800000
29a7fabf,3f800000
29a991ac,3f800000
29ab289a,3f800000
29acbf88,3f800000
29ae5676,3f800000
29afed64,3f800000
29b18452,3f800000
29b31b40,3f800000
29b4b22e,3f800000
29b6491c,3f800000
29b7e00a,3f800000
29b976f8,3f800000
29bb0de6,3f800000
29bca4d4,3f800000
29be3bc2,3f800000
29bfd2af,3f800000
29c1699d,3f800000
29c3008b,3f800000
29c49779,3f800000
29c62e67,3f800000
29c7c555,3f800000
29c95c43,3f800000
29caf331,3f800000
29cc8a1f,3f800000
29ce210d,3f800000
29cfb7fb,3f800000
29d14ee9,3f800000
29d2e5d7,3f800000
29d47cc4,3f800000
29d613b2,3f800000
29d7aaa0,3f800000
29d9418e,3f800000
29dad87c,3f800000
29dc6f6a,3f800000
29de0658,3f800000
29df9d46,3f800000
29e13434,3f800000
29e2cb22,3f800000
29e46210,3f800000
29e5f8fe,3f800000
29e78fec,3f800000
29e926da,3f800000
29eabdc7,3f800000
29ec54b5,3f800000
29edeba3,3f800000
29ef8291,3f800000
29f1197f,3f800000
29f2b06d,3f800000
29f4475b,3f800000
29f5de49,3f800000
29f77537,3f800000
29f90c25,3f800000
29faa313,3f800000
29fc3a01,3f800000
29fdd0ef,3f800000
29ff67dc,3f800000
2a00feca,3f800000
2a0295b8,3f800000
2a042ca6,3f800000
2a05c394,3f800000
2a075a82,3f800000
2a08f170,3f800000
2a0a885e,3f800000
2a0c1f4c,3f800000
2a0db63a,3f800000
2a0f4d28,3f800000
2a10e416,3f800000
2a127b04,3f800000
2a1411f2,3f800000
2a15a8df,3f800000
2a173fcd,3f800000
2a18d6bb,3f800000
2a1a6da9,3f800000
2a1c0497,3f800000
2a1d9b85,3f800000
2a1f3273,3f800000
2a20c961,3f800000
2a22604f,3f800000
2a23f73d,3f800000
2a258e2b,3f800000
2a272519,3f800000
2a28bc07,3f800000
2a2a52f4,3f800000
2a2be9e2,3f800000
2a2d80d0,3f800000
2a2f17be,3f800000
2a30aeac,3f800000
2a32459a,3f800000
2a33dc88,3f800000
2a357376,3f800000
2a370a64,3f800000
2a38a152,3f800000
2a3a3840,3f800000
2a3bcf2e,3f800000
2a3d661c,3f800000
2a3efd0a,3f800000
2a4093f7,3f800000
2a422ae5,3f800000
2a43c1d3,3f800000
2a4558c1,3f800000
2a46efaf,3f800000
2a48869d,3f800000
2a4a1d8b,3f800000
2a4bb479,3f800000
2a4d4b67,3f800000
2a4ee255,3f800000
2a507943,3f800000
2a521031,3f800000
2a53a71f,3f800000
2a553e0c,3f800000
2a56d4fa,3f800000
2a586be8,3f800000
2a5a02d6,3f800000
2a5b99c4,3f800000
2a5d30b2,3f800000
2a5ec7a0,3f800000
2a605e8e,3f800000
2a61f57c,3f800000
2a638c6a,3f800000
2a652358,3f800000
2a66ba46,3f800000
2a685134,3f800000
2a69e821,3f800000
2a6b7f0f,3f800000
2a6d15fd,3f800000
2a6eaceb,3f800000
2a7043d9,3f800000
2a71dac7,3f800000
2a7371b5,3f800000
2a7508a3,3f800000
2a769f91,3f800000
2a78367f,3f800000
2a79cd6d,3f800000
2a7b645b,3f800000
2a7cfb49,3f800000
2a7e9237,3f800000
2a802924,3f800000
2a81c012,3f800000
2a835700,3f800000
2a84edee,3f800000
2a8684dc,3f800000
2a881bca,3f800000
2a89b2b8,3f800000
2a8b49a6,3f800000
2a8ce094,3f800000
2a8e7782,3f800000
2a900e70,3f800000
2a91a55e,3f800000
2a933c4c,3f800000
2a94d339,3f800000
2a966a27,3f800000
2a980115,3f800000
2a999803,3f800000
2a9b2ef1,3f800000
2a9cc5df,3f800000
2a9e5ccd,3f800000
2a9ff3bb,3f800000
2aa18aa9,3f800000
2aa32197,3f800000
2aa4b885,3f800000
2aa64f73,3f800000
2aa7e661,3f800000
2aa97d4f,3f800000
2aab143c,3f800000
2aacab2a,3f800000
2aae4218,3f800000
2aafd906,3f800000
2ab16ff4,3f800000
2ab306e2,3f800000
2ab49dd0,3f800000
2ab634be,3f800000
2ab7cbac,3f800000
2ab9629a,3f800000
2abaf988,3f800000
2abc9076,3f800000
2abe2764,3f800000
2abfbe51,3f800000
2ac1553f,3f800000
2ac2ec2d,3f800000
2ac4831b,3f800000
2ac61a09,3f800000
2ac7b0f7,3f800000
2ac947e5,3f800000
2acaded3,3f800000
2acc75c1,3f800000
2ace0caf,3f800000
2acfa39d,3f800000
2ad13a8b,3f800000
2ad2d179,3f800000
2ad46867,3f800000
2ad5ff54,3f800000
2ad79642,3f800000
2ad92d30,3f800000
2adac41e,3f800000
2adc5b0c,3f800000
2addf1fa,3f800000
2adf88e8,3f800000
2ae11fd6,3f800000
2ae2b6c4,3f800000
2ae44db2,3f800000
2ae5e4a0,3f800000
2ae77b8e,3f800000
2ae9127c,3f800000
2aeaa969,3f800000
2aec4057,3f800000
2aedd745,3f800000
2aef6e33,3f800000
2af10521,3f800000
2af29c0f,3f800000
2af432fd,3f800000
2af5c9eb,3f800000
2af760d9,3f800000
2af8f7c7,3f800000
2afa8eb5,3f800000
2afc25a3,3f800000
2afdbc91,3f800000
2aff537f,3f800000
2b00ea6c,3f800000
2b02815a,3f800000
2b041848,3f800000
2b05af36,3f800000
2b074624,3f800000
2b08dd12,3f800000
2b0a7400,3f800000
2b0c0aee,3f800000
2b0da1dc,3f800000
2b0f38ca,3f800000
2b10cfb8,3f800000
2b1266a6,3f800000
2b13fd94,3f800000
2b159481,3f800000
2b172b6f,3f800000
2b18c25d,3f800000
2b1a594b,3f800000
2b1bf039,3f800000
2b1d8727,3f800000
2b1f1e15,3f800000
2b20b503,3f800000
2b224bf1,3f800000
2b23e2df,3f800000
2b2579cd,3f800000
2b2710bb,3f800000
2b28a7a9,3f800000
2b2a3e97,3f800000
2b2bd584,3f800000
2b2d6c72,3f800000
2b2f0360,3f800000
2b309a4e,3f800000
2b32313c,3f800000
2b33c82a,3f800000
2b355f18,3f800000
2b36f606,3f800000
2b388cf4,3f800000
2b3a23e2,3f800000
2b3bbad0,3f800000
2b3d51be,3f800000
2b3ee8ac,3f800000
2b407f99,3f800000
2b421687,3f800000
2b43ad75,3f800000
2b454463,3f800000
2b46db51,3f800000
2b48723f,3f800000
2b4a092d,3f800000
2b4ba01b,3f800000
2b4d3709,3f800000
2b4ecdf7,3f800000
2b5064e5,3f800000
2b51fbd3,3f800000
2b5392c1,3f800000
2b5529af,3f800000
2b56c09c,3f800000
2b58578a,3f800000
2b59ee78,3f800000
2b5b8566,3f800000
2b5d1c54,3f800000
2b5eb342,3f800000
2b604a30,3f800000
2b61e11e,3f800000
2b63780c,3f800000
2b650efa,3f800000
2b66a5e8,3f800000
2b683cd6,3f800000
2b69d3c4,3f800000
2b6b6ab1,3f800000
2b6d019f,3f800000
2b6e988d,3f800000
2b702f7b,3f800000
2b71c669,3f800000
2b735d57,3f800000
2b74f445,3f800000
2b768b33,3f800000
2b782221,3f800000
2b79b90f,3f800000
2b7b4ffd,3f800000
2b7ce6eb,3f800000
2b7e7dd9,3f800000
2b8014c7,3f800000
2b81abb4,3f800000
2b8342a2,3f800000
2b84d990,3f800000
2b86707e,3f800000
2b88076c,3f800000
2b899e5a,3f800000
2b8b3548,3f800000
2b8ccc36,3f800000
2b8e6324,3f800000
2b8ffa12,3f800000
2b919100,3f800000
2b9327ee,3f800000
2b94bedc,3f800000
2b9655c9,3f800000
2b97ecb7,3f800000
2b9983a5,3f800000
2b9b1a93,3f800000
2b9cb181,3f800000
2b9e486f,3f800000
2b9fdf5d,3f800000
2ba1764b,3f800000
2ba30d39,3f800000
2ba4a427,3f800000
2ba63b15,3f800000
2ba7d203,3f800000
2ba968f1,3f800000
2baaffdf,3f800000
2bac96cc,3f800000
2bae2dba,3f800000
2bafc4a8,3f800000
2bb15b96,3f800000
2bb2f284,3f800000
2bb48972,3f800000
2bb62060,3f800000
2bb7b74e,3f800000
2bb94e3c,3f800000
2bbae52a,3f800000
2bbc7c18,3f800000
2bbe1306,3f800000
2bbfa9f4,3f800000
2bc140e1,3f800000
2bc2d7cf,3f800000
2bc46ebd,3f800000
2bc605ab,3f800000
2bc79c99,3f800000
2bc93387,3f800000
2bcaca75,3f800000
2bcc6163,3f800000
2bcdf851,3f800000
2bcf8f3f,3f800000
2bd1262d,3f800000
2bd2bd1b,3f800000
2bd45409,3f800000
2bd5eaf7,3f800000
2bd781e4,3f800000
2bd918d2,3f800000
2bdaafc0,3f800000
2bdc46ae,3f800000
2bdddd9c,3f800000
2bdf748a,3f800000
2be10b78,3f800000
2be2a266,3f800000
2be43954,3f800000
2be5d042,3f800000
2be76730,3f800000
2be8fe1e,3f800000
2bea950c,3f800000
2bec2bf9,3f800000
2bedc2e7,3f800000
2bef59d5,3f800000
2bf0f0c3,3f800000
2bf287b1,3f800000
2bf41e9f,3f800000
2bf5b58d,3f800000
2bf74c7b,3f800000
2bf8e369,3f800000
2bfa7a57,3f800000
2bfc1145,3f800000
2bfda833,3f800000
2bff3f21,3f800000
2c00d60e,3f800000
2c026cfc,3f800000
2c0403ea,3f800000
2c059ad8,3f800000
2c0731c6,3f800000
2c08c8b4,3f800000
2c0a5fa2,3f800000
2c0bf690,3f800000
2c0d8d7e,3f800000
2c0f246c,3f800000
2c10bb5a,3f800000
2c125248,3f800000
2c13e936,3f800000
2c158024,3f800000
2c171711,3f800000
2c18adff,3f800000
2c1a44ed,3f800000
2c1bdbdb,3f800000
2c1d72c9,3f800000
2c1f09b7,3f800000
2c20a0a5,3f800000
2c223793,3f800000
2c23ce81,3f800000
2c25656f,3f800000
2c26fc5d,3f800000
2c28934b,3f800000
2c2a2a39,3f800000
2c2bc126,3f800000
2c2d5814,3f800000
2c2eef02,3f800000
2c3085f0,3f800000
2c321cde,3f800000
2c33b3cc,3f800000
2c354aba,3f800000
2c36e1a8,3f800000
2c387896,3f800000
2c3a0f84,3f800000
2c3ba672,3f800000
2c3d3d60,3f800000
2c3ed44e,3f800000
2c406b3c,3f800000
2c420229,3f800000
2c439917,3f800000
2c453005,3f800000
2c46c6f3,3f800000
2c485de1,3f800000
2c49f4cf,3f800000
2c4b8bbd,3f800000
2c4d22ab,3f800000
2c4eb999,3f800000
2c505087,3f800000
2c51e775,3f800000
2c537e63,3f800000
2c551551,3f800000
2c56ac3e,3f800000
2c58432c,3f800000
2c59da1a,3f800000
2c5b7108,3f800000
2c5d07f6,3f800000
2c5e9ee4,3f800000
2c6035d2,3f800000
2c61ccc0,3f800000
2c6363ae,3f800000
2c64fa9c,3f800000
2c66918a,3f800000
2c682878,3f800000
2c69bf66,3f800000
2c6b5654,3f800000
2c6ced41,3f800000
2c6e842f,3f800000
2c701b1d,3f800000
2c71b20b,3f800000
2c7348f9,3f800000
2c74dfe7,3f800000
2c7676d5,3f800000
2c780dc3,3f800000
2c79a4b1,3f800000
2c7b3b9f,3f800000
2c7cd28d,3f800000
2c7e697b,3f800000
2c800069,3f800000
2c819756,3f800000
2c832e44,3f800000
2c84c532,3f800000
2c865c20,3f800000
2c87f30e,3f800000
2c8989fc,3f800000
2c8b20ea,3f800000
2c8cb7d8,3f800000
2c8e4ec6,3f800000
2c8fe5b4,3f800000
2c917ca2,3f800000
2c931390,3f800000
2c94aa7e,3f800000
2c96416c,3f800000
2c97d859,3f800000
2c996f47,3f800000
2c9b0635,3f800000
2c9c9d23,3f800000
2c9e3411,3f800000
2c9fcaff,3f800000
2ca161ed,3f800000
2ca2f8db,3f800000
2ca48fc9,3f800000
2ca626b7,3f800000
2ca7bda5,3f800000
2ca95493,3f800000
2caaeb81,3f800000
2cac826e,3f800000
2cae195c,3f800000
2cafb04a,3f800000
2cb14738,3f800000
2cb2de26,3f800000
2cb47514,3f800000
2cb60c02,3f800000
2cb7a2f0,3f800000
2cb939de,3f800000
2cbad0cc,3f800000
2cbc67ba,3f800000
2cbdfea8,3f800000
2cbf9596,3f800000
2cc12c84,3f800000
2cc2c371,3f800000
2cc45a5f,3f800000
2cc5f14d,3f800000
2cc7883b,3f800000
2cc91f29,3f800000
2ccab617,3f800000
2ccc4d05,3f800000
2ccde3f3,3f800000
2ccf7ae1,3f800000
2cd111cf,3f800000
2cd2a8bd,3f800000
2cd43fab,3f800000
2cd5d699,3f800000
2cd76d86,3f800000
2cd90474,3f800000
2cda9b62,3f800000
2cdc3250,3f800000
2cddc93e,3f800000
2cdf602c,3f800000
2ce0f71a,3f800000
2ce28e08,3f800000
2ce424f6,3f800000
2ce5bbe4,3f800000
2ce752d2,3f800000
2ce8e9c0,3f800000
2cea80ae,3f800000
2cec179c,3f800000
2cedae89,3f800000
2cef4577,3f800000
2cf0dc65,3f800000
2cf27353,3f800000
2cf40a41,3f800000
2cf5a12f,3f800000
2cf7381d,3f800000
2cf8cf0b,3f800000
2cfa65f9,3f800000
2cfbfce7,3f800000
2cfd93d5,3f800000
2cff2ac3,3f800000
2d00c1b1,3f800000
2d02589e,3f800000
2d03ef8c,3f800000
2d05867a,3f800000
2d071d68,3f800000
2d08b456,3f800000
2d0a4b44,3f800000
2d0be232,3f800000
2d0d7920,3f800000
2d0f100e,3f800000
2d10a6fc,3f800000
2d123dea,3f800000
2d13d4d8,3f800000
2d156bc6,3f800000
2d1702b4,3f800000
2d1899a1,3f800000
2d1a308f,3f800000
2d1bc77d,3f800000
2d1d5e6b,3f800000
2d1ef559,3f800000
2d208c47,3f800000
2d222335,3f800000
2d23ba23,3f800000
2d255111,3f800000
2d26e7ff,3f800000
2d287eed,3f800000
2d2a15db,3f800000
2d2bacc9,3f800000
2d2d43b6,3f800000
2d2edaa4,3f800000
2d307192,3f800000
2d320880,3f800000
2d339f6e,3f800000
2d35365c,3f800000
2d36cd4a,3f800000
2d386438,3f800000
2d39fb26,3f800000
2d3b9214,3f800000
2d3d2902,3f800000
2d3ebff0,3f800000
2d4056de,3f800000
2d41edcc,3f800000
2d4384b9,3f800000
2d451ba7,3f800000
2d46b295,3f800000
2d484983,3f800000
2d49e071,3f800000
2d4b775f,3f800000
2d4d0e4d,3f800000
2d4ea53b,3f800000
2d503c29,3f800000
2d51d317,3f800000
2d536a05,3f800000
2d5500f3,3f800000
2d5697e1,3f800000
2d582ece,3f800000
2d59c5bc,3f800000
2d5b5caa,3f800000
2d5cf398,3f800000
2d5e8a86,3f800000
2d602174,3f800000
2d61b862,3f800000
2d634f50,3f800000
2d64e63e,3f800000
2d667d2c,3f800000
2d68141a,3f800000
2d69ab08,3f800000
2d6b41f6,3f800000
2d6cd8e4,3f800000
2d6e6fd1,3f800000
2d7006bf,3f800000
2d719dad,3f800000
2d73349b,3f800000
2d74cb89,3f800000
2d766277,3f800000
2d77f965,3f800000
2d799053,3f800000
2d7b2741,3f800000
2d7cbe2f,3f800000
2d7e551d,3f800000
2d7fec0b,3f800000
2d8182f9,3f800000
2d8319e6,3f800000
2d84b0d4,3f800000
2d8647c2,3f800000
2d87deb0,3f800000
2d89759e,3f800000
2d8b0c8c,3f800000
2d8ca37a,3f800000
2d8e3a68,3f800000
2d8fd156,3f800000
2d916844,3f800000
2d92ff32,3f800000
2d949620,3f800000
2d962d0e,3f800000
2d97c3fb,3f800000
2d995ae9,3f800000
2d9af1d7,3f800000
2d9c88c5,3f800000
2d9e1fb3,3f800000
2d9fb6a1,3f800000
2da14d8f,3f800000
2da2e47d,3f800000
2da47b6b,3f800000
2da61259,3f800000
2da7a947,3f800000
2da94035,3f800000
2daad723,3f800000
2dac6e11,3f800000
2dae04fe,3f800000
2daf9bec,3f800000
2db132da,3f800000
2db2c9c8,3f800000
2db460b6,3f800000
2db5f7a4,3f800000
2db78e92,3f800000
2db92580,3f800000
2dbabc6e,3f800000
2dbc535c,3f800000
2dbdea4a,3f800000
2dbf8138,3f800000
2dc11826,3f800000
2dc2af13,3f800000
2dc44601,3f800000
2dc5dcef,3f800000
2dc773dd,3f800000
2dc90acb,3f800000
2dcaa1b9,3f800000
2dcc38a7,3f800000
2dcdcf95,3f800000
2dcf6683,3f800000
2dd0fd71,3f800000
2dd2945f,3f800000
2dd42b4d,3f800000
2dd5c23b,3f800000
2dd75929,3f800000
2dd8f016,3f800000
2dda8704,3f800000
2ddc1df2,3f800000
2dddb4e0,3f800000
2ddf4bce,3f800000
2de0e2bc,3f800000
2de279aa,3f800000
2de41098,3f800000
2de5a786,3f800000
2de73e74,3f800000
2de8d562,3f800000
2dea6c50,3f800000
2dec033e,3f800000
2ded9a2b,3f800000
2def3119,3f800000
2df0c807,3f800000
2df25ef5,3f800000
2df3f5e3,3f800000
2df58cd1,3f800000
2df723bf,3f800000
2df8baad,3f800000
2dfa519b,3f800000
2dfbe889,3f800000
2dfd7f77,3f800000
2dff1665,3f800000
2e00ad53,3f800000
2e024441,3f800000
2e03db2e,3f800000
2e05721c,3f800000
2e07090a,3f800000
2e089ff8,3f800000
2e0a36e6,3f800000
2e0bcdd4,3f800000
2e0d64c2,3f800000
2e0efbb0,3f800000
2e10929e,3f800000
2e12298c,3f800000
2e13c07a,3f800000
2e155768,3f800000
2e16ee56,3f800000
2e188543,3f800000
2e1a1c31,3f800000
2e1bb31f,3f800000
2e1d4a0d,3f800000
2e1ee0fb,3f800000
2e2077e9,3f800000
2e220ed7,3f800000
2e23a5c5,3f800000
2e253cb3,3f800000
2e26d3a1,3f800000
2e286a8f,3f800000
2e2a017d,3f800000
2e2b986b,3f800000
2e2d2f59,3f800000
2e2ec646,3f800000
2e305d34,3f800000
2e31f422,3f800000
2e338b10,3f800000
2e3521fe,3f800000
2e36b8ec,3f800000
2e384fda,3f800000
2e39e6c8,3f800000
2e3b7db6,3f800000
2e3d14a4,3f800000
2e3eab92,3f800000
2e404280,3f800000
2e41d96e,3f800000
2e43705b,3f800000
2e450749,3f800000
2e469e37,3f800000
2e483525,3f800000
2e49cc13,3f800000
2e4b6301,3f800000
2e4cf9ef,3f800000
2e4e90dd,3f800000
2e5027cb,3f800000
2e51beb9,3f800000
2e5355a7,3f800000
2e54ec95,3f800000
2e568383,3f800000
2e581a71,3f800000
2e59b15e,3f800000
2e5b484c,3f800000
2e5cdf3a,3f800000
2e5e7628,3f800000
2e600d16,3f800000
2e61a404,3f800000
2e633af2,3f800000
2e64d1e0,3f800000
2e6668ce,3f800000
2e67ffbc,3f800000
2e6996aa,3f800000
2e6b2d98,3f800000
2e6cc486,3f800000
2e6e5b73,3f800000
2e6ff261,3f800000
2e71894f,3f800000
2e73203d,3f800000
2e74b72b,3f800000
2e764e19,3f800000
2e77e507,3f800000
2e797bf5,3f800000
2e7b12e3,3f800000
2e7ca9d1,3f800000
2e7e40bf,3f800000
2e7fd7ad,3f800000
2e816e9b,3f800000
2e830589,3f800000
2e849c76,3f800000
2e863364,3f800000
2e87ca52,3f800000
2e896140,3f800000
2e8af82e,3f800000
2e8c8f1c,3f800000
2e8e260a,3f800000
2e8fbcf8,3f800000
2e9153e6,3f800000
2e92ead4,3f800000
2e9481c2,3f800000
2e9618b0,3f800000
2e97af9e,3f800000
2e99468b,3f800000
2e9add79,3f800000
2e9c7467,3f800000
2e9e0b55,3f800000
2e9fa243,3f800000
2ea13931,3f800000
2ea2d01f,3f800000
2ea4670d,3f800000
2ea5fdfb,3f800000
2ea794e9,3f800000
2ea92bd7,3f800000
2eaac2c5,3f800000
2eac59b3,3f800000
2eadf0a1,3f800000
2eaf878e,3f800000
2eb11e7c,3f800000
2eb2b56a,3f800000
2eb44c58,3f800000
2eb5e346,3f800000
2eb77a34,3f800000
2eb91122,3f800000
2ebaa810,3f800000
2ebc3efe,3f800000
2ebdd5ec,3f800000
2ebf6cda,3f800000
2ec103c8,3f800000
2ec29ab6,3f800000
2ec431a3,3f800000
2ec5c891,3f800000
2ec75f7f,3f800000
2ec8f66d,3f800000
2eca8d5b,3f800000
2ecc2449,3f800000
2ecdbb37,3f800000
2ecf5225,3f800000
2ed0e913,3f800000
2ed28001,3f800000
2ed416ef,3f800000
2ed5addd,3f800000
2ed744cb,3f800000
2ed8dbb9,3f800000
2eda72a6,3f800000
2edc0994,3f800000
2edda082,3f800000
2edf3770,3f800000
2ee0ce5e,3f800000
2ee2654c,3f800000
2ee3fc3a,3f800000
2ee59328,3f800000
2ee72a16,3f800000
2ee8c104,3f800000
2eea57f2,3f800000
2eebeee0,3f800000
2eed85ce,3f800000
2eef1cbb,3f800000
2ef0b3a9,3f800000
2ef24a97,3f800000
2ef3e185,3f800000
2ef57873,3f800000
2ef70f61,3f800000
2ef8a64f,3f800000
2efa3d3d,3f800000
2efbd42b,3f800000
2efd6b19,3f800000
2eff0207,3f800000
2f0098f5,3f800000
2f022fe3,3f800000
2f03c6d1,3f800000
2f055dbe,3f800000
2f06f4ac,3f800000
2f088b9a,3f800000
2f0a2288,3f800000
2f0bb976,3f800000
2f0d5064,3f800000
2f0ee752,3f800000
2f107e40,3f800000
2f12152e,3f800000
2f13ac1c,3f800000
2f15430a,3f800000
2f16d9f8,3f800000
2f1870e6,3f800000
2f1a07d3,3f800000
2f1b9ec1,3f800000
2f1d35af,3f800000
2f1ecc9d,3f800000
2f20638b,3f800000
2f21fa79,3f800000
2f239167,3f800000
2f252855,3f800000
2f26bf43,3f800000
2f285631,3f800000
2f29ed1f,3f800000
2f2b840d,3f800000
2f2d1afb,3f800000
2f2eb1e8,3f800000
2f3048d6,3f800000
2f31dfc4,3f800000
2f3376b2,3f800000
2f350da0,3f800000
2f36a48e,3f800000
2f383b7c,3f800000
2f39d26a,3f800000
2f3b6958,3f800000
2f3d0046,3f800000
2f3e9734,3f800000
2f402e22,3f800000
2f41c510,3f800000
2f435bfe,3f800000
2f44f2eb,3f800000
2f4689d9,3f800000
2f4820c7,3f800000
2f49b7b5,3f800000
2f4b4ea3,3f800000
2f4ce591,3f800000
2f4e7c7f,3f800000
2f50136d,3f800000
2f51aa5b,3f800000
2f534149,3f800000
2f54d837,3f800000
2f566f25,3f800000
2f580613,3f800000
2f599d00,3f800000
2f5b33ee,3f800000
2f5ccadc,3f800000
2f5e61ca,3f800000
2f5ff8b8,3f800000
2f618fa6,3f800000
2f632694,3f800000
2f64bd82,3f800000
2f665470,3f800000
2f67eb5e,3f800000
2f69824c,3f800000
2f6b193a,3f800000
2f6cb028,3f800000
2f6e4716,3f800000
2f6fde03,3f800000
2f7174f1,3f800000
2f730bdf,3f800000
2f74a2cd,3f800000
2f7639bb,3f800000
2f77d0a9,3f800000
2f796797,3f800000
2f7afe85,3f800000
2f7c9573,3f800000
2f7e2c61,3f800000
2f7fc34f,3f800000
2f815a3d,3f800000
2f82f12b,3f800000
2f848818,3f800000
2f861f06,3f800000
2f87b5f4,3f800000
2f894ce2,3f800000
2f8ae3d0,3f800000
2f8c7abe,3f800000
2f8e11ac,3f800000
2f8fa89a,3f800000
2f913f88,3f800000
2f92d676,3f800000
2f946d64,3f800000
2f960452,3f800000
2f979b40,3f800000
2f99322e,3f800000
2f9ac91b,3f800000
2f9c6009,3f800000
2f9df6f7,3f800000
2f9f8de5,3f800000
2fa124d3,3f800000
2fa2bbc1,3f800000
2fa452af,3f800000
2fa5e99d,3f800000
2fa7808b,3f800000
2fa91779,3f800000
2faaae67,3f800000
2fac4555,3f800000
2faddc43,3f800000
2faf7330,3f800000
2fb10a1e,3f800000
2fb2a10c,3f800000
2fb437fa,3f800000
2fb5cee8,3f800000
2fb765d6,3f800000
2fb8fcc4,3f800000
2fba93b2,3f800000
2fbc2aa0,3f800000
2fbdc18e,3f800000
2fbf587c,3f800000
2fc0ef6a,3f800000
2fc28658,3f800000
2fc41d46,3f800000
2fc5b433,3f800000
2fc74b21,3f800000
2fc8e20f,3f800000
2fca78fd,3f800000
2fcc0feb,3f800000
2fcda6d9,3f800000
2fcf3dc7,3f800000
2fd0d4b5,3f800000
2fd26ba3,3f800000
2fd40291,3f800000
2fd5997f,3f800000
2fd7306d,3f800000
2fd8c75b,3f800000
2fda5e48,3f800000
2fdbf536,3f800000
2fdd8c24,3f800000
2fdf2312,3f800000
2fe0ba00,3f800000
2fe250ee,3f800000
2fe3e7dc,3f800000
2fe57eca,3f800000
2fe715b8,3f800000
2fe8aca6,3f800000
2fea4394,3f800000
2febda82,3f800000
2fed7170,3f800000
2fef085e,3f800000
2ff09f4b,3f800000
2ff23639,3f800000
2ff3cd27,3f800000
2ff56415,3f800000
2ff6fb03,3f800000
2ff891f1,3f800000
2ffa28df,3f800000
2ffbbfcd,3f800000
2ffd56bb,3f800000
2ffeeda9,3f800000
30008497,3f800000
30021b85,3f800000
3003b273,3f800000
30054960,3f800000
3006e04e,3f800000
3008773c,3f800000
300a0e2a,3f800000
300ba518,3f800000
300d3c06,3f800000
300ed2f4,3f800000
301069e2,3f800000
301200d0,3f800000
301397be,3f800000
30152eac,3f800000
3016c59a,3f800000
30185c88,3f800000
3019f376,3f800000
301b8a63,3f800000
301d2151,3f800000
301eb83f,3f800000
30204f2d,3f800000
3021e61b,3f800000
30237d09,3f800000
302513f7,3f800000
3026aae5,3f800000
302841d3,3f800000
3029d8c1,3f800000
302b6faf,3f800000
302d069d,3f800000
302e9d8b,3f800000
30303478,3f800000
3031cb66,3f800000
30336254,3f800000
3034f942,3f800000
30369030,3f800000
3038271e,3f800000
3039be0c,3f800000
303b54fa,3f800000
303cebe8,3f800000
303e82d6,3f800000
304019c4,3f800000
3041b0b2,3f800000
304347a0,3f800000
3044de8e,3f800000
3046757b,3f800000
30480c69,3f800000
3049a357,3f800000
304b3a45,3f800000
304cd133,3f800000
304e6821,3f800000
304fff0f,3f800000
305195fd,3f800000
30532ceb,3f800000
3054c3d9,3f800000
30565ac7,3f800000
3057f1b5,3f800000
305988a3,3f800000
305b1f90,3f800000
305cb67e,3f800000
305e4d6c,3f800000
305fe45a,3f800000
30617b48,3f800000
30631236,3f800000
3064a924,3f800000
30664012,3f800000
3067d700,3f800000
30696dee,3f800000
306b04dc,3f800000
306c9bca,3f800000
306e32b8,3f800000
306fc9a6,3f800000
30716093,3f800000
3072f781,3f800000
30748e6f,3f800000
3076255d,3f800000
3077bc4b,3f800000
30795339,3f800000
307aea27,3f800000
307c8115,3f800000
307e1803,3f800000
307faef1,3f800000
308145df,3f800000
3082dccd,3f800000
308473bb,3f800000
30860aa8,3f800000
3087a196,3f800000
30893884,3f800000
308acf72,3f800000
308c6660,3f800000
308dfd4e,3f800000
308f943c,3f800000
30912b2a,3f800000
3092c218,3f800000
30945906,3f800000
3095eff4,3f800000
309786e2,3f800000
30991dd0,3f800000
309ab4be,3f800000
309c4bab,3f800000
309de299,3f800000
309f7987,3f800000
30a11075,3f800000
30a2a763,3f800000
30a43e51,3f800000
30a5d53f,3f800000
30a76c2d,3f800000
30a9031b,3f800000
30aa9a09,3f800000
30ac30f7,3f800000
30adc7e5,3f800000
30af5ed3,3f800000
30b0f5c0,3f800000
30b28cae,3f800000
30b4239c,3f800000
30b5ba8a,3f800000
30b75178,3f800000
30b8e866,3f800000
30ba7f54,3f800000
30bc1642,3f800000
30bdad30,3f800000
30bf441e,3f800000
30c0db0c,3f800000
30c271fa,3f800000
30c408e8,3f800000
30c59fd5,3f800000
30c736c3,3f800000
30c8cdb1,3f800000
30ca649f,3f800000
30cbfb8d,3f800000
30cd927b,3f800000
30cf2969,3f800000
30d0c057,3f800000
30d25745,3f800000
30d3ee33,3f800000
30d58521,3f800000
30d71c0f,3f800000
30d8b2fd,3f800000
30da49eb,3f800000
30dbe0d8,3f800000
30dd77c6,3f800000
30df0eb4,3f800000
30e0a5a2,3f800000
30e23c90,3f800000
30e3d37e,3f800000
30e56a6c,3f800000
30e7015a,3f800000
30e89848,3f800000
30ea2f36,3f800000
30ebc624,3f800000
30ed5d12,3f800000
30eef400,3f800000
30f08aed,3f800000
30f221db,3f800000
30f3b8c9,3f800000
30f54fb7,3f800000
30f6e6a5,3f800000
30f87d93,3f800000
30fa1481,3f800000
30fbab6f,3f800000
30fd425d,3f800000
30fed94b,3f800000
31007039,3f800000
31020727,3f800000
31039e15,3f800000
31053503,3f800000
3106cbf0,3f800000
310862de,3f800000
3109f9cc,3f800000
310b90ba,3f800000
310d27a8,3f800000
310ebe96,3f800000
31105584,3f800000
3111ec72,3f800000
31138360,3f800000
31151a4e,3f800000
3116b13c,3f800000
3118482a,3f800000
3119df18,3f800000
311b7605,3f800000
311d0cf3,3f800000
311ea3e1,3f800000
31203acf,3f800000
3121d1bd,3f800000
312368ab,3f800000
3124ff99,3f800000
31269687,3f800000
31282d75,3f800000
3129c463,3f800000
312b5b51,3f800000
312cf23f,3f800000
312e892d,3f800000
3130201b,3f800000
3131b708,3f800000
31334df6,3f800000
3134e4e4,3f800000
31367bd2,3f800000
313812c0,3f800000
3139a9ae,3f800000
313b409c,3f800000
313cd78a,3f800000
313e6e78,3f800000
31400566,3f800000
31419c54,3f800000
31433342,3f800000
3144ca30,3f800000
3146611d,3f800000
3147f80b,3f800000
31498ef9,3f800000
314b25e7,3f800000
314cbcd5,3f800000
314e53c3,3f800000
314feab1,3f800000
3151819f,3f800000
3153188d,3f800000
3154af7b,3f800000
31564669,3f800000
3157dd57,3f800000
31597445,3f800000
315b0b33,3f800000
315ca220,3f800000
315e390e,3f800000
315fcffc,3f800000
316166ea,3f800000
3162fdd8,3f800000
316494c6,3f800000
31662bb4,3f800000
3167c2a2,3f800000
31695990,3f800000
316af07e,3f800000
316c876c,3f800000
316e1e5a,3f800000
316fb548,3f800000
31714c35,3f800000
3172e323,3f800000
31747a11,3f800000
317610ff,3f800000
3177a7ed,3f800000
31793edb,3f800000
317ad5c9,3f800000
317c6cb7,3f800000
317e03a5,3f800000
317f9a93,3f800000
31813181,3f800000
3182c86f,3f800000
31845f5d,3f800000
3185f64b,3f800000
31878d38,3f800000
31892426,3f800000
318abb14,3f800000
318c5202,3f800000
318de8f0,3f800000
318f7fde,3f800000
319116cc,3f800000
3192adba,3f800000
319444a8,3f800000
3195db96,3f800000
31977284,3f800000
31990972,3f800000
319aa060,3f800000
319c374d,3f800000
319dce3b,3f800000
319f6529,3f800000
31a0fc17,3f800000
31a29305,3f800000
31a429f3,3f800000
31a5c0e1,3f800000
31a757cf,3f800000
31a8eebd,3f800000
31aa85ab,3f800000
31ac1c99,3f800000
31adb387,3f800000
31af4a75,3f800000
31b0e163,3f800000
31b27850,3f800000
31b40f3e,3f800000
31b5a62c,3f800000
31b73d1a,3f800000
31b8d408,3f800000
31ba6af6,3f800000
31bc01e4,3f800000
31bd98d2,3f800000
31bf2fc0,3f800000
31c0c6ae,3f800000
31c25d9c,3f800000
31c3f48a,3f800000
31c58b78,3f800000
31c72265,3f800000
31c8b953,3f800000
31ca5041,3f800000
31cbe72f,3f800000
31cd7e1d,3f800000
31cf150b,3f800000
31d0abf9,3f800000
31d242e7,3f800000
31d3d9d5,3f800000
31d570c3,3f800000
31d707b1,3f800000
31d89e9f,3f800000
31da358d,3f800000
31dbcc7b,3f800000
31dd6368,3f800000
31defa56,3f800000
31e09144,3f800000
31e22832,3f800000
31e3bf20,3f800000
31e5560e,3f800000
31e6ecfc,3f800000
31e883ea,3f800000
31ea1ad8,3f800000
31ebb1c6,3f800000
31ed48b4,3f800000
31eedfa2,3f800000
31f07690,3f800000
31f20d7d,3f800000
31f3a46b,3f800000
31f53b59,3f800000
31f6d247,3f800000
31f86935,3f800000
31fa0023,3f800000
31fb9711,3f800000
31fd2dff,3f800000
31fec4ed,3f800000
32005bdb,3f800000
3201f2c9,3f800000
320389b7,3f800000
320520a5,3f800000
3206b793,3f800000
32084e80,3f800000
3209e56e,3f800000
320b7c5c,3f800000
320d134a,3f800000
320eaa38,3f800000
32104126,3f800000
3211d814,3f800000
32136f02,3f800000
321505f0,3f800000
32169cde,3f800000
321833cc,3f800000
3219caba,3f800000
321b61a8,3f800000
321cf895,3f800000
321e8f83,3f800000
32202671,3f800000
3221bd5f,3f800000
3223544d,3f800000
3224eb3b,3f800000
32268229,3f800000
32281917,3f800000
3229b005,3f800000
322b46f3,3f800000
322cdde1,3f800000
322e74cf,3f800000
32300bbd,3f800000
3231a2ab,3f800000
32333998,3f800000
3234d086,3f800000
32366774,3f800000
3237fe62,3f800000
32399550,3f800000
323b2c3e,3f800000
323cc32c,3f800000
323e5a1a,3f800000
323ff108,3f800000
324187f6,3f800000
32431ee4,3f800000
3244b5d2,3f800000
32464cc0,3f800000
3247e3ad,3f800000
32497a9b,3f800000
324b1189,3f800000
324ca877,3f800000
324e3f65,3f800000
324fd653,3f800000
32516d41,3f800000
3253042f,3f800000
32549b1d,3f800000
3256320b,3f800000
3257c8f9,3f800000
32595fe7,3f800000
325af6d5,3f800000
325c8dc2,3f800000
325e24b0,3f800000
325fbb9e,3f800000
3261528c,3f800000
3262e97a,3f800000
32648068,3f800000
32661756,3f800000
3267ae44,3f800000
32694532,3f800000
326adc20,3f800000
326c730e,3f800000
326e09fc,3f800000
326fa0ea,3f800000
327137d8,3f800000
3272cec5,3f800000
327465b3,3f800000
3275fca1,3f800000
3277938f,3f800000
32792a7d,3f800000
327ac16b,3f800000
327c5859,3f800000
327def47,3f800000
327f8635,3f800000
32811d23,3f800000
3282b411,3f800000
32844aff,3f800000
3285e1ed,3f800000
328778da,3f800000
32890fc8,3f800000
328aa6b6,3f800000
328c3da4,3f800000
328dd492,3f800000
328f6b80,3f800000
3291026e,3f800000
3292995c,3f800000
3294304a,3f800000
3295c738,3f800000
32975e26,3f800000
3298f514,3f800000
329a8c02,3f800000
329c22f0,3f800000
329db9dd,3f800000
329f50cb,3f800000
32a0e7b9,3f800000
32a27ea7,3f800000
32a41595,3f800000
32a5ac83,3f800000
32a74371,3f800000
32a8da5f,3f800000
32aa714d,3f800000
32ac083b,3f800000
32ad9f29,3f800000
32af3617,3f800000
32b0cd05,3f800000
32b263f2,3f800000
32b3fae0,3f800000
32b591ce,3f800000
32b728bc,3f800000
32b8bfaa,3f800000
32ba5698,3f800000
32bbed86,3f800000
32bd8474,3f800000
32bf1b62,3f800000
32c0b250,3f800000
32c2493e,3f800000
32c3e02c,3f800000
32c5771a,3f800000
32c70e08,3f800000
32c8a4f5,3f800000
32ca3be3,3f800000
32cbd2d1,3f800000
32cd69bf,3f800000
32cf00ad,3f800000
32d0979b,3f800000
32d22e89,3f800000
32d3c577,3f800000
32d55c65,3f800000
32d6f353,3f800000
32d88a41,3f800000
32da212f,3f800000
32dbb81d,3f800000
32dd4f0a,3f800000
32dee5f8,3f800000
32e07ce6,3f800000
32e213d4,3f800000
32e3aac2,3f800000
32e541b0,3f800000
32e6d89e,3f800000
32e86f8c,3f800000
32ea067a,3f800000
32eb9d68,3f800000
32ed3456,3f800000
32eecb44,3f800000
32f06232,3f800000
32f1f920,3f800000
32f3900d,3f800000
32f526fb,3f800000
32f6bde9,3f800000
32f854d7,3f800000
32f9ebc5,3f800000
32fb82b3,3f800000
32fd19a1,3f800000
32feb08f,3f800000
3300477d,3f800000
3301de6b,3f800000
33037559,3f800000
33050c47,3f800000
3306a335,3f800000
33083a22,3f800000
3309d110,3f800000
330b67fe,3f800000
330cfeec,3f800000
330e95da,3f800000
33102cc8,3f800000
3311c3b6,3f800000
33135aa4,3f800000
3314f192,3f800000
33168880,3f800000
33181f6e,3f800000
3319b65c,3f800000
331b4d4a,3f800000
331ce438,3f800000
331e7b25,3f800000
33201213,3f800000
3321a901,3f800000
33233fef,3f800000
3324d6dd,3f800000
33266dcb,3f800000
332804b9,3f800000
33299ba7,3f800000
332b3295,3f800000
332cc983,3f800000
332e6071,3f800000
332ff75f,3f800000
33318e4d,3f800000
3333253a,3f800000
3334bc28,3f800000
33365316,3f800000
3337ea04,3f800000
333980f2,3f800000
333b17e0,3f800000
333caece,3f800000
333e45bc,3f800000
333fdcaa,3f800000
33417398,3f800000
33430a86,3f800000
3344a174,3f800000
33463862,3f800000
3347cf50,3f800000
3349663d,3f800000
334afd2b,3f800000
334c9419,3f800000
334e2b07,3f800000
334fc1f5,3f800000
335158e3,3f800000
3352efd1,3f800000
335486bf,3f800000
33561dad,3f800000
3357b49b,3f800000
33594b89,3f800000
335ae277,3f800000
335c7965,3f800000
335e1052,3f800000
335fa740,3f800000
33613e2e,3f800000
3362d51c,3f800000
33646c0a,3f800000
336602f8,3f800000
336799e6,3f800000
336930d4,3f800000
336ac7c2,3f800000
336c5eb0,3f800000
336df59e,3f800000
336f8c8c,3f800000
3371237a,3f800000
3372ba68,3f800000
33745155,3f800000
3375e843,3f800000
33777f31,3f800000
3379161f,3f800000
337aad0d,3f800000
337c43fb,3f800000
337ddae9,3f800000
337f71d7,3f800000
338108c5,3f800000
33829fb3,3f800000
338436a1,3f800000
3385cd8f,3f800000
3387647d,3f800000
3388fb6a,3f800000
338a9258,3f800000
338c2946,3f800000
338dc034,3f800000
338f5722,3f800000
3390ee10,3f800000
339284fe,3f800000
33941bec,3f800000
3395b2da,3f800000
339749c8,3f800000
3398e0b6,3f800000
339a77a4,3f800000
339c0e92,3f800000
339da580,3f800000
339f3c6d,3f800000
33a0d35b,3f800000
33a26a49,3f800000
33a40137,3f800000
33a59825,3f800000
33a72f13,3f800000
33a8c601,3f800000
33aa5cef,3f800000
33abf3dd,3f800000
33ad8acb,3f800000
33af21b9,3f800000
33b0b8a7,3f800000
33b24f95,3f800000
33b3e682,3f800000
33b57d70,3f800000
33b7145e,3f800000
33b8ab4c,3f800001
33ba423a,3f800001
33bbd928,3f800001
33bd7016,3f800001
33bf0704,3f800001
33c09df2,3f800001
33c234e0,3f800001
33c3cbce,3f800001
33c562bc,3f800001
33c6f9aa,3f800001
33c89098,3f800001
33ca2785,3f800001
33cbbe73,3f800001
33cd5561,3f800001
33ceec4f,3f800001
33d0833d,3f800001
33d21a2b,3f800001
33d3b119,3f800001
33d54807,3f800001
33d6def5,3f800001
33d875e3,3f800001
33da0cd1,3f800001
33dba3bf,3f800001
33dd3aad,3f800001
33ded19a,3f800001
33e06888,3f800001
33e1ff76,3f800001
33e39664,3f800001
33e52d52,3f800001
33e6c440,3f800001
33e85b2e,3f800001
33e9f21c,3f800001
33eb890a,3f800001
33ed1ff8,3f800001
33eeb6e6,3f800001
33f04dd4,3f800001
33f1e4c2,3f800001
33f37baf,3f800001
33f5129d,3f800001
33f6a98b,3f800001
33f84079,3f800001
33f9d767,3f800001
33fb6e55,3f800001
33fd0543,3f800001
33fe9c31,3f800001
3400331f,3f800001
3401ca0d,3f800001
340360fb,3f800001
3404f7e9,3f800001
34068ed7,3f800001
340825c5,3f800001
3409bcb2,3f800001
340b53a0,3f800001
340cea8e,3f800001
340e817c,3f800001
3410186a,3f800001
3411af58,3f800001
34134646,3f800001
3414dd34,3f800001
34167422,3f800001
34180b10,3f800001
3419a1fe,3f800001
341b38ec,3f800001
341ccfda,3f800001
341e66c7,3f800001
341ffdb5,3f800001
342194a3,3f800001
34232b91,3f800001
3424c27f,3f800001
3426596d,3f800001
3427f05b,3f800001
34298749,3f800001
342b1e37,3f800001
342cb525,3f800001
342e4c13,3f800001
342fe301,3f800001
343179ef,3f800001
343310dd,3f800001
3434a7ca,3f800001
34363eb8,3f800001
3437d5a6,3f800001
34396c94,3f800001
343b0382,3f800001
343c9a70,3f800001
343e315e,3f800001
343fc84c,3f800001
34415f3a,3f800001
3442f628,3f800001
34448d16,3f800001
34462404,3f800001
3447baf2,3f800001
344951df,3f800001
344ae8cd,3f800001
344c7fbb,3f800001
344e16a9,3f800001
344fad97,3f800001
34514485,3f800001
3452db73,3f800001
34547261,3f800001
3456094f,3f800001
3457a03d,3f800001
3459372b,3f800001
345ace19,3f800001
345c6507,3f800001
345dfbf5,3f800001
345f92e2,3f800001
346129d0,3f800001
3462c0be,3f800001
346457ac,3f800001
3465ee9a,3f800001
34678588,3f800001
34691c76,3f800001
346ab364,3f800001
346c4a52,3f800001
346de140,3f800001
346f782e,3f800001
34710f1c,3f800001
3472a60a,3f800001
34743cf7,3f800001
3475d3e5,3f800001
34776ad3,3f800001
347901c1,3f800001
347a98af,3f800001
347c2f9d,3f800001
347dc68b,3f800001
347f5d79,3f800001
3480f467,3f800001
34828b55,3f800001
34842243,3f800001
3485b931,3f800001
3487501f,3f800001
3488e70d,3f800001
348a7dfa,3f800001
348c14e8,3f800002
348dabd6,3f800002
348f42c4,3f800002
3490d9b2,3f800002
349270a0,3f800002
3494078e,3f800002
34959e7c,3f800002
3497356a,3f800002
3498cc58,3f800002
349a6346,3f800002
349bfa34,3f800002
349d9122,3f800002
349f280f,3f800002
34a0befd,3f800002
34a255eb,3f800002
34a3ecd9,3f800002
34a583c7,3f800002
34a71ab5,3f800002
34a8b1a3,3f800002
34aa4891,3f800002
34abdf7f,3f800002
34ad766d,3f800002
34af0d5b,3f800002
34b0a449,3f800002
34b23b37,3f800002
34b3d225,3f800002
34b56912,3f800002
34b70000,3f800002
34b896ee,3f800002
34ba2ddc,3f800002
34bbc4ca,3f800002
34bd5bb8,3f800002
34bef2a6,3f800002
34c08994,3f800002
34c22082,3f800002
34c3b770,3f800002
34c54e5e,3f800002
34c6e54c,3f800002
34c87c3a,3f800002
34ca1327,3f800002
34cbaa15,3f800002
34cd4103,3f800002
34ced7f1,3f800002
34d06edf,3f800002
34d205cd,3f800002
34d39cbb,3f800002
34d533a9,3f800002
34d6ca97,3f800002
34d86185,3f800002
34d9f873,3f800002
34db8f61,3f800002
34dd264f,3f800002
34debd3d,3f800002
34e0542a,3f800002
34e1eb18,3f800002
34e38206,3f800002
34e518f4,3f800002
34e6afe2,3f800002
34e846d0,3f800003
34e9ddbe,3f800003
34eb74ac,3f800003
34ed0b9a,3f800003
34eea288,3f800003
34f03976,3f800003
34f1d064,3f800003
34f36752,3f800003
34f4fe3f,3f800003
34f6952d,3f800003
34f82c1b,3f800003
34f9c309,3f800003
34fb59f7,3f800003
34fcf0e5,3f800003
34fe87d3,3f800003
35001ec1,3f800003
3501b5af,3f800003
35034c9d,3f800003
3504e38b,3f800003
35067a79,3f800003
35081167,3f800003
3509a855,3f800003
350b3f42,3f800003
350cd630,3f800003
350e6d1e,3f800003
3510040c,3f800003
35119afa,3f800003
351331e8,3f800003
3514c8d6,3f800003
35165fc4,3f800003
3517f6b2,3f800003
35198da0,3f800003
351b248e,3f800003
351cbb7c,3f800003
351e526a,3f800003
351fe957,3f800003
35218045,3f800003
35231733,3f800004
3524ae21,3f800004
3526450f,3f800004
3527dbfd,3f800004
352972eb,3f800004
352b09d9,3f800004
352ca0c7,3f800004
352e37b5,3f800004
352fcea3,3f800004
35316591,3f800004
3532fc7f,3f800004
3534936d,3f800004
35362a5a,3f800004
3537c148,3f800004
35395836,3f800004
353aef24,3f800004
353c8612,3f800004
353e1d00,3f800004
353fb3ee,3f800004
35414adc,3f800004
3542e1ca,3f800004
354478b8,3f800004
35460fa6,3f800004
3547a694,3f800004
35493d82,3f800004
354ad46f,3f800004
354c6b5d,3f800004
354e024b,3f800004
354f9939,3f800004
35513027,3f800005
3552c715,3f800005
35545e03,3f800005
3555f4f1,3f800005
35578bdf,3f800005
355922cd,3f800005
355ab9bb,3f800005
355c50a9,3f800005
355de797,3f800005
355f7e85,3f800005
35611572,3f800005
3562ac60,3f800005
3564434e,3f800005
3565da3c,3f800005
3567712a,3f800005
35690818,3f800005
356a9f06,3f800005
356c35f4,3f800005
356dcce2,3f800005
356f63d0,3f800005
3570fabe,3f800005
357291ac,3f800005
3574289a,3f800005
3575bf87,3f800005
35775675,3f800005
3578ed63,3f800005
357a8451,3f800005
357c1b3f,3f800005
357db22d,3f800005
357f491b,3f800006
3580e009,3f800006
358276f7,3f800006
35840de5,3f800006
3585a4d3,3f800006
35873bc1,3f800006
3588d2af,3f800006
358a699c,3f800006
358c008a,3f800006
358d9778,3f800006
358f2e66,3f800006
3590c554,3f800006
35925c42,3f800006
3593f330,3f800006
35958a1e,3f800006
3597210c,3f800007
3598b7fa,3f800007
359a4ee8,3f800007
359be5d6,3f800007
359d7cc4,3f800007
359f13b2,3f800007
35a0aa9f,3f800007
35a2418d,3f800007
35a3d87b,3f800007
35a56f69,3f800007
35a70657,3f800007
35a89d45,3f800007
35aa3433,3f800007
35abcb21,3f800007
35ad620f,3f800008
35aef8fd,3f800008
35b08feb,3f800008
35b226d9,3f800008
35b3bdc7,3f800008
35b554b4,3f800008
35b6eba2,3f800008
35b88290,3f800008
35ba197e,3f800008
35bbb06c,3f800008
35bd475a,3f800008
35bede48,3f800008
35c07536,3f800008
35c20c24,3f800008
35c3a312,3f800008
35c53a00,3f800009
35c6d0ee,3f800009
35c867dc,3f800009
35c9feca,3f800009
35cb95b7,3f800009
35cd2ca5,3f800009
35cec393,3f800009
35d05a81,3f800009
35d1f16f,3f800009
35d3885d,3f800009
35d51f4b,3f800009
35d6b639,3f800009
35d84d27,3f800009
35d9e415,3f800009
35db7b03,3f80000a
35dd11f1,3f80000a
35dea8df,3f80000a
35e03fcc,3f80000a
35e1d6ba,3f80000a
35e36da8,3f80000a
35e50496,3f80000a
35e69b84,3f80000a
35e83272,3f80000a
35e9c960,3f80000a
35eb604e,3f80000a
35ecf73c,3f80000a
35ee8e2a,3f80000a
35f02518,3f80000a
35f1bc06,3f80000a
35f352f4,3f80000b
35f4e9e2,3f80000b
35f680cf,3f80000b
35f817bd,3f80000b
35f9aeab,3f80000b
35fb4599,3f80000b
35fcdc87,3f80000b
35fe7375,3f80000b
36000a63,3f80000b
3601a151,3f80000b
3603383f,3f80000b
3604cf2d,3f80000c
3606661b,3f80000c
3607fd09,3f80000c
360993f7,3f80000c
360b2ae4,3f80000c
360cc1d2,3f80000c
360e58c0,3f80000c
360fefae,3f80000c
3611869c,3f80000d
36131d8a,3f80000d
3614b478,3f80000d
36164b66,3f80000d
3617e254,3f80000d
36197942,3f80000d
361b1030,3f80000d
361ca71e,3f80000e
361e3e0c,3f80000e
361fd4fa,3f80000e
36216be7,3f80000e
362302d5,3f80000e
362499c3,3f80000e
362630b1,3f80000e
3627c79f,3f80000f
36295e8d,3f80000f
362af57b,3f80000f
362c8c69,3f80000f
362e2357,3f80000f
362fba45,3f80000f
36315133,3f80000f
3632e821,3f800010
36347f0f,3f800010
363615fc,3f800010
3637acea,3f800010
363943d8,3f800010
363adac6,3f800010
363c71b4,3f800010
363e08a2,3f800010
363f9f90,3f800011
3641367e,3f800011
3642cd6c,3f800011
3644645a,3f800011
3645fb48,3f800011
36479236,3f800011
36492924,3f800011
364ac012,3f800012
364c56ff,3f800012
364deded,3f800012
364f84db,3f800012
36511bc9,3f800012
3652b2b7,3f800012
365449a5,3f800012
3655e093,3f800013
36577781,3f800013
36590e6f,3f800013
365aa55d,3f800013
365c3c4b,3f800013
365dd339,3f800013
365f6a27,3f800013
36610114,3f800013
36629802,3f800014
36642ef0,3f800014
3665c5de,3f800014
36675ccc,3f800014
3668f3ba,3f800014
366a8aa8,3f800014
366c2196,3f800014
366db884,3f800015
366f4f72,3f800015
3670e660,3f800015
36727d4e,3f800015
3674143c,3f800015
3675ab2a,3f800015
36774217,3f800015
3678d905,3f800016
367a6ff3,3f800016
367c06e1,3f800016
367d9dcf,3f800016
367f34bd,3f800016
3680cbab,3f800016
36826299,3f800017
3683f987,3f800017
36859075,3f800017
36872763,3f800017
3688be51,3f800018
368a553f,3f800018
368bec2c,3f800018
368d831a,3f800019
368f1a08,3f800019
3690b0f6,3f800019
369247e4,3f800019
3693ded2,3f80001a
369575c0,3f80001a
36970cae,3f80001a
3698a39c,3f80001a
369a3a8a,3f80001b
369bd178,3f80001b
369d6866,3f80001b
369eff54,3f80001c
36a09642,3f80001c
36a22d2f,3f80001c
36a3c41d,3f80001c
36a55b0b,3f80001d
36a6f1f9,3f80001d
36a888e7,3f80001d
36aa1fd5,3f80001d
36abb6c3,3f80001e
36ad4db1,3f80001e
36aee49f,3f80001e
36b07b8d,3f80001f
36b2127b,3f80001f
36b3a969,3f80001f
36b54057,3f80001f
36b6d744,3f800020
36b86e32,3f800020
36ba0520,3f800020
36bb9c0e,3f800021
36bd32fc,3f800021
36bec9ea,3f800021
36c060d8,3f800021
36c1f7c6,3f800022
36c38eb4,3f800022
36c525a2,3f800022
36c6bc90,3f800022
36c8537e,3f800023
36c9ea6c,3f800023
36cb815a,3f800023
36cd1847,3f800024
36ceaf35,3f800024
36d04623,3f800024
36d1dd11,3f800024
36d373ff,3f800025
36d50aed,3f800025
36d6a1db,3f800025
36d838c9,3f800025
36d9cfb7,3f800026
36db66a5,3f800026
36dcfd93,3f800026
36de9481,3f800027
36e02b6f,3f800027
36e1c25c,3f800027
36e3594a,3f800027
36e4f038,3f800028
36e68726,3f800028
36e81e14,3f800028
36e9b502,3f800028
36eb4bf0,3f800029
36ece2de,3f800029
36ee79cc,3f800029
36f010ba,3f80002a
36f1a7a8,3f80002a
36f33e96,3f80002a
36f4d584,3f80002a
36f66c72,3f80002b
36f8035f,3f80002b
36f99a4d,3f80002b
36fb313b,3f80002c
36fcc829,3f80002c
36fe5f17,3f80002c
36fff605,3f80002c
37018cf3,3f80002d
370323e1,3f80002d
3704bacf,3f80002e
370651bd,3f80002f
3707e8ab,3f80002f
37097f99,3f800030
370b1687,3f800030
370cad74,3f800031
370e4462,3f800031
370fdb50,3f800032
3711723e,3f800032
3713092c,3f800033
3714a01a,3f800034
37163708,3f800034
3717cdf6,3f800035
371964e4,3f800035
371afbd2,3f800036
371c92c0,3f800036
371e29ae,3f800037
371fc09c,3f800037
37215789,3f800038
3722ee77,3f800038
37248565,3f800039
37261c53,3f80003a
3727b341,3f80003a
37294a2f,3f80003b
372ae11d,3f80003b
372c780b,3f80003c
372e0ef9,3f80003c
372fa5e7,3f80003d
37313cd5,3f80003d
3732d3c3,3f80003e
37346ab1,3f80003f
3736019f,3f80003f
3737988c,3f800040
37392f7a,3f800040
373ac668,3f800041
373c5d56,3f800041
373df444,3f800042
373f8b32,3f800042
37412220,3f800043
3742b90e,3f800043
37444ffc,3f800044
3745e6ea,3f800045
37477dd8,3f800045
374914c6,3f800046
374aabb4,3f800046
374c42a1,3f800047
374dd98f,3f800047
374f707d,3f800048
3751076b,3f800048
37529e59,3f800049
37543547,3f80004a
3755cc35,3f80004a
37576323,3f80004b
3758fa11,3f80004b
375a90ff,3f80004c
375c27ed,3f80004c
375dbedb,3f80004d
375f55c9,3f80004d
3760ecb7,3f80004e
376283a4,3f80004f
37641a92,3f80004f
3765b180,3f800050
3767486e,3f800050
3768df5c,3f800051
376a764a,3f800051
376c0d38,3f800052
376da426,3f800052
376f3b14,3f800053
3770d202,3f800053
377268f0,3f800054
3773ffde,3f800055
377596cc,3f800055
37772db9,3f800056
3778c4a7,3f800056
377a5b95,3f800057
377bf283,3f800057
377d8971,3f800058
377f205f,3f800058
3780b74d,3f800059
37824e3b,3f80005a
3783e529,3f80005b
37857c17,3f80005d
37871305,3f80005e
3788a9f3,3f80005f
378a40e1,3f800060
378bd7cf,3f800061
378d6ebc,3f800062
378f05aa,3f800063
37909c98,3f800064
37923386,3f800065
3793ca74,3f800066
37956162,3f800068
3796f850,3f800069
37988f3e,3f80006a
379a262c,3f80006b
379bbd1a,3f80006c
379d5408,3f80006d
379eeaf6,3f80006e
37a081e4,3f80006f
37a218d1,3f800070
37a3afbf,3f800071
37a546ad,3f800073
37a6dd9b,3f800074
37a87489,3f800075
37aa0b77,3f800076
37aba265,3f800077
37ad3953,3f800078
37aed041,3f800079
37b0672f,3f80007a
37b1fe1d,3f80007b
37b3950b,3f80007c
37b52bf9,3f80007e
37b6c2e7,3f80007f
37b859d4,3f800080
37b9f0c2,3f800081
37bb87b0,3f800082
37bd1e9e,3f800083
37beb58c,3f800084
37c04c7a,3f800085
37c1e368,3f800086
37c37a56,3f800087
37c51144,3f800089
37c6a832,3f80008a
37c83f20,3f80008b
37c9d60e,3f80008c
37cb6cfc,3f80008d
37cd03e9,3f80008e
37ce9ad7,3f80008f
37d031c5,3f800090
37d1c8b3,3f800091
37d35fa1,3f800093
37d4f68f,3f800094
37d68d7d,3f800095
37d8246b,3f800096
37d9bb59,3f800097
37db5247,3f800098
37dce935,3f800099
37de8023,3f80009a
37e01711,3f80009b
37e1adff,3f80009c
37e344ec,3f80009e
37e4dbda,3f80009f
37e672c8,3f8000a0
37e809b6,3f8000a1
37e9a0a4,3f8000a2
37eb3792,3f8000a3
37ecce80,3f8000a4
37ee656e,3f8000a5
37effc5c,3f8000a6
37f1934a,3f8000a7
37f32a38,3f8000a9
37f4c126,3f8000aa
37f65814,3f8000ab
37f7ef01,3f8000ac
37f985ef,3f8000ad
37fb1cdd,3f8000ae
37fcb3cb,3f8000af
37fe4ab9,3f8000b0
37ffe1a7,3f8000b1
38017895,3f8000b3
38030f83,3f8000b6
3804a671,3f8000b8
38063d5f,3f8000ba
3807d44d,3f8000bc
38096b3b,3f8000bf
380b0229,3f8000c1
380c9917,3f8000c3
380e3004,3f8000c5
380fc6f2,3f8000c7
38115de0,3f8000ca
3812f4ce,3f8000cc
38148bbc,3f8000ce
381622aa,3f8000d0
3817b998,3f8000d2
38195086,3f8000d5
381ae774,3f8000d7
381c7e62,3f8000d9
381e1550,3f8000db
381fac3e,3f8000dd
3821432c,3f8000e0
3822da19,3f8000e2
38247107,3f8000e4
382607f5,3f8000e6
38279ee3,3f8000e8
382935d1,3f8000eb
382accbf,3f8000ed
382c63ad,3f8000ef
382dfa9b,3f8000f1
382f9189,3f8000f3
38312877,3f8000f6
3832bf65,3f8000f8
38345653,3f8000fa
3835ed41,3f8000fc
3837842f,3f8000fe
38391b1c,3f800101
383ab20a,3f800103
383c48f8,3f800105
383ddfe6,3f800107
383f76d4,3f800109
38410dc2,3f80010c
3842a4b0,3f80010e
38443b9e,3f800110
3845d28c,3f800112
3847697a,3f800114
38490068,3f800117
384a9756,3f800119
384c2e44,3f80011b
384dc531,3f80011d
384f5c1f,3f80011f
3850f30d,3f800122
385289fb,3f800124
385420e9,3f800126
3855b7d7,3f800128
38574ec5,3f80012a
3858e5b3,3f80012d
385a7ca1,3f80012f
385c138f,3f800131
385daa7d,3f800133
385f416b,3f800136
3860d859,3f800138
38626f47,3f80013a
38640634,3f80013c
38659d22,3f80013e
38673410,3f800141
3868cafe,3f800143
386a61ec,3f800145
386bf8da,3f800147
386d8fc8,3f800149
386f26b6,3f80014c
3870bda4,3f80014e
38725492,3f800150
3873eb80,3f800152
3875826e,3f800154
3877195c,3f800157
3878b049,3f800159
387a4737,3f80015b
387bde25,3f80015d
387d7513,3f80015f
387f0c01,3f800162
3880a2ef,3f800165
388239dd,3f800169
3883d0cb,3f80016d
388567b9,3f800172
3886fea7,3f800176
38889595,3f80017b
388a2c83,3f80017f
388bc371,3f800184
388d5a5f,3f800188
388ef14c,3f80018c
3890883a,3f800191
38921f28,3f800195
3893b616,3f80019a
38954d04,3f80019e
3896e3f2,3f8001a2
38987ae0,3f8001a7
389a11ce,3f8001ab
389ba8bc,3f8001b0
389d3faa,3f8001b4
389ed698,3f8001b8
38a06d86,3f8001bd
38a20474,3f8001c1
38a39b61,3f8001c6
38a5324f,3f8001ca
38a6c93d,3f8001ce
38a8602b,3f8001d3
38a9f719,3f8001d7
38ab8e07,3f8001dc
38ad24f5,3f8001e0
38aebbe3,3f8001e4
38b052d1,3f8001e9
38b1e9bf,3f8001ed
38b380ad,3f8001f2
38b5179b,3f8001f6
38b6ae89,3f8001fb
38b84576,3f8001ff
38b9dc64,3f800203
38bb7352,3f800208
38bd0a40,3f80020c
38bea12e,3f800211
38c0381c,3f800215
38c1cf0a,3f800219
38c365f8,3f80021e
38c4fce6,3f800222
38c693d4,3f800227
38c82ac2,3f80022b
38c9c1b0,3f80022f
38cb589e,3f800234
38ccef8c,3f800238
38ce8679,3f80023d
38d01d67,3f800241
38d1b455,3f800245
38d34b43,3f80024a
38d4e231,3f80024e
38d6791f,3f800253
38d8100d,3f800257
38d9a6fb,3f80025b
38db3de9,3f800260
38dcd4d7,3f800264
38de6bc5,3f800269
38e002b3,3f80026d
38e199a1,3f800272
38e3308e,3f800276
38e4c77c,3f80027a
38e65e6a,3f80027f
38e7f558,3f800283
38e98c46,3f800288
38eb2334,3f80028c
38ecba22,3f800290
38ee5110,3f800295
38efe7fe,3f800299
38f17eec,3f80029e
38f315da,3f8002a2
38f4acc8,3f8002a6
38f643b6,3f8002ab
38f7daa4,3f8002af
38f97191,3f8002b4
38fb087f,3f8002b8
38fc9f6d,3f8002bc
38fe365b,3f8002c1
38ffcd49,3f8002c5
39016437,3f8002ce
3902fb25,3f8002d6
39049213,3f8002df
39062901,3f8002e8
3907bfef,3f8002f1
390956dd,3f8002fa
390aedcb,3f800302
390c84b9,3f80030b
390e1ba6,3f800314
390fb294,3f80031d
39114982,3f800326
3912e070,3f80032e
3914775e,3f800337
39160e4c,3f800340
3917a53a,3f800349
39193c28,3f800352
391ad316,3f80035b
391c6a04,3f800363
391e00f2,3f80036c
391f97e0,3f800375
39212ece,3f80037e
3922c5bc,3f800387
39245ca9,3f80038f
3925f397,3f800398
39278a85,3f8003a1
39292173,3f8003aa
392ab861,3f8003b3
392c4f4f,3f8003bc
392de63d,3f8003c4
392f7d2b,3f8003cd
39311419,3f8003d6
3932ab07,3f8003df
393441f5,3f8003e8
3935d8e3,3f8003f0
39376fd1,3f8003f9
393906be,3f800402
393a9dac,3f80040b
393c349a,3f800414
393dcb88,3f80041d
393f6276,3f800425
3940f964,3f80042e
39429052,3f800437
39442740,3f800440
3945be2e,3f800449
3947551c,3f800451
3948ec0a,3f80045a
394a82f8,3f800463
394c19e6,3f80046c
394db0d4,3f800475
394f47c1,3f80047d
3950deaf,3f800486
3952759d,3f80048f
39540c8b,3f800498
3955a379,3f8004a1
39573a67,3f8004aa
3958d155,3f8004b2
395a6843,3f8004bb
395bff31,3f8004c4
395d961f,3f8004cd
395f2d0d,3f8004d6
3960c3fb,3f8004de
39625ae9,3f8004e7
3963f1d6,3f8004f0
396588c4,3f8004f9
39671fb2,3f800502
3968b6a0,3f80050b
396a4d8e,3f800513
396be47c,3f80051c
396d7b6a,3f800525
396f1258,3f80052e
3970a946,3f800537
39724034,3f80053f
3973d722,3f800548
39756e10,3f800551
397704fe,3f80055a
39789bec,3f800563
397a32d9,3f80056c
397bc9c7,3f800574
397d60b5,3f80057d
397ef7a3,3f800586
39808e91,3f800592
3982257f,3f8005a3
3983bc6d,3f8005b5
3985535b,3f8005c7
3986ea49,3f8005d8
39888137,3f8005ea
398a1825,3f8005fc
398baf13,3f80060d
398d4601,3f80061f
398edcee,3f800631
399073dc,3f800642
39920aca,3f800654
3993a1b8,3f800665
399538a6,3f800677
3996cf94,3f800689
39986682,3f80069a
3999fd70,3f8006ac
399b945e,3f8006be
399d2b4c,3f8006cf
399ec23a,3f8006e1
39a05928,3f8006f3
39a1f016,3f800704
39a38704,3f800716
39a51df1,3f800727
39a6b4df,3f800739
39a84bcd,3f80074b
39a9e2bb,3f80075c
39ab79a9,3f80076e
39ad1097,3f800780
39aea785,3f800791
39b03e73,3f8007a3
39b1d561,3f8007b4
39b36c4f,3f8007c6
39b5033d,3f8007d8
39b69a2b,3f8007e9
39b83119,3f8007fb
39b9c806,3f80080d
39bb5ef4,3f80081e
39bcf5e2,3f800830
39be8cd0,3f800842
39c023be,3f800853
39c1baac,3f800865
39c3519a,3f800876
39c4e888,3f800888
39c67f76,3f80089a
39c81664,3f8008ab
39c9ad52,3f8008bd
39cb4440,3f8008cf
39ccdb2e,3f8008e0
39ce721c,3f8008f2
39d00909,3f800904
39d19ff7,3f800915
39d336e5,3f800927
39d4cdd3,3f800938
39d664c1,3f80094a
39d7fbaf,3f80095c
39d9929d,3f80096d
39db298b,3f80097f
39dcc079,3f800991
39de5767,3f8009a2
39dfee55,3f8009b4
39e18543,3f8009c5
39e31c31,3f8009d7
39e4b31e,3f8009e9
39e64a0c,3f8009fa
39e7e0fa,3f800a0c
39e977e8,3f800a1e
39eb0ed6,3f800a2f
39eca5c4,3f800a41
39ee3cb2,3f800a53
39efd3a0,3f800a64
39f16a8e,3f800a76
39f3017c,3f800a87
39f4986a,3f800a99
39f62f58,3f800aab
39f7c646,3f800abc
39f95d34,3f800ace
39faf421,3f800ae0
39fc8b0f,3f800af1
39fe21fd,3f800b03
39ffb8eb,3f800b15
3a014fd9,3f800b35
3a02e6c7,3f800b58
3a047db5,3f800b7b
3a0614a3,3f800b9f
3a07ab91,3f800bc2
3a09427f,3f800be5
3a0ad96d,3f800c08
3a0c705b,3f800c2c
3a0e0749,3f800c4f
3a0f9e36,3f800c72
3a113524,3f800c95
3a12cc12,3f800cb9
3a146300,3f800cdc
3a15f9ee,3f800cff
3a1790dc,3f800d23
3a1927ca,3f800d46
3a1abeb8,3f800d69
3a1c55a6,3f800d8c
3a1dec94,3f800db0
3a1f8382,3f800dd3
3a211a70,3f800df6
3a22b15e,3f800e19
3a24484c,3f800e3d
3a25df39,3f800e60
3a277627,3f800e83
3a290d15,3f800ea7
3a2aa403,3f800eca
3a2c3af1,3f800eed
3a2dd1df,3f800f10
3a2f68cd,3f800f34
3a30ffbb,3f800f57
3a3296a9,3f800f7a
3a342d97,3f800f9d
3a35c485,3f800fc1
3a375b73,3f800fe4
3a38f261,3f801007
3a3a894e,3f80102b
3a3c203c,3f80104e
3a3db72a,3f801071
3a3f4e18,3f801094
3a40e506,3f8010b8
3a427bf4,3f8010db
3a4412e2,3f8010fe
3a45a9d0,3f801121
3a4740be,3f801145
3a48d7ac,3f801168
3a4a6e9a,3f80118b
3a4c0588,3f8011af
3a4d9c76,3f8011d2
3a4f3363,3f8011f5
3a50ca51,3f801218
3a52613f,3f80123c
3a53f82d,3f80125f
3a558f1b,3f801282
3a572609,3f8012a6
3a58bcf7,3f8012c9
3a5a53e5,3f8012ec
3a5bead3,3f80130f
3a5d81c1,3f801333
3a5f18af,3f801356
3a60af9d,3f801379
3a62468b,3f80139c
3a63dd79,3f8013c0
3a657466,3f8013e3
3a670b54,3f801406
3a68a242,3f80142a
3a6a3930,3f80144d
3a6bd01e,3f801470
3a6d670c,3f801493
3a6efdfa,3f8014b7
3a7094e8,3f8014da
3a722bd6,3f8014fd
3a73c2c4,3f801521
3a7559b2,3f801544
3a76f0a0,3f801567
3a78878e,3f80158a
3a7a1e7b,3f8015ae
3a7bb569,3f8015d1
3a7d4c57,3f8015f4
3a7ee345,3f801617
3a807a33,3f801645
3a821121,3f80168c
3a83a80f,3f8016d3
3a853efd,3f801719
3a86d5eb,3f801760
3a886cd9,3f8017a6
3a8a03c7,3f8017ed
3a8b9ab5,3f801833
3a8d31a3,3f80187a
3a8ec891,3f8018c0
3a905f7e,3f801907
3a91f66c,3f80194e
3a938d5a,3f801994
3a952448,3f8019db
3a96bb36,3f801a21
3a985224,3f801a68
3a99e912,3f801aae
3a9b8000,3f801af5
3a9d16ee,3f801b3c
3a9eaddc,3f801b82
3aa044ca,3f801bc9
3aa1dbb8,3f801c0f
3aa372a6,3f801c56
3aa50993,3f801c9c
3aa6a081,3f801ce3
3aa8376f,3f801d2a
3aa9ce5d,3f801d70
3aab654b,3f801db7
3aacfc39,3f801dfd
3aae9327,3f801e44
3ab02a15,3f801e8b
3ab1c103,3f801ed1
3ab357f1,3f801f18
3ab4eedf,3f801f5e
3ab685cd,3f801fa5
3ab81cbb,3f801feb
3ab9b3a9,3f802032
3abb4a96,3f802079
3abce184,3f8020bf
3abe7872,3f802106
3ac00f60,3f80214c
3ac1a64e,3f802193
3ac33d3c,3f8021da
3ac4d42a,3f802220
3ac66b18,3f802267
3ac80206,3f8022ad
3ac998f4,3f8022f4
3acb2fe2,3f80233b
3accc6d0,3f802381
3ace5dbe,3f8023c8
3acff4ab,3f80240e
3ad18b99,3f802455
3ad32287,3f80249b
3ad4b975,3f8024e2
3ad65063,3f802529
3ad7e751,3f80256f
3ad97e3f,3f8025b6
3adb152d,3f8025fc
3adcac1b,3f802643
3ade4309,3f80268a
3adfd9f7,3f8026d0
3ae170e5,3f802717
3ae307d3,3f80275d
3ae49ec1,3f8027a4
3ae635ae,3f8027eb
3ae7cc9c,3f802831
3ae9638a,3f802878
3aeafa78,3f8028be
3aec9166,3f802905
3aee2854,3f80294c
3aefbf42,3f802992
3af15630,3f8029d9
3af2ed1e,3f802a1f
3af4840c,3f802a66
3af61afa,3f802aad
3af7b1e8,3f802af3
3af948d6,3f802b3a
3afadfc3,3f802b81
3afc76b1,3f802bc7
3afe0d9f,3f802c0e
3affa48d,3f802c54
3b013b7b,3f802cd2
3b02d269,3f802d5f
3b046957,3f802dec
3b060045,3f802e79
3b079733,3f802f07
3b092e21,3f802f94
3b0ac50f,3f803021
3b0c5bfd,3f8030ae
3b0df2eb,3f80313c
3b0f89d9,3f8031c9
3b1120c6,3f803256
3b12b7b4,3f8032e3
3b144ea2,3f803371
3b15e590,3f8033fe
3b177c7e,3f80348b
3b19136c,3f803518
3b1aaa5a,3f8035a6
3b1c4148,3f803633
3b1dd836,3f8036c0
3b1f6f24,3f80374d
3b210612,3f8037db
3b229d00,3f803868
3b2433ee,3f8038f5
3b25cadb,3f803982
3b2761c9,3f803a10
3b28f8b7,3f803a9d
3b2a8fa5,3f803b2a
3b2c2693,3f803bb8
3b2dbd81,3f803c45
3b2f546f,3f803cd2
3b30eb5d,3f803d5f
3b32824b,3f803ded
3b341939,3f803e7a
3b35b027,3f803f07
3b374715,3f803f95
3b38de03,3f804022
3b3a74f1,3f8040af
3b3c0bde,3f80413d
3b3da2cc,3f8041ca
3b3f39ba,3f804257
3b40d0a8,3f8042e5
3b426796,3f804372
3b43fe84,3f8043ff
3b459572,3f80448d
3b472c60,3f80451a
3b48c34e,3f8045a7
3b4a5a3c,3f804635
3b4bf12a,3f8046c2
3b4d8818,3f80474f
3b4f1f06,3f8047dd
3b50b5f3,3f80486a
3b524ce1,3f8048f7
3b53e3cf,3f804985
3b557abd,3f804a12
3b5711ab,3f804a9f
3b58a899,3f804b2d
3b5a3f87,3f804bba
3b5bd675,3f804c47
3b5d6d63,3f804cd5
3b5f0451,3f804d62
3b609b3f,3f804def
3b62322d,3f804e7d
3b63c91b,3f804f0a
3b656009,3f804f98
3b66f6f6,3f805025
3b688de4,3f8050b2
3b6a24d2,3f805140
3b6bbbc0,3f8051cd
3b6d52ae,3f80525a
3b6ee99c,3f8052e8
3b70808a,3f805375
3b721778,3f805403
3b73ae66,3f805490
3b754554,3f80551d
3b76dc42,3f8055ab
3b787330,3f805638
3b7a0a1e,3f8056c6
3b7ba10b,3f805753
3b7d37f9,3f8057e0
3b7ecee7,3f80586e
3b8065d5,3f80591f
3b81fcc3,3f805a39
3b8393b1,3f805b54
3b852a9f,3f805c6f
3b86c18d,3f805d8a
3b88587b,3f805ea5
3b89ef69,3f805fc0
3b8b8657,3f8060db
3b8d1d45,3f8061f6
3b8eb433,3f806310
3b904b21,3f80642b
3b91e20e,3f806546
3b9378fc,3f806661
3b950fea,3f80677c
3b96a6d8,3f806897
3b983dc6,3f8069b2
3b99d4b4,3f806acd
3b9b6ba2,3f806be8
3b9d0290,3f806d03
3b9e997e,3f806e1e
3ba0306c,3f806f39
3ba1c75a,3f807054
3ba35e48,3f80716f
3ba4f536,3f80728a
3ba68c23,3f8073a5
3ba82311,3f8074c0
3ba9b9ff,3f8075db
3bab50ed,3f8076f6
3bace7db,3f807812
3bae7ec9,3f80792d
3bb015b7,3f807a48
3bb1aca5,3f807b63
3bb34393,3f807c7e
3bb4da81,3f807d99
3bb6716f,3f807eb4
3bb8085d,3f807fcf
3bb99f4b,3f8080eb
3bbb3639,3f808206
3bbccd26,3f808321
3bbe6414,3f80843c
3bbffb02,3f808557
3bc191f0,3f808673
3bc328de,3f80878e
3bc4bfcc,3f8088a9
3bc656ba,3f8089c4
3bc7eda8,3f808ae0
3bc98496,3f808bfb
3bcb1b84,3f808d16
3bccb272,3f808e31
3bce4960,3f808f4d
3bcfe04e,3f809068
3bd1773b,3f809183
3bd30e29,3f80929f
3bd4a517,3f8093ba
3bd63c05,3f8094d5
3bd7d2f3,3f8095f1
3bd969e1,3f80970c
3bdb00cf,3f809827
3bdc97bd,3f809943
3bde2eab,3f809a5e
3bdfc599,3f809b79
3be15c87,3f809c95
3be2f375,3f809db0
3be48a63,3f809ecc
3be62150,3f809fe7
3be7b83e,3f80a103
3be94f2c,3f80a21e
3beae61a,3f80a33a
3bec7d08,3f80a455
3bee13f6,3f80a570
3befaae4,3f80a68c
3bf141d2,3f80a7a7
3bf2d8c0,3f80a8c3
3bf46fae,3f80a9de
3bf6069c,3f80aafa
3bf79d8a,3f80ac16
3bf93478,3f80ad31
3bfacb66,3f80ae4d
3bfc6253,3f80af68
3bfdf941,3f80b084
3bff902f,3f80b19f
3c01271d,3f80b389
3c02be0b,3f80b5c0
3c0454f9,3f80b7f7
3c05ebe7,3f80ba2e
3c0782d5,3f80bc66
3c0919c3,3f80be9d
3c0ab0b1,3f80c0d5
3c0c479f,3f80c30c
3c0dde8d,3f80c544
3c0f757b,3f80c77b
3c110c68,3f80c9b3
3c12a356,3f80cbea
3c143a44,3f80ce22
3c15d132,3f80d05a
3c176820,3f80d291
3c18ff0e,3f80d4c9
3c1a95fc,3f80d701
3c1c2cea,3f80d939
3c1dc3d8,3f80db71
3c1f5ac6,3f80dda9
3c20f1b4,3f80dfe1
3c2288a2,3f80e219
3c241f90,3f80e451
3c25b67e,3f80e689
3c274d6b,3f80e8c1
3c28e459,3f80eaf9
3c2a7b47,3f80ed31
3c2c1235,3f80ef69
3c2da923,3f80f1a2
3c2f4011,3f80f3da
3c30d6ff,3f80f612
3c326ded,3f80f84b
3c3404db,3f80fa83
3c359bc9,3f80fcbc
3c3732b7,3f80fef4
3c38c9a5,3f81012d
3c3a6093,3f810365
3c3bf780,3f81059e
3c3d8e6e,3f8107d6
3c3f255c,3f810a0f
3c40bc4a,3f810c48
3c425338,3f810e81
3c43ea26,3f8110b9
3c458114,3f8112f2
3c471802,3f81152b
3c48aef0,3f811764
3c4a45de,3f81199d
3c4bdccc,3f811bd6
3c4d73ba,3f811e0f
3c4f0aa8,3f812048
3c50a196,3f812281
3c523883,3f8124ba
3c53cf71,3f8126f3
3c55665f,3f81292d
3c56fd4d,3f812b66
3c58943b,3f812d9f
3c5a2b29,3f812fd9
3c5bc217,3f813212
3c5d5905,3f81344b
3c5eeff3,3f813685
3c6086e1,3f8138be
3c621dcf,3f813af8
3c63b4bd,3f813d31
3c654bab,3f813f6b
3c66e298,3f8141a5
3c687986,3f8143de
3c6a1074,3f814618
3c6ba762,3f814852
3c6d3e50,3f814a8c
3c6ed53e,3f814cc5
3c706c2c,3f814eff
3c72031a,3f815139
3c739a08,3f815373
3c7530f6,3f8155ad
3c76c7e4,3f8157e7
3c785ed2,3f815a21
3c79f5c0,3f815c5b
3c7b8cae,3f815e95
3c7d239b,3f8160d0
3c7eba89,3f81630a
3c805177,3f8165b6
3c81e865,3f816a2b
3c837f53,3f816ea0
3c851641,3f817315
3c86ad2f,3f81778a
3c88441d,3f817bff
3c89db0b,3f818074
3c8b71f9,3f8184ea
3c8d08e7,3f818960
3c8e9fd5,3f818dd6
3c9036c3,3f81924c
3c91cdb0,3f8196c2
3c93649e,3f819b38
3c94fb8c,3f819faf
3c96927a,3f81a425
3c982968,3f81a89c
3c99c056,3f81ad13
3c9b5744,3f81b18a
3c9cee32,3f81b601
3c9e8520,3f81ba79
3ca01c0e,3f81bef0
3ca1b2fc,3f81c368
3ca349ea,3f81c7e0
3ca4e0d8,3f81cc58
3ca677c6,3f81d0d0
3ca80eb3,3f81d548
3ca9a5a1,3f81d9c1
3cab3c8f,3f81de3a
3cacd37d,3f81e2b2
3cae6a6b,3f81e72b
3cb00159,3f81eba4
3cb19847,3f81f01e
3cb32f35,3f81f497
3cb4c623,3f81f911
3cb65d11,3f81fd8a
3cb7f3ff,3f820204
3cb98aed,3f82067e
3cbb21db,3f820af8
3cbcb8c8,3f820f73
3cbe4fb6,3f8213ed
3cbfe6a4,3f821868
3cc17d92,3f821ce3
3cc31480,3f82215e
3cc4ab6e,3f8225d9
3cc6425c,3f822a54
3cc7d94a,3f822ecf
3cc97038,3f82334b
3ccb0726,3f8237c7
3ccc9e14,3f823c42
3cce3502,3f8240bf
3ccfcbf0,3f82453b
3cd162de,3f8249b7
3cd2f9cb,3f824e34
3cd490b9,3f8252b0
3cd627a7,3f82572d
3cd7be95,3f825baa
3cd95583,3f826027
3cdaec71,3f8264a4
3cdc835f,3f826922
3cde1a4d,3f826d9f
3cdfb13b,3f82721d
3ce14829,3f82769b
3ce2df17,3f827b19
3ce47605,3f827f97
3ce60cf3,3f828415
3ce7a3e0,3f828894
3ce93ace,3f828d13
3cead1bc,3f829191
3cec68aa,3f829610
3cedff98,3f829a90
3cef9686,3f829f0f
3cf12d74,3f82a38e
3cf2c462,3f82a80e
3cf45b50,3f82ac8e
3cf5f23e,3f82b10d
3cf7892c,3f82b58e
3cf9201a,3f82ba0e
3cfab708,3f82be8e
3cfc4df6,3f82c30f
3cfde4e3,3f82c78f
3cff7bd1,3f82cc10
3d0112bf,3f82d39c
3d02a9ad,3f82dc9e
3d04409b,3f82e5a2
3d05d789,3f82eea5
3d076e77,3f82f7aa
3d090565,3f8300af
3d0a9c53,3f8309b5
3d0c3341,3f8312bb
3d0dca2f,3f831bc2
3d0f611d,3f8324ca
3d10f80b,3f832dd2
3d128ef8,3f8336db
3d1425e6,3f833fe4
3d15bcd4,3f8348ee
3d1753c2,3f8351f9
3d18eab0,3f835b04
3d1a819e,3f836410
3d1c188c,3f836d1d
3d1daf7a,3f83762a
3d1f4668,3f837f38
3d20dd56,3f838846
3d227444,3f839156
3d240b32,3f839a65
3d25a220,3f83a376
3d27390e,3f83ac86
3d28cffb,3f83b598
3d2a66e9,3f83beaa
3d2bfdd7,3f83c7bd
3d2d94c5,3f83d0d1
3d2f2bb3,3f83d9e5
3d30c2a1,3f83e2f9
3d32598f,3f83ec0f
3d33f07d,3f83f525
3d35876b,3f83fe3b
3d371e59,3f840752
3d38b547,3f84106a
3d3a4c35,3f841983
3d3be323,3f84229c
3d3d7a10,3f842bb5
3d3f10fe,3f8434d0
3d40a7ec,3f843deb
3d423eda,3f844706
3d43d5c8,3f845023
3d456cb6,3f84593f
3d4703a4,3f84625d
3d489a92,3f846b7b
3d4a3180,3f84749a
3d4bc86e,3f847db9
3d4d5f5c,3f8486d9
3d4ef64a,3f848ffa
3d508d38,3f84991b
3d522426,3f84a23d
3d53bb13,3f84ab5f
3d555201,3f84b482
3d56e8ef,3f84bda6
3d587fdd,3f84c6ca
3d5a16cb,3f84cff0
3d5badb9,3f84d915
3d5d44a7,3f84e23b
3d5edb95,3f84eb62
3d607283,3f84f48a
3d620971,3f84fdb2
3d63a05f,3f8506db
3d65374d,3f851004
3d66ce3b,3f85192e
3d686528,3f852259
3d69fc16,3f852b84
3d6b9304,3f8534b0
3d6d29f2,3f853ddd
3d6ec0e0,3f85470a
3d7057ce,3f855038
3d71eebc,3f855966
3d7385aa,3f856296
3d751c98,3f856bc5
3d76b386,3f8574f6
3d784a74,3f857e27
3d79e162,3f858758
3d7b7850,3f85908b
3d7d0f3d,3f8599bd
3d7ea62b,3f85a2f1
3d803d19,3f85ad87
3d81d407,3f85bff1
3d836af5,3f85d25e
3d8501e3,3f85e4ce
3d8698d1,3f85f740
3d882fbf,3f8609b5
3d89c6ad,3f861c2c
3d8b5d9b,3f862ea6
3d8cf489,3f864122
3d8e8b77,3f8653a1
3d902265,3f866622
3d91b953,3f8678a6
3d935040,3f868b2c
3d94e72e,3f869db5
3d967e1c,3f86b041
3d98150a,3f86c2cf
3d99abf8,3f86d55f
3d9b42e6,3f86e7f3
3d9cd9d4,3f86fa88
3d9e70c2,3f870d21
3da007b0,3f871fbc
3da19e9e,3f873259
3da3358c,3f8744f9
3da4cc7a,3f87579c
3da66368,3f876a41
3da7fa55,3f877ce8
3da99143,3f878f93
3dab2831,3f87a240
3dacbf1f,3f87b4ef
3dae560d,3f87c7a1
3dafecfb,3f87da56
3db183e9,3f87ed0d
3db31ad7,3f87ffc7
3db4b1c5,3f881283
3db648b3,3f882542
3db7dfa1,3f883803
3db9768f,3f884ac7
3dbb0d7d,3f885d8e
3dbca46b,3f887057
3dbe3b58,3f888323
3dbfd246,3f8895f1
3dc16934,3f88a8c2
3dc30022,3f88bb96
3dc49710,3f88ce6c
3dc62dfe,3f88e145
3dc7c4ec,3f88f420
3dc95bda,3f8906fe
3dcaf2c8,3f8919df
3dcc89b6,3f892cc2
3dce20a4,3f893fa8
3dcfb792,3f895290
3dd14e80,3f89657b
3dd2e56d,3f897869
3dd47c5b,3f898b59
3dd61349,3f899e4c
3dd7aa37,3f89b141
3dd94125,3f89c439
3ddad813,3f89d734
3ddc6f01,3f89ea31
3dde05ef,3f89fd31
3ddf9cdd,3f8a1033
3de133cb,3f8a2339
3de2cab9,3f8a3640
3de461a7,3f8a494b
3de5f895,3f8a5c58
3de78f83,3f8a6f67
3de92670,3f8a8279
3deabd5e,3f8a958e
3dec544c,3f8aa8a6
3dedeb3a,3f8abbc0
3def8228,3f8acedd
3df11916,3f8ae1fc
3df2b004,3f8af51e
3df446f2,3f8b0843
3df5dde0,3f8b1b6a
3df774ce,3f8b2e94
3df90bbc,3f8b41c0
3dfaa2aa,3f8b54f0
3dfc3998,3f8b6822
3dfdd085,3f8b7b56
3dff6773,3f8b8e8d
3e00fe61,3f8badcd
3e02954f,3f8bd44c
3e042c3d,3f8bfad5
3e05c32b,3f8c2169
3e075a19,3f8c4808
3e08f107,3f8c6eb1
3e0a87f5,3f8c9565
3e0c1ee3,3f8cbc24
3e0db5d1,3f8ce2ed
3e0f4cbf,3f8d09c1
3e10e3ad,3f8d30a0
3e127a9b,3f8d578a
3e141188,3f8d7e7e
3e15a876,3f8da57c
3e173f64,3f8dcc86
3e18d652,3f8df39b
3e1a6d40,3f8e1aba
3e1c042e,3f8e41e4
3e1d9b1c,3f8e6918
3e1f320a,3f8e9058
3e20c8f8,3f8eb7a2
3e225fe6,3f8edef8
3e23f6d4,3f8f0658
3e258dc2,3f8f2dc3
3e2724b0,3f8f5538
3e28bb9d,3f8f7cb9
3e2a528b,3f8fa444
3e2be979,3f8fcbdb
3e2d8067,3f8ff37c
3e2f1755,3f901b28
3e30ae43,3f9042e0
3e324531,3f906aa2
3e33dc1f,3f90926f
3e35730d,3f90ba47
3e3709fb,3f90e22a
3e38a0e9,3f910a18
3e3a37d7,3f913211
3e3bcec5,3f915a15
3e3d65b3,3f918224
3e3efca0,3f91aa3e
3e40938e,3f91d263
3e422a7c,3f91fa94
3e43c16a,3f9222cf
3e455858,3f924b15
3e46ef46,3f927367
3e488634,3f929bc3
3e4a1d22,3f92c42b
3e4bb410,3f92ec9e
3e4d4afe,3f93151c
3e4ee1ec,3f933da5
3e5078da,3f93663a
3e520fc8,3f938ed9
3e53a6b5,3f93b784
3e553da3,3f93e03a
3e56d491,3f9408fb
3e586b7f,3f9431c7
3e5a026d,3f945a9f
3e5b995b,3f948382
3e5d3049,3f94ac70
3e5ec737,3f94d569
3e605e25,3f94fe6e
3e61f513,3f95277e
3e638c01,3f955099
3e6522ef,3f9579c0
3e66b9dd,3f95a2f2
3e6850cb,3f95cc30
3e69e7b8,3f95f578
3e6b7ea6,3f961ecc
3e6d1594,3f96482c
3e6eac82,3f967197
3e704370,3f969b0d
3e71da5e,3f96c48f
3e73714c,3f96ee1c
3e75083a,3f9717b5
3e769f28,3f974159
3e783616,3f976b08
3e79cd04,3f9794c3
3e7b63f2,3f97be8a
3e7cfae0,3f97e85c
3e7e91cd,3f98123a
3e8028bb,3f984055
3e81bfa9,3f98944d
3e835697,3f98e872
3e84ed85,3f993cc6
3e868473,3f999149
3e881b61,3f99e5fa
3e89b24f,3f9a3ada
3e8b493d,3f9a8fe8
3e8ce02b,3f9ae526
3e8e7719,3f9b3a92
3e900e07,3f9b902e
3e91a4f5,3f9be5f9
3e933be3,3f9c3bf3
3e94d2d0,3f9c921c
3e9669be,3f9ce876
3e9800ac,3f9d3efe
3e99979a,3f9d95b7
3e9b2e88,3f9dec9f
3e9cc576,3f9e43b7
3e9e5c64,3f9e9aff
3e9ff352,3f9ef278
3ea18a40,3f9f4a20
3ea3212e,3f9fa1f9
3ea4b81c,3f9ffa03
3ea64f0a,3fa0523d
3ea7e5f8,3fa0aaa7
3ea97ce5,3fa10343
3eab13d3,3fa15c0f
3eacaac1,3fa1b50c
3eae41af,3fa20e3a
3eafd89d,3fa2679a
3eb16f8b,3fa2c12b
3eb30679,3fa31aed
3eb49d67,3fa374e0
3eb63455,3fa3cf06
3eb7cb43,3fa4295d
3eb96231,3fa483e6
3ebaf91f,3fa4dea0
3ebc900d,3fa5398d
3ebe26fb,3fa594ac
3ebfbde8,3fa5effd
3ec154d6,3fa64b81
3ec2ebc4,3fa6a737
3ec482b2,3fa7031f
3ec619a0,3fa75f3a
3ec7b08e,3fa7bb88
3ec9477c,3fa81809
3ecade6a,3fa874bd
3ecc7558,3fa8d1a5
3ece0c46,3fa92ebf
3ecfa334,3fa98c0d
3ed13a22,3fa9e98e
3ed2d110,3faa4742
3ed467fd,3faaa52b
3ed5feeb,3fab0347
3ed795d9,3fab6197
3ed92cc7,3fabc01b
3edac3b5,3fac1ed3
3edc5aa3,3fac7dc0
3eddf191,3facdce1
3edf887f,3fad3c36
3ee11f6d,3fad9bc0
3ee2b65b,3fadfb7e
3ee44d49,3fae5b72
3ee5e437,3faebb9a
3ee77b25,3faf1bf7
3ee91213,3faf7c8a
3eeaa900,3fafdd51
3eec3fee,3fb03e4e
3eedd6dc,3fb09f81
3eef6dca,3fb100e9
3ef104b8,3fb16287
3ef29ba6,3fb1c45a
3ef43294,3fb22664
3ef5c982,3fb288a4
3ef76070,3fb2eb1a
3ef8f75e,3fb34dc6
3efa8e4c,3fb3b0a9
3efc253a,3fb413c2
3efdbc28,3fb47712
3eff5315,3fb4da98
3f00ea03,3fb577ca
3f0280f1,3fb64029
3f0417df,3fb70966
3f05aecd,3fb7d381
3f0745bb,3fb89e7b
3f08dca9,3fb96a55
3f0a7397,3fba3711
3f0c0a85,3fbb04ae
3f0da173,3fbbd32f
3f0f3861,3fbca293
3f10cf4f,3fbd72dd
3f12663d,3fbe440c
3f13fd2a,3fbf1622
3f159418,3fbfe920
3f172b06,3fc0bd08
3f18c1f4,3fc191d9
3f1a58e2,3fc26796
3f1befd0,3fc33e3e
3f1d86be,3fc415d3
3f1f1dac,3fc4ee57
3f20b49a,3fc5c7c9
3f224b88,3fc6a22c
3f23e276,3fc77d80
3f257964,3fc859c6
3f271052,3fc936ff
3f28a740,3fca152c
3f2a3e2d,3fcaf44e
3f2bd51b,3fcbd467
3f2d6c09,3fccb578
3f2f02f7,3fcd9781
3f3099e5,3fce7a84
3f3230d3,3fcf5e81
3f33c7c1,3fd0437a
3f355eaf,3fd12970
3f36f59d,3fd21064
3f388c8b,3fd2f856
3f3a2379,3fd3e149
3f3bba67,3fd4cb3d
3f3d5155,3fd5b634
3f3ee842,3fd6a22d
3f407f30,3fd78f2c
3f42161e,3fd87d30
3f43ad0c,3fd96c3b
3f4543fa,3fda5c4e
3f46dae8,3fdb4d6a
3f4871d6,3fdc3f90
3f4a08c4,3fdd32c1
3f4b9fb2,3fde2700
3f4d36a0,3fdf1c4b
3f4ecd8e,3fe012a6
3f50647c,3fe10a11
3f51fb6a,3fe2028d
3f539258,3fe2fc1b
3f552945,3fe3f6bc
3f56c033,3fe4f273
3f585721,3fe5ef3f
3f59ee0f,3fe6ed23
3f5b84fd,3fe7ec1f
3f5d1beb,3fe8ec34
3f5eb2d9,3fe9ed64
3f6049c7,3feaefb1
3f61e0b5,3febf31a
3f6377a3,3fecf7a2
3f650e91,3fedfd49
3f66a57f,3fef0412
3f683c6d,3ff00bfd
3f69d35a,3ff1150a
3f6b6a48,3ff21f3d
3f6d0136,3ff32a95
3f6e9824,3ff43715
3f702f12,3ff544bd
3f71c600,3ff6538f
3f735cee,3ff7638d
3f74f3dc,3ff874b6
3f768aca,3ff9870d
3f7821b8,3ffa9a93
3f79b8a6,3ffbaf49
3f7b4f94,3ffcc531
3f7ce682,3ffddc4b
3f7e7d70,3ffef49a
3f80145d,40000e1e
3f81ab4b,40012985
3f834239,4002475f
3f84d927,400367b2
3f867015,40048a82
3f880703,4005afd7
3f899df1,4006d7b4
3f8b34df,40080221
3f8ccbcd,40092f21
3f8e62bb,400a5ebc
3f8ff9a9,400b90f7
3f919097,400cc5d8
3f932785,400dfd64
3f94be72,400f37a1
3f965560,40107496
3f97ec4e,4011b448
3f99833c,4012f6be
3f9b1a2a,40143bfe
3f9cb118,4015840e
3f9e4806,4016cef3
3f9fdef4,40181cb5
3fa175e2,40196d5a
3fa30cd0,401ac0e7
3fa4a3be,401c1764
3fa63aac,401d70d7
3fa7d19a,401ecd47
3fa96888,40202cba
3faaff75,40218f35
3fac9663,4022f4c2
3fae2d51,40245d66
3fafc43f,4025c929
3fb15b2d,40273810
3fb2f21b,4028aa24
3fb48909,402a1f6a
3fb61ff7,402b97eb
3fb7b6e5,402d13ad
3fb94dd3,402e92b7
3fbae4c1,40301511
3fbc7baf,40319ac2
3fbe129d,403323d2
3fbfa98a,4034b046
3fc14078,40364029
3fc2d766,4037d381
3fc46e54,40396a55
3fc60542,403b04ae
3fc79c30,403ca293
3fc9331e,403e440c
3fcaca0c,403fe920
3fcc60fa,404191d9
3fcdf7e8,40433e3e
3fcf8ed6,4044ee57
3fd125c4,4046a22c
3fd2bcb2,404859c6
3fd453a0,404a152c
3fd5ea8d,404bd467
3fd7817b,404d9780
3fd91869,404f5e80
3fdaaf57,4051296f
3fdc4645,4052f856
3fdddd33,4054cb3d
3fdf7421,4056a22d
3fe10b0f,40587d30
3fe2a1fd,405a5c4e
3fe438eb,405c3f90
3fe5cfd9,405e2700
3fe766c7,406012a6
3fe8fdb5,4062028d
3fea94a2,4063f6bb
3fec2b90,4065ef3e
3fedc27e,4067ec1e
3fef596c,4069ed64
3ff0f05a,406bf319
3ff28748,406dfd49
3ff41e36,40700bfc
3ff5b524,40721f3d
3ff74c12,40743715
3ff8e300,4076538f
3ffa79ee,407874b6
3ffc10dc,407a9a93
3ffda7ca,407cc531
3fff3eb8,407ef49a
4000d5a5,40812984
40026c93,408367b1
40040381,4085afd6
40059a6f,40880220
4007315d,408a5ebc
4008c84b,408cc5d7
400a5f39,408f37a1
400bf627,4091b448
400d8d15,40943bfe
400f2403,4096cef3
4010baf1,40996d5a
401251df,409c1764
4013e8cd,409ecd47
40157fba,40a18f34
401716a8,40a45d66
4018ad96,40a7380f
401a4484,40aa1f69
401bdb72,40ad13ac
401d7260,40b01510
401f094e,40b323d1
4020a03c,40b64029
4022372a,40b96a55
4023ce18,40bca293
40256506,40bfe920
4026fbf4,40c33e3e
402892e2,40c6a22c
402a29d0,40ca152c
402bc0bd,40cd977f
402d57ab,40d1296e
402eee99,40d4cb3c
40308587,40d87d2f
40321c75,40dc3f8f
4033b363,40e012a5
40354a51,40e3f6bb
4036e13f,40e7ec1e
4038782d,40ebf319
403a0f1b,40f00bfc
403ba609,40f43715
403d3cf7,40f874b6
403ed3e5,40fcc531
40406ad2,4100946b
404201c0,4102d001
404398ae,41051584
40452f9c,41076520
4046c68a,4109bf02
40485d78,410c2357
4049f466,410e924e
404b8b54,41110c17
404d2242,411390e1
404eb930,411620de
4050501e,4118bc3e
4051e70c,411b6336
40537dfa,411e15f7
405514e8,4120d4b7
4056abd5,41239faa
405842c3,41267708
4059d9b1,41295b08
405b709f,412c4be2
405d078d,412f49ce
405e9e7b,41325507
40603569,41356dc8
4061cc57,4138944d
40636345,413bc8d3
4064fa33,413f0b99
40669121,41425cdd
4068280f,4145bce1
4069befd,41492be6
406b55ea,414caa2d
406cecd8,415037fc
406e83c6,4153d599
40701ab4,41578348
4071b1a2,415b4151
40734890,415f0ffd
4074df7e,4162ef95
4076766c,4166e066
40780d5a,416ae2bc
4079a448,416ef6e3
407b3b36,41731d2d
407cd224,417755e8
407e6912,417ba168
