bf7e7112,bf213f72
bf7ce224,bf20ab58
bf7b5336,bf201656
bf79c448,bf1f806a
bf78355a,bf1ee995
bf76a66c,bf1e51d4
bf75177e,bf1db925
bf738890,bf1d1f88
bf71f9a2,bf1c84fb
bf706ab4,bf1be97c
bf6edbc6,bf1b4d0a
bf6d4cd8,bf1aafa4
bf6bbdea,bf1a1148
bf6a2efd,bf1971f4
bf68a00f,bf18d1a7
bf671121,bf183060
bf658233,bf178e1c
bf63f345,bf16eadb
bf626457,bf16469a
bf60d569,bf15a159
bf5f467b,bf14fb16
bf5db78d,bf1453ce
bf5c289f,bf13ab82
bf5a99b1,bf13022e
bf590ac3,bf1257d1
bf577bd5,bf11ac6a
bf55ece8,bf10fff8
bf545dfa,bf105278
bf52cf0c,bf0fa3e8
bf51401e,bf0ef448
bf4fb130,bf0e4395
bf4e2242,bf0d91ce
bf4c9354,bf0cdef1
bf4b0466,bf0c2afd
bf497578,bf0b75ef
bf47e68a,bf0abfc6
bf46579c,bf0a0881
bf44c8ae,bf09501d
bf4339c0,bf089698
bf41aad2,bf07dbf2
bf401be5,bf072029
bf3e8cf7,bf066339
bf3cfe09,bf05a523
bf3b6f1b,bf04e5e3
bf39e02d,bf042578
bf38513f,bf0363e0
bf36c251,bf02a11a
bf353363,bf01dd23
bf33a475,bf0117fb
bf321587,bf00519d
bf308699,beff1415
bf2ef7ab,befd827e
bf2d68bd,befbee74
bf2bd9d0,befa57f4
bf2a4ae2,bef8bef7
bf28bbf4,bef7237b
bf272d06,bef5857c
bf259e18,bef3e4f5
bf240f2a,bef241e4
bf22803c,bef09c43
bf20f14e,beeef410
bf1f6260,beed4945
bf1dd372,beeb9bdf
bf1c4484,bee9ebda
bf1ab596,bee83932
bf1926a8,bee683e3
bf1797ba,bee4cbe8
bf1608cd,bee3113e
bf1479df,bee153df
bf12eaf1,bedf93c8
bf115c03,beddd0f5
bf0fcd15,bedc0b61
bf0e3e27,beda4308
bf0caf39,bed877e6
bf0b204b,bed6a9f6
bf09915d,bed4d934
bf08026f,bed3059c
bf067381,bed12f28
bf04e493,becf55d6
bf0355a5,becd799f
bf01c6b8,becb9a82
bf0037ca,bec9b876
befea8dc,bec8a46a
befd19ee,bec7b173
befb8b00,bec6bdbe
bef9fc12,bec5c94a
bef86d24,bec4d418
bef6de36,bec3de27
bef54f48,bec2e776
bef3c05a,bec1f004
bef2316c,bec0f7d1
bef0a27e,bebffedc
beef1390,bebf0526
beed84a2,bebe0aac
beebf5b5,bebd0f6f
beea66c7,bebc136e
bee8d7d9,bebb16a8
bee748eb,beba191d
bee5b9fd,beb91acc
bee42b0f,beb81bb4
bee29c21,beb71bd6
bee10d33,beb61b30
bedf7e45,beb519c1
beddef57,beb4178a
bedc6069,beb31489
bedad17b,beb210be
bed9428d,beb10c28
bed7b3a0,beb006c8
bed624b2,beaf009b
bed495c4,beadf9a2
bed306d6,beacf1da
bed177e8,beabe946
becfe8fa,beaadfe3
bece5a0c,bea9d5b1
becccb1e,bea8caaf
becb3c30,bea7bedc
bec9ad42,bea6b239
bec81e54,bea5a4c4
bec68f66,bea4967d
bec50078,bea38763
bec3718a,bea27776
bec1e29d,bea166b4
bec053af,bea0551e
bebec4c1,be9f42b2
bebd35d3,be9e2f6f
bebba6e5,be9d1b56
beba17f7,be9c0666
beb88909,be9af09d
beb6fa1b,be99d9fc
beb56b2d,be98c280
beb3dc3f,be97aa2c
beb24d51,be9690fc
beb0be63,be9576f1
beaf2f75,be945c0a
beada088,be934046
beac119a,be9223a5
beaa82ac,be910626
bea8f3be,be8fe7c7
bea764d0,be8ec889
bea5d5e2,be8da86b
bea446f4,be8c876d
bea2b806,be8b658c
bea12918,be8a42ca
be9f9a2a,be891f24
be9e0b3c,be87fa9c
be9c7c4e,be86d52e
be9aed60,be85aedc
be995e72,be8487a4
be97cf85,be835f87
be964097,be823681
be94b1a9,be810c94
be9322bb,be7fc37d
be9193cd,be7d6c00
be9004df,be7b12ae
be8e75f1,be78b788
be8ce703,be765a8a
be8b5815,be73fbb5
be89c927,be719b06
be883a39,be6f387c
be86ab4b,be6cd416
be851c5d,be6a6dd2
be838d70,be6805b0
be81fe82,be659bab
be806f94,be632fc5
be7ee0a6,be61a223
be7d51b8,be606adf
be7bc2ca,be5f3322
be7a33dc,be5dfaeb
be78a4ee,be5cc23b
be771600,be5b8911
be758712,be5a4f6d
be73f824,be59154e
be726936,be57dab5
be70da48,be569fa1
be6f4b5a,be556413
be6dbc6d,be54280a
be6c2d7f,be52eb85
be6a9e91,be51ae85
be690fa3,be507109
be6780b5,be4f3312
be65f1c7,be4df49e
be6462d9,be4cb5af
be62d3eb,be4b7643
be6144fd,be4a365a
be5fb60f,be48f5f5
be5e2721,be47b513
be5c9833,be4673b3
be5b0945,be4531d7
be597a58,be43ef7e
be57eb6a,be42aca6
be565c7c,be416950
be54cd8e,be40257c
be533ea0,be3ee12b
be51afb2,be3d9c5a
be5020c4,be3c570b
be4e91d6,be3b113d
be4d02e8,be39caf0
be4b73fa,be388424
be49e50c,be373cd9
be48561e,be35f50e
be46c730,be34acc3
be453842,be3363f8
be43a955,be321aae
be421a67,be30d0e2
be408b79,be2f8696
be3efc8b,be2e3bca
be3d6d9d,be2cf07c
be3bdeaf,be2ba4ad
be3a4fc1,be2a585c
be38c0d3,be290b8a
be3731e5,be27be37
be35a2f7,be267061
be341409,be25220a
be32851b,be23d32f
be30f62d,be2283d3
be2f6740,be2133f4
be2dd852,be1fe392
be2c4964,be1e92ac
be2aba76,be1d4144
be292b88,be1bef57
be279c9a,be1a9ce7
be260dac,be1949f3
be247ebe,be17f67b
be22efd0,be16a27e
be2160e2,be154dfd
be1fd1f4,be13f8f7
be1e4306,be12a36c
be1cb418,be114d5c
be1b252a,be0ff6c7
be19963d,be0e9fad
be18074f,be0d480c
be167861,be0befe5
be14e973,be0a9738
be135a85,be093e05
be11cb97,be07e44b
be103ca9,be068a0b
be0eadbb,be052f43
be0d1ecd,be03d3f4
be0b8fdf,be02781e
be0a00f1,be011bc0
be087203,bdff7db5
be06e315,bdfcc2da
be055428,bdfa06f0
be03c53a,bdf749f3
be02364c,bdf48be5
be00a75e,bdf1ccc6
bdff1870,bdefd911
bdfd8982,bdee78b9
bdfbfa94,bded181c
bdfa6ba6,bdebb73b
bdf8dcb8,bdea5615
bdf74dca,bde8f4aa
bdf5bedc,bde792fa
bdf42fee,bde63105
bdf2a100,bde4cecb
bdf11213,bde36c4e
bdef8325,bde2098a
bdedf437,bde0a681
bdec6549,bddf4333
bdead65b,bddddf9f
bde9476d,bddc7bc7
bde7b87f,bddb17a9
bde62991,bdd9b345
bde49aa3,bdd84e9c
bde30bb5,bdd6e9ae
bde17cc7,bdd5847a
bddfedd9,bdd41f01
bdde5eeb,bdd2b941
bddccffd,bdd1533c
bddb4110,bdcfecf3
bdd9b222,bdce8662
bdd82334,bdcd1f8c
bdd69446,bdcbb870
bdd50558,bdca510e
bdd3766a,bdc8e965
bdd1e77c,bdc78177
bdd0588e,bdc61942
bdcec9a0,bdc4b0c8
bdcd3ab2,bdc34807
bdcbabc4,bdc1df00
bdca1cd6,bdc075b2
bdc88de8,bdbf0c1e
bdc6fefb,bdbda245
bdc5700d,bdbc3824
bdc3e11f,bdbacdbc
bdc25231,bdb9630e
bdc0c343,bdb7f819
bdbf3455,bdb68cde
bdbda567,bdb5215b
bdbc1679,bdb3b592
bdba878b,bdb24982
bdb8f89d,bdb0dd2b
bdb769af,bdaf708d
bdb5dac1,bdae03a8
bdb44bd3,bdac967c
bdb2bce5,bdab2909
bdb12df8,bda9bb4f
bdaf9f0a,bda84d4d
bdae101c,bda6df04
bdac812e,bda57074
bdaaf240,bda4019c
bda96352,bda2927d
bda7d464,bda12316
bda64576,bd9fb367
bda4b688,bd9e4371
bda3279a,bd9cd333
bda198ac,bd9b62ae
bda009be,bd99f1e0
bd9e7ad0,bd9880cb
bd9cebe3,bd970f6e
bd9b5cf5,bd959dc9
bd99ce07,bd942bdc
bd983f19,bd92b9a7
bd96b02b,bd914729
bd95213d,bd8fd464
bd93924f,bd8e6156
bd920361,bd8cee00
bd907473,bd8b7a61
bd8ee585,bd8a067a
bd8d5697,bd88924b
bd8bc7a9,bd871dd3
bd8a38bb,bd85a912
bd88a9cd,bd843409
bd871ae0,bd82beb8
bd858bf2,bd81491d
bd83fd04,bd7fa674
bd826e16,bd7cba1b
bd80df28,bd79cd31
bd7f503a,bd7784df
bd7dc14c,bd760dfa
bd7c325e,bd7496f1
bd7aa370,bd731fc3
bd791482,bd71a870
bd778594,bd7030f9
bd75f6a6,bd6eb95e
bd7467b8,bd6d419e
bd72d8cb,bd6bc9ba
bd7149dd,bd6a51b0
bd6fbaef,bd68d982
bd6e2c01,bd676130
bd6c9d13,bd65e8b8
bd6b0e25,bd64701c
bd697f37,bd62f75c
bd67f049,bd617e76
bd66615b,bd60056c
bd64d26d,bd5e8c3d
bd63437f,bd5d12ea
bd61b491,bd5b9972
bd6025a3,bd5a1fd4
bd5e96b5,bd58a613
bd5d07c8,bd572c2d
bd5b78da,bd55b221
bd59e9ec,bd5437f1
bd585afe,bd52bd9c
bd56cc10,bd514322
bd553d22,bd4fc883
bd53ae34,bd4e4dbf
bd521f46,bd4cd2d7
bd509058,bd4b57c9
bd4f016a,bd49dc97
bd4d727c,bd48613f
bd4be38e,bd46e5c3
bd4a54a0,bd456a21
bd48c5b3,bd43ee5c
bd4736c5,bd427271
bd45a7d7,bd40f660
bd4418e9,bd3f7a2b
bd4289fb,bd3dfdd0
bd40fb0d,bd3c8151
bd3f6c1f,bd3b04ad
bd3ddd31,bd3987e3
bd3c4e43,bd380af4
bd3abf55,bd368de0
bd393067,bd3510a8
bd37a179,bd33934a
bd36128b,bd3215c6
bd34839d,bd30981e
bd32f4b0,bd2f1a51
bd3165c2,bd2d9c5f
bd2fd6d4,bd2c1e47
bd2e47e6,bd2aa009
bd2cb8f8,bd2921a7
bd2b2a0a,bd27a31f
bd299b1c,bd262472
bd280c2e,bd24a5a0
bd267d40,bd2326a9
bd24ee52,bd21a78c
bd235f64,bd20284a
bd21d076,bd1ea8e2
bd204188,bd1d2956
bd1eb29b,bd1ba9a4
bd1d23ad,bd1a29cd
bd1b94bf,bd18a9d0
bd1a05d1,bd1729ae
bd1876e3,bd15a966
bd16e7f5,bd1428f9
bd155907,bd12a866
bd13ca19,bd1127ae
bd123b2b,bd0fa6d0
bd10ac3d,bd0e25cd
bd0f1d4f,bd0ca4a5
bd0d8e61,bd0b2357
bd0bff73,bd09a1e3
bd0a7085,bd08204a
bd08e198,bd069e8c
bd0752aa,bd051ca8
bd05c3bc,bd039a9e
bd0434ce,bd02186e
bd02a5e0,bd009619
bd0116f2,bcfe273d
bcff8804,bcfb964a
bcfdf916,bcfa1393
bcfc6a28,bcf890c9
bcfadb3a,bcf70dec
bcf94c4c,bcf58afd
bcf7bd5e,bcf407fa
bcf62e70,bcf284e5
bcf49f83,bcf101be
bcf31095,bcef7e83
bcf181a7,bcedfb35
bceff2b9,bcec77d5
bcee63cb,bceaf461
bcecd4dd,bce970db
bceb45ef,bce7ed42
bce9b701,bce66996
bce82813,bce4e5d7
bce69925,bce36205
bce50a37,bce1de20
bce37b49,bce05a28
bce1ec5b,bcded61e
bce05d6d,bcdd5200
bcdece80,bcdbcdd1
bcdd3f92,bcda498e
bcdbb0a4,bcd8c537
bcda21b6,bcd740ce
bcd892c8,bcd5bc52
bcd703da,bcd437c3
bcd574ec,bcd2b322
bcd3e5fe,bcd12e6d
bcd25710,bccfa9a5
bcd0c822,bcce24cb
bccf3934,bccc9fdd
bccdaa46,bccb1adc
bccc1b58,bcc995c9
bcca8c6b,bcc810a4
bcc8fd7d,bcc68b6a
bcc76e8f,bcc5061e
bcc5dfa1,bcc380bf
bcc450b3,bcc1fb4c
bcc2c1c5,bcc075c7
bcc132d7,bcbef02f
bcbfa3e9,bcbd6a84
bcbe14fb,bcbbe4c6
bcbc860d,bcba5ef5
bcbaf71f,bcb8d911
bcb96831,bcb7531a
bcb7d943,bcb5cd0f
bcb64a55,bcb446f2
bcb4bb68,bcb2c0c3
bcb32c7a,bcb13a80
bcb19d8c,bcafb42a
bcb00e9e,bcae2dc1
bcae7fb0,bcaca745
bcacf0c2,bcab20b6
bcab61d4,bca99a14
bca9d2e6,bca8135f
bca843f8,bca68c96
bca6b50a,bca505bb
bca5261c,bca37ecd
bca3972e,bca1f7cc
bca20840,bca070b7
bca07953,bc9ee991
bc9eea65,bc9d6256
bc9d5b77,bc9bdb09
bc9bcc89,bc9a53a8
bc9a3d9b,bc98cc35
bc98aead,bc9744ae
bc971fbf,bc95bd14
bc9590d1,bc943568
bc9401e3,bc92ada8
bc9272f5,bc9125d5
bc90e407,bc8f9def
bc8f5519,bc8e15f5
bc8dc62b,bc8c8de9
bc8c373d,bc8b05ca
bc8aa850,bc897d98
bc891962,bc87f553
bc878a74,bc866cfa
bc85fb86,bc84e48f
bc846c98,bc835c10
bc82ddaa,bc81d37e
bc814ebc,bc804ad9
bc7fbfce,bc7dc375
bc7e30e0,bc7c3ab0
bc7ca1f2,bc7ab1e1
bc7b1304,bc792909
bc798416,bc77a027
bc77f528,bc76173c
bc76663b,bc748e48
bc74d74d,bc73054a
bc73485f,bc717c42
bc71b971,bc6ff330
bc702a83,bc6e6a15
bc6e9b95,bc6ce0f0
bc6d0ca7,bc6b57c2
bc6b7db9,bc69ce8a
bc69eecb,bc684549
bc685fdd,bc66bbfe
bc66d0ef,bc6532a9
bc654201,bc63a94b
bc63b313,bc621fe4
bc622426,bc609673
bc609538,bc5f0cf8
bc5f064a,bc5d8374
bc5d775c,bc5bf9e6
bc5be86e,bc5a704e
bc5a5980,bc58e6ad
bc58ca92,bc575d02
bc573ba4,bc55d34e
bc55acb6,bc544990
bc541dc8,bc52bfc8
bc528eda,bc5135f7
bc50ffec,bc4fac1d
bc4f70fe,bc4e2238
bc4de210,bc4c984a
bc4c5323,bc4b0e54
bc4ac435,bc498453
bc493547,bc47fa48
bc47a659,bc467034
bc46176b,bc44e616
bc44887d,bc435bee
bc42f98f,bc41d1bd
bc416aa1,bc404783
bc3fdbb3,bc3ebd3e
bc3e4cc5,bc3d32f1
bc3cbdd7,bc3ba899
bc3b2ee9,bc3a1e38
bc399ffb,bc3893cd
bc38110e,bc37095a
bc368220,bc357edc
bc34f332,bc33f455
bc336444,bc3269c4
bc31d556,bc30df29
bc304668,bc2f5485
bc2eb77a,bc2dc9d7
bc2d288c,bc2c3f1f
bc2b999e,bc2ab45e
bc2a0ab0,bc292993
bc287bc2,bc279ebf
bc26ecd4,bc2613e1
bc255de6,bc2488f9
bc23cef8,bc22fe08
bc22400b,bc21730e
bc20b11d,bc1fe80a
bc1f222f,bc1e5cfc
bc1d9341,bc1cd1e4
bc1c0453,bc1b46c3
bc1a7565,bc19bb98
bc18e677,bc183063
bc175789,bc16a525
bc15c89b,bc1519dd
bc1439ad,bc138e8c
bc12aabf,bc120331
bc111bd1,bc1077cc
bc0f8ce3,bc0eec5e
bc0dfdf6,bc0d60e7
bc0c6f08,bc0bd565
bc0ae01a,bc0a49da
bc09512c,bc08be45
bc07c23e,bc0732a7
bc063350,bc05a6ff
bc04a462,bc041b4d
bc031574,bc028f92
bc018686,bc0103cd
bbfff798,bbfef853
bbfe68aa,bbfd6c7d
bbfcd9bc,bbfbe0a3
bbfb4ace,bbfa54c3
bbf9bbe0,bbf8c8df
bbf82cf3,bbf73cf7
bbf69e05,bbf5b109
bbf50f17,bbf42517
bbf38029,bbf2991f
bbf1f13b,bbf10d23
bbf0624d,bbef8122
bbeed35f,bbedf51c
bbed4471,bbec6911
bbebb583,bbeadd01
bbea2695,bbe950ed
bbe897a7,bbe7c4d4
bbe708b9,bbe638b5
bbe579cb,bbe4ac93
bbe3eade,bbe3206c
bbe25bf0,bbe1943f
bbe0cd02,bbe0080e
bbdf3e14,bbde7bd8
bbddaf26,bbdcef9d
bbdc2038,bbdb635d
bbda914a,bbd9d718
bbd9025c,bbd84acf
bbd7736e,bbd6be80
bbd5e480,bbd5322d
bbd45592,bbd3a5d5
bbd2c6a4,bbd21979
bbd137b6,bbd08d17
bbcfa8c8,bbcf00b1
bbce19db,bbcd7446
bbcc8aed,bbcbe7d6
bbcafbff,bbca5b61
bbc96d11,bbc8cee8
bbc7de23,bbc74269
bbc64f35,bbc5b5e6
bbc4c047,bbc4295d
bbc33159,bbc29cd0
bbc1a26b,bbc1103e
bbc0137d,bbbf83a8
bbbe848f,bbbdf70c
bbbcf5a1,bbbc6a6c
bbbb66b3,bbbaddc7
bbb9d7c6,bbb9511e
bbb848d8,bbb7c46f
bbb6b9ea,bbb637bb
bbb52afc,bbb4ab03
bbb39c0e,bbb31e45
bbb20d20,bbb19183
bbb07e32,bbb004bc
bbaeef44,bbae77f0
bbad6056,bbaceb20
bbabd168,bbab5e4a
bbaa427a,bba9d170
bba8b38c,bba84491
bba7249e,bba6b7ad
bba595b0,bba52ac4
bba406c3,bba39dd7
bba277d5,bba210e5
bba0e8e7,bba083ed
bb9f59f9,bb9ef6f1
bb9dcb0b,bb9d69f0
bb9c3c1d,bb9bdcea
bb9aad2f,bb9a4fe0
bb991e41,bb98c2d0
bb978f53,bb9735bc
bb960065,bb95a8a3
bb947177,bb941b85
bb92e289,bb928e62
bb91539b,bb91013a
bb8fc4ae,bb8f740f
bb8e35c0,bb8de6de
bb8ca6d2,bb8c59a7
bb8b17e4,bb8acc6c
bb8988f6,bb893f2d
bb87fa08,bb87b1e8
bb866b1a,bb86249e
bb84dc2c,bb849750
bb834d3e,bb8309fd
bb81be50,bb817ca5
bb802f62,bb7fde90
bb7ea074,bb7e21fd
bb7d1186,bb7c9499
bb7b8298,bb7b0734
bb79f3ab,bb7979cd
bb7864bd,bb77ec62
bb76d5cf,bb765ef5
bb7546e1,bb74d186
bb73b7f3,bb734414
bb722905,bb71b6a0
bb709a17,bb70292a
bb6f0b29,bb6e9bb1
bb6d7c3b,bb6d0e35
bb6bed4d,bb6b80b8
bb6a5e5f,bb69f337
bb68cf71,bb6865b5
bb674083,bb66d830
bb65b196,bb654aa9
bb6422a8,bb63bd1f
bb6293ba,bb622f93
bb6104cc,bb60a204
bb5f75de,bb5f1473
bb5de6f0,bb5d86df
bb5c5802,bb5bf949
bb5ac914,bb5a6bb1
bb593a26,bb58de16
bb57ab38,bb575079
bb561c4a,bb55c2d9
bb548d5c,bb543537
bb52fe6e,bb52a793
bb516f80,bb5119ec
bb4fe093,bb4f8c43
bb4e51a5,bb4dfe98
bb4cc2b7,bb4c70e9
bb4b33c9,bb4ae339
bb49a4db,bb495586
bb4815ed,bb47c7d0
bb4686ff,bb463a18
bb44f811,bb44ac5e
bb436923,bb431ea1
bb41da35,bb4190e2
bb404b47,bb400321
bb3ebc59,bb3e755d
bb3d2d6b,bb3ce796
bb3b9e7e,bb3b59ce
bb3a0f90,bb39cc03
bb3880a2,bb383e35
bb36f1b4,bb36b065
bb3562c6,bb352293
bb33d3d8,bb3394be
bb3244ea,bb3206e6
bb30b5fc,bb30790d
bb2f270e,bb2eeb30
bb2d9820,bb2d5d52
bb2c0932,bb2bcf71
bb2a7a44,bb2a418d
bb28eb56,bb28b3a7
bb275c68,bb2725bf
bb25cd7b,bb2597d5
bb243e8d,bb2409e8
bb22af9f,bb227bf9
bb2120b1,bb20ee07
bb1f91c3,bb1f6012
bb1e02d5,bb1dd21b
bb1c73e7,bb1c4422
bb1ae4f9,bb1ab626
bb19560b,bb192828
bb17c71d,bb179a28
bb16382f,bb160c25
bb14a941,bb147e1f
bb131a53,bb12f017
bb118b66,bb11620e
bb0ffc78,bb0fd402
bb0e6d8a,bb0e45f2
bb0cde9c,bb0cb7e1
bb0b4fae,bb0b29cd
bb09c0c0,bb099bb7
bb0831d2,bb080d9e
bb06a2e4,bb067f83
bb0513f6,bb04f165
bb038508,bb036345
bb01f61a,bb01d523
bb00672c,bb0046fe
bafed83e,bafe98dc
bafd4950,bafd0ab4
bafbba63,bafb7c8b
bafa2b75,baf9ee61
baf89c87,baf86035
baf70d99,baf6d208
baf57eab,baf543d9
baf3efbd,baf3b5aa
baf260cf,baf22779
baf0d1e1,baf09947
baef42f3,baef0b14
baedb405,baed7ce0
baec2517,baebeeaa
baea9629,baea6073
bae9073b,bae8d23c
bae7784e,bae74403
bae5e960,bae5b5c9
bae45a72,bae4278d
bae2cb84,bae29950
bae13c96,bae10b12
badfada8,badf7cd3
bade1eba,baddee93
badc8fcc,badc6051
badb00de,badad20e
bad971f0,bad943ca
bad7e302,bad7b585
bad65414,bad6273e
bad4c526,bad498f6
bad33639,bad30aae
bad1a74b,bad17c64
bad0185d,bacfee19
bace896f,bace5fcc
baccfa81,baccd17e
bacb6b93,bacb432f
bac9dca5,bac9b4df
bac84db7,bac8268e
bac6bec9,bac6983b
bac52fdb,bac509e7
bac3a0ed,bac37b92
bac211ff,bac1ed3c
bac08311,bac05ee4
babef423,babed08c
babd6536,babd4233
babbd648,babbb3d8
baba475a,baba257b
bab8b86c,bab8971e
bab7297e,bab708bf
bab59a90,bab57a5f
bab40ba2,bab3ebfe
bab27cb4,bab25d9b
bab0edc6,bab0cf38
baaf5ed8,baaf40d3
baadcfea,baadb26d
baac40fc,baac2405
baaab20e,baaa959d
baa92321,baa90734
baa79433,baa778c9
baa60545,baa5ea5d
baa47657,baa45bf0
baa2e769,baa2cd81
baa1587b,baa13f12
ba9fc98d,ba9fb0a1
ba9e3a9f,ba9e222e
ba9cabb1,ba9c93bb
ba9b1cc3,ba9b0546
ba998dd5,ba9976d1
ba97fee7,ba97e85a
ba966ff9,ba9659e1
ba94e10b,ba94cb68
ba93521e,ba933cee
ba91c330,ba91ae72
ba903442,ba901ff5
ba8ea554,ba8e9177
ba8d1666,ba8d02f7
ba8b8778,ba8b7477
ba89f88a,ba89e5f5
ba88699c,ba885772
ba86daae,ba86c8ed
ba854bc0,ba853a68
ba83bcd2,ba83abe1
ba822de4,ba821d59
ba809ef6,ba808ed0
ba7f1009,ba7ef048
ba7d811b,ba7d61bd
ba7bf22d,ba7bd331
ba7a633f,ba7a44a5
ba78d451,ba78b618
ba774563,ba77278b
ba75b675,ba7598fd
ba742787,ba740a6e
ba729899,ba727bdf
ba7109ab,ba70ed4f
ba6f7abd,ba6f5ebe
ba6debcf,ba6dd02d
ba6c5ce1,ba6c419c
ba6acdf3,ba6ab309
ba693f06,ba692478
ba67b018,ba6795e4
ba66212a,ba660750
ba64923c,ba6478bb
ba63034e,ba62ea26
ba617460,ba615b90
ba5fe572,ba5fccfa
ba5e5684,ba5e3e62
ba5cc796,ba5cafcb
ba5b38a8,ba5b2132
ba59a9ba,ba599299
ba581acc,ba580400
ba568bde,ba567566
ba54fcf1,ba54e6cc
ba536e03,ba535831
ba51df15,ba51c995
ba505027,ba503af8
ba4ec139,ba4eac5b
ba4d324b,ba4d1dbd
ba4ba35d,ba4b8f1f
ba4a146f,ba4a0080
ba488581,ba4871e0
ba46f693,ba46e340
ba4567a5,ba45549f
ba43d8b7,ba43c5fe
ba4249c9,ba42375c
ba40badb,ba40a8b9
ba3f2bee,ba3f1a17
ba3d9d00,ba3d8b73
ba3c0e12,ba3bfcce
ba3a7f24,ba3a6e29
ba38f036,ba38df84
ba376148,ba3750dd
ba35d25a,ba35c237
ba34436c,ba34338f
ba32b47e,ba32a4e7
ba312590,ba31163e
ba2f96a2,ba2f8795
ba2e07b4,ba2df8eb
ba2c78c6,ba2c6a41
ba2ae9d9,ba2adb96
ba295aeb,ba294ceb
ba27cbfd,ba27be3e
ba263d0f,ba262f91
ba24ae21,ba24a0e4
ba231f33,ba231236
ba219045,ba218387
ba200157,ba1ff4d7
ba1e7269,ba1e6627
ba1ce37b,ba1cd777
ba1b548d,ba1b48c6
ba19c59f,ba19ba14
ba1836b1,ba182b61
ba16a7c3,ba169cae
ba1518d6,ba150dfc
ba1389e8,ba137f48
ba11fafa,ba11f093
ba106c0c,ba1061dd
ba0edd1e,ba0ed327
ba0d4e30,ba0d4471
ba0bbf42,ba0bb5b9
ba0a3054,ba0a2701
ba08a166,ba089849
ba071278,ba070990
ba05838a,ba057ad6
ba03f49c,ba03ec1c
ba0265ae,ba025d61
ba00d6c1,ba00cea6
b9ff47d3,b9ff37eb
b9fdb8e5,b9fda92e
b9fc29f7,b9fc1a71
b9fa9b09,b9fa8bb4
b9f90c1b,b9f8fcf7
b9f77d2d,b9f76e39
b9f5ee3f,b9f5df7b
b9f45f51,b9f450bd
b9f2d063,b9f2c1ff
b9f14175,b9f13340
b9efb287,b9efa481
b9ee2399,b9ee15c1
b9ec94ab,b9ec8701
b9eb05be,b9eaf842
b9e976d0,b9e96982
b9e7e7e2,b9e7dac1
b9e658f4,b9e64c00
b9e4ca06,b9e4bd3f
b9e33b18,b9e32e7d
b9e1ac2a,b9e19fbb
b9e01d3c,b9e010f9
b9de8e4e,b9de8237
b9dcff60,b9dcf374
b9db7072,b9db64b1
b9d9e184,b9d9d5ed
b9d85296,b9d8472a
b9d6c3a9,b9d6b867
b9d534bb,b9d529a2
b9d3a5cd,b9d39ade
b9d216df,b9d20c19
b9d087f1,b9d07d54
b9cef903,b9ceee8e
b9cd6a15,b9cd5fc8
b9cbdb27,b9cbd102
b9ca4c39,b9ca423c
b9c8bd4b,b9c8b375
b9c72e5d,b9c724ae
b9c59f6f,b9c595e6
b9c41081,b9c4071f
b9c28193,b9c27857
b9c0f2a6,b9c0e98f
b9bf63b8,b9bf5ac7
b9bdd4ca,b9bdcbfe
b9bc45dc,b9bc3d35
b9bab6ee,b9baae6b
b9b92800,b9b91fa2
b9b79912,b9b790d7
b9b60a24,b9b6020d
b9b47b36,b9b47342
b9b2ec48,b9b2e477
b9b15d5a,b9b155ac
b9afce6c,b9afc6e0
b9ae3f7e,b9ae3815
b9acb091,b9aca949
b9ab21a3,b9ab1a7d
b9a992b5,b9a98bb0
b9a803c7,b9a7fce3
b9a674d9,b9a66e15
b9a4e5eb,b9a4df48
b9a356fd,b9a3507a
b9a1c80f,b9a1c1ab
b9a03921,b9a032dd
b99eaa33,b99ea40e
b99d1b45,b99d153f
b99b8c57,b99b866f
b999fd69,b999f79f
b9986e7b,b99868cf
b996df8e,b996d9ff
b99550a0,b9954b2f
b993c1b2,b993bc5e
b99232c4,b9922d8c
b990a3d6,b9909ebb
b98f14e8,b98f0fe9
b98d85fa,b98d8116
b98bf70c,b98bf244
b98a681e,b98a6371
b988d930,b988d49e
b9874a42,b98745ca
b985bb54,b985b6f6
b9842c66,b9842822
b9829d79,b982994f
b9810e8b,b9810a7a
b97f7f9d,b97f77a5
b97df0af,b97de8d0
b97c61c1,b97c59fb
b97ad2d3,b97acb25
b97943e5,b9793c4f
b977b4f7,b977ad7a
b9762609,b9761ea4
b974971b,b9748fce
b973082d,b97300f7
b971793f,b9717221
b96fea51,b96fe34a
b96e5b63,b96e5474
b96ccc76,b96cc59e
b96b3d88,b96b36c7
b969ae9a,b969a7f0
b9681fac,b9681918
b96690be,b9668a41
b96501d0,b964fb69
b96372e2,b9636c91
b961e3f4,b961ddba
b9605506,b9604ee1
b95ec618,b95ec009
b95d372a,b95d3131
b95ba83c,b95ba258
b95a194e,b95a1380
b9588a61,b95884a8
b956fb73,b956f5cf
b9556c85,b95566f6
b953dd97,b953d81c
b9524ea9,b9524943
b950bfbb,b950ba69
b94f30cd,b94f2b90
b94da1df,b94d9cb6
b94c12f1,b94c0ddc
b94a8403,b94a7f01
b948f515,b948f027
b9476627,b947614d
b945d739,b945d272
b944484c,b9444398
b942b95e,b942b4bd
b9412a70,b94125e2
b93f9b82,b93f9707
b93e0c94,b93e082b
b93c7da6,b93c7950
b93aeeb8,b93aea74
b9395fca,b9395b98
b937d0dc,b937ccbc
b93641ee,b9363de0
b934b300,b934af04
b9332412,b9332027
b9319524,b931914b
b9300636,b930026e
b92e7749,b92e7392
b92ce85b,b92ce4b5
b92b596d,b92b55d8
b929ca7f,b929c6fa
b9283b91,b928381d
b926aca3,b926a93f
b9251db5,b9251a61
b9238ec7,b9238b83
b921ffd9,b921fca5
b92070eb,b9206dc7
b91ee1fd,b91edee8
b91d530f,b91d500a
b91bc421,b91bc12b
b91a3534,b91a324d
b918a646,b918a36e
b9171758,b917148f
b915886a,b91585af
b913f97c,b913f6d0
b9126a8e,b91267f0
b910dba0,b910d910
b90f4cb2,b90f4a30
b90dbdc4,b90dbb50
b90c2ed6,b90c2c70
b90a9fe8,b90a9d90
b90910fa,b9090eaf
b907820c,b9077fce
b905f31e,b905f0ed
b9046431,b904620d
b902d543,b902d32c
b9014655,b901444b
b8ffb767,b8ffb369
b8fe2879,b8fe2488
b8fc998b,b8fc95a6
b8fb0a9d,b8fb06c4
b8f97baf,b8f977e3
b8f7ecc1,b8f7e901
b8f65dd3,b8f65a1f
b8f4cee5,b8f4cb3d
b8f33ff7,b8f33c5a
b8f1b109,b8f1ad78
b8f0221c,b8f01e97
b8ee932e,b8ee8fb5
b8ed0440,b8ed00d2
b8eb7552,b8eb71f0
b8e9e664,b8e9e30d
b8e85776,b8e8542b
b8e6c888,b8e6c548
b8e5399a,b8e53665
b8e3aaac,b8e3a782
b8e21bbe,b8e2189f
b8e08cd0,b8e089bc
b8defde2,b8defad9
b8dd6ef4,b8dd6bf6
b8dbe006,b8dbdd13
b8da5119,b8da4e30
b8d8c22b,b8d8bf4d
b8d7333d,b8d73069
b8d5a44f,b8d5a186
b8d41561,b8d412a2
b8d28673,b8d283bf
b8d0f785,b8d0f4db
b8cf6897,b8cf65f7
b8cdd9a9,b8cdd713
b8cc4abb,b8cc482f
b8cabbcd,b8cab94b
b8c92cdf,b8c92a67
b8c79df1,b8c79b82
b8c60f04,b8c60c9f
b8c48016,b8c47dbb
b8c2f128,b8c2eed6
b8c1623a,b8c15ff2
b8bfd34c,b8bfd10d
b8be445e,b8be4228
b8bcb570,b8bcb344
b8bb2682,b8bb245f
b8b99794,b8b9957a
b8b808a6,b8b80695
b8b679b8,b8b677b0
b8b4eaca,b8b4e8cb
b8b35bdc,b8b359e5
b8b1ccee,b8b1cb00
b8b03e01,b8b03c1c
b8aeaf13,b8aead36
b8ad2025,b8ad1e51
b8ab9137,b8ab8f6b
b8aa0249,b8aa0085
b8a8735b,b8a871a0
b8a6e46d,b8a6e2ba
b8a5557f,b8a553d4
b8a3c691,b8a3c4ee
b8a237a3,b8a23608
b8a0a8b5,b8a0a722
b89f19c7,b89f183b
b89d8ad9,b89d8955
b89bfbec,b89bfa70
b89a6cfe,b89a6b89
b898de10,b898dca3
b8974f22,b8974dbc
b895c034,b895bed6
b8943146,b8942fef
b892a258,b892a108
b891136a,b8911221
b88f847c,b88f833a
b88df58e,b88df453
b88c66a0,b88c656c
b88ad7b2,b88ad685
b88948c4,b889479e
b887b9d6,b887b8b6
b8862ae9,b88629d0
b8849bfb,b8849ae8
b8830d0d,b8830c01
b8817e1f,b8817d19
b87fef31,b87fed31
b87e6043,b87e5e49
b87cd155,b87ccf62
b87b4267,b87b407a
b879b379,b879b192
b878248b,b87822aa
b876959d,b87693c2
b87506af,b87504da
b87377c1,b87375f2
b871e8d4,b871e70b
b87059e6,b8705823
b86ecaf8,b86ec93b
b86d3c0a,b86d3a52
b86bad1c,b86bab6a
b86a1e2e,b86a1c82
b8688f40,b8688d99
b8670052,b866feb1
b8657164,b8656fc9
b863e276,b863e0e0
b8625388,b86251f8
b860c49a,b860c30f
b85f35ac,b85f3427
b85da6be,b85da53e
b85c17d1,b85c1657
b85a88e3,b85a876e
b858f9f5,b858f885
b8576b07,b857699c
b855dc19,b855dab4
b8544d2b,b8544bcb
b852be3d,b852bce2
b8512f4f,b8512df9
b84fa061,b84f9f10
b84e1173,b84e1027
b84c8285,b84c813e
b84af397,b84af255
b84964a9,b849636c
b847d5bc,b847d484
b84646ce,b846459b
b844b7e0,b844b6b2
b84328f2,b84327c8
b8419a04,b84198df
b8400b16,b84009f6
b83e7c28,b83e7b0d
b83ced3a,b83cec23
b83b5e4c,b83b5d3a
b839cf5e,b839ce50
b8384070,b8383f67
b836b182,b836b07d
b8352294,b8352194
b83393a6,b83392aa
b83204b9,b83203c1
b83075cb,b83074d8
b82ee6dd,b82ee5ee
b82d57ef,b82d5704
b82bc901,b82bc81a
b82a3a13,b82a3931
b828ab25,b828aa47
b8271c37,b8271b5d
b8258d49,b8258c73
b823fe5b,b823fd89
b8226f6d,b8226e9f
b820e07f,b820dfb5
b81f5191,b81f50cb
b81dc2a4,b81dc1e2
b81c33b6,b81c32f7
b81aa4c8,b81aa40d
b81915da,b8191523
b81786ec,b8178639
b815f7fe,b815f74e
b8146910,b8146864
b812da22,b812d97a
b8114b34,b8114a8f
b80fbc46,b80fbba5
b80e2d58,b80e2cba
b80c9e6a,b80c9dd0
b80b0f7c,b80b0ee5
b809808e,b8097ffa
b807f1a1,b807f111
b80662b3,b8066226
b804d3c5,b804d33b
b80344d7,b8034450
b801b5e9,b801b566
b80026fb,b800267b
b7fe980d,b7fe9710
b7fd091f,b7fd0825
b7fb7a31,b7fb793a
b7f9eb43,b7f9ea4f
b7f85c55,b7f85b64
b7f6cd67,b7f6cc79
b7f53e79,b7f53d8e
b7f3af8c,b7f3aea4
b7f2209e,b7f21fb9
b7f091b0,b7f090ce
b7ef02c2,b7ef01e3
b7ed73d4,b7ed72f8
b7ebe4e6,b7ebe40d
b7ea55f8,b7ea5521
b7e8c70a,b7e8c636
b7e7381c,b7e7374b
b7e5a92e,b7e5a860
b7e41a40,b7e41975
b7e28b52,b7e28a8a
b7e0fc64,b7e0fb9e
b7df6d76,b7df6cb3
b7ddde89,b7ddddc9
b7dc4f9b,b7dc4edd
b7dac0ad,b7dabff2
b7d931bf,b7d93107
b7d7a2d1,b7d7a21b
b7d613e3,b7d61330
b7d484f5,b7d48445
b7d2f607,b7d2f559
b7d16719,b7d1666e
b7cfd82b,b7cfd782
b7ce493d,b7ce4897
b7ccba4f,b7ccb9ab
b7cb2b61,b7cb2ac0
b7c99c74,b7c99bd5
b7c80d86,b7c80cea
b7c67e98,b7c67dfe
b7c4efaa,b7c4ef13
b7c360bc,b7c36027
b7c1d1ce,b7c1d13b
b7c042e0,b7c04250
b7beb3f2,b7beb364
b7bd2504,b7bd2478
b7bb9616,b7bb958d
b7ba0728,b7ba06a1
b7b8783a,b7b877b5
b7b6e94c,b7b6e8c9
b7b55a5f,b7b559df
b7b3cb71,b7b3caf3
b7b23c83,b7b23c07
b7b0ad95,b7b0ad1b
b7af1ea7,b7af1e2f
b7ad8fb9,b7ad8f43
b7ac00cb,b7ac0057
b7aa71dd,b7aa716c
b7a8e2ef,b7a8e280
b7a75401,b7a75394
b7a5c513,b7a5c4a8
b7a43625,b7a435bc
b7a2a737,b7a2a6d0
b7a11849,b7a117e4
b79f895c,b79f88f9
b79dfa6e,b79dfa0d
b79c6b80,b79c6b20
b79adc92,b79adc34
b7994da4,b7994d48
b797beb6,b797be5c
b7962fc8,b7962f70
b794a0da,b794a084
b79311ec,b7931198
b79182fe,b79182ab
b78ff410,b78ff3bf
b78e6522,b78e64d3
b78cd634,b78cd5e7
b78b4747,b78b46fb
b789b859,b789b80f
b788296b,b7882923
b7869a7d,b7869a36
b7850b8f,b7850b4a
b7837ca1,b7837c5d
b781edb3,b781ed71
b7805ec5,b7805e85
b77ecfd7,b77ecf58
b77d40e9,b77d406c
b77bb1fb,b77bb17f
b77a230d,b77a2293
b778941f,b77893a6
b7770531,b77704ba
b7757644,b77575ce
b773e756,b773e6e2
b7725868,b77257f5
b770c97a,b770c909
b76f3a8c,b76f3a1c
b76dab9e,b76dab30
b76c1cb0,b76c1c43
b76a8dc2,b76a8d57
b768fed4,b768fe6a
b7676fe6,b7676f7d
b765e0f8,b765e091
b764520a,b76451a4
b762c31c,b762c2b8
b761342f,b76133cc
b75fa541,b75fa4df
b75e1653,b75e15f3
b75c8765,b75c8706
b75af877,b75af819
b7596989,b759692d
b757da9b,b757da40
b7564bad,b7564b53
b754bcbf,b754bc67
b7532dd1,b7532d7a
b7519ee3,b7519e8d
b7500ff5,b7500fa0
b74e8107,b74e80b4
b74cf219,b74cf1c7
b74b632c,b74b62db
b749d43e,b749d3ee
b7484550,b7484502
b746b662,b746b615
b7452774,b7452728
b7439886,b743983b
b7420998,b742094e
b7407aaa,b7407a62
b73eebbc,b73eeb75
b73d5cce,b73d5c88
b73bcde0,b73bcd9b
b73a3ef2,b73a3eae
b738b004,b738afc1
b7372117,b73720d5
b7359229,b73591e9
b734033b,b73402fc
b732744d,b732740f
b730e55f,b730e522
b72f5671,b72f5635
b72dc783,b72dc748
b72c3895,b72c385b
b72aa9a7,b72aa96e
b7291ab9,b7291a81
b7278bcb,b7278b94
b725fcdd,b725fca7
b7246def,b7246dba
b722df01,b722decd
b7215014,b7214fe1
b71fc126,b71fc0f4
b71e3238,b71e3207
b71ca34a,b71ca31a
b71b145c,b71b142d
b719856e,b7198540
b717f680,b717f653
b7166792,b7166766
b714d8a4,b714d879
b71349b6,b713498c
b711bac8,b711ba9f
b7102bda,b7102bb1
b70e9cec,b70e9cc4
b70d0dff,b70d0dd8
b70b7f11,b70b7eeb
b709f023,b709effe
b7086135,b7086111
b706d247,b706d223
b7054359,b7054336
b703b46b,b703b449
b702257d,b702255c
b700968f,b700966f
b6ff07a1,b6ff0761
b6fd78b3,b6fd7874
b6fbe9c5,b6fbe987
b6fa5ad7,b6fa5a9a
b6f8cbe9,b6f8cbad
b6f73cfc,b6f73cc0
b6f5ae0e,b6f5add3
b6f41f20,b6f41ee6
b6f29032,b6f28ff9
b6f10144,b6f1010b
b6ef7256,b6ef721e
b6ede368,b6ede331
b6ec547a,b6ec5443
b6eac58c,b6eac556
b6e9369e,b6e93669
b6e7a7b0,b6e7a77c
b6e618c2,b6e6188e
b6e489d4,b6e489a1
b6e2fae7,b6e2fab5
b6e16bf9,b6e16bc7
b6dfdd0b,b6dfdcda
b6de4e1d,b6de4ded
b6dcbf2f,b6dcbeff
b6db3041,b6db3012
b6d9a153,b6d9a125
b6d81265,b6d81237
b6d68377,b6d6834a
b6d4f489,b6d4f45d
b6d3659b,b6d3656f
b6d1d6ad,b6d1d682
b6d047bf,b6d04795
b6ceb8d1,b6ceb8a7
b6cd29e4,b6cd29bb
b6cb9af6,b6cb9ace
b6ca0c08,b6ca0be0
b6c87d1a,b6c87cf3
b6c6ee2c,b6c6ee05
b6c55f3e,b6c55f18
b6c3d050,b6c3d02b
b6c24162,b6c2413d
b6c0b274,b6c0b250
b6bf2386,b6bf2362
b6bd9498,b6bd9475
b6bc05aa,b6bc0587
b6ba76bc,b6ba769a
b6b8e7cf,b6b8e7ae
b6b758e1,b6b758c0
b6b5c9f3,b6b5c9d3
b6b43b05,b6b43ae5
b6b2ac17,b6b2abf8
b6b11d29,b6b11d0a
b6af8e3b,b6af8e1d
b6adff4d,b6adff2f
b6ac705f,b6ac7042
b6aae171,b6aae154
b6a95283,b6a95267
b6a7c395,b6a7c37a
b6a634a7,b6a6348c
b6a4a5b9,b6a4a59f
b6a316cc,b6a316b2
b6a187de,b6a187c5
b69ff8f0,b69ff8d7
b69e6a02,b69e69e9
b69cdb14,b69cdafc
b69b4c26,b69b4c0e
b699bd38,b699bd21
b6982e4a,b6982e33
b6969f5c,b6969f46
b695106e,b6951058
b6938180,b693816b
b691f292,b691f27d
b69063a4,b6906390
b68ed4b7,b68ed4a3
b68d45c9,b68d45b6
b68bb6db,b68bb6c8
b68a27ed,b68a27da
b68898ff,b68898ed
b6870a11,b68709ff
b6857b23,b6857b12
b683ec35,b683ec24
b6825d47,b6825d36
b680ce59,b680ce49
b67f3f6b,b67f3f4b
b67db07d,b67db05e
b67c218f,b67c2170
b67a92a1,b67a9282
b67903b4,b6790396
b67774c6,b67774a8
b675e5d8,b675e5ba
b67456ea,b67456cd
b672c7fc,b672c7df
b671390e,b67138f2
b66faa20,b66faa04
b66e1b32,b66e1b16
b66c8c44,b66c8c29
b66afd56,b66afd3b
b6696e68,b6696e4d
b667df7a,b667df60
b666508c,b6665072
b664c19f,b664c185
b66332b1,b6633298
b661a3c3,b661a3aa
b66014d5,b66014bc
b65e85e7,b65e85cf
b65cf6f9,b65cf6e1
b65b680b,b65b67f3
b659d91d,b659d906
b6584a2f,b6584a18
b656bb41,b656bb2a
b6552c53,b6552c3d
b6539d65,b6539d4f
b6520e77,b6520e61
b6507f89,b6507f74
b64ef09c,b64ef087
b64d61ae,b64d6199
b64bd2c0,b64bd2ac
b64a43d2,b64a43be
b648b4e4,b648b4d0
b64725f6,b64725e3
b6459708,b64596f5
b644081a,b6440807
b642792c,b642791a
b640ea3e,b640ea2c
b63f5b50,b63f5b3e
b63dcc62,b63dcc50
b63c3d74,b63c3d63
b63aae87,b63aae76
b6391f99,b6391f88
b63790ab,b637909b
b63601bd,b63601ad
b63472cf,b63472bf
b632e3e1,b632e3d1
b63154f3,b63154e4
b62fc605,b62fc5f6
b62e3717,b62e3708
b62ca829,b62ca81a
b62b193b,b62b192d
b6298a4d,b6298a3f
b627fb5f,b627fb51
b6266c72,b6266c64
b624dd84,b624dd77
b6234e96,b6234e89
b621bfa8,b621bf9b
b62030ba,b62030ad
b61ea1cc,b61ea1c0
b61d12de,b61d12d2
b61b83f0,b61b83e4
b619f502,b619f4f6
b6186614,b6186609
b616d726,b616d71b
b6154838,b615482d
b613b94a,b613b93f
b6122a5c,b6122a52
b6109b6f,b6109b65
b60f0c81,b60f0c77
b60d7d93,b60d7d89
b60beea5,b60bee9b
b60a5fb7,b60a5fae
b608d0c9,b608d0c0
b60741db,b60741d2
b605b2ed,b605b2e4
b60423ff,b60423f6
b6029511,b6029509
b6010623,b601061b
b5ff7735,b5ff7725
b5fde847,b5fde837
b5fc595a,b5fc594a
b5faca6c,b5faca5d
b5f93b7e,b5f93b6f
b5f7ac90,b5f7ac81
b5f61da2,b5f61d93
b5f48eb4,b5f48ea5
b5f2ffc6,b5f2ffb8
b5f170d8,b5f170ca
b5efe1ea,b5efe1dc
b5ee52fc,b5ee52ee
b5ecc40e,b5ecc400
b5eb3520,b5eb3512
b5e9a632,b5e9a625
b5e81744,b5e81737
b5e68857,b5e6884a
b5e4f969,b5e4f95c
b5e36a7b,b5e36a6e
b5e1db8d,b5e1db81
b5e04c9f,b5e04c93
b5debdb1,b5debda5
b5dd2ec3,b5dd2eb7
b5db9fd5,b5db9fc9
b5da10e7,b5da10db
b5d881f9,b5d881ee
b5d6f30b,b5d6f300
b5d5641d,b5d56412
b5d3d52f,b5d3d524
b5d24642,b5d24637
b5d0b754,b5d0b749
b5cf2866,b5cf285c
b5cd9978,b5cd996e
b5cc0a8a,b5cc0a80
b5ca7b9c,b5ca7b92
b5c8ecae,b5c8eca4
b5c75dc0,b5c75db6
b5c5ced2,b5c5cec8
b5c43fe4,b5c43fdb
b5c2b0f6,b5c2b0ed
b5c12208,b5c121ff
b5bf931a,b5bf9311
b5be042c,b5be0423
b5bc753f,b5bc7536
b5bae651,b5bae648
b5b95763,b5b9575b
b5b7c875,b5b7c86d
b5b63987,b5b6397f
b5b4aa99,b5b4aa91
b5b31bab,b5b31ba3
b5b18cbd,b5b18cb5
b5affdcf,b5affdc7
b5ae6ee1,b5ae6eda
b5acdff3,b5acdfec
b5ab5105,b5ab50fe
b5a9c217,b5a9c210
b5a8332a,b5a83323
b5a6a43c,b5a6a435
b5a5154e,b5a51547
b5a38660,b5a38659
b5a1f772,b5a1f76c
b5a06884,b5a0687e
b59ed996,b59ed990
b59d4aa8,b59d4aa2
b59bbbba,b59bbbb4
b59a2ccc,b59a2cc6
b5989dde,b5989dd8
b5970ef0,b5970eea
b5958002,b5957ffd
b593f114,b593f10f
b5926227,b5926222
b590d339,b590d334
b58f444b,b58f4446
b58db55d,b58db558
b58c266f,b58c266a
b58a9781,b58a977c
b5890893,b589088e
b58779a5,b58779a1
b585eab7,b585eab3
b5845bc9,b5845bc5
b582ccdb,b582ccd7
b5813ded,b5813de9
b57faeff,b57faef7
b57e2012,b57e200a
b57c9124,b57c911c
b57b0236,b57b022e
b5797348,b5797340
b577e45a,b577e452
b576556c,b5765565
b574c67e,b574c677
b5733790,b5733789
b571a8a2,b571a89b
b57019b4,b57019ad
b56e8ac6,b56e8abf
b56cfbd8,b56cfbd1
b56b6cea,b56b6ce3
b569ddfc,b569ddf5
b5684f0f,b5684f08
b566c021,b566c01b
b5653133,b565312d
b563a245,b563a23f
b5621357,b5621351
b5608469,b5608463
b55ef57b,b55ef575
b55d668d,b55d6687
b55bd79f,b55bd799
b55a48b1,b55a48ab
b558b9c3,b558b9bd
b5572ad5,b5572acf
b5559be7,b5559be1
b5540cfa,b5540cf5
b5527e0c,b5527e07
b550ef1e,b550ef19
b54f6030,b54f602b
b54dd142,b54dd13d
b54c4254,b54c424f
b54ab366,b54ab361
b5492478,b5492473
b547958a,b5479585
b546069c,b5460697
b54477ae,b54477a9
b542e8c0,b542e8bb
b54159d2,b54159cd
b53fcae4,b53fcae0
b53e3bf7,b53e3bf3
b53cad09,b53cad05
b53b1e1b,b53b1e17
b5398f2d,b5398f29
b538003f,b538003b
b5367151,b536714d
b534e263,b534e25f
b5335375,b5335371
b531c487,b531c483
b5303599,b5303595
b52ea6ab,b52ea6a7
b52d17bd,b52d17b9
b52b88cf,b52b88cb
b529f9e2,b529f9de
b5286af4,b5286af1
b526dc06,b526dc03
b5254d18,b5254d15
b523be2a,b523be27
b5222f3c,b5222f39
b520a04e,b520a04b
b51f1160,b51f115d
b51d8272,b51d826f
b51bf384,b51bf381
b51a6496,b51a6493
b518d5a8,b518d5a5
b51746ba,b51746b7
b515b7cc,b515b7c9
b51428df,b51428dc
b51299f1,b51299ee
b5110b03,b5110b00
b50f7c15,b50f7c12
b50ded27,b50ded25
b50c5e39,b50c5e37
b50acf4b,b50acf49
b509405d,b509405b
b507b16f,b507b16d
b5062281,b506227f
b5049393,b5049391
b50304a5,b50304a3
b50175b7,b50175b5
b4ffe6ca,b4ffe6c6
b4fe57dc,b4fe57d8
b4fcc8ee,b4fcc8ea
b4fb3a00,b4fb39fc
b4f9ab12,b4f9ab0e
b4f81c24,b4f81c20
b4f68d36,b4f68d32
b4f4fe48,b4f4fe44
b4f36f5a,b4f36f56
b4f1e06c,b4f1e068
b4f0517e,b4f0517a
b4eec290,b4eec28d
b4ed33a2,b4ed339f
b4eba4b4,b4eba4b1
b4ea15c7,b4ea15c4
b4e886d9,b4e886d6
b4e6f7eb,b4e6f7e8
b4e568fd,b4e568fa
b4e3da0f,b4e3da0c
b4e24b21,b4e24b1e
b4e0bc33,b4e0bc30
b4df2d45,b4df2d42
b4dd9e57,b4dd9e54
b4dc0f69,b4dc0f66
b4da807b,b4da8078
b4d8f18d,b4d8f18a
b4d7629f,b4d7629c
b4d5d3b2,b4d5d3af
b4d444c4,b4d444c1
b4d2b5d6,b4d2b5d3
b4d126e8,b4d126e5
b4cf97fa,b4cf97f7
b4ce090c,b4ce0909
b4cc7a1e,b4cc7a1b
b4caeb30,b4caeb2d
b4c95c42,b4c95c40
b4c7cd54,b4c7cd52
b4c63e66,b4c63e64
b4c4af78,b4c4af76
b4c3208a,b4c32088
b4c1919c,b4c1919a
b4c002af,b4c002ad
b4be73c1,b4be73bf
b4bce4d3,b4bce4d1
b4bb55e5,b4bb55e3
b4b9c6f7,b4b9c6f5
b4b83809,b4b83807
b4b6a91b,b4b6a919
b4b51a2d,b4b51a2b
b4b38b3f,b4b38b3d
b4b1fc51,b4b1fc4f
b4b06d63,b4b06d61
b4aede75,b4aede73
b4ad4f87,b4ad4f85
b4abc09a,b4abc098
b4aa31ac,b4aa31aa
b4a8a2be,b4a8a2bc
b4a713d0,b4a713ce
b4a584e2,b4a584e0
b4a3f5f4,b4a3f5f2
b4a26706,b4a26704
b4a0d818,b4a0d816
b49f492a,b49f4928
b49dba3c,b49dba3a
b49c2b4e,b49c2b4d
b49a9c60,b49a9c5f
b4990d72,b4990d71
b4977e85,b4977e84
b495ef97,b495ef96
b49460a9,b49460a8
b492d1bb,b492d1ba
b49142cd,b49142cc
b48fb3df,b48fb3de
b48e24f1,b48e24f0
b48c9603,b48c9602
b48b0715,b48b0714
b4897827,b4897826
b487e939,b487e938
b4865a4b,b4865a4a
b484cb5d,b484cb5c
b4833c6f,b4833c6e
b481ad82,b481ad81
b4801e94,b4801e93
b47e8fa6,b47e8fa4
b47d00b8,b47d00b6
b47b71ca,b47b71c8
b479e2dc,b479e2da
b47853ee,b47853ec
b476c500,b476c4fe
b4753612,b4753610
b473a724,b473a722
b4721836,b4721834
b4708948,b4708946
b46efa5a,b46efa58
b46d6b6d,b46d6b6b
b46bdc7f,b46bdc7d
b46a4d91,b46a4d8f
b468bea3,b468bea1
b4672fb5,b4672fb3
b465a0c7,b465a0c5
b46411d9,b46411d7
b46282eb,b46282e9
b460f3fd,b460f3fb
b45f650f,b45f650d
b45dd621,b45dd61f
b45c4733,b45c4732
b45ab845,b45ab844
b4592957,b4592956
b4579a6a,b4579a69
b4560b7c,b4560b7b
b4547c8e,b4547c8d
b452eda0,b452ed9f
b4515eb2,b4515eb1
b44fcfc4,b44fcfc3
b44e40d6,b44e40d5
b44cb1e8,b44cb1e7
b44b22fa,b44b22f9
b449940c,b449940b
b448051e,b448051d
b4467630,b446762f
b444e742,b444e741
b4435855,b4435854
b441c967,b441c966
b4403a79,b4403a78
b43eab8b,b43eab8a
b43d1c9d,b43d1c9c
b43b8daf,b43b8dae
b439fec1,b439fec0
b4386fd3,b4386fd2
b436e0e5,b436e0e4
b43551f7,b43551f6
b433c309,b433c308
b432341b,b432341a
b430a52d,b430a52c
b42f163f,b42f163e
b42d8752,b42d8751
b42bf864,b42bf863
b42a6976,b42a6975
b428da88,b428da87
b4274b9a,b4274b99
b425bcac,b425bcab
b4242dbe,b4242dbd
b4229ed0,b4229ecf
b4210fe2,b4210fe1
b41f80f4,b41f80f3
b41df206,b41df205
b41c6318,b41c6317
b41ad42a,b41ad429
b419453d,b419453c
b417b64f,b417b64e
b4162761,b4162760
b4149873,b4149872
b4130985,b4130984
b4117a97,b4117a96
b40feba9,b40feba8
b40e5cbb,b40e5cba
b40ccdcd,b40ccdcc
b40b3edf,b40b3ede
b409aff1,b409aff0
b4082103,b4082102
b4069215,b4069214
b4050327,b4050326
b403743a,b4037439
b401e54c,b401e54b
b400565e,b400565d
b3fec770,b3fec76f
b3fd3882,b3fd3881
b3fba994,b3fba993
b3fa1aa6,b3fa1aa5
b3f88bb8,b3f88bb7
b3f6fcca,b3f6fcc9
b3f56ddc,b3f56ddb
b3f3deee,b3f3deed
b3f25000,b3f24fff
b3f0c112,b3f0c111
b3ef3225,b3ef3224
b3eda337,b3eda336
b3ec1449,b3ec1448
b3ea855b,b3ea855a
b3e8f66d,b3e8f66c
b3e7677f,b3e7677e
b3e5d891,b3e5d890
b3e449a3,b3e449a2
b3e2bab5,b3e2bab4
b3e12bc7,b3e12bc6
b3df9cd9,b3df9cd8
b3de0deb,b3de0dea
b3dc7efd,b3dc7efc
b3daf00f,b3daf00e
b3d96122,b3d96121
b3d7d234,b3d7d233
b3d64346,b3d64345
b3d4b458,b3d4b457
b3d3256a,b3d32569
b3d1967c,b3d1967b
b3d0078e,b3d0078d
b3ce78a0,b3ce789f
b3cce9b2,b3cce9b1
b3cb5ac4,b3cb5ac3
b3c9cbd6,b3c9cbd5
b3c83ce8,b3c83ce7
b3c6adfa,b3c6adf9
b3c51f0d,b3c51f0c
b3c3901f,b3c3901e
b3c20131,b3c20130
b3c07243,b3c07242
b3bee355,b3bee354
b3bd5467,b3bd5466
b3bbc579,b3bbc578
b3ba368b,b3ba368a
b3b8a79d,b3b8a79c
b3b718af,b3b718ae
b3b589c1,b3b589c0
b3b3fad3,b3b3fad3
b3b26be5,b3b26be5
b3b0dcf7,b3b0dcf7
b3af4e0a,b3af4e0a
b3adbf1c,b3adbf1c
b3ac302e,b3ac302e
b3aaa140,b3aaa140
b3a91252,b3a91252
b3a78364,b3a78364
b3a5f476,b3a5f476
b3a46588,b3a46588
b3a2d69a,b3a2d69a
b3a147ac,b3a147ac
b39fb8be,b39fb8be
b39e29d0,b39e29d0
b39c9ae2,b39c9ae2
b39b0bf5,b39b0bf5
b3997d07,b3997d07
b397ee19,b397ee19
b3965f2b,b3965f2b
b394d03d,b394d03d
b393414f,b393414f
b391b261,b391b261
b3902373,b3902373
b38e9485,b38e9485
b38d0597,b38d0597
b38b76a9,b38b76a9
b389e7bb,b389e7bb
b38858cd,b38858cd
b386c9df,b386c9df
b3853af2,b3853af2
b383ac04,b383ac04
b3821d16,b3821d16
b3808e28,b3808e28
b37eff3a,b37eff3a
b37d704c,b37d704c
b37be15e,b37be15e
b37a5270,b37a5270
b378c382,b378c382
b3773494,b3773494
b375a5a6,b375a5a6
b37416b8,b37416b8
b37287ca,b37287ca
b370f8dd,b370f8dd
b36f69ef,b36f69ef
b36ddb01,b36ddb01
b36c4c13,b36c4c13
b36abd25,b36abd25
b3692e37,b3692e37
b3679f49,b3679f49
b366105b,b366105b
b364816d,b364816d
b362f27f,b362f27f
b3616391,b3616391
b35fd4a3,b35fd4a3
b35e45b5,b35e45b5
b35cb6c7,b35cb6c7
b35b27da,b35b27da
b35998ec,b35998ec
b35809fe,b35809fe
b3567b10,b3567b10
b354ec22,b354ec22
b3535d34,b3535d34
b351ce46,b351ce46
b3503f58,b3503f58
b34eb06a,b34eb06a
b34d217c,b34d217c
b34b928e,b34b928e
b34a03a0,b34a03a0
b34874b2,b34874b2
b346e5c5,b346e5c5
b34556d7,b34556d7
b343c7e9,b343c7e9
b34238fb,b34238fb
b340aa0d,b340aa0d
b33f1b1f,b33f1b1f
b33d8c31,b33d8c31
b33bfd43,b33bfd43
b33a6e55,b33a6e55
b338df67,b338df67
b3375079,b3375079
b335c18b,b335c18b
b334329d,b334329d
b332a3af,b332a3af
b33114c2,b33114c2
b32f85d4,b32f85d4
b32df6e6,b32df6e6
b32c67f8,b32c67f8
b32ad90a,b32ad90a
b3294a1c,b3294a1c
b327bb2e,b327bb2e
b3262c40,b3262c40
b3249d52,b3249d52
b3230e64,b3230e64
b3217f76,b3217f76
b31ff088,b31ff088
b31e619a,b31e619a
b31cd2ad,b31cd2ad
b31b43bf,b31b43bf
b319b4d1,b319b4d1
b31825e3,b31825e3
b31696f5,b31696f5
b3150807,b3150807
b3137919,b3137919
b311ea2b,b311ea2b
b3105b3d,b3105b3d
b30ecc4f,b30ecc4f
b30d3d61,b30d3d61
b30bae73,b30bae73
b30a1f85,b30a1f85
b3089098,b3089098
b30701aa,b30701aa
b30572bc,b30572bc
b303e3ce,b303e3ce
b30254e0,b30254e0
b300c5f2,b300c5f2
b2ff3704,b2ff3704
b2fda816,b2fda816
b2fc1928,b2fc1928
b2fa8a3a,b2fa8a3a
b2f8fb4c,b2f8fb4c
b2f76c5e,b2f76c5e
b2f5dd70,b2f5dd70
b2f44e82,b2f44e82
b2f2bf95,b2f2bf95
b2f130a7,b2f130a7
b2efa1b9,b2efa1b9
b2ee12cb,b2ee12cb
b2ec83dd,b2ec83dd
b2eaf4ef,b2eaf4ef
b2e96601,b2e96601
b2e7d713,b2e7d713
b2e64825,b2e64825
b2e4b937,b2e4b937
b2e32a49,b2e32a49
b2e19b5b,b2e19b5b
b2e00c6d,b2e00c6d
b2de7d80,b2de7d80
b2dcee92,b2dcee92
b2db5fa4,b2db5fa4
b2d9d0b6,b2d9d0b6
b2d841c8,b2d841c8
b2d6b2da,b2d6b2da
b2d523ec,b2d523ec
b2d394fe,b2d394fe
b2d20610,b2d20610
b2d07722,b2d07722
b2cee834,b2cee834
b2cd5946,b2cd5946
b2cbca58,b2cbca58
b2ca3b6a,b2ca3b6a
b2c8ac7d,b2c8ac7d
b2c71d8f,b2c71d8f
b2c58ea1,b2c58ea1
b2c3ffb3,b2c3ffb3
b2c270c5,b2c270c5
b2c0e1d7,b2c0e1d7
b2bf52e9,b2bf52e9
b2bdc3fb,b2bdc3fb
b2bc350d,b2bc350d
b2baa61f,b2baa61f
b2b91731,b2b91731
b2b78843,b2b78843
b2b5f955,b2b5f955
b2b46a68,b2b46a68
b2b2db7a,b2b2db7a
b2b14c8c,b2b14c8c
b2afbd9e,b2afbd9e
b2ae2eb0,b2ae2eb0
b2ac9fc2,b2ac9fc2
b2ab10d4,b2ab10d4
b2a981e6,b2a981e6
b2a7f2f8,b2a7f2f8
b2a6640a,b2a6640a
b2a4d51c,b2a4d51c
b2a3462e,b2a3462e
b2a1b740,b2a1b740
b2a02852,b2a02852
b29e9965,b29e9965
b29d0a77,b29d0a77
b29b7b89,b29b7b89
b299ec9b,b299ec9b
b2985dad,b2985dad
b296cebf,b296cebf
b2953fd1,b2953fd1
b293b0e3,b293b0e3
b29221f5,b29221f5
b2909307,b2909307
b28f0419,b28f0419
b28d752b,b28d752b
b28be63d,b28be63d
b28a5750,b28a5750
b288c862,b288c862
b2873974,b2873974
b285aa86,b285aa86
b2841b98,b2841b98
b2828caa,b2828caa
b280fdbc,b280fdbc
b27f6ece,b27f6ece
b27ddfe0,b27ddfe0
b27c50f2,b27c50f2
b27ac204,b27ac204
b2793316,b2793316
b277a428,b277a428
b276153a,b276153a
b274864d,b274864d
b272f75f,b272f75f
b2716871,b2716871
b26fd983,b26fd983
b26e4a95,b26e4a95
b26cbba7,b26cbba7
b26b2cb9,b26b2cb9
b2699dcb,b2699dcb
b2680edd,b2680edd
b2667fef,b2667fef
b264f101,b264f101
b2636213,b2636213
b261d325,b261d325
b2604438,b2604438
b25eb54a,b25eb54a
b25d265c,b25d265c
b25b976e,b25b976e
b25a0880,b25a0880
b2587992,b2587992
b256eaa4,b256eaa4
b2555bb6,b2555bb6
b253ccc8,b253ccc8
b2523dda,b2523dda
b250aeec,b250aeec
b24f1ffe,b24f1ffe
b24d9110,b24d9110
b24c0222,b24c0222
b24a7335,b24a7335
b248e447,b248e447
b2475559,b2475559
b245c66b,b245c66b
b244377d,b244377d
b242a88f,b242a88f
b24119a1,b24119a1
b23f8ab3,b23f8ab3
b23dfbc5,b23dfbc5
b23c6cd7,b23c6cd7
b23adde9,b23adde9
b2394efb,b2394efb
b237c00d,b237c00d
b2363120,b2363120
b234a232,b234a232
b2331344,b2331344
b2318456,b2318456
b22ff568,b22ff568
b22e667a,b22e667a
b22cd78c,b22cd78c
b22b489e,b22b489e
b229b9b0,b229b9b0
b2282ac2,b2282ac2
b2269bd4,b2269bd4
b2250ce6,b2250ce6
b2237df8,b2237df8
b221ef0a,b221ef0a
b220601d,b220601d
b21ed12f,b21ed12f
b21d4241,b21d4241
b21bb353,b21bb353
b21a2465,b21a2465
b2189577,b2189577
b2170689,b2170689
b215779b,b215779b
b213e8ad,b213e8ad
b21259bf,b21259bf
b210cad1,b210cad1
b20f3be3,b20f3be3
b20dacf5,b20dacf5
b20c1e08,b20c1e08
b20a8f1a,b20a8f1a
b209002c,b209002c
b207713e,b207713e
b205e250,b205e250
b2045362,b2045362
b202c474,b202c474
b2013586,b2013586
b1ffa698,b1ffa698
b1fe17aa,b1fe17aa
b1fc88bc,b1fc88bc
b1faf9ce,b1faf9ce
b1f96ae0,b1f96ae0
b1f7dbf2,b1f7dbf2
b1f64d05,b1f64d05
b1f4be17,b1f4be17
b1f32f29,b1f32f29
b1f1a03b,b1f1a03b
b1f0114d,b1f0114d
b1ee825f,b1ee825f
b1ecf371,b1ecf371
b1eb6483,b1eb6483
b1e9d595,b1e9d595
b1e846a7,b1e846a7
b1e6b7b9,b1e6b7b9
b1e528cb,b1e528cb
b1e399dd,b1e399dd
b1e20af0,b1e20af0
b1e07c02,b1e07c02
b1deed14,b1deed14
b1dd5e26,b1dd5e26
b1dbcf38,b1dbcf38
b1da404a,b1da404a
b1d8b15c,b1d8b15c
b1d7226e,b1d7226e
b1d59380,b1d59380
b1d40492,b1d40492
b1d275a4,b1d275a4
b1d0e6b6,b1d0e6b6
b1cf57c8,b1cf57c8
b1cdc8da,b1cdc8da
b1cc39ed,b1cc39ed
b1caaaff,b1caaaff
b1c91c11,b1c91c11
b1c78d23,b1c78d23
b1c5fe35,b1c5fe35
b1c46f47,b1c46f47
b1c2e059,b1c2e059
b1c1516b,b1c1516b
b1bfc27d,b1bfc27d
b1be338f,b1be338f
b1bca4a1,b1bca4a1
b1bb15b3,b1bb15b3
b1b986c5,b1b986c5
b1b7f7d8,b1b7f7d8
b1b668ea,b1b668ea
b1b4d9fc,b1b4d9fc
b1b34b0e,b1b34b0e
b1b1bc20,b1b1bc20
b1b02d32,b1b02d32
b1ae9e44,b1ae9e44
b1ad0f56,b1ad0f56
b1ab8068,b1ab8068
b1a9f17a,b1a9f17a
b1a8628c,b1a8628c
b1a6d39e,b1a6d39e
b1a544b0,b1a544b0
b1a3b5c2,b1a3b5c2
b1a226d5,b1a226d5
b1a097e7,b1a097e7
b19f08f9,b19f08f9
b19d7a0b,b19d7a0b
b19beb1d,b19beb1d
b19a5c2f,b19a5c2f
b198cd41,b198cd41
b1973e53,b1973e53
b195af65,b195af65
b1942077,b1942077
b1929189,b1929189
b191029b,b191029b
b18f73ad,b18f73ad
b18de4c0,b18de4c0
b18c55d2,b18c55d2
b18ac6e4,b18ac6e4
b18937f6,b18937f6
b187a908,b187a908
b1861a1a,b1861a1a
b1848b2c,b1848b2c
b182fc3e,b182fc3e
b1816d50,b1816d50
b17fde62,b17fde62
b17e4f74,b17e4f74
b17cc086,b17cc086
b17b3198,b17b3198
b179a2ab,b179a2ab
b17813bd,b17813bd
b17684cf,b17684cf
b174f5e1,b174f5e1
b17366f3,b17366f3
b171d805,b171d805
b1704917,b1704917
b16eba29,b16eba29
b16d2b3b,b16d2b3b
b16b9c4d,b16b9c4d
b16a0d5f,b16a0d5f
b1687e71,b1687e71
b166ef83,b166ef83
b1656095,b1656095
b163d1a8,b163d1a8
b16242ba,b16242ba
b160b3cc,b160b3cc
b15f24de,b15f24de
b15d95f0,b15d95f0
b15c0702,b15c0702
b15a7814,b15a7814
b158e926,b158e926
b1575a38,b1575a38
b155cb4a,b155cb4a
b1543c5c,b1543c5c
b152ad6e,b152ad6e
b1511e80,b1511e80
b14f8f93,b14f8f93
b14e00a5,b14e00a5
b14c71b7,b14c71b7
b14ae2c9,b14ae2c9
b14953db,b14953db
b147c4ed,b147c4ed
b14635ff,b14635ff
b144a711,b144a711
b1431823,b1431823
b1418935,b1418935
b13ffa47,b13ffa47
b13e6b59,b13e6b59
b13cdc6b,b13cdc6b
b13b4d7d,b13b4d7d
b139be90,b139be90
b1382fa2,b1382fa2
b136a0b4,b136a0b4
b13511c6,b13511c6
b13382d8,b13382d8
b131f3ea,b131f3ea
b13064fc,b13064fc
b12ed60e,b12ed60e
b12d4720,b12d4720
b12bb832,b12bb832
b12a2944,b12a2944
b1289a56,b1289a56
b1270b68,b1270b68
b1257c7b,b1257c7b
b123ed8d,b123ed8d
b1225e9f,b1225e9f
b120cfb1,b120cfb1
b11f40c3,b11f40c3
b11db1d5,b11db1d5
b11c22e7,b11c22e7
b11a93f9,b11a93f9
b119050b,b119050b
b117761d,b117761d
b115e72f,b115e72f
b1145841,b1145841
b112c953,b112c953
b1113a65,b1113a65
b10fab78,b10fab78
b10e1c8a,b10e1c8a
b10c8d9c,b10c8d9c
b10afeae,b10afeae
b1096fc0,b1096fc0
b107e0d2,b107e0d2
b10651e4,b10651e4
b104c2f6,b104c2f6
b1033408,b1033408
b101a51a,b101a51a
b100162c,b100162c
b0fe873e,b0fe873e
b0fcf850,b0fcf850
b0fb6963,b0fb6963
b0f9da75,b0f9da75
b0f84b87,b0f84b87
b0f6bc99,b0f6bc99
b0f52dab,b0f52dab
b0f39ebd,b0f39ebd
b0f20fcf,b0f20fcf
b0f080e1,b0f080e1
b0eef1f3,b0eef1f3
b0ed6305,b0ed6305
b0ebd417,b0ebd417
b0ea4529,b0ea4529
b0e8b63b,b0e8b63b
b0e7274d,b0e7274d
b0e59860,b0e59860
b0e40972,b0e40972
b0e27a84,b0e27a84
b0e0eb96,b0e0eb96
b0df5ca8,b0df5ca8
b0ddcdba,b0ddcdba
b0dc3ecc,b0dc3ecc
b0daafde,b0daafde
b0d920f0,b0d920f0
b0d79202,b0d79202
b0d60314,b0d60314
b0d47426,b0d47426
b0d2e538,b0d2e538
b0d1564b,b0d1564b
b0cfc75d,b0cfc75d
b0ce386f,b0ce386f
b0cca981,b0cca981
b0cb1a93,b0cb1a93
b0c98ba5,b0c98ba5
b0c7fcb7,b0c7fcb7
b0c66dc9,b0c66dc9
b0c4dedb,b0c4dedb
b0c34fed,b0c34fed
b0c1c0ff,b0c1c0ff
b0c03211,b0c03211
b0bea323,b0bea323
b0bd1435,b0bd1435
b0bb8548,b0bb8548
b0b9f65a,b0b9f65a
b0b8676c,b0b8676c
b0b6d87e,b0b6d87e
b0b54990,b0b54990
b0b3baa2,b0b3baa2
b0b22bb4,b0b22bb4
b0b09cc6,b0b09cc6
b0af0dd8,b0af0dd8
b0ad7eea,b0ad7eea
b0abeffc,b0abeffc
b0aa610e,b0aa610e
b0a8d220,b0a8d220
b0a74333,b0a74333
b0a5b445,b0a5b445
b0a42557,b0a42557
b0a29669,b0a29669
b0a1077b,b0a1077b
b09f788d,b09f788d
b09de99f,b09de99f
b09c5ab1,b09c5ab1
b09acbc3,b09acbc3
b0993cd5,b0993cd5
b097ade7,b097ade7
b0961ef9,b0961ef9
b094900b,b094900b
b093011d,b093011d
b0917230,b0917230
b08fe342,b08fe342
b08e5454,b08e5454
b08cc566,b08cc566
b08b3678,b08b3678
b089a78a,b089a78a
b088189c,b088189c
b08689ae,b08689ae
b084fac0,b084fac0
b0836bd2,b0836bd2
b081dce4,b081dce4
b0804df6,b0804df6
b07ebf08,b07ebf08
b07d301b,b07d301b
b07ba12d,b07ba12d
b07a123f,b07a123f
b0788351,b0788351
b076f463,b076f463
b0756575,b0756575
b073d687,b073d687
b0724799,b0724799
b070b8ab,b070b8ab
b06f29bd,b06f29bd
b06d9acf,b06d9acf
b06c0be1,b06c0be1
b06a7cf3,b06a7cf3
b068ee05,b068ee05
b0675f18,b0675f18
b065d02a,b065d02a
b064413c,b064413c
b062b24e,b062b24e
b0612360,b0612360
b05f9472,b05f9472
b05e0584,b05e0584
b05c7696,b05c7696
b05ae7a8,b05ae7a8
b05958ba,b05958ba
b057c9cc,b057c9cc
b0563ade,b0563ade
b054abf0,b054abf0
b0531d03,b0531d03
b0518e15,b0518e15
b04fff27,b04fff27
b04e7039,b04e7039
b04ce14b,b04ce14b
b04b525d,b04b525d
b049c36f,b049c36f
b0483481,b0483481
b046a593,b046a593
b04516a5,b04516a5
b04387b7,b04387b7
b041f8c9,b041f8c9
b04069db,b04069db
b03edaed,b03edaed
b03d4c00,b03d4c00
b03bbd12,b03bbd12
b03a2e24,b03a2e24
b0389f36,b0389f36
b0371048,b0371048
b035815a,b035815a
b033f26c,b033f26c
b032637e,b032637e
b030d490,b030d490
b02f45a2,b02f45a2
b02db6b4,b02db6b4
b02c27c6,b02c27c6
b02a98d8,b02a98d8
b02909eb,b02909eb
b0277afd,b0277afd
b025ec0f,b025ec0f
b0245d21,b0245d21
b022ce33,b022ce33
b0213f45,b0213f45
b01fb057,b01fb057
b01e2169,b01e2169
b01c927b,b01c927b
b01b038d,b01b038d
b019749f,b019749f
b017e5b1,b017e5b1
b01656c3,b01656c3
b014c7d5,b014c7d5
b01338e8,b01338e8
b011a9fa,b011a9fa
b0101b0c,b0101b0c
b00e8c1e,b00e8c1e
b00cfd30,b00cfd30
b00b6e42,b00b6e42
b009df54,b009df54
b0085066,b0085066
b006c178,b006c178
b005328a,b005328a
b003a39c,b003a39c
b00214ae,b00214ae
b00085c0,b00085c0
affef6d3,affef6d3
affd67e5,affd67e5
affbd8f7,affbd8f7
affa4a09,affa4a09
aff8bb1b,aff8bb1b
aff72c2d,aff72c2d
aff59d3f,aff59d3f
aff40e51,aff40e51
aff27f63,aff27f63
aff0f075,aff0f075
afef6187,afef6187
afedd299,afedd299
afec43ab,afec43ab
afeab4be,afeab4be
afe925d0,afe925d0
afe796e2,afe796e2
afe607f4,afe607f4
afe47906,afe47906
afe2ea18,afe2ea18
afe15b2a,afe15b2a
afdfcc3c,afdfcc3c
afde3d4e,afde3d4e
afdcae60,afdcae60
afdb1f72,afdb1f72
afd99084,afd99084
afd80196,afd80196
afd672a8,afd672a8
afd4e3bb,afd4e3bb
afd354cd,afd354cd
afd1c5df,afd1c5df
afd036f1,afd036f1
afcea803,afcea803
afcd1915,afcd1915
afcb8a27,afcb8a27
afc9fb39,afc9fb39
afc86c4b,afc86c4b
afc6dd5d,afc6dd5d
afc54e6f,afc54e6f
afc3bf81,afc3bf81
afc23093,afc23093
afc0a1a6,afc0a1a6
afbf12b8,afbf12b8
afbd83ca,afbd83ca
afbbf4dc,afbbf4dc
afba65ee,afba65ee
afb8d700,afb8d700
afb74812,afb74812
afb5b924,afb5b924
afb42a36,afb42a36
afb29b48,afb29b48
afb10c5a,afb10c5a
afaf7d6c,afaf7d6c
afadee7e,afadee7e
afac5f90,afac5f90
afaad0a3,afaad0a3
afa941b5,afa941b5
afa7b2c7,afa7b2c7
afa623d9,afa623d9
afa494eb,afa494eb
afa305fd,afa305fd
afa1770f,afa1770f
af9fe821,af9fe821
af9e5933,af9e5933
af9cca45,af9cca45
af9b3b57,af9b3b57
af99ac69,af99ac69
af981d7b,af981d7b
af968e8e,af968e8e
af94ffa0,af94ffa0
af9370b2,af9370b2
af91e1c4,af91e1c4
af9052d6,af9052d6
af8ec3e8,af8ec3e8
af8d34fa,af8d34fa
af8ba60c,af8ba60c
af8a171e,af8a171e
af888830,af888830
af86f942,af86f942
af856a54,af856a54
af83db66,af83db66
af824c78,af824c78
af80bd8b,af80bd8b
af7f2e9d,af7f2e9d
af7d9faf,af7d9faf
af7c10c1,af7c10c1
af7a81d3,af7a81d3
af78f2e5,af78f2e5
af7763f7,af7763f7
af75d509,af75d509
af74461b,af74461b
af72b72d,af72b72d
af71283f,af71283f
af6f9951,af6f9951
af6e0a63,af6e0a63
af6c7b76,af6c7b76
af6aec88,af6aec88
af695d9a,af695d9a
af67ceac,af67ceac
af663fbe,af663fbe
af64b0d0,af64b0d0
af6321e2,af6321e2
af6192f4,af6192f4
af600406,af600406
af5e7518,af5e7518
af5ce62a,af5ce62a
af5b573c,af5b573c
af59c84e,af59c84e
af583960,af583960
af56aa73,af56aa73
af551b85,af551b85
af538c97,af538c97
af51fda9,af51fda9
af506ebb,af506ebb
af4edfcd,af4edfcd
af4d50df,af4d50df
af4bc1f1,af4bc1f1
af4a3303,af4a3303
af48a415,af48a415
af471527,af471527
af458639,af458639
af43f74b,af43f74b
af42685e,af42685e
af40d970,af40d970
af3f4a82,af3f4a82
af3dbb94,af3dbb94
af3c2ca6,af3c2ca6
af3a9db8,af3a9db8
af390eca,af390eca
af377fdc,af377fdc
af35f0ee,af35f0ee
af346200,af346200
af32d312,af32d312
af314424,af314424
af2fb536,af2fb536
af2e2648,af2e2648
af2c975b,af2c975b
af2b086d,af2b086d
af29797f,af29797f
af27ea91,af27ea91
af265ba3,af265ba3
af24ccb5,af24ccb5
af233dc7,af233dc7
af21aed9,af21aed9
af201feb,af201feb
af1e90fd,af1e90fd
af1d020f,af1d020f
af1b7321,af1b7321
af19e433,af19e433
af185546,af185546
af16c658,af16c658
af15376a,af15376a
af13a87c,af13a87c
af12198e,af12198e
af108aa0,af108aa0
af0efbb2,af0efbb2
af0d6cc4,af0d6cc4
af0bddd6,af0bddd6
af0a4ee8,af0a4ee8
af08bffa,af08bffa
af07310c,af07310c
af05a21e,af05a21e
af041330,af041330
af028443,af028443
af00f555,af00f555
aeff6667,aeff6667
aefdd779,aefdd779
aefc488b,aefc488b
aefab99d,aefab99d
aef92aaf,aef92aaf
aef79bc1,aef79bc1
aef60cd3,aef60cd3
aef47de5,aef47de5
aef2eef7,aef2eef7
aef16009,aef16009
aeefd11b,aeefd11b
aeee422e,aeee422e
aeecb340,aeecb340
aeeb2452,aeeb2452
aee99564,aee99564
aee80676,aee80676
aee67788,aee67788
aee4e89a,aee4e89a
aee359ac,aee359ac
aee1cabe,aee1cabe
aee03bd0,aee03bd0
aedeace2,aedeace2
aedd1df4,aedd1df4
aedb8f06,aedb8f06
aeda0018,aeda0018
aed8712b,aed8712b
aed6e23d,aed6e23d
aed5534f,aed5534f
aed3c461,aed3c461
aed23573,aed23573
aed0a685,aed0a685
aecf1797,aecf1797
aecd88a9,aecd88a9
aecbf9bb,aecbf9bb
aeca6acd,aeca6acd
aec8dbdf,aec8dbdf
aec74cf1,aec74cf1
aec5be03,aec5be03
aec42f16,aec42f16
aec2a028,aec2a028
aec1113a,aec1113a
aebf824c,aebf824c
aebdf35e,aebdf35e
aebc6470,aebc6470
aebad582,aebad582
aeb94694,aeb94694
aeb7b7a6,aeb7b7a6
aeb628b8,aeb628b8
aeb499ca,aeb499ca
aeb30adc,aeb30adc
aeb17bee,aeb17bee
aeafed00,aeafed00
aeae5e13,aeae5e13
aeaccf25,aeaccf25
aeab4037,aeab4037
aea9b149,aea9b149
aea8225b,aea8225b
aea6936d,aea6936d
aea5047f,aea5047f
aea37591,aea37591
aea1e6a3,aea1e6a3
aea057b5,aea057b5
ae9ec8c7,ae9ec8c7
ae9d39d9,ae9d39d9
ae9baaeb,ae9baaeb
ae9a1bfe,ae9a1bfe
ae988d10,ae988d10
ae96fe22,ae96fe22
ae956f34,ae956f34
ae93e046,ae93e046
ae925158,ae925158
ae90c26a,ae90c26a
ae8f337c,ae8f337c
ae8da48e,ae8da48e
ae8c15a0,ae8c15a0
ae8a86b2,ae8a86b2
ae88f7c4,ae88f7c4
ae8768d6,ae8768d6
ae85d9e8,ae85d9e8
ae844afb,ae844afb
ae82bc0d,ae82bc0d
ae812d1f,ae812d1f
ae7f9e31,ae7f9e31
ae7e0f43,ae7e0f43
ae7c8055,ae7c8055
ae7af167,ae7af167
ae796279,ae796279
ae77d38b,ae77d38b
ae76449d,ae76449d
ae74b5af,ae74b5af
ae7326c1,ae7326c1
ae7197d3,ae7197d3
ae7008e6,ae7008e6
ae6e79f8,ae6e79f8
ae6ceb0a,ae6ceb0a
ae6b5c1c,ae6b5c1c
ae69cd2e,ae69cd2e
ae683e40,ae683e40
ae66af52,ae66af52
ae652064,ae652064
ae639176,ae639176
ae620288,ae620288
ae60739a,ae60739a
ae5ee4ac,ae5ee4ac
ae5d55be,ae5d55be
ae5bc6d1,ae5bc6d1
ae5a37e3,ae5a37e3
ae58a8f5,ae58a8f5
ae571a07,ae571a07
ae558b19,ae558b19
ae53fc2b,ae53fc2b
ae526d3d,ae526d3d
ae50de4f,ae50de4f
ae4f4f61,ae4f4f61
ae4dc073,ae4dc073
ae4c3185,ae4c3185
ae4aa297,ae4aa297
ae4913a9,ae4913a9
ae4784bb,ae4784bb
ae45f5ce,ae45f5ce
ae4466e0,ae4466e0
ae42d7f2,ae42d7f2
ae414904,ae414904
ae3fba16,ae3fba16
ae3e2b28,ae3e2b28
ae3c9c3a,ae3c9c3a
ae3b0d4c,ae3b0d4c
ae397e5e,ae397e5e
ae37ef70,ae37ef70
ae366082,ae366082
ae34d194,ae34d194
ae3342a6,ae3342a6
ae31b3b9,ae31b3b9
ae3024cb,ae3024cb
ae2e95dd,ae2e95dd
ae2d06ef,ae2d06ef
ae2b7801,ae2b7801
ae29e913,ae29e913
ae285a25,ae285a25
ae26cb37,ae26cb37
ae253c49,ae253c49
ae23ad5b,ae23ad5b
ae221e6d,ae221e6d
ae208f7f,ae208f7f
ae1f0091,ae1f0091
ae1d71a3,ae1d71a3
ae1be2b6,ae1be2b6
ae1a53c8,ae1a53c8
ae18c4da,ae18c4da
ae1735ec,ae1735ec
ae15a6fe,ae15a6fe
ae141810,ae141810
ae128922,ae128922
ae10fa34,ae10fa34
ae0f6b46,ae0f6b46
ae0ddc58,ae0ddc58
ae0c4d6a,ae0c4d6a
ae0abe7c,ae0abe7c
ae092f8e,ae092f8e
ae07a0a1,ae07a0a1
ae0611b3,ae0611b3
ae0482c5,ae0482c5
ae02f3d7,ae02f3d7
ae0164e9,ae0164e9
adffd5fb,adffd5fb
adfe470d,adfe470d
adfcb81f,adfcb81f
adfb2931,adfb2931
adf99a43,adf99a43
adf80b55,adf80b55
adf67c67,adf67c67
adf4ed79,adf4ed79
adf35e8b,adf35e8b
adf1cf9e,adf1cf9e
adf040b0,adf040b0
adeeb1c2,adeeb1c2
aded22d4,aded22d4
adeb93e6,adeb93e6
adea04f8,adea04f8
ade8760a,ade8760a
ade6e71c,ade6e71c
ade5582e,ade5582e
ade3c940,ade3c940
ade23a52,ade23a52
ade0ab64,ade0ab64
addf1c76,addf1c76
addd8d89,addd8d89
addbfe9b,addbfe9b
adda6fad,adda6fad
add8e0bf,add8e0bf
add751d1,add751d1
add5c2e3,add5c2e3
add433f5,add433f5
add2a507,add2a507
add11619,add11619
adcf872b,adcf872b
adcdf83d,adcdf83d
adcc694f,adcc694f
adcada61,adcada61
adc94b73,adc94b73
adc7bc86,adc7bc86
adc62d98,adc62d98
adc49eaa,adc49eaa
adc30fbc,adc30fbc
adc180ce,adc180ce
adbff1e0,adbff1e0
adbe62f2,adbe62f2
adbcd404,adbcd404
adbb4516,adbb4516
adb9b628,adb9b628
adb8273a,adb8273a
adb6984c,adb6984c
adb5095e,adb5095e
adb37a71,adb37a71
adb1eb83,adb1eb83
adb05c95,adb05c95
adaecda7,adaecda7
adad3eb9,adad3eb9
adabafcb,adabafcb
adaa20dd,adaa20dd
ada891ef,ada891ef
ada70301,ada70301
ada57413,ada57413
ada3e525,ada3e525
ada25637,ada25637
ada0c749,ada0c749
ad9f385b,ad9f385b
ad9da96e,ad9da96e
ad9c1a80,ad9c1a80
ad9a8b92,ad9a8b92
ad98fca4,ad98fca4
ad976db6,ad976db6
ad95dec8,ad95dec8
ad944fda,ad944fda
ad92c0ec,ad92c0ec
ad9131fe,ad9131fe
ad8fa310,ad8fa310
ad8e1422,ad8e1422
ad8c8534,ad8c8534
ad8af646,ad8af646
ad896759,ad896759
ad87d86b,ad87d86b
ad86497d,ad86497d
ad84ba8f,ad84ba8f
ad832ba1,ad832ba1
ad819cb3,ad819cb3
ad800dc5,ad800dc5
ad7e7ed7,ad7e7ed7
ad7cefe9,ad7cefe9
ad7b60fb,ad7b60fb
ad79d20d,ad79d20d
ad78431f,ad78431f
ad76b431,ad76b431
ad752543,ad752543
ad739656,ad739656
ad720768,ad720768
ad70787a,ad70787a
ad6ee98c,ad6ee98c
ad6d5a9e,ad6d5a9e
ad6bcbb0,ad6bcbb0
ad6a3cc2,ad6a3cc2
ad68add4,ad68add4
ad671ee6,ad671ee6
ad658ff8,ad658ff8
ad64010a,ad64010a
ad62721c,ad62721c
ad60e32e,ad60e32e
ad5f5441,ad5f5441
ad5dc553,ad5dc553
ad5c3665,ad5c3665
ad5aa777,ad5aa777
ad591889,ad591889
ad57899b,ad57899b
ad55faad,ad55faad
ad546bbf,ad546bbf
ad52dcd1,ad52dcd1
ad514de3,ad514de3
ad4fbef5,ad4fbef5
ad4e3007,ad4e3007
ad4ca119,ad4ca119
ad4b122b,ad4b122b
ad49833e,ad49833e
ad47f450,ad47f450
ad466562,ad466562
ad44d674,ad44d674
ad434786,ad434786
ad41b898,ad41b898
ad4029aa,ad4029aa
ad3e9abc,ad3e9abc
ad3d0bce,ad3d0bce
ad3b7ce0,ad3b7ce0
ad39edf2,ad39edf2
ad385f04,ad385f04
ad36d016,ad36d016
ad354129,ad354129
ad33b23b,ad33b23b
ad32234d,ad32234d
ad30945f,ad30945f
ad2f0571,ad2f0571
ad2d7683,ad2d7683
ad2be795,ad2be795
ad2a58a7,ad2a58a7
ad28c9b9,ad28c9b9
ad273acb,ad273acb
ad25abdd,ad25abdd
ad241cef,ad241cef
ad228e01,ad228e01
ad20ff13,ad20ff13
ad1f7026,ad1f7026
ad1de138,ad1de138
ad1c524a,ad1c524a
ad1ac35c,ad1ac35c
ad19346e,ad19346e
ad17a580,ad17a580
ad161692,ad161692
ad1487a4,ad1487a4
ad12f8b6,ad12f8b6
ad1169c8,ad1169c8
ad0fdada,ad0fdada
ad0e4bec,ad0e4bec
ad0cbcfe,ad0cbcfe
ad0b2e11,ad0b2e11
ad099f23,ad099f23
ad081035,ad081035
ad068147,ad068147
ad04f259,ad04f259
ad03636b,ad03636b
ad01d47d,ad01d47d
ad00458f,ad00458f
acfeb6a1,acfeb6a1
acfd27b3,acfd27b3
acfb98c5,acfb98c5
acfa09d7,acfa09d7
acf87ae9,acf87ae9
acf6ebfb,acf6ebfb
acf55d0e,acf55d0e
acf3ce20,acf3ce20
acf23f32,acf23f32
acf0b044,acf0b044
acef2156,acef2156
aced9268,aced9268
acec037a,acec037a
acea748c,acea748c
ace8e59e,ace8e59e
ace756b0,ace756b0
ace5c7c2,ace5c7c2
ace438d4,ace438d4
ace2a9e6,ace2a9e6
ace11af9,ace11af9
acdf8c0b,acdf8c0b
acddfd1d,acddfd1d
acdc6e2f,acdc6e2f
acdadf41,acdadf41
acd95053,acd95053
acd7c165,acd7c165
acd63277,acd63277
acd4a389,acd4a389
acd3149b,acd3149b
acd185ad,acd185ad
accff6bf,accff6bf
acce67d1,acce67d1
acccd8e4,acccd8e4
accb49f6,accb49f6
acc9bb08,acc9bb08
acc82c1a,acc82c1a
acc69d2c,acc69d2c
acc50e3e,acc50e3e
acc37f50,acc37f50
acc1f062,acc1f062
acc06174,acc06174
acbed286,acbed286
acbd4398,acbd4398
acbbb4aa,acbbb4aa
acba25bc,acba25bc
acb896ce,acb896ce
acb707e1,acb707e1
acb578f3,acb578f3
acb3ea05,acb3ea05
acb25b17,acb25b17
acb0cc29,acb0cc29
acaf3d3b,acaf3d3b
acadae4d,acadae4d
acac1f5f,acac1f5f
acaa9071,acaa9071
aca90183,aca90183
aca77295,aca77295
aca5e3a7,aca5e3a7
aca454b9,aca454b9
aca2c5cc,aca2c5cc
aca136de,aca136de
ac9fa7f0,ac9fa7f0
ac9e1902,ac9e1902
ac9c8a14,ac9c8a14
ac9afb26,ac9afb26
ac996c38,ac996c38
ac97dd4a,ac97dd4a
ac964e5c,ac964e5c
ac94bf6e,ac94bf6e
ac933080,ac933080
ac91a192,ac91a192
ac9012a4,ac9012a4
ac8e83b6,ac8e83b6
ac8cf4c9,ac8cf4c9
ac8b65db,ac8b65db
ac89d6ed,ac89d6ed
ac8847ff,ac8847ff
ac86b911,ac86b911
ac852a23,ac852a23
ac839b35,ac839b35
ac820c47,ac820c47
ac807d59,ac807d59
ac7eee6b,ac7eee6b
ac7d5f7d,ac7d5f7d
ac7bd08f,ac7bd08f
ac7a41a1,ac7a41a1
ac78b2b4,ac78b2b4
ac7723c6,ac7723c6
ac7594d8,ac7594d8
ac7405ea,ac7405ea
ac7276fc,ac7276fc
ac70e80e,ac70e80e
ac6f5920,ac6f5920
ac6dca32,ac6dca32
ac6c3b44,ac6c3b44
ac6aac56,ac6aac56
ac691d68,ac691d68
ac678e7a,ac678e7a
ac65ff8c,ac65ff8c
ac64709e,ac64709e
ac62e1b1,ac62e1b1
ac6152c3,ac6152c3
ac5fc3d5,ac5fc3d5
ac5e34e7,ac5e34e7
ac5ca5f9,ac5ca5f9
ac5b170b,ac5b170b
ac59881d,ac59881d
ac57f92f,ac57f92f
ac566a41,ac566a41
ac54db53,ac54db53
ac534c65,ac534c65
ac51bd77,ac51bd77
ac502e89,ac502e89
ac4e9f9c,ac4e9f9c
ac4d10ae,ac4d10ae
ac4b81c0,ac4b81c0
ac49f2d2,ac49f2d2
ac4863e4,ac4863e4
ac46d4f6,ac46d4f6
ac454608,ac454608
ac43b71a,ac43b71a
ac42282c,ac42282c
ac40993e,ac40993e
ac3f0a50,ac3f0a50
ac3d7b62,ac3d7b62
ac3bec74,ac3bec74
ac3a5d86,ac3a5d86
ac38ce99,ac38ce99
ac373fab,ac373fab
ac35b0bd,ac35b0bd
ac3421cf,ac3421cf
ac3292e1,ac3292e1
ac3103f3,ac3103f3
ac2f7505,ac2f7505
ac2de617,ac2de617
ac2c5729,ac2c5729
ac2ac83b,ac2ac83b
ac29394d,ac29394d
ac27aa5f,ac27aa5f
ac261b71,ac261b71
ac248c84,ac248c84
ac22fd96,ac22fd96
ac216ea8,ac216ea8
ac1fdfba,ac1fdfba
ac1e50cc,ac1e50cc
ac1cc1de,ac1cc1de
ac1b32f0,ac1b32f0
ac19a402,ac19a402
ac181514,ac181514
ac168626,ac168626
ac14f738,ac14f738
ac13684a,ac13684a
ac11d95c,ac11d95c
ac104a6e,ac104a6e
ac0ebb81,ac0ebb81
ac0d2c93,ac0d2c93
ac0b9da5,ac0b9da5
ac0a0eb7,ac0a0eb7
ac087fc9,ac087fc9
ac06f0db,ac06f0db
ac0561ed,ac0561ed
ac03d2ff,ac03d2ff
ac024411,ac024411
ac00b523,ac00b523
abff2635,abff2635
abfd9747,abfd9747
abfc0859,abfc0859
abfa796c,abfa796c
abf8ea7e,abf8ea7e
abf75b90,abf75b90
abf5cca2,abf5cca2
abf43db4,abf43db4
abf2aec6,abf2aec6
abf11fd8,abf11fd8
abef90ea,abef90ea
abee01fc,abee01fc
abec730e,abec730e
abeae420,abeae420
abe95532,abe95532
abe7c644,abe7c644
abe63756,abe63756
abe4a869,abe4a869
abe3197b,abe3197b
abe18a8d,abe18a8d
abdffb9f,abdffb9f
abde6cb1,abde6cb1
abdcddc3,abdcddc3
abdb4ed5,abdb4ed5
abd9bfe7,abd9bfe7
abd830f9,abd830f9
abd6a20b,abd6a20b
abd5131d,abd5131d
abd3842f,abd3842f
abd1f541,abd1f541
abd06654,abd06654
abced766,abced766
abcd4878,abcd4878
abcbb98a,abcbb98a
abca2a9c,abca2a9c
abc89bae,abc89bae
abc70cc0,abc70cc0
abc57dd2,abc57dd2
abc3eee4,abc3eee4
abc25ff6,abc25ff6
abc0d108,abc0d108
abbf421a,abbf421a
abbdb32c,abbdb32c
abbc243e,abbc243e
abba9551,abba9551
abb90663,abb90663
abb77775,abb77775
abb5e887,abb5e887
abb45999,abb45999
abb2caab,abb2caab
abb13bbd,abb13bbd
abafaccf,abafaccf
abae1de1,abae1de1
abac8ef3,abac8ef3
abab0005,abab0005
aba97117,aba97117
aba7e229,aba7e229
aba6533c,aba6533c
aba4c44e,aba4c44e
aba33560,aba33560
aba1a672,aba1a672
aba01784,aba01784
ab9e8896,ab9e8896
ab9cf9a8,ab9cf9a8
ab9b6aba,ab9b6aba
ab99dbcc,ab99dbcc
ab984cde,ab984cde
ab96bdf0,ab96bdf0
ab952f02,ab952f02
ab93a014,ab93a014
ab921126,ab921126
ab908239,ab908239
ab8ef34b,ab8ef34b
ab8d645d,ab8d645d
ab8bd56f,ab8bd56f
ab8a4681,ab8a4681
ab88b793,ab88b793
ab8728a5,ab8728a5
ab8599b7,ab8599b7
ab840ac9,ab840ac9
ab827bdb,ab827bdb
ab80eced,ab80eced
ab7f5dff,ab7f5dff
ab7dcf11,ab7dcf11
ab7c4024,ab7c4024
ab7ab136,ab7ab136
ab792248,ab792248
ab77935a,ab77935a
ab76046c,ab76046c
ab74757e,ab74757e
ab72e690,ab72e690
ab7157a2,ab7157a2
ab6fc8b4,ab6fc8b4
ab6e39c6,ab6e39c6
ab6caad8,ab6caad8
ab6b1bea,ab6b1bea
ab698cfc,ab698cfc
ab67fe0e,ab67fe0e
ab666f21,ab666f21
ab64e033,ab64e033
ab635145,ab635145
ab61c257,ab61c257
ab603369,ab603369
ab5ea47b,ab5ea47b
ab5d158d,ab5d158d
ab5b869f,ab5b869f
ab59f7b1,ab59f7b1
ab5868c3,ab5868c3
ab56d9d5,ab56d9d5
ab554ae7,ab554ae7
ab53bbf9,ab53bbf9
ab522d0c,ab522d0c
ab509e1e,ab509e1e
ab4f0f30,ab4f0f30
ab4d8042,ab4d8042
ab4bf154,ab4bf154
ab4a6266,ab4a6266
ab48d378,ab48d378
ab47448a,ab47448a
ab45b59c,ab45b59c
ab4426ae,ab4426ae
ab4297c0,ab4297c0
ab4108d2,ab4108d2
ab3f79e4,ab3f79e4
ab3deaf7,ab3deaf7
ab3c5c09,ab3c5c09
ab3acd1b,ab3acd1b
ab393e2d,ab393e2d
ab37af3f,ab37af3f
ab362051,ab362051
ab349163,ab349163
ab330275,ab330275
ab317387,ab317387
ab2fe499,ab2fe499
ab2e55ab,ab2e55ab
ab2cc6bd,ab2cc6bd
ab2b37cf,ab2b37cf
ab29a8e1,ab29a8e1
ab2819f4,ab2819f4
ab268b06,ab268b06
ab24fc18,ab24fc18
ab236d2a,ab236d2a
ab21de3c,ab21de3c
ab204f4e,ab204f4e
ab1ec060,ab1ec060
ab1d3172,ab1d3172
ab1ba284,ab1ba284
ab1a1396,ab1a1396
ab1884a8,ab1884a8
ab16f5ba,ab16f5ba
ab1566cc,ab1566cc
ab13d7df,ab13d7df
ab1248f1,ab1248f1
ab10ba03,ab10ba03
ab0f2b15,ab0f2b15
ab0d9c27,ab0d9c27
ab0c0d39,ab0c0d39
ab0a7e4b,ab0a7e4b
ab08ef5d,ab08ef5d
ab07606f,ab07606f
ab05d181,ab05d181
ab044293,ab044293
ab02b3a5,ab02b3a5
ab0124b7,ab0124b7
aaff95c9,aaff95c9
aafe06dc,aafe06dc
aafc77ee,aafc77ee
aafae900,aafae900
aaf95a12,aaf95a12
aaf7cb24,aaf7cb24
aaf63c36,aaf63c36
aaf4ad48,aaf4ad48
aaf31e5a,aaf31e5a
aaf18f6c,aaf18f6c
aaf0007e,aaf0007e
aaee7190,aaee7190
aaece2a2,aaece2a2
aaeb53b4,aaeb53b4
aae9c4c7,aae9c4c7
aae835d9,aae835d9
aae6a6eb,aae6a6eb
aae517fd,aae517fd
aae3890f,aae3890f
aae1fa21,aae1fa21
aae06b33,aae06b33
aadedc45,aadedc45
aadd4d57,aadd4d57
aadbbe69,aadbbe69
aada2f7b,aada2f7b
aad8a08d,aad8a08d
aad7119f,aad7119f
aad582b1,aad582b1
aad3f3c4,aad3f3c4
aad264d6,aad264d6
aad0d5e8,aad0d5e8
aacf46fa,aacf46fa
aacdb80c,aacdb80c
aacc291e,aacc291e
aaca9a30,aaca9a30
aac90b42,aac90b42
aac77c54,aac77c54
aac5ed66,aac5ed66
aac45e78,aac45e78
aac2cf8a,aac2cf8a
aac1409c,aac1409c
aabfb1af,aabfb1af
aabe22c1,aabe22c1
aabc93d3,aabc93d3
aabb04e5,aabb04e5
aab975f7,aab975f7
aab7e709,aab7e709
aab6581b,aab6581b
aab4c92d,aab4c92d
aab33a3f,aab33a3f
aab1ab51,aab1ab51
aab01c63,aab01c63
aaae8d75,aaae8d75
aaacfe87,aaacfe87
aaab6f99,aaab6f99
aaa9e0ac,aaa9e0ac
aaa851be,aaa851be
aaa6c2d0,aaa6c2d0
aaa533e2,aaa533e2
aaa3a4f4,aaa3a4f4
aaa21606,aaa21606
aaa08718,aaa08718
aa9ef82a,aa9ef82a
aa9d693c,aa9d693c
aa9bda4e,aa9bda4e
aa9a4b60,aa9a4b60
aa98bc72,aa98bc72
aa972d84,aa972d84
aa959e97,aa959e97
aa940fa9,aa940fa9
aa9280bb,aa9280bb
aa90f1cd,aa90f1cd
aa8f62df,aa8f62df
aa8dd3f1,aa8dd3f1
aa8c4503,aa8c4503
aa8ab615,aa8ab615
aa892727,aa892727
aa879839,aa879839
aa86094b,aa86094b
aa847a5d,aa847a5d
aa82eb6f,aa82eb6f
aa815c81,aa815c81
aa7fcd94,aa7fcd94
aa7e3ea6,aa7e3ea6
aa7cafb8,aa7cafb8
aa7b20ca,aa7b20ca
aa7991dc,aa7991dc
aa7802ee,aa7802ee
aa767400,aa767400
aa74e512,aa74e512
aa735624,aa735624
aa71c736,aa71c736
aa703848,aa703848
aa6ea95a,aa6ea95a
aa6d1a6c,aa6d1a6c
aa6b8b7f,aa6b8b7f
aa69fc91,aa69fc91
aa686da3,aa686da3
aa66deb5,aa66deb5
aa654fc7,aa654fc7
aa63c0d9,aa63c0d9
aa6231eb,aa6231eb
aa60a2fd,aa60a2fd
aa5f140f,aa5f140f
aa5d8521,aa5d8521
aa5bf633,aa5bf633
aa5a6745,aa5a6745
aa58d857,aa58d857
aa574969,aa574969
aa55ba7c,aa55ba7c
aa542b8e,aa542b8e
aa529ca0,aa529ca0
aa510db2,aa510db2
aa4f7ec4,aa4f7ec4
aa4defd6,aa4defd6
aa4c60e8,aa4c60e8
aa4ad1fa,aa4ad1fa
aa49430c,aa49430c
aa47b41e,aa47b41e
aa462530,aa462530
aa449642,aa449642
aa430754,aa430754
aa417867,aa417867
aa3fe979,aa3fe979
aa3e5a8b,aa3e5a8b
aa3ccb9d,aa3ccb9d
aa3b3caf,aa3b3caf
aa39adc1,aa39adc1
aa381ed3,aa381ed3
aa368fe5,aa368fe5
aa3500f7,aa3500f7
aa337209,aa337209
aa31e31b,aa31e31b
aa30542d,aa30542d
aa2ec53f,aa2ec53f
aa2d3651,aa2d3651
aa2ba764,aa2ba764
aa2a1876,aa2a1876
aa288988,aa288988
aa26fa9a,aa26fa9a
aa256bac,aa256bac
aa23dcbe,aa23dcbe
aa224dd0,aa224dd0
aa20bee2,aa20bee2
aa1f2ff4,aa1f2ff4
aa1da106,aa1da106
aa1c1218,aa1c1218
aa1a832a,aa1a832a
aa18f43c,aa18f43c
aa17654f,aa17654f
aa15d661,aa15d661
aa144773,aa144773
aa12b885,aa12b885
aa112997,aa112997
aa0f9aa9,aa0f9aa9
aa0e0bbb,aa0e0bbb
aa0c7ccd,aa0c7ccd
aa0aeddf,aa0aeddf
aa095ef1,aa095ef1
aa07d003,aa07d003
aa064115,aa064115
aa04b227,aa04b227
aa032339,aa032339
aa01944c,aa01944c
aa00055e,aa00055e
a9fe7670,a9fe7670
a9fce782,a9fce782
a9fb5894,a9fb5894
a9f9c9a6,a9f9c9a6
a9f83ab8,a9f83ab8
a9f6abca,a9f6abca
a9f51cdc,a9f51cdc
a9f38dee,a9f38dee
a9f1ff00,a9f1ff00
a9f07012,a9f07012
a9eee124,a9eee124
a9ed5237,a9ed5237
a9ebc349,a9ebc349
a9ea345b,a9ea345b
a9e8a56d,a9e8a56d
a9e7167f,a9e7167f
a9e58791,a9e58791
a9e3f8a3,a9e3f8a3
a9e269b5,a9e269b5
a9e0dac7,a9e0dac7
a9df4bd9,a9df4bd9
a9ddbceb,a9ddbceb
a9dc2dfd,a9dc2dfd
a9da9f0f,a9da9f0f
a9d91021,a9d91021
a9d78134,a9d78134
a9d5f246,a9d5f246
a9d46358,a9d46358
a9d2d46a,a9d2d46a
a9d1457c,a9d1457c
a9cfb68e,a9cfb68e
a9ce27a0,a9ce27a0
a9cc98b2,a9cc98b2
a9cb09c4,a9cb09c4
a9c97ad6,a9c97ad6
a9c7ebe8,a9c7ebe8
a9c65cfa,a9c65cfa
a9c4ce0c,a9c4ce0c
a9c33f1f,a9c33f1f
a9c1b031,a9c1b031
a9c02143,a9c02143
a9be9255,a9be9255
a9bd0367,a9bd0367
a9bb7479,a9bb7479
a9b9e58b,a9b9e58b
a9b8569d,a9b8569d
a9b6c7af,a9b6c7af
a9b538c1,a9b538c1
a9b3a9d3,a9b3a9d3
a9b21ae5,a9b21ae5
a9b08bf7,a9b08bf7
a9aefd0a,a9aefd0a
a9ad6e1c,a9ad6e1c
a9abdf2e,a9abdf2e
a9aa5040,a9aa5040
a9a8c152,a9a8c152
a9a73264,a9a73264
a9a5a376,a9a5a376
a9a41488,a9a41488
a9a2859a,a9a2859a
a9a0f6ac,a9a0f6ac
a99f67be,a99f67be
a99dd8d0,a99dd8d0
a99c49e2,a99c49e2
a99abaf4,a99abaf4
a9992c07,a9992c07
a9979d19,a9979d19
a9960e2b,a9960e2b
a9947f3d,a9947f3d
a992f04f,a992f04f
a9916161,a9916161
a98fd273,a98fd273
a98e4385,a98e4385
a98cb497,a98cb497
a98b25a9,a98b25a9
a98996bb,a98996bb
a98807cd,a98807cd
a98678df,a98678df
a984e9f2,a984e9f2
a9835b04,a9835b04
a981cc16,a981cc16
a9803d28,a9803d28
a97eae3a,a97eae3a
a97d1f4c,a97d1f4c
a97b905e,a97b905e
a97a0170,a97a0170
a9787282,a9787282
a976e394,a976e394
a97554a6,a97554a6
a973c5b8,a973c5b8
a97236ca,a97236ca
a970a7dc,a970a7dc
a96f18ef,a96f18ef
a96d8a01,a96d8a01
a96bfb13,a96bfb13
a96a6c25,a96a6c25
a968dd37,a968dd37
a9674e49,a9674e49
a965bf5b,a965bf5b
a964306d,a964306d
a962a17f,a962a17f
a9611291,a9611291
a95f83a3,a95f83a3
a95df4b5,a95df4b5
a95c65c7,a95c65c7
a95ad6da,a95ad6da
a95947ec,a95947ec
a957b8fe,a957b8fe
a9562a10,a9562a10
a9549b22,a9549b22
a9530c34,a9530c34
a9517d46,a9517d46
a94fee58,a94fee58
a94e5f6a,a94e5f6a
a94cd07c,a94cd07c
a94b418e,a94b418e
a949b2a0,a949b2a0
a94823b2,a94823b2
a94694c4,a94694c4
a94505d7,a94505d7
a94376e9,a94376e9
a941e7fb,a941e7fb
a940590d,a940590d
a93eca1f,a93eca1f
a93d3b31,a93d3b31
a93bac43,a93bac43
a93a1d55,a93a1d55
a9388e67,a9388e67
a936ff79,a936ff79
a935708b,a935708b
a933e19d,a933e19d
a93252af,a93252af
a930c3c2,a930c3c2
a92f34d4,a92f34d4
a92da5e6,a92da5e6
a92c16f8,a92c16f8
a92a880a,a92a880a
a928f91c,a928f91c
a9276a2e,a9276a2e
a925db40,a925db40
a9244c52,a9244c52
a922bd64,a922bd64
a9212e76,a9212e76
a91f9f88,a91f9f88
a91e109a,a91e109a
a91c81ac,a91c81ac
a91af2bf,a91af2bf
a91963d1,a91963d1
a917d4e3,a917d4e3
a91645f5,a91645f5
a914b707,a914b707
a9132819,a9132819
a911992b,a911992b
a9100a3d,a9100a3d
a90e7b4f,a90e7b4f
a90cec61,a90cec61
a90b5d73,a90b5d73
a909ce85,a909ce85
a9083f97,a9083f97
a906b0aa,a906b0aa
a90521bc,a90521bc
a90392ce,a90392ce
a90203e0,a90203e0
a90074f2,a90074f2
a8fee604,a8fee604
a8fd5716,a8fd5716
a8fbc828,a8fbc828
a8fa393a,a8fa393a
a8f8aa4c,a8f8aa4c
a8f71b5e,a8f71b5e
a8f58c70,a8f58c70
a8f3fd82,a8f3fd82
a8f26e94,a8f26e94
a8f0dfa7,a8f0dfa7
a8ef50b9,a8ef50b9
a8edc1cb,a8edc1cb
a8ec32dd,a8ec32dd
a8eaa3ef,a8eaa3ef
a8e91501,a8e91501
a8e78613,a8e78613
a8e5f725,a8e5f725
a8e46837,a8e46837
a8e2d949,a8e2d949
a8e14a5b,a8e14a5b
a8dfbb6d,a8dfbb6d
a8de2c7f,a8de2c7f
a8dc9d92,a8dc9d92
a8db0ea4,a8db0ea4
a8d97fb6,a8d97fb6
a8d7f0c8,a8d7f0c8
a8d661da,a8d661da
a8d4d2ec,a8d4d2ec
a8d343fe,a8d343fe
a8d1b510,a8d1b510
a8d02622,a8d02622
a8ce9734,a8ce9734
a8cd0846,a8cd0846
a8cb7958,a8cb7958
a8c9ea6a,a8c9ea6a
a8c85b7c,a8c85b7c
a8c6cc8f,a8c6cc8f
a8c53da1,a8c53da1
a8c3aeb3,a8c3aeb3
a8c21fc5,a8c21fc5
a8c090d7,a8c090d7
a8bf01e9,a8bf01e9
a8bd72fb,a8bd72fb
a8bbe40d,a8bbe40d
a8ba551f,a8ba551f
a8b8c631,a8b8c631
a8b73743,a8b73743
a8b5a855,a8b5a855
a8b41967,a8b41967
a8b28a7a,a8b28a7a
a8b0fb8c,a8b0fb8c
a8af6c9e,a8af6c9e
a8adddb0,a8adddb0
a8ac4ec2,a8ac4ec2
a8aabfd4,a8aabfd4
a8a930e6,a8a930e6
a8a7a1f8,a8a7a1f8
a8a6130a,a8a6130a
a8a4841c,a8a4841c
a8a2f52e,a8a2f52e
a8a16640,a8a16640
a89fd752,a89fd752
a89e4864,a89e4864
a89cb977,a89cb977
a89b2a89,a89b2a89
a8999b9b,a8999b9b
a8980cad,a8980cad
a8967dbf,a8967dbf
a894eed1,a894eed1
a8935fe3,a8935fe3
a891d0f5,a891d0f5
a8904207,a8904207
a88eb319,a88eb319
a88d242b,a88d242b
a88b953d,a88b953d
a88a064f,a88a064f
a8887762,a8887762
a886e874,a886e874
a8855986,a8855986
a883ca98,a883ca98
a8823baa,a8823baa
a880acbc,a880acbc
a87f1dce,a87f1dce
a87d8ee0,a87d8ee0
a87bfff2,a87bfff2
a87a7104,a87a7104
a878e216,a878e216
a8775328,a8775328
a875c43a,a875c43a
a874354c,a874354c
a872a65f,a872a65f
a8711771,a8711771
a86f8883,a86f8883
a86df995,a86df995
a86c6aa7,a86c6aa7
a86adbb9,a86adbb9
a8694ccb,a8694ccb
a867bddd,a867bddd
a8662eef,a8662eef
a864a001,a864a001
a8631113,a8631113
a8618225,a8618225
a85ff337,a85ff337
a85e644a,a85e644a
a85cd55c,a85cd55c
a85b466e,a85b466e
a859b780,a859b780
a8582892,a8582892
a85699a4,a85699a4
a8550ab6,a8550ab6
a8537bc8,a8537bc8
a851ecda,a851ecda
a8505dec,a8505dec
a84ecefe,a84ecefe
a84d4010,a84d4010
a84bb122,a84bb122
a84a2234,a84a2234
a8489347,a8489347
a8470459,a8470459
a845756b,a845756b
a843e67d,a843e67d
a842578f,a842578f
a840c8a1,a840c8a1
a83f39b3,a83f39b3
a83daac5,a83daac5
a83c1bd7,a83c1bd7
a83a8ce9,a83a8ce9
a838fdfb,a838fdfb
a8376f0d,a8376f0d
a835e01f,a835e01f
a8345132,a8345132
a832c244,a832c244
a8313356,a8313356
a82fa468,a82fa468
a82e157a,a82e157a
a82c868c,a82c868c
a82af79e,a82af79e
a82968b0,a82968b0
a827d9c2,a827d9c2
a8264ad4,a8264ad4
a824bbe6,a824bbe6
a8232cf8,a8232cf8
a8219e0a,a8219e0a
a8200f1d,a8200f1d
a81e802f,a81e802f
a81cf141,a81cf141
a81b6253,a81b6253
a819d365,a819d365
a8184477,a8184477
a816b589,a816b589
a815269b,a815269b
a81397ad,a81397ad
a81208bf,a81208bf
a81079d1,a81079d1
a80eeae3,a80eeae3
a80d5bf5,a80d5bf5
a80bcd07,a80bcd07
a80a3e1a,a80a3e1a
a808af2c,a808af2c
a807203e,a807203e
a8059150,a8059150
a8040262,a8040262
a8027374,a8027374
a800e486,a800e486
a7ff5598,a7ff5598
a7fdc6aa,a7fdc6aa
a7fc37bc,a7fc37bc
a7faa8ce,a7faa8ce
a7f919e0,a7f919e0
a7f78af2,a7f78af2
a7f5fc05,a7f5fc05
a7f46d17,a7f46d17
a7f2de29,a7f2de29
a7f14f3b,a7f14f3b
a7efc04d,a7efc04d
a7ee315f,a7ee315f
a7eca271,a7eca271
a7eb1383,a7eb1383
a7e98495,a7e98495
a7e7f5a7,a7e7f5a7
a7e666b9,a7e666b9
a7e4d7cb,a7e4d7cb
a7e348dd,a7e348dd
a7e1b9ef,a7e1b9ef
a7e02b02,a7e02b02
a7de9c14,a7de9c14
a7dd0d26,a7dd0d26
a7db7e38,a7db7e38
a7d9ef4a,a7d9ef4a
a7d8605c,a7d8605c
a7d6d16e,a7d6d16e
a7d54280,a7d54280
a7d3b392,a7d3b392
a7d224a4,a7d224a4
a7d095b6,a7d095b6
a7cf06c8,a7cf06c8
a7cd77da,a7cd77da
a7cbe8ed,a7cbe8ed
a7ca59ff,a7ca59ff
a7c8cb11,a7c8cb11
a7c73c23,a7c73c23
a7c5ad35,a7c5ad35
a7c41e47,a7c41e47
a7c28f59,a7c28f59
a7c1006b,a7c1006b
a7bf717d,a7bf717d
a7bde28f,a7bde28f
a7bc53a1,a7bc53a1
a7bac4b3,a7bac4b3
a7b935c5,a7b935c5
a7b7a6d7,a7b7a6d7
a7b617ea,a7b617ea
a7b488fc,a7b488fc
a7b2fa0e,a7b2fa0e
a7b16b20,a7b16b20
a7afdc32,a7afdc32
a7ae4d44,a7ae4d44
a7acbe56,a7acbe56
a7ab2f68,a7ab2f68
a7a9a07a,a7a9a07a
a7a8118c,a7a8118c
a7a6829e,a7a6829e
a7a4f3b0,a7a4f3b0
a7a364c2,a7a364c2
a7a1d5d5,a7a1d5d5
a7a046e7,a7a046e7
a79eb7f9,a79eb7f9
a79d290b,a79d290b
a79b9a1d,a79b9a1d
a79a0b2f,a79a0b2f
a7987c41,a7987c41
a796ed53,a796ed53
a7955e65,a7955e65
a793cf77,a793cf77
a7924089,a7924089
a790b19b,a790b19b
a78f22ad,a78f22ad
a78d93bf,a78d93bf
a78c04d2,a78c04d2
a78a75e4,a78a75e4
a788e6f6,a788e6f6
a7875808,a7875808
a785c91a,a785c91a
a7843a2c,a7843a2c
a782ab3e,a782ab3e
a7811c50,a7811c50
a77f8d62,a77f8d62
a77dfe74,a77dfe74
a77c6f86,a77c6f86
a77ae098,a77ae098
a77951aa,a77951aa
a777c2bd,a777c2bd
a77633cf,a77633cf
a774a4e1,a774a4e1
a77315f3,a77315f3
a7718705,a7718705
a76ff817,a76ff817
a76e6929,a76e6929
a76cda3b,a76cda3b
a76b4b4d,a76b4b4d
a769bc5f,a769bc5f
a7682d71,a7682d71
a7669e83,a7669e83
a7650f95,a7650f95
a76380a7,a76380a7
a761f1ba,a761f1ba
a76062cc,a76062cc
a75ed3de,a75ed3de
a75d44f0,a75d44f0
a75bb602,a75bb602
a75a2714,a75a2714
a7589826,a7589826
a7570938,a7570938
a7557a4a,a7557a4a
a753eb5c,a753eb5c
a7525c6e,a7525c6e
a750cd80,a750cd80
a74f3e92,a74f3e92
a74dafa5,a74dafa5
a74c20b7,a74c20b7
a74a91c9,a74a91c9
a74902db,a74902db
a74773ed,a74773ed
a745e4ff,a745e4ff
a7445611,a7445611
a742c723,a742c723
a7413835,a7413835
a73fa947,a73fa947
a73e1a59,a73e1a59
a73c8b6b,a73c8b6b
a73afc7d,a73afc7d
a7396d8f,a7396d8f
a737dea2,a737dea2
a7364fb4,a7364fb4
a734c0c6,a734c0c6
a73331d8,a73331d8
a731a2ea,a731a2ea
a73013fc,a73013fc
a72e850e,a72e850e
a72cf620,a72cf620
a72b6732,a72b6732
a729d844,a729d844
a7284956,a7284956
a726ba68,a726ba68
a7252b7a,a7252b7a
a7239c8d,a7239c8d
a7220d9f,a7220d9f
a7207eb1,a7207eb1
a71eefc3,a71eefc3
a71d60d5,a71d60d5
a71bd1e7,a71bd1e7
a71a42f9,a71a42f9
a718b40b,a718b40b
a717251d,a717251d
a715962f,a715962f
a7140741,a7140741
a7127853,a7127853
a710e965,a710e965
a70f5a77,a70f5a77
a70dcb8a,a70dcb8a
a70c3c9c,a70c3c9c
a70aadae,a70aadae
a7091ec0,a7091ec0
a7078fd2,a7078fd2
a70600e4,a70600e4
a70471f6,a70471f6
a702e308,a702e308
a701541a,a701541a
a6ffc52c,a6ffc52c
a6fe363e,a6fe363e
a6fca750,a6fca750
a6fb1862,a6fb1862
a6f98975,a6f98975
a6f7fa87,a6f7fa87
a6f66b99,a6f66b99
a6f4dcab,a6f4dcab
a6f34dbd,a6f34dbd
a6f1becf,a6f1becf
a6f02fe1,a6f02fe1
a6eea0f3,a6eea0f3
a6ed1205,a6ed1205
a6eb8317,a6eb8317
a6e9f429,a6e9f429
a6e8653b,a6e8653b
a6e6d64d,a6e6d64d
a6e5475f,a6e5475f
a6e3b872,a6e3b872
a6e22984,a6e22984
a6e09a96,a6e09a96
a6df0ba8,a6df0ba8
a6dd7cba,a6dd7cba
a6dbedcc,a6dbedcc
a6da5ede,a6da5ede
a6d8cff0,a6d8cff0
a6d74102,a6d74102
a6d5b214,a6d5b214
a6d42326,a6d42326
a6d29438,a6d29438
a6d1054a,a6d1054a
a6cf765d,a6cf765d
a6cde76f,a6cde76f
a6cc5881,a6cc5881
a6cac993,a6cac993
a6c93aa5,a6c93aa5
a6c7abb7,a6c7abb7
a6c61cc9,a6c61cc9
a6c48ddb,a6c48ddb
a6c2feed,a6c2feed
a6c16fff,a6c16fff
a6bfe111,a6bfe111
a6be5223,a6be5223
a6bcc335,a6bcc335
a6bb3447,a6bb3447
a6b9a55a,a6b9a55a
a6b8166c,a6b8166c
a6b6877e,a6b6877e
a6b4f890,a6b4f890
a6b369a2,a6b369a2
a6b1dab4,a6b1dab4
a6b04bc6,a6b04bc6
a6aebcd8,a6aebcd8
a6ad2dea,a6ad2dea
a6ab9efc,a6ab9efc
a6aa100e,a6aa100e
a6a88120,a6a88120
a6a6f232,a6a6f232
a6a56345,a6a56345
a6a3d457,a6a3d457
a6a24569,a6a24569
a6a0b67b,a6a0b67b
a69f278d,a69f278d
a69d989f,a69d989f
a69c09b1,a69c09b1
a69a7ac3,a69a7ac3
a698ebd5,a698ebd5
a6975ce7,a6975ce7
a695cdf9,a695cdf9
a6943f0b,a6943f0b
a692b01d,a692b01d
a6912130,a6912130
a68f9242,a68f9242
a68e0354,a68e0354
a68c7466,a68c7466
a68ae578,a68ae578
a689568a,a689568a
a687c79c,a687c79c
a68638ae,a68638ae
a684a9c0,a684a9c0
a6831ad2,a6831ad2
a6818be4,a6818be4
a67ffcf6,a67ffcf6
a67e6e08,a67e6e08
a67cdf1a,a67cdf1a
a67b502d,a67b502d
a679c13f,a679c13f
a6783251,a6783251
a676a363,a676a363
a6751475,a6751475
a6738587,a6738587
a671f699,a671f699
a67067ab,a67067ab
a66ed8bd,a66ed8bd
a66d49cf,a66d49cf
a66bbae1,a66bbae1
a66a2bf3,a66a2bf3
a6689d05,a6689d05
a6670e18,a6670e18
a6657f2a,a6657f2a
a663f03c,a663f03c
a662614e,a662614e
a660d260,a660d260
a65f4372,a65f4372
a65db484,a65db484
a65c2596,a65c2596
a65a96a8,a65a96a8
a65907ba,a65907ba
a65778cc,a65778cc
a655e9de,a655e9de
a6545af0,a6545af0
a652cc02,a652cc02
a6513d15,a6513d15
a64fae27,a64fae27
a64e1f39,a64e1f39
a64c904b,a64c904b
a64b015d,a64b015d
a649726f,a649726f
a647e381,a647e381
a6465493,a6465493
a644c5a5,a644c5a5
a64336b7,a64336b7
a641a7c9,a641a7c9
a64018db,a64018db
a63e89ed,a63e89ed
a63cfb00,a63cfb00
a63b6c12,a63b6c12
a639dd24,a639dd24
a6384e36,a6384e36
a636bf48,a636bf48
a635305a,a635305a
a633a16c,a633a16c
a632127e,a632127e
a6308390,a6308390
a62ef4a2,a62ef4a2
a62d65b4,a62d65b4
a62bd6c6,a62bd6c6
a62a47d8,a62a47d8
a628b8ea,a628b8ea
a62729fd,a62729fd
a6259b0f,a6259b0f
a6240c21,a6240c21
a6227d33,a6227d33
a620ee45,a620ee45
a61f5f57,a61f5f57
a61dd069,a61dd069
a61c417b,a61c417b
a61ab28d,a61ab28d
a619239f,a619239f
a61794b1,a61794b1
a61605c3,a61605c3
a61476d5,a61476d5
a612e7e8,a612e7e8
a61158fa,a61158fa
a60fca0c,a60fca0c
a60e3b1e,a60e3b1e
a60cac30,a60cac30
a60b1d42,a60b1d42
a6098e54,a6098e54
a607ff66,a607ff66
a6067078,a6067078
a604e18a,a604e18a
a603529c,a603529c
a601c3ae,a601c3ae
a60034c0,a60034c0
a5fea5d2,a5fea5d2
a5fd16e5,a5fd16e5
a5fb87f7,a5fb87f7
a5f9f909,a5f9f909
a5f86a1b,a5f86a1b
a5f6db2d,a5f6db2d
a5f54c3f,a5f54c3f
a5f3bd51,a5f3bd51
a5f22e63,a5f22e63
a5f09f75,a5f09f75
a5ef1087,a5ef1087
a5ed8199,a5ed8199
a5ebf2ab,a5ebf2ab
a5ea63bd,a5ea63bd
a5e8d4d0,a5e8d4d0
a5e745e2,a5e745e2
a5e5b6f4,a5e5b6f4
a5e42806,a5e42806
a5e29918,a5e29918
a5e10a2a,a5e10a2a
a5df7b3c,a5df7b3c
a5ddec4e,a5ddec4e
a5dc5d60,a5dc5d60
a5dace72,a5dace72
a5d93f84,a5d93f84
a5d7b096,a5d7b096
a5d621a8,a5d621a8
a5d492ba,a5d492ba
a5d303cd,a5d303cd
a5d174df,a5d174df
a5cfe5f1,a5cfe5f1
a5ce5703,a5ce5703
a5ccc815,a5ccc815
a5cb3927,a5cb3927
a5c9aa39,a5c9aa39
a5c81b4b,a5c81b4b
a5c68c5d,a5c68c5d
a5c4fd6f,a5c4fd6f
a5c36e81,a5c36e81
a5c1df93,a5c1df93
a5c050a5,a5c050a5
a5bec1b8,a5bec1b8
a5bd32ca,a5bd32ca
a5bba3dc,a5bba3dc
a5ba14ee,a5ba14ee
a5b88600,a5b88600
a5b6f712,a5b6f712
a5b56824,a5b56824
a5b3d936,a5b3d936
a5b24a48,a5b24a48
a5b0bb5a,a5b0bb5a
a5af2c6c,a5af2c6c
a5ad9d7e,a5ad9d7e
a5ac0e90,a5ac0e90
a5aa7fa2,a5aa7fa2
a5a8f0b5,a5a8f0b5
a5a761c7,a5a761c7
a5a5d2d9,a5a5d2d9
a5a443eb,a5a443eb
a5a2b4fd,a5a2b4fd
a5a1260f,a5a1260f
a59f9721,a59f9721
a59e0833,a59e0833
a59c7945,a59c7945
a59aea57,a59aea57
a5995b69,a5995b69
a597cc7b,a597cc7b
a5963d8d,a5963d8d
a594aea0,a594aea0
a5931fb2,a5931fb2
a59190c4,a59190c4
a59001d6,a59001d6
a58e72e8,a58e72e8
a58ce3fa,a58ce3fa
a58b550c,a58b550c
a589c61e,a589c61e
a5883730,a5883730
a586a842,a586a842
a5851954,a5851954
a5838a66,a5838a66
a581fb78,a581fb78
a5806c8a,a5806c8a
a57edd9d,a57edd9d
a57d4eaf,a57d4eaf
a57bbfc1,a57bbfc1
a57a30d3,a57a30d3
a578a1e5,a578a1e5
a57712f7,a57712f7
a5758409,a5758409
a573f51b,a573f51b
a572662d,a572662d
a570d73f,a570d73f
a56f4851,a56f4851
a56db963,a56db963
a56c2a75,a56c2a75
a56a9b88,a56a9b88
a5690c9a,a5690c9a
a5677dac,a5677dac
a565eebe,a565eebe
a5645fd0,a5645fd0
a562d0e2,a562d0e2
a56141f4,a56141f4
a55fb306,a55fb306
a55e2418,a55e2418
a55c952a,a55c952a
a55b063c,a55b063c
a559774e,a559774e
a557e860,a557e860
a5565972,a5565972
a554ca85,a554ca85
a5533b97,a5533b97
a551aca9,a551aca9
a5501dbb,a5501dbb
a54e8ecd,a54e8ecd
a54cffdf,a54cffdf
a54b70f1,a54b70f1
a549e203,a549e203
a5485315,a5485315
a546c427,a546c427
a5453539,a5453539
a543a64b,a543a64b
a542175d,a542175d
a5408870,a5408870
a53ef982,a53ef982
a53d6a94,a53d6a94
a53bdba6,a53bdba6
a53a4cb8,a53a4cb8
a538bdca,a538bdca
a5372edc,a5372edc
a5359fee,a5359fee
a5341100,a5341100
a5328212,a5328212
a530f324,a530f324
a52f6436,a52f6436
a52dd548,a52dd548
a52c465a,a52c465a
a52ab76d,a52ab76d
a529287f,a529287f
a5279991,a5279991
a5260aa3,a5260aa3
a5247bb5,a5247bb5
a522ecc7,a522ecc7
a5215dd9,a5215dd9
a51fceeb,a51fceeb
a51e3ffd,a51e3ffd
a51cb10f,a51cb10f
a51b2221,a51b2221
a5199333,a5199333
a5180445,a5180445
a5167558,a5167558
a514e66a,a514e66a
a513577c,a513577c
a511c88e,a511c88e
a51039a0,a51039a0
a50eaab2,a50eaab2
a50d1bc4,a50d1bc4
a50b8cd6,a50b8cd6
a509fde8,a509fde8
a5086efa,a5086efa
a506e00c,a506e00c
a505511e,a505511e
a503c230,a503c230
a5023343,a5023343
a500a455,a500a455
a4ff1567,a4ff1567
a4fd8679,a4fd8679
a4fbf78b,a4fbf78b
a4fa689d,a4fa689d
a4f8d9af,a4f8d9af
a4f74ac1,a4f74ac1
a4f5bbd3,a4f5bbd3
a4f42ce5,a4f42ce5
a4f29df7,a4f29df7
a4f10f09,a4f10f09
a4ef801b,a4ef801b
a4edf12d,a4edf12d
a4ec6240,a4ec6240
a4ead352,a4ead352
a4e94464,a4e94464
a4e7b576,a4e7b576
a4e62688,a4e62688
a4e4979a,a4e4979a
a4e308ac,a4e308ac
a4e179be,a4e179be
a4dfead0,a4dfead0
a4de5be2,a4de5be2
a4dcccf4,a4dcccf4
a4db3e06,a4db3e06
a4d9af18,a4d9af18
a4d8202b,a4d8202b
a4d6913d,a4d6913d
a4d5024f,a4d5024f
a4d37361,a4d37361
a4d1e473,a4d1e473
a4d05585,a4d05585
a4cec697,a4cec697
a4cd37a9,a4cd37a9
a4cba8bb,a4cba8bb
a4ca19cd,a4ca19cd
a4c88adf,a4c88adf
a4c6fbf1,a4c6fbf1
a4c56d03,a4c56d03
a4c3de15,a4c3de15
a4c24f28,a4c24f28
a4c0c03a,a4c0c03a
a4bf314c,a4bf314c
a4bda25e,a4bda25e
a4bc1370,a4bc1370
a4ba8482,a4ba8482
a4b8f594,a4b8f594
a4b766a6,a4b766a6
a4b5d7b8,a4b5d7b8
a4b448ca,a4b448ca
a4b2b9dc,a4b2b9dc
a4b12aee,a4b12aee
a4af9c00,a4af9c00
a4ae0d13,a4ae0d13
a4ac7e25,a4ac7e25
a4aaef37,a4aaef37
a4a96049,a4a96049
a4a7d15b,a4a7d15b
a4a6426d,a4a6426d
a4a4b37f,a4a4b37f
a4a32491,a4a32491
a4a195a3,a4a195a3
a4a006b5,a4a006b5
a49e77c7,a49e77c7
a49ce8d9,a49ce8d9
a49b59eb,a49b59eb
a499cafd,a499cafd
a4983c10,a4983c10
a496ad22,a496ad22
a4951e34,a4951e34
a4938f46,a4938f46
a4920058,a4920058
a490716a,a490716a
a48ee27c,a48ee27c
a48d538e,a48d538e
a48bc4a0,a48bc4a0
a48a35b2,a48a35b2
a488a6c4,a488a6c4
a48717d6,a48717d6
a48588e8,a48588e8
a483f9fb,a483f9fb
a4826b0d,a4826b0d
a480dc1f,a480dc1f
a47f4d31,a47f4d31
a47dbe43,a47dbe43
a47c2f55,a47c2f55
a47aa067,a47aa067
a4791179,a4791179
a477828b,a477828b
a475f39d,a475f39d
a47464af,a47464af
a472d5c1,a472d5c1
a47146d3,a47146d3
a46fb7e5,a46fb7e5
a46e28f8,a46e28f8
a46c9a0a,a46c9a0a
a46b0b1c,a46b0b1c
a4697c2e,a4697c2e
a467ed40,a467ed40
a4665e52,a4665e52
a464cf64,a464cf64
a4634076,a4634076
a461b188,a461b188
a460229a,a460229a
a45e93ac,a45e93ac
a45d04be,a45d04be
a45b75d0,a45b75d0
a459e6e3,a459e6e3
a45857f5,a45857f5
a456c907,a456c907
a4553a19,a4553a19
a453ab2b,a453ab2b
a4521c3d,a4521c3d
a4508d4f,a4508d4f
a44efe61,a44efe61
a44d6f73,a44d6f73
a44be085,a44be085
a44a5197,a44a5197
a448c2a9,a448c2a9
a44733bb,a44733bb
a445a4cd,a445a4cd
a44415e0,a44415e0
a44286f2,a44286f2
a440f804,a440f804
a43f6916,a43f6916
a43dda28,a43dda28
a43c4b3a,a43c4b3a
a43abc4c,a43abc4c
a4392d5e,a4392d5e
a4379e70,a4379e70
a4360f82,a4360f82
a4348094,a4348094
a432f1a6,a432f1a6
a43162b8,a43162b8
a42fd3cb,a42fd3cb
a42e44dd,a42e44dd
a42cb5ef,a42cb5ef
a42b2701,a42b2701
a4299813,a4299813
a4280925,a4280925
a4267a37,a4267a37
a424eb49,a424eb49
a4235c5b,a4235c5b
a421cd6d,a421cd6d
a4203e7f,a4203e7f
a41eaf91,a41eaf91
a41d20a3,a41d20a3
a41b91b5,a41b91b5
a41a02c8,a41a02c8
a41873da,a41873da
a416e4ec,a416e4ec
a41555fe,a41555fe
a413c710,a413c710
a4123822,a4123822
a410a934,a410a934
a40f1a46,a40f1a46
a40d8b58,a40d8b58
a40bfc6a,a40bfc6a
a40a6d7c,a40a6d7c
a408de8e,a408de8e
a4074fa0,a4074fa0
a405c0b3,a405c0b3
a40431c5,a40431c5
a402a2d7,a402a2d7
a40113e9,a40113e9
a3ff84fb,a3ff84fb
a3fdf60d,a3fdf60d
a3fc671f,a3fc671f
a3fad831,a3fad831
a3f94943,a3f94943
a3f7ba55,a3f7ba55
a3f62b67,a3f62b67
a3f49c79,a3f49c79
a3f30d8b,a3f30d8b
a3f17e9d,a3f17e9d
a3efefb0,a3efefb0
a3ee60c2,a3ee60c2
a3ecd1d4,a3ecd1d4
a3eb42e6,a3eb42e6
a3e9b3f8,a3e9b3f8
a3e8250a,a3e8250a
a3e6961c,a3e6961c
a3e5072e,a3e5072e
a3e37840,a3e37840
a3e1e952,a3e1e952
a3e05a64,a3e05a64
a3decb76,a3decb76
a3dd3c88,a3dd3c88
a3dbad9b,a3dbad9b
a3da1ead,a3da1ead
a3d88fbf,a3d88fbf
a3d700d1,a3d700d1
a3d571e3,a3d571e3
a3d3e2f5,a3d3e2f5
a3d25407,a3d25407
a3d0c519,a3d0c519
a3cf362b,a3cf362b
a3cda73d,a3cda73d
a3cc184f,a3cc184f
a3ca8961,a3ca8961
a3c8fa73,a3c8fa73
a3c76b85,a3c76b85
a3c5dc98,a3c5dc98
a3c44daa,a3c44daa
a3c2bebc,a3c2bebc
a3c12fce,a3c12fce
a3bfa0e0,a3bfa0e0
a3be11f2,a3be11f2
a3bc8304,a3bc8304
a3baf416,a3baf416
a3b96528,a3b96528
a3b7d63a,a3b7d63a
a3b6474c,a3b6474c
a3b4b85e,a3b4b85e
a3b32970,a3b32970
a3b19a83,a3b19a83
a3b00b95,a3b00b95
a3ae7ca7,a3ae7ca7
a3acedb9,a3acedb9
a3ab5ecb,a3ab5ecb
a3a9cfdd,a3a9cfdd
a3a840ef,a3a840ef
a3a6b201,a3a6b201
a3a52313,a3a52313
a3a39425,a3a39425
a3a20537,a3a20537
a3a07649,a3a07649
a39ee75b,a39ee75b
a39d586d,a39d586d
a39bc980,a39bc980
a39a3a92,a39a3a92
a398aba4,a398aba4
a3971cb6,a3971cb6
a3958dc8,a3958dc8
a393feda,a393feda
a3926fec,a3926fec
a390e0fe,a390e0fe
a38f5210,a38f5210
a38dc322,a38dc322
a38c3434,a38c3434
a38aa546,a38aa546
a3891658,a3891658
a387876b,a387876b
a385f87d,a385f87d
a384698f,a384698f
a382daa1,a382daa1
a3814bb3,a3814bb3
a37fbcc5,a37fbcc5
a37e2dd7,a37e2dd7
a37c9ee9,a37c9ee9
a37b0ffb,a37b0ffb
a379810d,a379810d
a377f21f,a377f21f
a3766331,a3766331
a374d443,a374d443
a3734556,a3734556
a371b668,a371b668
a370277a,a370277a
a36e988c,a36e988c
a36d099e,a36d099e
a36b7ab0,a36b7ab0
a369ebc2,a369ebc2
a3685cd4,a3685cd4
a366cde6,a366cde6
a3653ef8,a3653ef8
a363b00a,a363b00a
a362211c,a362211c
a360922e,a360922e
a35f0340,a35f0340
a35d7453,a35d7453
a35be565,a35be565
a35a5677,a35a5677
a358c789,a358c789
a357389b,a357389b
a355a9ad,a355a9ad
a3541abf,a3541abf
a3528bd1,a3528bd1
a350fce3,a350fce3
a34f6df5,a34f6df5
a34ddf07,a34ddf07
a34c5019,a34c5019
a34ac12b,a34ac12b
a349323e,a349323e
a347a350,a347a350
a3461462,a3461462
a3448574,a3448574
a342f686,a342f686
a3416798,a3416798
a33fd8aa,a33fd8aa
a33e49bc,a33e49bc
a33cbace,a33cbace
a33b2be0,a33b2be0
a3399cf2,a3399cf2
a3380e04,a3380e04
a3367f16,a3367f16
a334f028,a334f028
a333613b,a333613b
a331d24d,a331d24d
a330435f,a330435f
a32eb471,a32eb471
a32d2583,a32d2583
a32b9695,a32b9695
a32a07a7,a32a07a7
a32878b9,a32878b9
a326e9cb,a326e9cb
a3255add,a3255add
a323cbef,a323cbef
a3223d01,a3223d01
a320ae13,a320ae13
a31f1f26,a31f1f26
a31d9038,a31d9038
a31c014a,a31c014a
a31a725c,a31a725c
a318e36e,a318e36e
a3175480,a3175480
a315c592,a315c592
a31436a4,a31436a4
a312a7b6,a312a7b6
a31118c8,a31118c8
a30f89da,a30f89da
a30dfaec,a30dfaec
a30c6bfe,a30c6bfe
a30add10,a30add10
a3094e23,a3094e23
a307bf35,a307bf35
a3063047,a3063047
a304a159,a304a159
a303126b,a303126b
a301837d,a301837d
a2fff48f,a2fff48f
a2fe65a1,a2fe65a1
a2fcd6b3,a2fcd6b3
a2fb47c5,a2fb47c5
a2f9b8d7,a2f9b8d7
a2f829e9,a2f829e9
a2f69afb,a2f69afb
a2f50c0e,a2f50c0e
a2f37d20,a2f37d20
a2f1ee32,a2f1ee32
a2f05f44,a2f05f44
a2eed056,a2eed056
a2ed4168,a2ed4168
a2ebb27a,a2ebb27a
a2ea238c,a2ea238c
a2e8949e,a2e8949e
a2e705b0,a2e705b0
a2e576c2,a2e576c2
a2e3e7d4,a2e3e7d4
a2e258e6,a2e258e6
a2e0c9f8,a2e0c9f8
a2df3b0b,a2df3b0b
a2ddac1d,a2ddac1d
a2dc1d2f,a2dc1d2f
a2da8e41,a2da8e41
a2d8ff53,a2d8ff53
a2d77065,a2d77065
a2d5e177,a2d5e177
a2d45289,a2d45289
a2d2c39b,a2d2c39b
a2d134ad,a2d134ad
a2cfa5bf,a2cfa5bf
a2ce16d1,a2ce16d1
a2cc87e3,a2cc87e3
a2caf8f6,a2caf8f6
a2c96a08,a2c96a08
a2c7db1a,a2c7db1a
a2c64c2c,a2c64c2c
a2c4bd3e,a2c4bd3e
a2c32e50,a2c32e50
a2c19f62,a2c19f62
a2c01074,a2c01074
a2be8186,a2be8186
a2bcf298,a2bcf298
a2bb63aa,a2bb63aa
a2b9d4bc,a2b9d4bc
a2b845ce,a2b845ce
a2b6b6e0,a2b6b6e0
a2b527f3,a2b527f3
a2b39905,a2b39905
a2b20a17,a2b20a17
a2b07b29,a2b07b29
a2aeec3b,a2aeec3b
a2ad5d4d,a2ad5d4d
a2abce5f,a2abce5f
a2aa3f71,a2aa3f71
a2a8b083,a2a8b083
a2a72195,a2a72195
a2a592a7,a2a592a7
a2a403b9,a2a403b9
a2a274cb,a2a274cb
a2a0e5de,a2a0e5de
a29f56f0,a29f56f0
a29dc802,a29dc802
a29c3914,a29c3914
a29aaa26,a29aaa26
a2991b38,a2991b38
a2978c4a,a2978c4a
a295fd5c,a295fd5c
a2946e6e,a2946e6e
a292df80,a292df80
a2915092,a2915092
a28fc1a4,a28fc1a4
a28e32b6,a28e32b6
a28ca3c8,a28ca3c8
a28b14db,a28b14db
a28985ed,a28985ed
a287f6ff,a287f6ff
a2866811,a2866811
a284d923,a284d923
a2834a35,a2834a35
a281bb47,a281bb47
a2802c59,a2802c59
a27e9d6b,a27e9d6b
a27d0e7d,a27d0e7d
a27b7f8f,a27b7f8f
a279f0a1,a279f0a1
a27861b3,a27861b3
a276d2c6,a276d2c6
a27543d8,a27543d8
a273b4ea,a273b4ea
a27225fc,a27225fc
a270970e,a270970e
a26f0820,a26f0820
a26d7932,a26d7932
a26bea44,a26bea44
a26a5b56,a26a5b56
a268cc68,a268cc68
a2673d7a,a2673d7a
a265ae8c,a265ae8c
a2641f9e,a2641f9e
a26290b0,a26290b0
a26101c3,a26101c3
a25f72d5,a25f72d5
a25de3e7,a25de3e7
a25c54f9,a25c54f9
a25ac60b,a25ac60b
a259371d,a259371d
a257a82f,a257a82f
a2561941,a2561941
a2548a53,a2548a53
a252fb65,a252fb65
a2516c77,a2516c77
a24fdd89,a24fdd89
a24e4e9b,a24e4e9b
a24cbfae,a24cbfae
a24b30c0,a24b30c0
a249a1d2,a249a1d2
a24812e4,a24812e4
a24683f6,a24683f6
a244f508,a244f508
a243661a,a243661a
a241d72c,a241d72c
a240483e,a240483e
a23eb950,a23eb950
a23d2a62,a23d2a62
a23b9b74,a23b9b74
a23a0c86,a23a0c86
a2387d98,a2387d98
a236eeab,a236eeab
a2355fbd,a2355fbd
a233d0cf,a233d0cf
a23241e1,a23241e1
a230b2f3,a230b2f3
a22f2405,a22f2405
a22d9517,a22d9517
a22c0629,a22c0629
a22a773b,a22a773b
a228e84d,a228e84d
a227595f,a227595f
a225ca71,a225ca71
a2243b83,a2243b83
a222ac96,a222ac96
a2211da8,a2211da8
a21f8eba,a21f8eba
a21dffcc,a21dffcc
a21c70de,a21c70de
a21ae1f0,a21ae1f0
a2195302,a2195302
a217c414,a217c414
a2163526,a2163526
a214a638,a214a638
a213174a,a213174a
a211885c,a211885c
a20ff96e,a20ff96e
a20e6a80,a20e6a80
a20cdb93,a20cdb93
a20b4ca5,a20b4ca5
a209bdb7,a209bdb7
a2082ec9,a2082ec9
a2069fdb,a2069fdb
a20510ed,a20510ed
a20381ff,a20381ff
a201f311,a201f311
a2006423,a2006423
a1fed535,a1fed535
a1fd4647,a1fd4647
a1fbb759,a1fbb759
a1fa286b,a1fa286b
a1f8997e,a1f8997e
a1f70a90,a1f70a90
a1f57ba2,a1f57ba2
a1f3ecb4,a1f3ecb4
a1f25dc6,a1f25dc6
a1f0ced8,a1f0ced8
a1ef3fea,a1ef3fea
a1edb0fc,a1edb0fc
a1ec220e,a1ec220e
a1ea9320,a1ea9320
a1e90432,a1e90432
a1e77544,a1e77544
a1e5e656,a1e5e656
a1e45769,a1e45769
a1e2c87b,a1e2c87b
a1e1398d,a1e1398d
a1dfaa9f,a1dfaa9f
a1de1bb1,a1de1bb1
a1dc8cc3,a1dc8cc3
a1dafdd5,a1dafdd5
a1d96ee7,a1d96ee7
a1d7dff9,a1d7dff9
a1d6510b,a1d6510b
a1d4c21d,a1d4c21d
a1d3332f,a1d3332f
a1d1a441,a1d1a441
a1d01553,a1d01553
a1ce8666,a1ce8666
a1ccf778,a1ccf778
a1cb688a,a1cb688a
a1c9d99c,a1c9d99c
a1c84aae,a1c84aae
a1c6bbc0,a1c6bbc0
a1c52cd2,a1c52cd2
a1c39de4,a1c39de4
a1c20ef6,a1c20ef6
a1c08008,a1c08008
a1bef11a,a1bef11a
a1bd622c,a1bd622c
a1bbd33e,a1bbd33e
a1ba4451,a1ba4451
a1b8b563,a1b8b563
a1b72675,a1b72675
a1b59787,a1b59787
a1b40899,a1b40899
a1b279ab,a1b279ab
a1b0eabd,a1b0eabd
a1af5bcf,a1af5bcf
a1adcce1,a1adcce1
a1ac3df3,a1ac3df3
a1aaaf05,a1aaaf05
a1a92017,a1a92017
a1a79129,a1a79129
a1a6023b,a1a6023b
a1a4734e,a1a4734e
a1a2e460,a1a2e460
a1a15572,a1a15572
a19fc684,a19fc684
a19e3796,a19e3796
a19ca8a8,a19ca8a8
a19b19ba,a19b19ba
a1998acc,a1998acc
a197fbde,a197fbde
a1966cf0,a1966cf0
a194de02,a194de02
a1934f14,a1934f14
a191c026,a191c026
a1903139,a1903139
a18ea24b,a18ea24b
a18d135d,a18d135d
a18b846f,a18b846f
a189f581,a189f581
a1886693,a1886693
a186d7a5,a186d7a5
a18548b7,a18548b7
a183b9c9,a183b9c9
a1822adb,a1822adb
a1809bed,a1809bed
a17f0cff,a17f0cff
a17d7e11,a17d7e11
a17bef23,a17bef23
a17a6036,a17a6036
a178d148,a178d148
a177425a,a177425a
a175b36c,a175b36c
a174247e,a174247e
a1729590,a1729590
a17106a2,a17106a2
a16f77b4,a16f77b4
a16de8c6,a16de8c6
a16c59d8,a16c59d8
a16acaea,a16acaea
a1693bfc,a1693bfc
a167ad0e,a167ad0e
a1661e21,a1661e21
a1648f33,a1648f33
a1630045,a1630045
a1617157,a1617157
a15fe269,a15fe269
a15e537b,a15e537b
a15cc48d,a15cc48d
a15b359f,a15b359f
a159a6b1,a159a6b1
a15817c3,a15817c3
a15688d5,a15688d5
a154f9e7,a154f9e7
a1536af9,a1536af9
a151dc0b,a151dc0b
a1504d1e,a1504d1e
a14ebe30,a14ebe30
a14d2f42,a14d2f42
a14ba054,a14ba054
a14a1166,a14a1166
a1488278,a1488278
a146f38a,a146f38a
a145649c,a145649c
a143d5ae,a143d5ae
a14246c0,a14246c0
a140b7d2,a140b7d2
a13f28e4,a13f28e4
a13d99f6,a13d99f6
a13c0b09,a13c0b09
a13a7c1b,a13a7c1b
a138ed2d,a138ed2d
a1375e3f,a1375e3f
a135cf51,a135cf51
a1344063,a1344063
a132b175,a132b175
a1312287,a1312287
a12f9399,a12f9399
a12e04ab,a12e04ab
a12c75bd,a12c75bd
a12ae6cf,a12ae6cf
a12957e1,a12957e1
a127c8f3,a127c8f3
a1263a06,a1263a06
a124ab18,a124ab18
a1231c2a,a1231c2a
a1218d3c,a1218d3c
a11ffe4e,a11ffe4e
a11e6f60,a11e6f60
a11ce072,a11ce072
a11b5184,a11b5184
a119c296,a119c296
a11833a8,a11833a8
a116a4ba,a116a4ba
a11515cc,a11515cc
a11386de,a11386de
a111f7f1,a111f7f1
a1106903,a1106903
a10eda15,a10eda15
a10d4b27,a10d4b27
a10bbc39,a10bbc39
a10a2d4b,a10a2d4b
a1089e5d,a1089e5d
a1070f6f,a1070f6f
a1058081,a1058081
a103f193,a103f193
a10262a5,a10262a5
a100d3b7,a100d3b7
a0ff44c9,a0ff44c9
a0fdb5db,a0fdb5db
a0fc26ee,a0fc26ee
a0fa9800,a0fa9800
a0f90912,a0f90912
a0f77a24,a0f77a24
a0f5eb36,a0f5eb36
a0f45c48,a0f45c48
a0f2cd5a,a0f2cd5a
a0f13e6c,a0f13e6c
a0efaf7e,a0efaf7e
a0ee2090,a0ee2090
a0ec91a2,a0ec91a2
a0eb02b4,a0eb02b4
a0e973c6,a0e973c6
a0e7e4d9,a0e7e4d9
a0e655eb,a0e655eb
a0e4c6fd,a0e4c6fd
a0e3380f,a0e3380f
a0e1a921,a0e1a921
a0e01a33,a0e01a33
a0de8b45,a0de8b45
a0dcfc57,a0dcfc57
a0db6d69,a0db6d69
a0d9de7b,a0d9de7b
a0d84f8d,a0d84f8d
a0d6c09f,a0d6c09f
a0d531b1,a0d531b1
a0d3a2c3,a0d3a2c3
a0d213d6,a0d213d6
a0d084e8,a0d084e8
a0cef5fa,a0cef5fa
a0cd670c,a0cd670c
a0cbd81e,a0cbd81e
a0ca4930,a0ca4930
a0c8ba42,a0c8ba42
a0c72b54,a0c72b54
a0c59c66,a0c59c66
a0c40d78,a0c40d78
a0c27e8a,a0c27e8a
a0c0ef9c,a0c0ef9c
a0bf60ae,a0bf60ae
a0bdd1c1,a0bdd1c1
a0bc42d3,a0bc42d3
a0bab3e5,a0bab3e5
a0b924f7,a0b924f7
a0b79609,a0b79609
a0b6071b,a0b6071b
a0b4782d,a0b4782d
a0b2e93f,a0b2e93f
a0b15a51,a0b15a51
a0afcb63,a0afcb63
a0ae3c75,a0ae3c75
a0acad87,a0acad87
a0ab1e99,a0ab1e99
a0a98fab,a0a98fab
a0a800be,a0a800be
a0a671d0,a0a671d0
a0a4e2e2,a0a4e2e2
a0a353f4,a0a353f4
a0a1c506,a0a1c506
a0a03618,a0a03618
a09ea72a,a09ea72a
a09d183c,a09d183c
a09b894e,a09b894e
a099fa60,a099fa60
a0986b72,a0986b72
a096dc84,a096dc84
a0954d96,a0954d96
a093bea9,a093bea9
a0922fbb,a0922fbb
a090a0cd,a090a0cd
a08f11df,a08f11df
a08d82f1,a08d82f1
a08bf403,a08bf403
a08a6515,a08a6515
a088d627,a088d627
a0874739,a0874739
a085b84b,a085b84b
a084295d,a084295d
a0829a6f,a0829a6f
a0810b81,a0810b81
a07f7c93,a07f7c93
a07deda6,a07deda6
a07c5eb8,a07c5eb8
a07acfca,a07acfca
a07940dc,a07940dc
a077b1ee,a077b1ee
a0762300,a0762300
a0749412,a0749412
a0730524,a0730524
a0717636,a0717636
a06fe748,a06fe748
a06e585a,a06e585a
a06cc96c,a06cc96c
a06b3a7e,a06b3a7e
a069ab91,a069ab91
a0681ca3,a0681ca3
a0668db5,a0668db5
a064fec7,a064fec7
a0636fd9,a0636fd9
a061e0eb,a061e0eb
a06051fd,a06051fd
a05ec30f,a05ec30f
a05d3421,a05d3421
a05ba533,a05ba533
a05a1645,a05a1645
a0588757,a0588757
a056f869,a056f869
a055697c,a055697c
a053da8e,a053da8e
a0524ba0,a0524ba0
a050bcb2,a050bcb2
a04f2dc4,a04f2dc4
a04d9ed6,a04d9ed6
a04c0fe8,a04c0fe8
a04a80fa,a04a80fa
a048f20c,a048f20c
a047631e,a047631e
a045d430,a045d430
a0444542,a0444542
a042b654,a042b654
a0412766,a0412766
a03f9879,a03f9879
a03e098b,a03e098b
a03c7a9d,a03c7a9d
a03aebaf,a03aebaf
a0395cc1,a0395cc1
a037cdd3,a037cdd3
a0363ee5,a0363ee5
a034aff7,a034aff7
a0332109,a0332109
a031921b,a031921b
a030032d,a030032d
a02e743f,a02e743f
a02ce551,a02ce551
a02b5664,a02b5664
a029c776,a029c776
a0283888,a0283888
a026a99a,a026a99a
a0251aac,a0251aac
a0238bbe,a0238bbe
a021fcd0,a021fcd0
a0206de2,a0206de2
a01edef4,a01edef4
a01d5006,a01d5006
a01bc118,a01bc118
a01a322a,a01a322a
a018a33c,a018a33c
a017144e,a017144e
a0158561,a0158561
a013f673,a013f673
a0126785,a0126785
a010d897,a010d897
a00f49a9,a00f49a9
a00dbabb,a00dbabb
a00c2bcd,a00c2bcd
a00a9cdf,a00a9cdf
a0090df1,a0090df1
a0077f03,a0077f03
a005f015,a005f015
a0046127,a0046127
a002d239,a002d239
a001434c,a001434c
9fffb45e,9fffb45e
9ffe2570,9ffe2570
9ffc9682,9ffc9682
9ffb0794,9ffb0794
9ff978a6,9ff978a6
9ff7e9b8,9ff7e9b8
9ff65aca,9ff65aca
9ff4cbdc,9ff4cbdc
9ff33cee,9ff33cee
9ff1ae00,9ff1ae00
9ff01f12,9ff01f12
9fee9024,9fee9024
9fed0136,9fed0136
9feb7249,9feb7249
9fe9e35b,9fe9e35b
9fe8546d,9fe8546d
9fe6c57f,9fe6c57f
9fe53691,9fe53691
9fe3a7a3,9fe3a7a3
9fe218b5,9fe218b5
9fe089c7,9fe089c7
9fdefad9,9fdefad9
9fdd6beb,9fdd6beb
9fdbdcfd,9fdbdcfd
9fda4e0f,9fda4e0f
9fd8bf21,9fd8bf21
9fd73034,9fd73034
9fd5a146,9fd5a146
9fd41258,9fd41258
9fd2836a,9fd2836a
9fd0f47c,9fd0f47c
9fcf658e,9fcf658e
9fcdd6a0,9fcdd6a0
9fcc47b2,9fcc47b2
9fcab8c4,9fcab8c4
9fc929d6,9fc929d6
9fc79ae8,9fc79ae8
9fc60bfa,9fc60bfa
9fc47d0c,9fc47d0c
9fc2ee1e,9fc2ee1e
9fc15f31,9fc15f31
9fbfd043,9fbfd043
9fbe4155,9fbe4155
9fbcb267,9fbcb267
9fbb2379,9fbb2379
9fb9948b,9fb9948b
9fb8059d,9fb8059d
9fb676af,9fb676af
9fb4e7c1,9fb4e7c1
9fb358d3,9fb358d3
9fb1c9e5,9fb1c9e5
9fb03af7,9fb03af7
9faeac09,9faeac09
9fad1d1c,9fad1d1c
9fab8e2e,9fab8e2e
9fa9ff40,9fa9ff40
9fa87052,9fa87052
9fa6e164,9fa6e164
9fa55276,9fa55276
9fa3c388,9fa3c388
9fa2349a,9fa2349a
9fa0a5ac,9fa0a5ac
9f9f16be,9f9f16be
9f9d87d0,9f9d87d0
9f9bf8e2,9f9bf8e2
9f9a69f4,9f9a69f4
9f98db06,9f98db06
9f974c19,9f974c19
9f95bd2b,9f95bd2b
9f942e3d,9f942e3d
9f929f4f,9f929f4f
9f911061,9f911061
9f8f8173,9f8f8173
9f8df285,9f8df285
9f8c6397,9f8c6397
9f8ad4a9,9f8ad4a9
9f8945bb,9f8945bb
9f87b6cd,9f87b6cd
9f8627df,9f8627df
9f8498f1,9f8498f1
9f830a04,9f830a04
9f817b16,9f817b16
9f7fec28,9f7fec28
9f7e5d3a,9f7e5d3a
9f7cce4c,9f7cce4c
9f7b3f5e,9f7b3f5e
9f79b070,9f79b070
9f782182,9f782182
9f769294,9f769294
9f7503a6,9f7503a6
9f7374b8,9f7374b8
9f71e5ca,9f71e5ca
9f7056dc,9f7056dc
9f6ec7ee,9f6ec7ee
9f6d3901,9f6d3901
9f6baa13,9f6baa13
9f6a1b25,9f6a1b25
9f688c37,9f688c37
9f66fd49,9f66fd49
9f656e5b,9f656e5b
9f63df6d,9f63df6d
9f62507f,9f62507f
9f60c191,9f60c191
9f5f32a3,9f5f32a3
9f5da3b5,9f5da3b5
9f5c14c7,9f5c14c7
9f5a85d9,9f5a85d9
9f58f6ec,9f58f6ec
9f5767fe,9f5767fe
9f55d910,9f55d910
9f544a22,9f544a22
9f52bb34,9f52bb34
9f512c46,9f512c46
9f4f9d58,9f4f9d58
9f4e0e6a,9f4e0e6a
9f4c7f7c,9f4c7f7c
9f4af08e,9f4af08e
9f4961a0,9f4961a0
9f47d2b2,9f47d2b2
9f4643c4,9f4643c4
9f44b4d6,9f44b4d6
9f4325e9,9f4325e9
9f4196fb,9f4196fb
9f40080d,9f40080d
9f3e791f,9f3e791f
9f3cea31,9f3cea31
9f3b5b43,9f3b5b43
9f39cc55,9f39cc55
9f383d67,9f383d67
9f36ae79,9f36ae79
9f351f8b,9f351f8b
9f33909d,9f33909d
9f3201af,9f3201af
9f3072c1,9f3072c1
9f2ee3d4,9f2ee3d4
9f2d54e6,9f2d54e6
9f2bc5f8,9f2bc5f8
9f2a370a,9f2a370a
9f28a81c,9f28a81c
9f27192e,9f27192e
9f258a40,9f258a40
9f23fb52,9f23fb52
9f226c64,9f226c64
9f20dd76,9f20dd76
9f1f4e88,9f1f4e88
9f1dbf9a,9f1dbf9a
9f1c30ac,9f1c30ac
9f1aa1be,9f1aa1be
9f1912d1,9f1912d1
9f1783e3,9f1783e3
9f15f4f5,9f15f4f5
9f146607,9f146607
9f12d719,9f12d719
9f11482b,9f11482b
9f0fb93d,9f0fb93d
9f0e2a4f,9f0e2a4f
9f0c9b61,9f0c9b61
9f0b0c73,9f0b0c73
9f097d85,9f097d85
9f07ee97,9f07ee97
9f065fa9,9f065fa9
9f04d0bc,9f04d0bc
9f0341ce,9f0341ce
9f01b2e0,9f01b2e0
9f0023f2,9f0023f2
9efe9504,9efe9504
9efd0616,9efd0616
9efb7728,9efb7728
9ef9e83a,9ef9e83a
9ef8594c,9ef8594c
9ef6ca5e,9ef6ca5e
9ef53b70,9ef53b70
9ef3ac82,9ef3ac82
9ef21d94,9ef21d94
9ef08ea6,9ef08ea6
9eeeffb9,9eeeffb9
9eed70cb,9eed70cb
9eebe1dd,9eebe1dd
9eea52ef,9eea52ef
9ee8c401,9ee8c401
9ee73513,9ee73513
9ee5a625,9ee5a625
9ee41737,9ee41737
9ee28849,9ee28849
9ee0f95b,9ee0f95b
9edf6a6d,9edf6a6d
9edddb7f,9edddb7f
9edc4c91,9edc4c91
9edabda4,9edabda4
9ed92eb6,9ed92eb6
9ed79fc8,9ed79fc8
9ed610da,9ed610da
9ed481ec,9ed481ec
9ed2f2fe,9ed2f2fe
9ed16410,9ed16410
9ecfd522,9ecfd522
9ece4634,9ece4634
9eccb746,9eccb746
9ecb2858,9ecb2858
9ec9996a,9ec9996a
9ec80a7c,9ec80a7c
9ec67b8f,9ec67b8f
9ec4eca1,9ec4eca1
9ec35db3,9ec35db3
9ec1cec5,9ec1cec5
9ec03fd7,9ec03fd7
9ebeb0e9,9ebeb0e9
9ebd21fb,9ebd21fb
9ebb930d,9ebb930d
9eba041f,9eba041f
9eb87531,9eb87531
9eb6e643,9eb6e643
9eb55755,9eb55755
9eb3c867,9eb3c867
9eb23979,9eb23979
9eb0aa8c,9eb0aa8c
9eaf1b9e,9eaf1b9e
9ead8cb0,9ead8cb0
9eabfdc2,9eabfdc2
9eaa6ed4,9eaa6ed4
9ea8dfe6,9ea8dfe6
9ea750f8,9ea750f8
9ea5c20a,9ea5c20a
9ea4331c,9ea4331c
9ea2a42e,9ea2a42e
9ea11540,9ea11540
9e9f8652,9e9f8652
9e9df764,9e9df764
9e9c6877,9e9c6877
9e9ad989,9e9ad989
9e994a9b,9e994a9b
9e97bbad,9e97bbad
9e962cbf,9e962cbf
9e949dd1,9e949dd1
9e930ee3,9e930ee3
9e917ff5,9e917ff5
9e8ff107,9e8ff107
9e8e6219,9e8e6219
9e8cd32b,9e8cd32b
9e8b443d,9e8b443d
9e89b54f,9e89b54f
9e882661,9e882661
9e869774,9e869774
9e850886,9e850886
9e837998,9e837998
9e81eaaa,9e81eaaa
9e805bbc,9e805bbc
9e7eccce,9e7eccce
9e7d3de0,9e7d3de0
9e7baef2,9e7baef2
9e7a2004,9e7a2004
9e789116,9e789116
9e770228,9e770228
9e75733a,9e75733a
9e73e44c,9e73e44c
9e72555f,9e72555f
9e70c671,9e70c671
9e6f3783,9e6f3783
9e6da895,9e6da895
9e6c19a7,9e6c19a7
9e6a8ab9,9e6a8ab9
9e68fbcb,9e68fbcb
9e676cdd,9e676cdd
9e65ddef,9e65ddef
9e644f01,9e644f01
9e62c013,9e62c013
9e613125,9e613125
9e5fa237,9e5fa237
9e5e1349,9e5e1349
9e5c845c,9e5c845c
9e5af56e,9e5af56e
9e596680,9e596680
9e57d792,9e57d792
9e5648a4,9e5648a4
9e54b9b6,9e54b9b6
9e532ac8,9e532ac8
9e519bda,9e519bda
9e500cec,9e500cec
9e4e7dfe,9e4e7dfe
9e4cef10,9e4cef10
9e4b6022,9e4b6022
9e49d134,9e49d134
9e484247,9e484247
9e46b359,9e46b359
9e45246b,9e45246b
9e43957d,9e43957d
9e42068f,9e42068f
9e4077a1,9e4077a1
9e3ee8b3,9e3ee8b3
9e3d59c5,9e3d59c5
9e3bcad7,9e3bcad7
9e3a3be9,9e3a3be9
9e38acfb,9e38acfb
9e371e0d,9e371e0d
9e358f1f,9e358f1f
9e340031,9e340031
9e327144,9e327144
9e30e256,9e30e256
9e2f5368,9e2f5368
9e2dc47a,9e2dc47a
9e2c358c,9e2c358c
9e2aa69e,9e2aa69e
9e2917b0,9e2917b0
9e2788c2,9e2788c2
9e25f9d4,9e25f9d4
9e246ae6,9e246ae6
9e22dbf8,9e22dbf8
9e214d0a,9e214d0a
9e1fbe1c,9e1fbe1c
9e1e2f2f,9e1e2f2f
9e1ca041,9e1ca041
9e1b1153,9e1b1153
9e198265,9e198265
9e17f377,9e17f377
9e166489,9e166489
9e14d59b,9e14d59b
9e1346ad,9e1346ad
9e11b7bf,9e11b7bf
9e1028d1,9e1028d1
9e0e99e3,9e0e99e3
9e0d0af5,9e0d0af5
9e0b7c07,9e0b7c07
9e09ed19,9e09ed19
9e085e2c,9e085e2c
9e06cf3e,9e06cf3e
9e054050,9e054050
9e03b162,9e03b162
9e022274,9e022274
9e009386,9e009386
9dff0498,9dff0498
9dfd75aa,9dfd75aa
9dfbe6bc,9dfbe6bc
9dfa57ce,9dfa57ce
9df8c8e0,9df8c8e0
9df739f2,9df739f2
9df5ab04,9df5ab04
9df41c17,9df41c17
9df28d29,9df28d29
9df0fe3b,9df0fe3b
9def6f4d,9def6f4d
9dede05f,9dede05f
9dec5171,9dec5171
9deac283,9deac283
9de93395,9de93395
9de7a4a7,9de7a4a7
9de615b9,9de615b9
9de486cb,9de486cb
9de2f7dd,9de2f7dd
9de168ef,9de168ef
9ddfda01,9ddfda01
9dde4b14,9dde4b14
9ddcbc26,9ddcbc26
9ddb2d38,9ddb2d38
9dd99e4a,9dd99e4a
9dd80f5c,9dd80f5c
9dd6806e,9dd6806e
9dd4f180,9dd4f180
9dd36292,9dd36292
9dd1d3a4,9dd1d3a4
9dd044b6,9dd044b6
9dceb5c8,9dceb5c8
9dcd26da,9dcd26da
9dcb97ec,9dcb97ec
9dca08ff,9dca08ff
9dc87a11,9dc87a11
9dc6eb23,9dc6eb23
9dc55c35,9dc55c35
9dc3cd47,9dc3cd47
9dc23e59,9dc23e59
9dc0af6b,9dc0af6b
9dbf207d,9dbf207d
9dbd918f,9dbd918f
9dbc02a1,9dbc02a1
9dba73b3,9dba73b3
9db8e4c5,9db8e4c5
9db755d7,9db755d7
9db5c6e9,9db5c6e9
9db437fc,9db437fc
9db2a90e,9db2a90e
9db11a20,9db11a20
9daf8b32,9daf8b32
9dadfc44,9dadfc44
9dac6d56,9dac6d56
9daade68,9daade68
9da94f7a,9da94f7a
9da7c08c,9da7c08c
9da6319e,9da6319e
9da4a2b0,9da4a2b0
9da313c2,9da313c2
9da184d4,9da184d4
9d9ff5e7,9d9ff5e7
9d9e66f9,9d9e66f9
9d9cd80b,9d9cd80b
9d9b491d,9d9b491d
9d99ba2f,9d99ba2f
9d982b41,9d982b41
9d969c53,9d969c53
9d950d65,9d950d65
9d937e77,9d937e77
9d91ef89,9d91ef89
9d90609b,9d90609b
9d8ed1ad,9d8ed1ad
9d8d42bf,9d8d42bf
9d8bb3d1,9d8bb3d1
9d8a24e4,9d8a24e4
9d8895f6,9d8895f6
9d870708,9d870708
9d85781a,9d85781a
9d83e92c,9d83e92c
9d825a3e,9d825a3e
9d80cb50,9d80cb50
9d7f3c62,9d7f3c62
9d7dad74,9d7dad74
9d7c1e86,9d7c1e86
9d7a8f98,9d7a8f98
9d7900aa,9d7900aa
9d7771bc,9d7771bc
9d75e2cf,9d75e2cf
9d7453e1,9d7453e1
9d72c4f3,9d72c4f3
9d713605,9d713605
9d6fa717,9d6fa717
9d6e1829,9d6e1829
9d6c893b,9d6c893b
9d6afa4d,9d6afa4d
9d696b5f,9d696b5f
9d67dc71,9d67dc71
9d664d83,9d664d83
9d64be95,9d64be95
9d632fa7,9d632fa7
9d61a0b9,9d61a0b9
9d6011cc,9d6011cc
9d5e82de,9d5e82de
9d5cf3f0,9d5cf3f0
9d5b6502,9d5b6502
9d59d614,9d59d614
9d584726,9d584726
9d56b838,9d56b838
9d55294a,9d55294a
9d539a5c,9d539a5c
9d520b6e,9d520b6e
9d507c80,9d507c80
9d4eed92,9d4eed92
9d4d5ea4,9d4d5ea4
9d4bcfb7,9d4bcfb7
9d4a40c9,9d4a40c9
9d48b1db,9d48b1db
9d4722ed,9d4722ed
9d4593ff,9d4593ff
9d440511,9d440511
9d427623,9d427623
9d40e735,9d40e735
9d3f5847,9d3f5847
9d3dc959,9d3dc959
9d3c3a6b,9d3c3a6b
9d3aab7d,9d3aab7d
9d391c8f,9d391c8f
9d378da2,9d378da2
9d35feb4,9d35feb4
9d346fc6,9d346fc6
9d32e0d8,9d32e0d8
9d3151ea,9d3151ea
9d2fc2fc,9d2fc2fc
9d2e340e,9d2e340e
9d2ca520,9d2ca520
9d2b1632,9d2b1632
9d298744,9d298744
9d27f856,9d27f856
9d266968,9d266968
9d24da7a,9d24da7a
9d234b8c,9d234b8c
9d21bc9f,9d21bc9f
9d202db1,9d202db1
9d1e9ec3,9d1e9ec3
9d1d0fd5,9d1d0fd5
9d1b80e7,9d1b80e7
9d19f1f9,9d19f1f9
9d18630b,9d18630b
9d16d41d,9d16d41d
9d15452f,9d15452f
9d13b641,9d13b641
9d122753,9d122753
9d109865,9d109865
9d0f0977,9d0f0977
9d0d7a8a,9d0d7a8a
9d0beb9c,9d0beb9c
9d0a5cae,9d0a5cae
9d08cdc0,9d08cdc0
9d073ed2,9d073ed2
9d05afe4,9d05afe4
9d0420f6,9d0420f6
9d029208,9d029208
9d01031a,9d01031a
9cff742c,9cff742c
9cfde53e,9cfde53e
9cfc5650,9cfc5650
9cfac762,9cfac762
9cf93874,9cf93874
9cf7a987,9cf7a987
9cf61a99,9cf61a99
9cf48bab,9cf48bab
9cf2fcbd,9cf2fcbd
9cf16dcf,9cf16dcf
9cefdee1,9cefdee1
9cee4ff3,9cee4ff3
9cecc105,9cecc105
9ceb3217,9ceb3217
9ce9a329,9ce9a329
9ce8143b,9ce8143b
9ce6854d,9ce6854d
9ce4f65f,9ce4f65f
9ce36772,9ce36772
9ce1d884,9ce1d884
9ce04996,9ce04996
9cdebaa8,9cdebaa8
9cdd2bba,9cdd2bba
9cdb9ccc,9cdb9ccc
9cda0dde,9cda0dde
9cd87ef0,9cd87ef0
9cd6f002,9cd6f002
9cd56114,9cd56114
9cd3d226,9cd3d226
9cd24338,9cd24338
9cd0b44a,9cd0b44a
9ccf255c,9ccf255c
9ccd966f,9ccd966f
9ccc0781,9ccc0781
9cca7893,9cca7893
9cc8e9a5,9cc8e9a5
9cc75ab7,9cc75ab7
9cc5cbc9,9cc5cbc9
9cc43cdb,9cc43cdb
9cc2aded,9cc2aded
9cc11eff,9cc11eff
9cbf9011,9cbf9011
9cbe0123,9cbe0123
9cbc7235,9cbc7235
9cbae347,9cbae347
9cb9545a,9cb9545a
9cb7c56c,9cb7c56c
9cb6367e,9cb6367e
9cb4a790,9cb4a790
9cb318a2,9cb318a2
9cb189b4,9cb189b4
9caffac6,9caffac6
9cae6bd8,9cae6bd8
9cacdcea,9cacdcea
9cab4dfc,9cab4dfc
9ca9bf0e,9ca9bf0e
9ca83020,9ca83020
9ca6a132,9ca6a132
9ca51244,9ca51244
9ca38357,9ca38357
9ca1f469,9ca1f469
9ca0657b,9ca0657b
9c9ed68d,9c9ed68d
9c9d479f,9c9d479f
9c9bb8b1,9c9bb8b1
9c9a29c3,9c9a29c3
9c989ad5,9c989ad5
9c970be7,9c970be7
9c957cf9,9c957cf9
9c93ee0b,9c93ee0b
9c925f1d,9c925f1d
9c90d02f,9c90d02f
9c8f4142,9c8f4142
9c8db254,9c8db254
9c8c2366,9c8c2366
9c8a9478,9c8a9478
9c89058a,9c89058a
9c87769c,9c87769c
9c85e7ae,9c85e7ae
9c8458c0,9c8458c0
9c82c9d2,9c82c9d2
9c813ae4,9c813ae4
9c7fabf6,9c7fabf6
9c7e1d08,9c7e1d08
9c7c8e1a,9c7c8e1a
9c7aff2c,9c7aff2c
9c79703f,9c79703f
9c77e151,9c77e151
9c765263,9c765263
9c74c375,9c74c375
9c733487,9c733487
9c71a599,9c71a599
9c7016ab,9c7016ab
9c6e87bd,9c6e87bd
9c6cf8cf,9c6cf8cf
9c6b69e1,9c6b69e1
9c69daf3,9c69daf3
9c684c05,9c684c05
9c66bd17,9c66bd17
9c652e2a,9c652e2a
9c639f3c,9c639f3c
9c62104e,9c62104e
9c608160,9c608160
9c5ef272,9c5ef272
9c5d6384,9c5d6384
9c5bd496,9c5bd496
9c5a45a8,9c5a45a8
9c58b6ba,9c58b6ba
9c5727cc,9c5727cc
9c5598de,9c5598de
9c5409f0,9c5409f0
9c527b02,9c527b02
9c50ec14,9c50ec14
9c4f5d27,9c4f5d27
9c4dce39,9c4dce39
9c4c3f4b,9c4c3f4b
9c4ab05d,9c4ab05d
9c49216f,9c49216f
9c479281,9c479281
9c460393,9c460393
9c4474a5,9c4474a5
9c42e5b7,9c42e5b7
9c4156c9,9c4156c9
9c3fc7db,9c3fc7db
9c3e38ed,9c3e38ed
9c3ca9ff,9c3ca9ff
9c3b1b12,9c3b1b12
9c398c24,9c398c24
9c37fd36,9c37fd36
9c366e48,9c366e48
9c34df5a,9c34df5a
9c33506c,9c33506c
9c31c17e,9c31c17e
9c303290,9c303290
9c2ea3a2,9c2ea3a2
9c2d14b4,9c2d14b4
9c2b85c6,9c2b85c6
9c29f6d8,9c29f6d8
9c2867ea,9c2867ea
9c26d8fc,9c26d8fc
9c254a0f,9c254a0f
9c23bb21,9c23bb21
9c222c33,9c222c33
9c209d45,9c209d45
9c1f0e57,9c1f0e57
9c1d7f69,9c1d7f69
9c1bf07b,9c1bf07b
9c1a618d,9c1a618d
9c18d29f,9c18d29f
9c1743b1,9c1743b1
9c15b4c3,9c15b4c3
9c1425d5,9c1425d5
9c1296e7,9c1296e7
9c1107fa,9c1107fa
9c0f790c,9c0f790c
9c0dea1e,9c0dea1e
9c0c5b30,9c0c5b30
9c0acc42,9c0acc42
9c093d54,9c093d54
9c07ae66,9c07ae66
9c061f78,9c061f78
9c04908a,9c04908a
9c03019c,9c03019c
9c0172ae,9c0172ae
9bffe3c0,9bffe3c0
9bfe54d2,9bfe54d2
9bfcc5e4,9bfcc5e4
9bfb36f7,9bfb36f7
9bf9a809,9bf9a809
9bf8191b,9bf8191b
9bf68a2d,9bf68a2d
9bf4fb3f,9bf4fb3f
9bf36c51,9bf36c51
9bf1dd63,9bf1dd63
9bf04e75,9bf04e75
9beebf87,9beebf87
9bed3099,9bed3099
9beba1ab,9beba1ab
9bea12bd,9bea12bd
9be883cf,9be883cf
9be6f4e2,9be6f4e2
9be565f4,9be565f4
9be3d706,9be3d706
9be24818,9be24818
9be0b92a,9be0b92a
9bdf2a3c,9bdf2a3c
9bdd9b4e,9bdd9b4e
9bdc0c60,9bdc0c60
9bda7d72,9bda7d72
9bd8ee84,9bd8ee84
9bd75f96,9bd75f96
9bd5d0a8,9bd5d0a8
9bd441ba,9bd441ba
9bd2b2cc,9bd2b2cc
9bd123df,9bd123df
9bcf94f1,9bcf94f1
9bce0603,9bce0603
9bcc7715,9bcc7715
9bcae827,9bcae827
9bc95939,9bc95939
9bc7ca4b,9bc7ca4b
9bc63b5d,9bc63b5d
9bc4ac6f,9bc4ac6f
9bc31d81,9bc31d81
9bc18e93,9bc18e93
9bbfffa5,9bbfffa5
9bbe70b7,9bbe70b7
9bbce1ca,9bbce1ca
9bbb52dc,9bbb52dc
9bb9c3ee,9bb9c3ee
9bb83500,9bb83500
9bb6a612,9bb6a612
9bb51724,9bb51724
9bb38836,9bb38836
9bb1f948,9bb1f948
9bb06a5a,9bb06a5a
9baedb6c,9baedb6c
9bad4c7e,9bad4c7e
9babbd90,9babbd90
9baa2ea2,9baa2ea2
9ba89fb5,9ba89fb5
9ba710c7,9ba710c7
9ba581d9,9ba581d9
9ba3f2eb,9ba3f2eb
9ba263fd,9ba263fd
9ba0d50f,9ba0d50f
9b9f4621,9b9f4621
9b9db733,9b9db733
9b9c2845,9b9c2845
9b9a9957,9b9a9957
9b990a69,9b990a69
9b977b7b,9b977b7b
9b95ec8d,9b95ec8d
9b945d9f,9b945d9f
9b92ceb2,9b92ceb2
9b913fc4,9b913fc4
9b8fb0d6,9b8fb0d6
9b8e21e8,9b8e21e8
9b8c92fa,9b8c92fa
9b8b040c,9b8b040c
9b89751e,9b89751e
9b87e630,9b87e630
9b865742,9b865742
9b84c854,9b84c854
9b833966,9b833966
9b81aa78,9b81aa78
9b801b8a,9b801b8a
9b7e8c9d,9b7e8c9d
9b7cfdaf,9b7cfdaf
9b7b6ec1,9b7b6ec1
9b79dfd3,9b79dfd3
9b7850e5,9b7850e5
9b76c1f7,9b76c1f7
9b753309,9b753309
9b73a41b,9b73a41b
9b72152d,9b72152d
9b70863f,9b70863f
9b6ef751,9b6ef751
9b6d6863,9b6d6863
9b6bd975,9b6bd975
9b6a4a87,9b6a4a87
9b68bb9a,9b68bb9a
9b672cac,9b672cac
9b659dbe,9b659dbe
9b640ed0,9b640ed0
9b627fe2,9b627fe2
9b60f0f4,9b60f0f4
9b5f6206,9b5f6206
9b5dd318,9b5dd318
9b5c442a,9b5c442a
9b5ab53c,9b5ab53c
9b59264e,9b59264e
9b579760,9b579760
9b560872,9b560872
9b547985,9b547985
9b52ea97,9b52ea97
9b515ba9,9b515ba9
9b4fccbb,9b4fccbb
9b4e3dcd,9b4e3dcd
9b4caedf,9b4caedf
9b4b1ff1,9b4b1ff1
9b499103,9b499103
9b480215,9b480215
9b467327,9b467327
9b44e439,9b44e439
9b43554b,9b43554b
9b41c65d,9b41c65d
9b40376f,9b40376f
9b3ea882,9b3ea882
9b3d1994,9b3d1994
9b3b8aa6,9b3b8aa6
9b39fbb8,9b39fbb8
9b386cca,9b386cca
9b36dddc,9b36dddc
9b354eee,9b354eee
9b33c000,9b33c000
9b323112,9b323112
9b30a224,9b30a224
9b2f1336,9b2f1336
9b2d8448,9b2d8448
9b2bf55a,9b2bf55a
9b2a666d,9b2a666d
9b28d77f,9b28d77f
9b274891,9b274891
9b25b9a3,9b25b9a3
9b242ab5,9b242ab5
9b229bc7,9b229bc7
9b210cd9,9b210cd9
9b1f7deb,9b1f7deb
9b1deefd,9b1deefd
9b1c600f,9b1c600f
9b1ad121,9b1ad121
9b194233,9b194233
9b17b345,9b17b345
9b162457,9b162457
9b14956a,9b14956a
9b13067c,9b13067c
9b11778e,9b11778e
9b0fe8a0,9b0fe8a0
9b0e59b2,9b0e59b2
9b0ccac4,9b0ccac4
9b0b3bd6,9b0b3bd6
9b09ace8,9b09ace8
9b081dfa,9b081dfa
9b068f0c,9b068f0c
9b05001e,9b05001e
9b037130,9b037130
9b01e242,9b01e242
9b005355,9b005355
9afec467,9afec467
9afd3579,9afd3579
9afba68b,9afba68b
9afa179d,9afa179d
9af888af,9af888af
9af6f9c1,9af6f9c1
9af56ad3,9af56ad3
9af3dbe5,9af3dbe5
9af24cf7,9af24cf7
9af0be09,9af0be09
9aef2f1b,9aef2f1b
9aeda02d,9aeda02d
9aec113f,9aec113f
9aea8252,9aea8252
9ae8f364,9ae8f364
9ae76476,9ae76476
9ae5d588,9ae5d588
9ae4469a,9ae4469a
9ae2b7ac,9ae2b7ac
9ae128be,9ae128be
9adf99d0,9adf99d0
9ade0ae2,9ade0ae2
9adc7bf4,9adc7bf4
9adaed06,9adaed06
9ad95e18,9ad95e18
9ad7cf2a,9ad7cf2a
9ad6403d,9ad6403d
9ad4b14f,9ad4b14f
9ad32261,9ad32261
9ad19373,9ad19373
9ad00485,9ad00485
9ace7597,9ace7597
9acce6a9,9acce6a9
9acb57bb,9acb57bb
9ac9c8cd,9ac9c8cd
9ac839df,9ac839df
9ac6aaf1,9ac6aaf1
9ac51c03,9ac51c03
9ac38d15,9ac38d15
9ac1fe27,9ac1fe27
9ac06f3a,9ac06f3a
9abee04c,9abee04c
9abd515e,9abd515e
9abbc270,9abbc270
9aba3382,9aba3382
9ab8a494,9ab8a494
9ab715a6,9ab715a6
9ab586b8,9ab586b8
9ab3f7ca,9ab3f7ca
9ab268dc,9ab268dc
9ab0d9ee,9ab0d9ee
9aaf4b00,9aaf4b00
9aadbc12,9aadbc12
9aac2d25,9aac2d25
9aaa9e37,9aaa9e37
9aa90f49,9aa90f49
9aa7805b,9aa7805b
9aa5f16d,9aa5f16d
9aa4627f,9aa4627f
9aa2d391,9aa2d391
9aa144a3,9aa144a3
9a9fb5b5,9a9fb5b5
9a9e26c7,9a9e26c7
9a9c97d9,9a9c97d9
9a9b08eb,9a9b08eb
9a9979fd,9a9979fd
9a97eb0f,9a97eb0f
9a965c22,9a965c22
9a94cd34,9a94cd34
9a933e46,9a933e46
9a91af58,9a91af58
9a90206a,9a90206a
9a8e917c,9a8e917c
9a8d028e,9a8d028e
9a8b73a0,9a8b73a0
9a89e4b2,9a89e4b2
9a8855c4,9a8855c4
9a86c6d6,9a86c6d6
9a8537e8,9a8537e8
9a83a8fa,9a83a8fa
9a821a0d,9a821a0d
9a808b1f,9a808b1f
9a7efc31,9a7efc31
9a7d6d43,9a7d6d43
9a7bde55,9a7bde55
9a7a4f67,9a7a4f67
9a78c079,9a78c079
9a77318b,9a77318b
9a75a29d,9a75a29d
9a7413af,9a7413af
9a7284c1,9a7284c1
9a70f5d3,9a70f5d3
9a6f66e5,9a6f66e5
9a6dd7f7,9a6dd7f7
9a6c490a,9a6c490a
9a6aba1c,9a6aba1c
9a692b2e,9a692b2e
9a679c40,9a679c40
9a660d52,9a660d52
9a647e64,9a647e64
9a62ef76,9a62ef76
9a616088,9a616088
9a5fd19a,9a5fd19a
9a5e42ac,9a5e42ac
9a5cb3be,9a5cb3be
9a5b24d0,9a5b24d0
9a5995e2,9a5995e2
9a5806f5,9a5806f5
9a567807,9a567807
9a54e919,9a54e919
9a535a2b,9a535a2b
9a51cb3d,9a51cb3d
9a503c4f,9a503c4f
9a4ead61,9a4ead61
9a4d1e73,9a4d1e73
9a4b8f85,9a4b8f85
9a4a0097,9a4a0097
9a4871a9,9a4871a9
9a46e2bb,9a46e2bb
9a4553cd,9a4553cd
9a43c4df,9a43c4df
9a4235f2,9a4235f2
9a40a704,9a40a704
9a3f1816,9a3f1816
9a3d8928,9a3d8928
9a3bfa3a,9a3bfa3a
9a3a6b4c,9a3a6b4c
9a38dc5e,9a38dc5e
9a374d70,9a374d70
9a35be82,9a35be82
9a342f94,9a342f94
9a32a0a6,9a32a0a6
9a3111b8,9a3111b8
9a2f82ca,9a2f82ca
9a2df3dd,9a2df3dd
9a2c64ef,9a2c64ef
9a2ad601,9a2ad601
9a294713,9a294713
9a27b825,9a27b825
9a262937,9a262937
9a249a49,9a249a49
9a230b5b,9a230b5b
9a217c6d,9a217c6d
9a1fed7f,9a1fed7f
9a1e5e91,9a1e5e91
9a1ccfa3,9a1ccfa3
9a1b40b5,9a1b40b5
9a19b1c8,9a19b1c8
9a1822da,9a1822da
9a1693ec,9a1693ec
9a1504fe,9a1504fe
9a137610,9a137610
9a11e722,9a11e722
9a105834,9a105834
9a0ec946,9a0ec946
9a0d3a58,9a0d3a58
9a0bab6a,9a0bab6a
9a0a1c7c,9a0a1c7c
9a088d8e,9a088d8e
9a06fea0,9a06fea0
9a056fb2,9a056fb2
9a03e0c5,9a03e0c5
9a0251d7,9a0251d7
9a00c2e9,9a00c2e9
99ff33fb,99ff33fb
99fda50d,99fda50d
99fc161f,99fc161f
99fa8731,99fa8731
99f8f843,99f8f843
99f76955,99f76955
99f5da67,99f5da67
99f44b79,99f44b79
99f2bc8b,99f2bc8b
99f12d9d,99f12d9d
99ef9eb0,99ef9eb0
99ee0fc2,99ee0fc2
99ec80d4,99ec80d4
99eaf1e6,99eaf1e6
99e962f8,99e962f8
99e7d40a,99e7d40a
99e6451c,99e6451c
99e4b62e,99e4b62e
99e32740,99e32740
99e19852,99e19852
99e00964,99e00964
99de7a76,99de7a76
99dceb88,99dceb88
99db5c9a,99db5c9a
99d9cdad,99d9cdad
99d83ebf,99d83ebf
99d6afd1,99d6afd1
99d520e3,99d520e3
99d391f5,99d391f5
99d20307,99d20307
99d07419,99d07419
99cee52b,99cee52b
99cd563d,99cd563d
99cbc74f,99cbc74f
99ca3861,99ca3861
99c8a973,99c8a973
99c71a85,99c71a85
99c58b98,99c58b98
99c3fcaa,99c3fcaa
99c26dbc,99c26dbc
99c0dece,99c0dece
99bf4fe0,99bf4fe0
99bdc0f2,99bdc0f2
99bc3204,99bc3204
99baa316,99baa316
99b91428,99b91428
99b7853a,99b7853a
99b5f64c,99b5f64c
99b4675e,99b4675e
99b2d870,99b2d870
99b14982,99b14982
99afba95,99afba95
99ae2ba7,99ae2ba7
99ac9cb9,99ac9cb9
99ab0dcb,99ab0dcb
99a97edd,99a97edd
99a7efef,99a7efef
99a66101,99a66101
99a4d213,99a4d213
99a34325,99a34325
99a1b437,99a1b437
99a02549,99a02549
999e965b,999e965b
999d076d,999d076d
999b7880,999b7880
9999e992,9999e992
99985aa4,99985aa4
9996cbb6,9996cbb6
99953cc8,99953cc8
9993adda,9993adda
99921eec,99921eec
99908ffe,99908ffe
998f0110,998f0110
998d7222,998d7222
998be334,998be334
998a5446,998a5446
9988c558,9988c558
9987366a,9987366a
9985a77d,9985a77d
9984188f,9984188f
998289a1,998289a1
9980fab3,9980fab3
997f6bc5,997f6bc5
997ddcd7,997ddcd7
997c4de9,997c4de9
997abefb,997abefb
9979300d,9979300d
9977a11f,9977a11f
99761231,99761231
99748343,99748343
9972f455,9972f455
99716568,99716568
996fd67a,996fd67a
996e478c,996e478c
996cb89e,996cb89e
996b29b0,996b29b0
99699ac2,99699ac2
99680bd4,99680bd4
99667ce6,99667ce6
9964edf8,9964edf8
99635f0a,99635f0a
9961d01c,9961d01c
9960412e,9960412e
995eb240,995eb240
995d2352,995d2352
995b9465,995b9465
995a0577,995a0577
99587689,99587689
9956e79b,9956e79b
995558ad,995558ad
9953c9bf,9953c9bf
99523ad1,99523ad1
9950abe3,9950abe3
994f1cf5,994f1cf5
994d8e07,994d8e07
994bff19,994bff19
994a702b,994a702b
9948e13d,9948e13d
99475250,99475250
9945c362,9945c362
99443474,99443474
9942a586,9942a586
99411698,99411698
993f87aa,993f87aa
993df8bc,993df8bc
993c69ce,993c69ce
993adae0,993adae0
99394bf2,99394bf2
9937bd04,9937bd04
99362e16,99362e16
99349f28,99349f28
9933103a,9933103a
9931814d,9931814d
992ff25f,992ff25f
992e6371,992e6371
992cd483,992cd483
992b4595,992b4595
9929b6a7,9929b6a7
992827b9,992827b9
992698cb,992698cb
992509dd,992509dd
99237aef,99237aef
9921ec01,9921ec01
99205d13,99205d13
991ece25,991ece25
991d3f38,991d3f38
991bb04a,991bb04a
991a215c,991a215c
9918926e,9918926e
99170380,99170380
99157492,99157492
9913e5a4,9913e5a4
991256b6,991256b6
9910c7c8,9910c7c8
990f38da,990f38da
990da9ec,990da9ec
990c1afe,990c1afe
990a8c10,990a8c10
9908fd22,9908fd22
99076e35,99076e35
9905df47,9905df47
99045059,99045059
9902c16b,9902c16b
9901327d,9901327d
98ffa38f,98ffa38f
98fe14a1,98fe14a1
98fc85b3,98fc85b3
98faf6c5,98faf6c5
98f967d7,98f967d7
98f7d8e9,98f7d8e9
98f649fb,98f649fb
98f4bb0d,98f4bb0d
98f32c20,98f32c20
98f19d32,98f19d32
98f00e44,98f00e44
98ee7f56,98ee7f56
98ecf068,98ecf068
98eb617a,98eb617a
98e9d28c,98e9d28c
98e8439e,98e8439e
98e6b4b0,98e6b4b0
98e525c2,98e525c2
98e396d4,98e396d4
98e207e6,98e207e6
98e078f8,98e078f8
98deea0a,98deea0a
98dd5b1d,98dd5b1d
98dbcc2f,98dbcc2f
98da3d41,98da3d41
98d8ae53,98d8ae53
98d71f65,98d71f65
98d59077,98d59077
98d40189,98d40189
98d2729b,98d2729b
98d0e3ad,98d0e3ad
98cf54bf,98cf54bf
98cdc5d1,98cdc5d1
98cc36e3,98cc36e3
98caa7f5,98caa7f5
98c91908,98c91908
98c78a1a,98c78a1a
98c5fb2c,98c5fb2c
98c46c3e,98c46c3e
98c2dd50,98c2dd50
98c14e62,98c14e62
98bfbf74,98bfbf74
98be3086,98be3086
98bca198,98bca198
98bb12aa,98bb12aa
98b983bc,98b983bc
98b7f4ce,98b7f4ce
98b665e0,98b665e0
98b4d6f2,98b4d6f2
98b34805,98b34805
98b1b917,98b1b917
98b02a29,98b02a29
98ae9b3b,98ae9b3b
98ad0c4d,98ad0c4d
98ab7d5f,98ab7d5f
98a9ee71,98a9ee71
98a85f83,98a85f83
98a6d095,98a6d095
98a541a7,98a541a7
98a3b2b9,98a3b2b9
98a223cb,98a223cb
98a094dd,98a094dd
989f05f0,989f05f0
989d7702,989d7702
989be814,989be814
989a5926,989a5926
9898ca38,9898ca38
98973b4a,98973b4a
9895ac5c,9895ac5c
98941d6e,98941d6e
98928e80,98928e80
9890ff92,9890ff92
988f70a4,988f70a4
988de1b6,988de1b6
988c52c8,988c52c8
988ac3db,988ac3db
988934ed,988934ed
9887a5ff,9887a5ff
98861711,98861711
98848823,98848823
9882f935,9882f935
98816a47,98816a47
987fdb59,987fdb59
987e4c6b,987e4c6b
987cbd7d,987cbd7d
987b2e8f,987b2e8f
98799fa1,98799fa1
987810b3,987810b3
987681c5,987681c5
9874f2d8,9874f2d8
987363ea,987363ea
9871d4fc,9871d4fc
9870460e,9870460e
986eb720,986eb720
986d2832,986d2832
986b9944,986b9944
986a0a56,986a0a56
98687b68,98687b68
9866ec7a,9866ec7a
98655d8c,98655d8c
9863ce9e,9863ce9e
98623fb0,98623fb0
9860b0c3,9860b0c3
985f21d5,985f21d5
985d92e7,985d92e7
985c03f9,985c03f9
985a750b,985a750b
9858e61d,9858e61d
9857572f,9857572f
9855c841,9855c841
98543953,98543953
9852aa65,9852aa65
98511b77,98511b77
984f8c89,984f8c89
984dfd9b,984dfd9b
984c6ead,984c6ead
984adfc0,984adfc0
984950d2,984950d2
9847c1e4,9847c1e4
984632f6,984632f6
9844a408,9844a408
9843151a,9843151a
9841862c,9841862c
983ff73e,983ff73e
983e6850,983e6850
983cd962,983cd962
983b4a74,983b4a74
9839bb86,9839bb86
98382c98,98382c98
98369dab,98369dab
98350ebd,98350ebd
98337fcf,98337fcf
9831f0e1,9831f0e1
983061f3,983061f3
982ed305,982ed305
982d4417,982d4417
982bb529,982bb529
982a263b,982a263b
9828974d,9828974d
9827085f,9827085f
98257971,98257971
9823ea83,9823ea83
98225b95,98225b95
9820cca8,9820cca8
981f3dba,981f3dba
981daecc,981daecc
981c1fde,981c1fde
981a90f0,981a90f0
98190202,98190202
98177314,98177314
9815e426,9815e426
98145538,98145538
9812c64a,9812c64a
9811375c,9811375c
980fa86e,980fa86e
980e1980,980e1980
980c8a93,980c8a93
980afba5,980afba5
98096cb7,98096cb7
9807ddc9,9807ddc9
98064edb,98064edb
9804bfed,9804bfed
980330ff,980330ff
9801a211,9801a211
98001323,98001323
97fe8435,97fe8435
97fcf547,97fcf547
97fb6659,97fb6659
97f9d76b,97f9d76b
97f8487d,97f8487d
97f6b990,97f6b990
97f52aa2,97f52aa2
97f39bb4,97f39bb4
97f20cc6,97f20cc6
97f07dd8,97f07dd8
97eeeeea,97eeeeea
97ed5ffc,97ed5ffc
97ebd10e,97ebd10e
97ea4220,97ea4220
97e8b332,97e8b332
97e72444,97e72444
97e59556,97e59556
97e40668,97e40668
97e2777b,97e2777b
97e0e88d,97e0e88d
97df599f,97df599f
97ddcab1,97ddcab1
97dc3bc3,97dc3bc3
97daacd5,97daacd5
97d91de7,97d91de7
97d78ef9,97d78ef9
97d6000b,97d6000b
97d4711d,97d4711d
97d2e22f,97d2e22f
97d15341,97d15341
97cfc453,97cfc453
97ce3565,97ce3565
97cca678,97cca678
97cb178a,97cb178a
97c9889c,97c9889c
97c7f9ae,97c7f9ae
97c66ac0,97c66ac0
97c4dbd2,97c4dbd2
97c34ce4,97c34ce4
97c1bdf6,97c1bdf6
97c02f08,97c02f08
97bea01a,97bea01a
97bd112c,97bd112c
97bb823e,97bb823e
97b9f350,97b9f350
97b86463,97b86463
97b6d575,97b6d575
97b54687,97b54687
97b3b799,97b3b799
97b228ab,97b228ab
97b099bd,97b099bd
97af0acf,97af0acf
97ad7be1,97ad7be1
97abecf3,97abecf3
97aa5e05,97aa5e05
97a8cf17,97a8cf17
97a74029,97a74029
97a5b13b,97a5b13b
97a4224d,97a4224d
97a29360,97a29360
97a10472,97a10472
979f7584,979f7584
979de696,979de696
979c57a8,979c57a8
979ac8ba,979ac8ba
979939cc,979939cc
9797aade,9797aade
97961bf0,97961bf0
97948d02,97948d02
9792fe14,9792fe14
97916f26,97916f26
978fe038,978fe038
978e514b,978e514b
978cc25d,978cc25d
978b336f,978b336f
9789a481,9789a481
97881593,97881593
978686a5,978686a5
9784f7b7,9784f7b7
978368c9,978368c9
9781d9db,9781d9db
97804aed,97804aed
977ebbff,977ebbff
977d2d11,977d2d11
977b9e23,977b9e23
977a0f35,977a0f35
97788048,97788048
9776f15a,9776f15a
9775626c,9775626c
9773d37e,9773d37e
97724490,97724490
9770b5a2,9770b5a2
976f26b4,976f26b4
976d97c6,976d97c6
976c08d8,976c08d8
976a79ea,976a79ea
9768eafc,9768eafc
97675c0e,97675c0e
9765cd20,9765cd20
97643e33,97643e33
9762af45,9762af45
97612057,97612057
975f9169,975f9169
975e027b,975e027b
975c738d,975c738d
975ae49f,975ae49f
975955b1,975955b1
9757c6c3,9757c6c3
975637d5,975637d5
9754a8e7,9754a8e7
975319f9,975319f9
97518b0b,97518b0b
974ffc1d,974ffc1d
974e6d30,974e6d30
974cde42,974cde42
974b4f54,974b4f54
9749c066,9749c066
97483178,97483178
9746a28a,9746a28a
9745139c,9745139c
974384ae,974384ae
9741f5c0,9741f5c0
974066d2,974066d2
973ed7e4,973ed7e4
973d48f6,973d48f6
973bba08,973bba08
973a2b1b,973a2b1b
97389c2d,97389c2d
97370d3f,97370d3f
97357e51,97357e51
9733ef63,9733ef63
97326075,97326075
9730d187,9730d187
972f4299,972f4299
972db3ab,972db3ab
972c24bd,972c24bd
972a95cf,972a95cf
972906e1,972906e1
972777f3,972777f3
9725e905,9725e905
97245a18,97245a18
9722cb2a,9722cb2a
97213c3c,97213c3c
971fad4e,971fad4e
971e1e60,971e1e60
971c8f72,971c8f72
971b0084,971b0084
97197196,97197196
9717e2a8,9717e2a8
971653ba,971653ba
9714c4cc,9714c4cc
971335de,971335de
9711a6f0,9711a6f0
97101803,97101803
970e8915,970e8915
970cfa27,970cfa27
970b6b39,970b6b39
9709dc4b,9709dc4b
97084d5d,97084d5d
9706be6f,9706be6f
97052f81,97052f81
9703a093,9703a093
970211a5,970211a5
970082b7,970082b7
96fef3c9,96fef3c9
96fd64db,96fd64db
96fbd5ee,96fbd5ee
96fa4700,96fa4700
96f8b812,96f8b812
96f72924,96f72924
96f59a36,96f59a36
96f40b48,96f40b48
96f27c5a,96f27c5a
96f0ed6c,96f0ed6c
96ef5e7e,96ef5e7e
96edcf90,96edcf90
96ec40a2,96ec40a2
96eab1b4,96eab1b4
96e922c6,96e922c6
96e793d8,96e793d8
96e604eb,96e604eb
96e475fd,96e475fd
96e2e70f,96e2e70f
96e15821,96e15821
96dfc933,96dfc933
96de3a45,96de3a45
96dcab57,96dcab57
96db1c69,96db1c69
96d98d7b,96d98d7b
96d7fe8d,96d7fe8d
96d66f9f,96d66f9f
96d4e0b1,96d4e0b1
96d351c3,96d351c3
96d1c2d6,96d1c2d6
96d033e8,96d033e8
96cea4fa,96cea4fa
96cd160c,96cd160c
96cb871e,96cb871e
96c9f830,96c9f830
96c86942,96c86942
96c6da54,96c6da54
96c54b66,96c54b66
96c3bc78,96c3bc78
96c22d8a,96c22d8a
96c09e9c,96c09e9c
96bf0fae,96bf0fae
96bd80c0,96bd80c0
96bbf1d3,96bbf1d3
96ba62e5,96ba62e5
96b8d3f7,96b8d3f7
96b74509,96b74509
96b5b61b,96b5b61b
96b4272d,96b4272d
96b2983f,96b2983f
96b10951,96b10951
96af7a63,96af7a63
96adeb75,96adeb75
96ac5c87,96ac5c87
96aacd99,96aacd99
96a93eab,96a93eab
96a7afbe,96a7afbe
96a620d0,96a620d0
96a491e2,96a491e2
96a302f4,96a302f4
96a17406,96a17406
969fe518,969fe518
969e562a,969e562a
969cc73c,969cc73c
969b384e,969b384e
9699a960,9699a960
96981a72,96981a72
96968b84,96968b84
9694fc96,9694fc96
96936da8,96936da8
9691debb,9691debb
96904fcd,96904fcd
968ec0df,968ec0df
968d31f1,968d31f1
968ba303,968ba303
968a1415,968a1415
96888527,96888527
9686f639,9686f639
9685674b,9685674b
9683d85d,9683d85d
9682496f,9682496f
9680ba81,9680ba81
967f2b93,967f2b93
967d9ca6,967d9ca6
967c0db8,967c0db8
967a7eca,967a7eca
9678efdc,9678efdc
967760ee,967760ee
9675d200,9675d200
96744312,96744312
9672b424,9672b424
96712536,96712536
966f9648,966f9648
966e075a,966e075a
966c786c,966c786c
966ae97e,966ae97e
96695a90,96695a90
9667cba3,9667cba3
96663cb5,96663cb5
9664adc7,9664adc7
96631ed9,96631ed9
96618feb,96618feb
966000fd,966000fd
965e720f,965e720f
965ce321,965ce321
965b5433,965b5433
9659c545,9659c545
96583657,96583657
9656a769,9656a769
9655187b,9655187b
9653898e,9653898e
9651faa0,9651faa0
96506bb2,96506bb2
964edcc4,964edcc4
964d4dd6,964d4dd6
964bbee8,964bbee8
964a2ffa,964a2ffa
9648a10c,9648a10c
9647121e,9647121e
96458330,96458330
9643f442,9643f442
96426554,96426554
9640d666,9640d666
963f4778,963f4778
963db88b,963db88b
963c299d,963c299d
963a9aaf,963a9aaf
96390bc1,96390bc1
96377cd3,96377cd3
9635ede5,9635ede5
96345ef7,96345ef7
9632d009,9632d009
9631411b,9631411b
962fb22d,962fb22d
962e233f,962e233f
962c9451,962c9451
962b0563,962b0563
96297676,96297676
9627e788,9627e788
9626589a,9626589a
9624c9ac,9624c9ac
96233abe,96233abe
9621abd0,9621abd0
96201ce2,96201ce2
961e8df4,961e8df4
961cff06,961cff06
961b7018,961b7018
9619e12a,9619e12a
9618523c,9618523c
9616c34e,9616c34e
96153460,96153460
9613a573,9613a573
96121685,96121685
96108797,96108797
960ef8a9,960ef8a9
960d69bb,960d69bb
960bdacd,960bdacd
960a4bdf,960a4bdf
9608bcf1,9608bcf1
96072e03,96072e03
96059f15,96059f15
96041027,96041027
96028139,96028139
9600f24b,9600f24b
95ff635e,95ff635e
95fdd470,95fdd470
95fc4582,95fc4582
95fab694,95fab694
95f927a6,95f927a6
95f798b8,95f798b8
95f609ca,95f609ca
95f47adc,95f47adc
95f2ebee,95f2ebee
95f15d00,95f15d00
95efce12,95efce12
95ee3f24,95ee3f24
95ecb036,95ecb036
95eb2148,95eb2148
95e9925b,95e9925b
95e8036d,95e8036d
95e6747f,95e6747f
95e4e591,95e4e591
95e356a3,95e356a3
95e1c7b5,95e1c7b5
95e038c7,95e038c7
95dea9d9,95dea9d9
95dd1aeb,95dd1aeb
95db8bfd,95db8bfd
95d9fd0f,95d9fd0f
95d86e21,95d86e21
95d6df33,95d6df33
95d55046,95d55046
95d3c158,95d3c158
95d2326a,95d2326a
95d0a37c,95d0a37c
95cf148e,95cf148e
95cd85a0,95cd85a0
95cbf6b2,95cbf6b2
95ca67c4,95ca67c4
95c8d8d6,95c8d8d6
95c749e8,95c749e8
95c5bafa,95c5bafa
95c42c0c,95c42c0c
95c29d1e,95c29d1e
95c10e30,95c10e30
95bf7f43,95bf7f43
95bdf055,95bdf055
95bc6167,95bc6167
95bad279,95bad279
95b9438b,95b9438b
95b7b49d,95b7b49d
95b625af,95b625af
95b496c1,95b496c1
95b307d3,95b307d3
95b178e5,95b178e5
95afe9f7,95afe9f7
95ae5b09,95ae5b09
95accc1b,95accc1b
95ab3d2e,95ab3d2e
95a9ae40,95a9ae40
95a81f52,95a81f52
95a69064,95a69064
95a50176,95a50176
95a37288,95a37288
95a1e39a,95a1e39a
95a054ac,95a054ac
959ec5be,959ec5be
959d36d0,959d36d0
959ba7e2,959ba7e2
959a18f4,959a18f4
95988a06,95988a06
9596fb18,9596fb18
95956c2b,95956c2b
9593dd3d,9593dd3d
95924e4f,95924e4f
9590bf61,9590bf61
958f3073,958f3073
958da185,958da185
958c1297,958c1297
958a83a9,958a83a9
9588f4bb,9588f4bb
958765cd,958765cd
9585d6df,9585d6df
958447f1,958447f1
9582b903,9582b903
95812a16,95812a16
957f9b28,957f9b28
957e0c3a,957e0c3a
957c7d4c,957c7d4c
957aee5e,957aee5e
95795f70,95795f70
9577d082,9577d082
95764194,95764194
9574b2a6,9574b2a6
957323b8,957323b8
957194ca,957194ca
957005dc,957005dc
956e76ee,956e76ee
956ce801,956ce801
956b5913,956b5913
9569ca25,9569ca25
95683b37,95683b37
9566ac49,9566ac49
95651d5b,95651d5b
95638e6d,95638e6d
9561ff7f,9561ff7f
95607091,95607091
955ee1a3,955ee1a3
955d52b5,955d52b5
955bc3c7,955bc3c7
955a34d9,955a34d9
9558a5eb,9558a5eb
955716fe,955716fe
95558810,95558810
9553f922,9553f922
95526a34,95526a34
9550db46,9550db46
954f4c58,954f4c58
954dbd6a,954dbd6a
954c2e7c,954c2e7c
954a9f8e,954a9f8e
954910a0,954910a0
954781b2,954781b2
9545f2c4,9545f2c4
954463d6,954463d6
9542d4e9,9542d4e9
954145fb,954145fb
953fb70d,953fb70d
953e281f,953e281f
953c9931,953c9931
953b0a43,953b0a43
95397b55,95397b55
9537ec67,9537ec67
95365d79,95365d79
9534ce8b,9534ce8b
95333f9d,95333f9d
9531b0af,9531b0af
953021c1,953021c1
952e92d3,952e92d3
952d03e6,952d03e6
952b74f8,952b74f8
9529e60a,9529e60a
9528571c,9528571c
9526c82e,9526c82e
95253940,95253940
9523aa52,9523aa52
95221b64,95221b64
95208c76,95208c76
951efd88,951efd88
951d6e9a,951d6e9a
951bdfac,951bdfac
951a50be,951a50be
9518c1d1,9518c1d1
951732e3,951732e3
9515a3f5,9515a3f5
95141507,95141507
95128619,95128619
9510f72b,9510f72b
950f683d,950f683d
950dd94f,950dd94f
950c4a61,950c4a61
950abb73,950abb73
95092c85,95092c85
95079d97,95079d97
95060ea9,95060ea9
95047fbb,95047fbb
9502f0ce,9502f0ce
950161e0,950161e0
94ffd2f2,94ffd2f2
94fe4404,94fe4404
94fcb516,94fcb516
94fb2628,94fb2628
94f9973a,94f9973a
94f8084c,94f8084c
94f6795e,94f6795e
94f4ea70,94f4ea70
94f35b82,94f35b82
94f1cc94,94f1cc94
94f03da6,94f03da6
94eeaeb9,94eeaeb9
94ed1fcb,94ed1fcb
94eb90dd,94eb90dd
94ea01ef,94ea01ef
94e87301,94e87301
94e6e413,94e6e413
94e55525,94e55525
94e3c637,94e3c637
94e23749,94e23749
94e0a85b,94e0a85b
94df196d,94df196d
94dd8a7f,94dd8a7f
94dbfb91,94dbfb91
94da6ca3,94da6ca3
94d8ddb6,94d8ddb6
94d74ec8,94d74ec8
94d5bfda,94d5bfda
94d430ec,94d430ec
94d2a1fe,94d2a1fe
94d11310,94d11310
94cf8422,94cf8422
94cdf534,94cdf534
94cc6646,94cc6646
94cad758,94cad758
94c9486a,94c9486a
94c7b97c,94c7b97c
94c62a8e,94c62a8e
94c49ba1,94c49ba1
94c30cb3,94c30cb3
94c17dc5,94c17dc5
94bfeed7,94bfeed7
94be5fe9,94be5fe9
94bcd0fb,94bcd0fb
94bb420d,94bb420d
94b9b31f,94b9b31f
94b82431,94b82431
94b69543,94b69543
94b50655,94b50655
94b37767,94b37767
94b1e879,94b1e879
94b0598b,94b0598b
94aeca9e,94aeca9e
94ad3bb0,94ad3bb0
94abacc2,94abacc2
94aa1dd4,94aa1dd4
94a88ee6,94a88ee6
94a6fff8,94a6fff8
94a5710a,94a5710a
94a3e21c,94a3e21c
94a2532e,94a2532e
94a0c440,94a0c440
949f3552,949f3552
949da664,949da664
949c1776,949c1776
949a8889,949a8889
9498f99b,9498f99b
94976aad,94976aad
9495dbbf,9495dbbf
94944cd1,94944cd1
9492bde3,9492bde3
94912ef5,94912ef5
948fa007,948fa007
948e1119,948e1119
948c822b,948c822b
948af33d,948af33d
9489644f,9489644f
9487d561,9487d561
94864673,94864673
9484b786,9484b786
94832898,94832898
948199aa,948199aa
94800abc,94800abc
947e7bce,947e7bce
947cece0,947cece0
947b5df2,947b5df2
9479cf04,9479cf04
94784016,94784016
9476b128,9476b128
9475223a,9475223a
9473934c,9473934c
9472045e,9472045e
94707571,94707571
946ee683,946ee683
946d5795,946d5795
946bc8a7,946bc8a7
946a39b9,946a39b9
9468aacb,9468aacb
94671bdd,94671bdd
94658cef,94658cef
9463fe01,9463fe01
94626f13,94626f13
9460e025,9460e025
945f5137,945f5137
945dc249,945dc249
945c335b,945c335b
945aa46e,945aa46e
94591580,94591580
94578692,94578692
9455f7a4,9455f7a4
945468b6,945468b6
9452d9c8,9452d9c8
94514ada,94514ada
944fbbec,944fbbec
944e2cfe,944e2cfe
944c9e10,944c9e10
944b0f22,944b0f22
94498034,94498034
9447f146,9447f146
94466259,94466259
9444d36b,9444d36b
9443447d,9443447d
9441b58f,9441b58f
944026a1,944026a1
943e97b3,943e97b3
943d08c5,943d08c5
943b79d7,943b79d7
9439eae9,9439eae9
94385bfb,94385bfb
9436cd0d,9436cd0d
94353e1f,94353e1f
9433af31,9433af31
94322043,94322043
94309156,94309156
942f0268,942f0268
942d737a,942d737a
942be48c,942be48c
942a559e,942a559e
9428c6b0,9428c6b0
942737c2,942737c2
9425a8d4,9425a8d4
942419e6,942419e6
94228af8,94228af8
9420fc0a,9420fc0a
941f6d1c,941f6d1c
941dde2e,941dde2e
941c4f41,941c4f41
941ac053,941ac053
94193165,94193165
9417a277,9417a277
94161389,94161389
9414849b,9414849b
9412f5ad,9412f5ad
941166bf,941166bf
940fd7d1,940fd7d1
940e48e3,940e48e3
940cb9f5,940cb9f5
940b2b07,940b2b07
94099c19,94099c19
94080d2b,94080d2b
94067e3e,94067e3e
9404ef50,9404ef50
94036062,94036062
9401d174,9401d174
94004286,94004286
93feb398,93feb398
93fd24aa,93fd24aa
93fb95bc,93fb95bc
93fa06ce,93fa06ce
93f877e0,93f877e0
93f6e8f2,93f6e8f2
93f55a04,93f55a04
93f3cb16,93f3cb16
93f23c29,93f23c29
93f0ad3b,93f0ad3b
93ef1e4d,93ef1e4d
93ed8f5f,93ed8f5f
93ec0071,93ec0071
93ea7183,93ea7183
93e8e295,93e8e295
93e753a7,93e753a7
93e5c4b9,93e5c4b9
93e435cb,93e435cb
93e2a6dd,93e2a6dd
93e117ef,93e117ef
93df8901,93df8901
93ddfa14,93ddfa14
93dc6b26,93dc6b26
93dadc38,93dadc38
93d94d4a,93d94d4a
93d7be5c,93d7be5c
93d62f6e,93d62f6e
93d4a080,93d4a080
93d31192,93d31192
93d182a4,93d182a4
93cff3b6,93cff3b6
93ce64c8,93ce64c8
93ccd5da,93ccd5da
93cb46ec,93cb46ec
93c9b7fe,93c9b7fe
93c82911,93c82911
93c69a23,93c69a23
93c50b35,93c50b35
93c37c47,93c37c47
93c1ed59,93c1ed59
93c05e6b,93c05e6b
93becf7d,93becf7d
93bd408f,93bd408f
93bbb1a1,93bbb1a1
93ba22b3,93ba22b3
93b893c5,93b893c5
93b704d7,93b704d7
93b575e9,93b575e9
93b3e6fc,93b3e6fc
93b2580e,93b2580e
93b0c920,93b0c920
93af3a32,93af3a32
93adab44,93adab44
93ac1c56,93ac1c56
93aa8d68,93aa8d68
93a8fe7a,93a8fe7a
93a76f8c,93a76f8c
93a5e09e,93a5e09e
93a451b0,93a451b0
93a2c2c2,93a2c2c2
93a133d4,93a133d4
939fa4e6,939fa4e6
939e15f9,939e15f9
939c870b,939c870b
939af81d,939af81d
9399692f,9399692f
9397da41,9397da41
93964b53,93964b53
9394bc65,9394bc65
93932d77,93932d77
93919e89,93919e89
93900f9b,93900f9b
938e80ad,938e80ad
938cf1bf,938cf1bf
938b62d1,938b62d1
9389d3e4,9389d3e4
938844f6,938844f6
9386b608,9386b608
9385271a,9385271a
9383982c,9383982c
9382093e,9382093e
93807a50,93807a50
937eeb62,937eeb62
937d5c74,937d5c74
937bcd86,937bcd86
937a3e98,937a3e98
9378afaa,9378afaa
937720bc,937720bc
937591ce,937591ce
937402e1,937402e1
937273f3,937273f3
9370e505,9370e505
936f5617,936f5617
936dc729,936dc729
936c383b,936c383b
936aa94d,936aa94d
93691a5f,93691a5f
93678b71,93678b71
9365fc83,9365fc83
93646d95,93646d95
9362dea7,9362dea7
93614fb9,93614fb9
935fc0cc,935fc0cc
935e31de,935e31de
935ca2f0,935ca2f0
935b1402,935b1402
93598514,93598514
9357f626,9357f626
93566738,93566738
9354d84a,9354d84a
9353495c,9353495c
9351ba6e,9351ba6e
93502b80,93502b80
934e9c92,934e9c92
934d0da4,934d0da4
934b7eb6,934b7eb6
9349efc9,9349efc9
934860db,934860db
9346d1ed,9346d1ed
934542ff,934542ff
9343b411,9343b411
93422523,93422523
93409635,93409635
933f0747,933f0747
933d7859,933d7859
933be96b,933be96b
933a5a7d,933a5a7d
9338cb8f,9338cb8f
93373ca1,93373ca1
9335adb4,9335adb4
93341ec6,93341ec6
93328fd8,93328fd8
933100ea,933100ea
932f71fc,932f71fc
932de30e,932de30e
932c5420,932c5420
932ac532,932ac532
93293644,93293644
9327a756,9327a756
93261868,93261868
9324897a,9324897a
9322fa8c,9322fa8c
93216b9e,93216b9e
931fdcb1,931fdcb1
931e4dc3,931e4dc3
931cbed5,931cbed5
931b2fe7,931b2fe7
9319a0f9,9319a0f9
9318120b,9318120b
9316831d,9316831d
9314f42f,9314f42f
93136541,93136541
9311d653,9311d653
93104765,93104765
930eb877,930eb877
930d2989,930d2989
930b9a9c,930b9a9c
930a0bae,930a0bae
93087cc0,93087cc0
9306edd2,9306edd2
93055ee4,93055ee4
9303cff6,9303cff6
93024108,93024108
9300b21a,9300b21a
92ff232c,92ff232c
92fd943e,92fd943e
92fc0550,92fc0550
92fa7662,92fa7662
92f8e774,92f8e774
92f75886,92f75886
92f5c999,92f5c999
92f43aab,92f43aab
92f2abbd,92f2abbd
92f11ccf,92f11ccf
92ef8de1,92ef8de1
92edfef3,92edfef3
92ec7005,92ec7005
92eae117,92eae117
92e95229,92e95229
92e7c33b,92e7c33b
92e6344d,92e6344d
92e4a55f,92e4a55f
92e31671,92e31671
92e18784,92e18784
92dff896,92dff896
92de69a8,92de69a8
92dcdaba,92dcdaba
92db4bcc,92db4bcc
92d9bcde,92d9bcde
92d82df0,92d82df0
92d69f02,92d69f02
92d51014,92d51014
92d38126,92d38126
92d1f238,92d1f238
92d0634a,92d0634a
92ced45c,92ced45c
92cd456e,92cd456e
92cbb681,92cbb681
92ca2793,92ca2793
92c898a5,92c898a5
92c709b7,92c709b7
92c57ac9,92c57ac9
92c3ebdb,92c3ebdb
92c25ced,92c25ced
92c0cdff,92c0cdff
92bf3f11,92bf3f11
92bdb023,92bdb023
92bc2135,92bc2135
92ba9247,92ba9247
92b90359,92b90359
92b7746c,92b7746c
92b5e57e,92b5e57e
92b45690,92b45690
92b2c7a2,92b2c7a2
92b138b4,92b138b4
92afa9c6,92afa9c6
92ae1ad8,92ae1ad8
92ac8bea,92ac8bea
92aafcfc,92aafcfc
92a96e0e,92a96e0e
92a7df20,92a7df20
92a65032,92a65032
92a4c144,92a4c144
92a33256,92a33256
92a1a369,92a1a369
92a0147b,92a0147b
929e858d,929e858d
929cf69f,929cf69f
929b67b1,929b67b1
9299d8c3,9299d8c3
929849d5,929849d5
9296bae7,9296bae7
92952bf9,92952bf9
92939d0b,92939d0b
92920e1d,92920e1d
92907f2f,92907f2f
928ef041,928ef041
928d6154,928d6154
928bd266,928bd266
928a4378,928a4378
9288b48a,9288b48a
9287259c,9287259c
928596ae,928596ae
928407c0,928407c0
928278d2,928278d2
9280e9e4,9280e9e4
927f5af6,927f5af6
927dcc08,927dcc08
927c3d1a,927c3d1a
927aae2c,927aae2c
92791f3e,92791f3e
92779051,92779051
92760163,92760163
92747275,92747275
9272e387,9272e387
92715499,92715499
926fc5ab,926fc5ab
926e36bd,926e36bd
926ca7cf,926ca7cf
926b18e1,926b18e1
926989f3,926989f3
9267fb05,9267fb05
92666c17,92666c17
9264dd29,9264dd29
92634e3c,92634e3c
9261bf4e,9261bf4e
92603060,92603060
925ea172,925ea172
925d1284,925d1284
925b8396,925b8396
9259f4a8,9259f4a8
925865ba,925865ba
9256d6cc,9256d6cc
925547de,925547de
9253b8f0,9253b8f0
92522a02,92522a02
92509b14,92509b14
924f0c27,924f0c27
924d7d39,924d7d39
924bee4b,924bee4b
924a5f5d,924a5f5d
9248d06f,9248d06f
92474181,92474181
9245b293,9245b293
924423a5,924423a5
924294b7,924294b7
924105c9,924105c9
923f76db,923f76db
923de7ed,923de7ed
923c58ff,923c58ff
923aca11,923aca11
92393b24,92393b24
9237ac36,9237ac36
92361d48,92361d48
92348e5a,92348e5a
9232ff6c,9232ff6c
9231707e,9231707e
922fe190,922fe190
922e52a2,922e52a2
922cc3b4,922cc3b4
922b34c6,922b34c6
9229a5d8,9229a5d8
922816ea,922816ea
922687fc,922687fc
9224f90f,9224f90f
92236a21,92236a21
9221db33,9221db33
92204c45,92204c45
921ebd57,921ebd57
921d2e69,921d2e69
921b9f7b,921b9f7b
921a108d,921a108d
9218819f,9218819f
9216f2b1,9216f2b1
921563c3,921563c3
9213d4d5,9213d4d5
921245e7,921245e7
9210b6f9,9210b6f9
920f280c,920f280c
920d991e,920d991e
920c0a30,920c0a30
920a7b42,920a7b42
9208ec54,9208ec54
92075d66,92075d66
9205ce78,9205ce78
92043f8a,92043f8a
9202b09c,9202b09c
920121ae,920121ae
91ff92c0,91ff92c0
91fe03d2,91fe03d2
91fc74e4,91fc74e4
91fae5f7,91fae5f7
91f95709,91f95709
91f7c81b,91f7c81b
91f6392d,91f6392d
91f4aa3f,91f4aa3f
91f31b51,91f31b51
91f18c63,91f18c63
91effd75,91effd75
91ee6e87,91ee6e87
91ecdf99,91ecdf99
91eb50ab,91eb50ab
91e9c1bd,91e9c1bd
91e832cf,91e832cf
91e6a3e1,91e6a3e1
91e514f4,91e514f4
91e38606,91e38606
91e1f718,91e1f718
91e0682a,91e0682a
91ded93c,91ded93c
91dd4a4e,91dd4a4e
91dbbb60,91dbbb60
91da2c72,91da2c72
91d89d84,91d89d84
91d70e96,91d70e96
91d57fa8,91d57fa8
91d3f0ba,91d3f0ba
91d261cc,91d261cc
91d0d2df,91d0d2df
91cf43f1,91cf43f1
91cdb503,91cdb503
91cc2615,91cc2615
91ca9727,91ca9727
91c90839,91c90839
91c7794b,91c7794b
91c5ea5d,91c5ea5d
91c45b6f,91c45b6f
91c2cc81,91c2cc81
91c13d93,91c13d93
91bfaea5,91bfaea5
91be1fb7,91be1fb7
91bc90c9,91bc90c9
91bb01dc,91bb01dc
91b972ee,91b972ee
91b7e400,91b7e400
91b65512,91b65512
91b4c624,91b4c624
91b33736,91b33736
91b1a848,91b1a848
91b0195a,91b0195a
91ae8a6c,91ae8a6c
91acfb7e,91acfb7e
91ab6c90,91ab6c90
91a9dda2,91a9dda2
91a84eb4,91a84eb4
91a6bfc7,91a6bfc7
91a530d9,91a530d9
91a3a1eb,91a3a1eb
91a212fd,91a212fd
91a0840f,91a0840f
919ef521,919ef521
919d6633,919d6633
919bd745,919bd745
919a4857,919a4857
9198b969,9198b969
91972a7b,91972a7b
91959b8d,91959b8d
91940c9f,91940c9f
91927db1,91927db1
9190eec4,9190eec4
918f5fd6,918f5fd6
918dd0e8,918dd0e8
918c41fa,918c41fa
918ab30c,918ab30c
9189241e,9189241e
91879530,91879530
91860642,91860642
91847754,91847754
9182e866,9182e866
91815978,91815978
917fca8a,917fca8a
917e3b9c,917e3b9c
917cacaf,917cacaf
917b1dc1,917b1dc1
91798ed3,91798ed3
9177ffe5,9177ffe5
917670f7,917670f7
9174e209,9174e209
9173531b,9173531b
9171c42d,9171c42d
9170353f,9170353f
916ea651,916ea651
916d1763,916d1763
916b8875,916b8875
9169f987,9169f987
91686a99,91686a99
9166dbac,9166dbac
91654cbe,91654cbe
9163bdd0,9163bdd0
91622ee2,91622ee2
91609ff4,91609ff4
915f1106,915f1106
915d8218,915d8218
915bf32a,915bf32a
915a643c,915a643c
9158d54e,9158d54e
91574660,91574660
9155b772,9155b772
91542884,91542884
91529997,91529997
91510aa9,91510aa9
914f7bbb,914f7bbb
914deccd,914deccd
914c5ddf,914c5ddf
914acef1,914acef1
91494003,91494003
9147b115,9147b115
91462227,91462227
91449339,91449339
9143044b,9143044b
9141755d,9141755d
913fe66f,913fe66f
913e5781,913e5781
913cc894,913cc894
913b39a6,913b39a6
9139aab8,9139aab8
91381bca,91381bca
91368cdc,91368cdc
9134fdee,9134fdee
91336f00,91336f00
9131e012,9131e012
91305124,91305124
912ec236,912ec236
912d3348,912d3348
912ba45a,912ba45a
912a156c,912a156c
9128867f,9128867f
9126f791,9126f791
912568a3,912568a3
9123d9b5,9123d9b5
91224ac7,91224ac7
9120bbd9,9120bbd9
911f2ceb,911f2ceb
911d9dfd,911d9dfd
911c0f0f,911c0f0f
911a8021,911a8021
9118f133,9118f133
91176245,91176245
9115d357,9115d357
91144469,91144469
9112b57c,9112b57c
9111268e,9111268e
910f97a0,910f97a0
910e08b2,910e08b2
910c79c4,910c79c4
910aead6,910aead6
91095be8,91095be8
9107ccfa,9107ccfa
91063e0c,91063e0c
9104af1e,9104af1e
91032030,91032030
91019142,91019142
91000254,91000254
90fe7367,90fe7367
90fce479,90fce479
90fb558b,90fb558b
90f9c69d,90f9c69d
90f837af,90f837af
90f6a8c1,90f6a8c1
90f519d3,90f519d3
90f38ae5,90f38ae5
90f1fbf7,90f1fbf7
90f06d09,90f06d09
90eede1b,90eede1b
90ed4f2d,90ed4f2d
90ebc03f,90ebc03f
90ea3151,90ea3151
90e8a264,90e8a264
90e71376,90e71376
90e58488,90e58488
90e3f59a,90e3f59a
90e266ac,90e266ac
90e0d7be,90e0d7be
90df48d0,90df48d0
90ddb9e2,90ddb9e2
90dc2af4,90dc2af4
90da9c06,90da9c06
90d90d18,90d90d18
90d77e2a,90d77e2a
90d5ef3c,90d5ef3c
90d4604f,90d4604f
90d2d161,90d2d161
90d14273,90d14273
90cfb385,90cfb385
90ce2497,90ce2497
90cc95a9,90cc95a9
90cb06bb,90cb06bb
90c977cd,90c977cd
90c7e8df,90c7e8df
90c659f1,90c659f1
90c4cb03,90c4cb03
90c33c15,90c33c15
90c1ad27,90c1ad27
90c01e3a,90c01e3a
90be8f4c,90be8f4c
90bd005e,90bd005e
90bb7170,90bb7170
90b9e282,90b9e282
90b85394,90b85394
90b6c4a6,90b6c4a6
90b535b8,90b535b8
90b3a6ca,90b3a6ca
90b217dc,90b217dc
90b088ee,90b088ee
90aefa00,90aefa00
90ad6b12,90ad6b12
90abdc24,90abdc24
90aa4d37,90aa4d37
90a8be49,90a8be49
90a72f5b,90a72f5b
90a5a06d,90a5a06d
90a4117f,90a4117f
90a28291,90a28291
90a0f3a3,90a0f3a3
909f64b5,909f64b5
909dd5c7,909dd5c7
909c46d9,909c46d9
909ab7eb,909ab7eb
909928fd,909928fd
90979a0f,90979a0f
90960b22,90960b22
90947c34,90947c34
9092ed46,9092ed46
90915e58,90915e58
908fcf6a,908fcf6a
908e407c,908e407c
908cb18e,908cb18e
908b22a0,908b22a0
908993b2,908993b2
908804c4,908804c4
908675d6,908675d6
9084e6e8,9084e6e8
908357fa,908357fa
9081c90c,9081c90c
90803a1f,90803a1f
907eab31,907eab31
907d1c43,907d1c43
907b8d55,907b8d55
9079fe67,9079fe67
90786f79,90786f79
9076e08b,9076e08b
9075519d,9075519d
9073c2af,9073c2af
907233c1,907233c1
9070a4d3,9070a4d3
906f15e5,906f15e5
906d86f7,906d86f7
906bf80a,906bf80a
906a691c,906a691c
9068da2e,9068da2e
90674b40,90674b40
9065bc52,9065bc52
90642d64,90642d64
90629e76,90629e76
90610f88,90610f88
905f809a,905f809a
905df1ac,905df1ac
905c62be,905c62be
905ad3d0,905ad3d0
905944e2,905944e2
9057b5f4,9057b5f4
90562707,90562707
90549819,90549819
9053092b,9053092b
90517a3d,90517a3d
904feb4f,904feb4f
904e5c61,904e5c61
904ccd73,904ccd73
904b3e85,904b3e85
9049af97,9049af97
904820a9,904820a9
904691bb,904691bb
904502cd,904502cd
904373df,904373df
9041e4f2,9041e4f2
90405604,90405604
903ec716,903ec716
903d3828,903d3828
903ba93a,903ba93a
903a1a4c,903a1a4c
90388b5e,90388b5e
9036fc70,9036fc70
90356d82,90356d82
9033de94,9033de94
90324fa6,90324fa6
9030c0b8,9030c0b8
902f31ca,902f31ca
902da2dc,902da2dc
902c13ef,902c13ef
902a8501,902a8501
9028f613,9028f613
90276725,90276725
9025d837,9025d837
90244949,90244949
9022ba5b,9022ba5b
90212b6d,90212b6d
901f9c7f,901f9c7f
901e0d91,901e0d91
901c7ea3,901c7ea3
901aefb5,901aefb5
901960c7,901960c7
9017d1da,9017d1da
901642ec,901642ec
9014b3fe,9014b3fe
90132510,90132510
90119622,90119622
90100734,90100734
900e7846,900e7846
900ce958,900ce958
900b5a6a,900b5a6a
9009cb7c,9009cb7c
90083c8e,90083c8e
9006ada0,9006ada0
90051eb2,90051eb2
90038fc4,90038fc4
900200d7,900200d7
900071e9,900071e9
8ffee2fb,8ffee2fb
8ffd540d,8ffd540d
8ffbc51f,8ffbc51f
8ffa3631,8ffa3631
8ff8a743,8ff8a743
8ff71855,8ff71855
8ff58967,8ff58967
8ff3fa79,8ff3fa79
8ff26b8b,8ff26b8b
8ff0dc9d,8ff0dc9d
8fef4daf,8fef4daf
8fedbec2,8fedbec2
8fec2fd4,8fec2fd4
8feaa0e6,8feaa0e6
8fe911f8,8fe911f8
8fe7830a,8fe7830a
8fe5f41c,8fe5f41c
8fe4652e,8fe4652e
8fe2d640,8fe2d640
8fe14752,8fe14752
8fdfb864,8fdfb864
8fde2976,8fde2976
8fdc9a88,8fdc9a88
8fdb0b9a,8fdb0b9a
8fd97cac,8fd97cac
8fd7edbf,8fd7edbf
8fd65ed1,8fd65ed1
8fd4cfe3,8fd4cfe3
8fd340f5,8fd340f5
8fd1b207,8fd1b207
8fd02319,8fd02319
8fce942b,8fce942b
8fcd053d,8fcd053d
8fcb764f,8fcb764f
8fc9e761,8fc9e761
8fc85873,8fc85873
8fc6c985,8fc6c985
8fc53a97,8fc53a97
8fc3abaa,8fc3abaa
8fc21cbc,8fc21cbc
8fc08dce,8fc08dce
8fbefee0,8fbefee0
8fbd6ff2,8fbd6ff2
8fbbe104,8fbbe104
8fba5216,8fba5216
8fb8c328,8fb8c328
8fb7343a,8fb7343a
8fb5a54c,8fb5a54c
8fb4165e,8fb4165e
8fb28770,8fb28770
8fb0f882,8fb0f882
8faf6994,8faf6994
8faddaa7,8faddaa7
8fac4bb9,8fac4bb9
8faabccb,8faabccb
8fa92ddd,8fa92ddd
8fa79eef,8fa79eef
8fa61001,8fa61001
8fa48113,8fa48113
8fa2f225,8fa2f225
8fa16337,8fa16337
8f9fd449,8f9fd449
8f9e455b,8f9e455b
8f9cb66d,8f9cb66d
8f9b277f,8f9b277f
8f999892,8f999892
8f9809a4,8f9809a4
8f967ab6,8f967ab6
8f94ebc8,8f94ebc8
8f935cda,8f935cda
8f91cdec,8f91cdec
8f903efe,8f903efe
8f8eb010,8f8eb010
8f8d2122,8f8d2122
8f8b9234,8f8b9234
8f8a0346,8f8a0346
8f887458,8f887458
8f86e56a,8f86e56a
8f85567c,8f85567c
8f83c78f,8f83c78f
8f8238a1,8f8238a1
8f80a9b3,8f80a9b3
8f7f1ac5,8f7f1ac5
8f7d8bd7,8f7d8bd7
8f7bfce9,8f7bfce9
8f7a6dfb,8f7a6dfb
8f78df0d,8f78df0d
8f77501f,8f77501f
8f75c131,8f75c131
8f743243,8f743243
8f72a355,8f72a355
8f711467,8f711467
8f6f857a,8f6f857a
8f6df68c,8f6df68c
8f6c679e,8f6c679e
8f6ad8b0,8f6ad8b0
8f6949c2,8f6949c2
8f67bad4,8f67bad4
8f662be6,8f662be6
8f649cf8,8f649cf8
8f630e0a,8f630e0a
8f617f1c,8f617f1c
8f5ff02e,8f5ff02e
8f5e6140,8f5e6140
8f5cd252,8f5cd252
8f5b4364,8f5b4364
8f59b477,8f59b477
8f582589,8f582589
8f56969b,8f56969b
8f5507ad,8f5507ad
8f5378bf,8f5378bf
8f51e9d1,8f51e9d1
8f505ae3,8f505ae3
8f4ecbf5,8f4ecbf5
8f4d3d07,8f4d3d07
8f4bae19,8f4bae19
8f4a1f2b,8f4a1f2b
8f48903d,8f48903d
8f47014f,8f47014f
8f457262,8f457262
8f43e374,8f43e374
8f425486,8f425486
8f40c598,8f40c598
8f3f36aa,8f3f36aa
8f3da7bc,8f3da7bc
8f3c18ce,8f3c18ce
8f3a89e0,8f3a89e0
8f38faf2,8f38faf2
8f376c04,8f376c04
8f35dd16,8f35dd16
8f344e28,8f344e28
8f32bf3a,8f32bf3a
8f31304d,8f31304d
8f2fa15f,8f2fa15f
8f2e1271,8f2e1271
8f2c8383,8f2c8383
8f2af495,8f2af495
8f2965a7,8f2965a7
8f27d6b9,8f27d6b9
8f2647cb,8f2647cb
8f24b8dd,8f24b8dd
8f2329ef,8f2329ef
8f219b01,8f219b01
8f200c13,8f200c13
8f1e7d25,8f1e7d25
8f1cee37,8f1cee37
8f1b5f4a,8f1b5f4a
8f19d05c,8f19d05c
8f18416e,8f18416e
8f16b280,8f16b280
8f152392,8f152392
8f1394a4,8f1394a4
8f1205b6,8f1205b6
8f1076c8,8f1076c8
8f0ee7da,8f0ee7da
8f0d58ec,8f0d58ec
8f0bc9fe,8f0bc9fe
8f0a3b10,8f0a3b10
8f08ac22,8f08ac22
8f071d35,8f071d35
8f058e47,8f058e47
8f03ff59,8f03ff59
8f02706b,8f02706b
8f00e17d,8f00e17d
8eff528f,8eff528f
8efdc3a1,8efdc3a1
8efc34b3,8efc34b3
8efaa5c5,8efaa5c5
8ef916d7,8ef916d7
8ef787e9,8ef787e9
8ef5f8fb,8ef5f8fb
8ef46a0d,8ef46a0d
8ef2db1f,8ef2db1f
8ef14c32,8ef14c32
8eefbd44,8eefbd44
8eee2e56,8eee2e56
8eec9f68,8eec9f68
8eeb107a,8eeb107a
8ee9818c,8ee9818c
8ee7f29e,8ee7f29e
8ee663b0,8ee663b0
8ee4d4c2,8ee4d4c2
8ee345d4,8ee345d4
8ee1b6e6,8ee1b6e6
8ee027f8,8ee027f8
8ede990a,8ede990a
8edd0a1d,8edd0a1d
8edb7b2f,8edb7b2f
8ed9ec41,8ed9ec41
8ed85d53,8ed85d53
8ed6ce65,8ed6ce65
8ed53f77,8ed53f77
8ed3b089,8ed3b089
8ed2219b,8ed2219b
8ed092ad,8ed092ad
8ecf03bf,8ecf03bf
8ecd74d1,8ecd74d1
8ecbe5e3,8ecbe5e3
8eca56f5,8eca56f5
8ec8c807,8ec8c807
8ec7391a,8ec7391a
8ec5aa2c,8ec5aa2c
8ec41b3e,8ec41b3e
8ec28c50,8ec28c50
8ec0fd62,8ec0fd62
8ebf6e74,8ebf6e74
8ebddf86,8ebddf86
8ebc5098,8ebc5098
8ebac1aa,8ebac1aa
8eb932bc,8eb932bc
8eb7a3ce,8eb7a3ce
8eb614e0,8eb614e0
8eb485f2,8eb485f2
8eb2f705,8eb2f705
8eb16817,8eb16817
8eafd929,8eafd929
8eae4a3b,8eae4a3b
8eacbb4d,8eacbb4d
8eab2c5f,8eab2c5f
8ea99d71,8ea99d71
8ea80e83,8ea80e83
8ea67f95,8ea67f95
8ea4f0a7,8ea4f0a7
8ea361b9,8ea361b9
8ea1d2cb,8ea1d2cb
8ea043dd,8ea043dd
8e9eb4ef,8e9eb4ef
8e9d2602,8e9d2602
8e9b9714,8e9b9714
8e9a0826,8e9a0826
8e987938,8e987938
8e96ea4a,8e96ea4a
8e955b5c,8e955b5c
8e93cc6e,8e93cc6e
8e923d80,8e923d80
8e90ae92,8e90ae92
8e8f1fa4,8e8f1fa4
8e8d90b6,8e8d90b6
8e8c01c8,8e8c01c8
8e8a72da,8e8a72da
8e88e3ed,8e88e3ed
8e8754ff,8e8754ff
8e85c611,8e85c611
8e843723,8e843723
8e82a835,8e82a835
8e811947,8e811947
8e7f8a59,8e7f8a59
8e7dfb6b,8e7dfb6b
8e7c6c7d,8e7c6c7d
8e7add8f,8e7add8f
8e794ea1,8e794ea1
8e77bfb3,8e77bfb3
8e7630c5,8e7630c5
8e74a1d7,8e74a1d7
8e7312ea,8e7312ea
8e7183fc,8e7183fc
8e6ff50e,8e6ff50e
8e6e6620,8e6e6620
8e6cd732,8e6cd732
8e6b4844,8e6b4844
8e69b956,8e69b956
8e682a68,8e682a68
8e669b7a,8e669b7a
8e650c8c,8e650c8c
8e637d9e,8e637d9e
8e61eeb0,8e61eeb0
8e605fc2,8e605fc2
8e5ed0d5,8e5ed0d5
8e5d41e7,8e5d41e7
8e5bb2f9,8e5bb2f9
8e5a240b,8e5a240b
8e58951d,8e58951d
8e57062f,8e57062f
8e557741,8e557741
8e53e853,8e53e853
8e525965,8e525965
8e50ca77,8e50ca77
8e4f3b89,8e4f3b89
8e4dac9b,8e4dac9b
8e4c1dad,8e4c1dad
8e4a8ebf,8e4a8ebf
8e48ffd2,8e48ffd2
8e4770e4,8e4770e4
8e45e1f6,8e45e1f6
8e445308,8e445308
8e42c41a,8e42c41a
8e41352c,8e41352c
8e3fa63e,8e3fa63e
8e3e1750,8e3e1750
8e3c8862,8e3c8862
8e3af974,8e3af974
8e396a86,8e396a86
8e37db98,8e37db98
8e364caa,8e364caa
8e34bdbd,8e34bdbd
8e332ecf,8e332ecf
8e319fe1,8e319fe1
8e3010f3,8e3010f3
8e2e8205,8e2e8205
8e2cf317,8e2cf317
8e2b6429,8e2b6429
8e29d53b,8e29d53b
8e28464d,8e28464d
8e26b75f,8e26b75f
8e252871,8e252871
8e239983,8e239983
8e220a95,8e220a95
8e207ba7,8e207ba7
8e1eecba,8e1eecba
8e1d5dcc,8e1d5dcc
8e1bcede,8e1bcede
8e1a3ff0,8e1a3ff0
8e18b102,8e18b102
8e172214,8e172214
8e159326,8e159326
8e140438,8e140438
8e12754a,8e12754a
8e10e65c,8e10e65c
8e0f576e,8e0f576e
8e0dc880,8e0dc880
8e0c3992,8e0c3992
8e0aaaa5,8e0aaaa5
8e091bb7,8e091bb7
8e078cc9,8e078cc9
8e05fddb,8e05fddb
8e046eed,8e046eed
8e02dfff,8e02dfff
8e015111,8e015111
8dffc223,8dffc223
8dfe3335,8dfe3335
8dfca447,8dfca447
8dfb1559,8dfb1559
8df9866b,8df9866b
8df7f77d,8df7f77d
8df6688f,8df6688f
8df4d9a2,8df4d9a2
8df34ab4,8df34ab4
8df1bbc6,8df1bbc6
8df02cd8,8df02cd8
8dee9dea,8dee9dea
8ded0efc,8ded0efc
8deb800e,8deb800e
8de9f120,8de9f120
8de86232,8de86232
8de6d344,8de6d344
8de54456,8de54456
8de3b568,8de3b568
8de2267a,8de2267a
8de0978d,8de0978d
8ddf089f,8ddf089f
8ddd79b1,8ddd79b1
8ddbeac3,8ddbeac3
8dda5bd5,8dda5bd5
8dd8cce7,8dd8cce7
8dd73df9,8dd73df9
8dd5af0b,8dd5af0b
8dd4201d,8dd4201d
8dd2912f,8dd2912f
8dd10241,8dd10241
8dcf7353,8dcf7353
8dcde465,8dcde465
8dcc5577,8dcc5577
8dcac68a,8dcac68a
8dc9379c,8dc9379c
8dc7a8ae,8dc7a8ae
8dc619c0,8dc619c0
8dc48ad2,8dc48ad2
8dc2fbe4,8dc2fbe4
8dc16cf6,8dc16cf6
8dbfde08,8dbfde08
8dbe4f1a,8dbe4f1a
8dbcc02c,8dbcc02c
8dbb313e,8dbb313e
8db9a250,8db9a250
8db81362,8db81362
8db68475,8db68475
8db4f587,8db4f587
8db36699,8db36699
8db1d7ab,8db1d7ab
8db048bd,8db048bd
8daeb9cf,8daeb9cf
8dad2ae1,8dad2ae1
8dab9bf3,8dab9bf3
8daa0d05,8daa0d05
8da87e17,8da87e17
8da6ef29,8da6ef29
8da5603b,8da5603b
8da3d14d,8da3d14d
8da24260,8da24260
00000000,00000000
0da24260,0da24260
0da3d14d,0da3d14d
0da5603b,0da5603b
0da6ef29,0da6ef29
0da87e17,0da87e17
0daa0d05,0daa0d05
0dab9bf3,0dab9bf3
0dad2ae1,0dad2ae1
0daeb9cf,0daeb9cf
0db048bd,0db048bd
0db1d7ab,0db1d7ab
0db36699,0db36699
0db4f587,0db4f587
0db68475,0db68475
0db81362,0db81362
0db9a250,0db9a250
0dbb313e,0dbb313e
0dbcc02c,0dbcc02c
0dbe4f1a,0dbe4f1a
0dbfde08,0dbfde08
0dc16cf6,0dc16cf6
0dc2fbe4,0dc2fbe4
0dc48ad2,0dc48ad2
0dc619c0,0dc619c0
0dc7a8ae,0dc7a8ae
0dc9379c,0dc9379c
0dcac68a,0dcac68a
0dcc5577,0dcc5577
0dcde465,0dcde465
0dcf7353,0dcf7353
0dd10241,0dd10241
0dd2912f,0dd2912f
0dd4201d,0dd4201d
0dd5af0b,0dd5af0b
0dd73df9,0dd73df9
0dd8cce7,0dd8cce7
0dda5bd5,0dda5bd5
0ddbeac3,0ddbeac3
0ddd79b1,0ddd79b1
0ddf089f,0ddf089f
0de0978d,0de0978d
0de2267a,0de2267a
0de3b568,0de3b568
0de54456,0de54456
0de6d344,0de6d344
0de86232,0de86232
0de9f120,0de9f120
0deb800e,0deb800e
0ded0efc,0ded0efc
0dee9dea,0dee9dea
0df02cd8,0df02cd8
0df1bbc6,0df1bbc6
0df34ab4,0df34ab4
0df4d9a2,0df4d9a2
0df6688f,0df6688f
0df7f77d,0df7f77d
0df9866b,0df9866b
0dfb1559,0dfb1559
0dfca447,0dfca447
0dfe3335,0dfe3335
0dffc223,0dffc223
0e015111,0e015111
0e02dfff,0e02dfff
0e046eed,0e046eed
0e05fddb,0e05fddb
0e078cc9,0e078cc9
0e091bb7,0e091bb7
0e0aaaa5,0e0aaaa5
0e0c3992,0e0c3992
0e0dc880,0e0dc880
0e0f576e,0e0f576e
0e10e65c,0e10e65c
0e12754a,0e12754a
0e140438,0e140438
0e159326,0e159326
0e172214,0e172214
0e18b102,0e18b102
0e1a3ff0,0e1a3ff0
0e1bcede,0e1bcede
0e1d5dcc,0e1d5dcc
0e1eecba,0e1eecba
0e207ba7,0e207ba7
0e220a95,0e220a95
0e239983,0e239983
0e252871,0e252871
0e26b75f,0e26b75f
0e28464d,0e28464d
0e29d53b,0e29d53b
0e2b6429,0e2b6429
0e2cf317,0e2cf317
0e2e8205,0e2e8205
0e3010f3,0e3010f3
0e319fe1,0e319fe1
0e332ecf,0e332ecf
0e34bdbd,0e34bdbd
0e364caa,0e364caa
0e37db98,0e37db98
0e396a86,0e396a86
0e3af974,0e3af974
0e3c8862,0e3c8862
0e3e1750,0e3e1750
0e3fa63e,0e3fa63e
0e41352c,0e41352c
0e42c41a,0e42c41a
0e445308,0e445308
0e45e1f6,0e45e1f6
0e4770e4,0e4770e4
0e48ffd2,0e48ffd2
0e4a8ebf,0e4a8ebf
0e4c1dad,0e4c1dad
0e4dac9b,0e4dac9b
0e4f3b89,0e4f3b89
0e50ca77,0e50ca77
0e525965,0e525965
0e53e853,0e53e853
0e557741,0e557741
0e57062f,0e57062f
0e58951d,0e58951d
0e5a240b,0e5a240b
0e5bb2f9,0e5bb2f9
0e5d41e7,0e5d41e7
0e5ed0d5,0e5ed0d5
0e605fc2,0e605fc2
0e61eeb0,0e61eeb0
0e637d9e,0e637d9e
0e650c8c,0e650c8c
0e669b7a,0e669b7a
0e682a68,0e682a68
0e69b956,0e69b956
0e6b4844,0e6b4844
0e6cd732,0e6cd732
0e6e6620,0e6e6620
0e6ff50e,0e6ff50e
0e7183fc,0e7183fc
0e7312ea,0e7312ea
0e74a1d7,0e74a1d7
0e7630c5,0e7630c5
0e77bfb3,0e77bfb3
0e794ea1,0e794ea1
0e7add8f,0e7add8f
0e7c6c7d,0e7c6c7d
0e7dfb6b,0e7dfb6b
0e7f8a59,0e7f8a59
0e811947,0e811947
0e82a835,0e82a835
0e843723,0e843723
0e85c611,0e85c611
0e8754ff,0e8754ff
0e88e3ed,0e88e3ed
0e8a72da,0e8a72da
0e8c01c8,0e8c01c8
0e8d90b6,0e8d90b6
0e8f1fa4,0e8f1fa4
0e90ae92,0e90ae92
0e923d80,0e923d80
0e93cc6e,0e93cc6e
0e955b5c,0e955b5c
0e96ea4a,0e96ea4a
0e987938,0e987938
0e9a0826,0e9a0826
0e9b9714,0e9b9714
0e9d2602,0e9d2602
0e9eb4ef,0e9eb4ef
0ea043dd,0ea043dd
0ea1d2cb,0ea1d2cb
0ea361b9,0ea361b9
0ea4f0a7,0ea4f0a7
0ea67f95,0ea67f95
0ea80e83,0ea80e83
0ea99d71,0ea99d71
0eab2c5f,0eab2c5f
0eacbb4d,0eacbb4d
0eae4a3b,0eae4a3b
0eafd929,0eafd929
0eb16817,0eb16817
0eb2f705,0eb2f705
0eb485f2,0eb485f2
0eb614e0,0eb614e0
0eb7a3ce,0eb7a3ce
0eb932bc,0eb932bc
0ebac1aa,0ebac1aa
0ebc5098,0ebc5098
0ebddf86,0ebddf86
0ebf6e74,0ebf6e74
0ec0fd62,0ec0fd62
0ec28c50,0ec28c50
0ec41b3e,0ec41b3e
0ec5aa2c,0ec5aa2c
0ec7391a,0ec7391a
0ec8c807,0ec8c807
0eca56f5,0eca56f5
0ecbe5e3,0ecbe5e3
0ecd74d1,0ecd74d1
0ecf03bf,0ecf03bf
0ed092ad,0ed092ad
0ed2219b,0ed2219b
0ed3b089,0ed3b089
0ed53f77,0ed53f77
0ed6ce65,0ed6ce65
0ed85d53,0ed85d53
0ed9ec41,0ed9ec41
0edb7b2f,0edb7b2f
0edd0a1d,0edd0a1d
0ede990a,0ede990a
0ee027f8,0ee027f8
0ee1b6e6,0ee1b6e6
0ee345d4,0ee345d4
0ee4d4c2,0ee4d4c2
0ee663b0,0ee663b0
0ee7f29e,0ee7f29e
0ee9818c,0ee9818c
0eeb107a,0eeb107a
0eec9f68,0eec9f68
0eee2e56,0eee2e56
0eefbd44,0eefbd44
0ef14c32,0ef14c32
0ef2db1f,0ef2db1f
0ef46a0d,0ef46a0d
0ef5f8fb,0ef5f8fb
0ef787e9,0ef787e9
0ef916d7,0ef916d7
0efaa5c5,0efaa5c5
0efc34b3,0efc34b3
0efdc3a1,0efdc3a1
0eff528f,0eff528f
0f00e17d,0f00e17d
0f02706b,0f02706b
0f03ff59,0f03ff59
0f058e47,0f058e47
0f071d35,0f071d35
0f08ac22,0f08ac22
0f0a3b10,0f0a3b10
0f0bc9fe,0f0bc9fe
0f0d58ec,0f0d58ec
0f0ee7da,0f0ee7da
0f1076c8,0f1076c8
0f1205b6,0f1205b6
0f1394a4,0f1394a4
0f152392,0f152392
0f16b280,0f16b280
0f18416e,0f18416e
0f19d05c,0f19d05c
0f1b5f4a,0f1b5f4a
0f1cee37,0f1cee37
0f1e7d25,0f1e7d25
0f200c13,0f200c13
0f219b01,0f219b01
0f2329ef,0f2329ef
0f24b8dd,0f24b8dd
0f2647cb,0f2647cb
0f27d6b9,0f27d6b9
0f2965a7,0f2965a7
0f2af495,0f2af495
0f2c8383,0f2c8383
0f2e1271,0f2e1271
0f2fa15f,0f2fa15f
0f31304d,0f31304d
0f32bf3a,0f32bf3a
0f344e28,0f344e28
0f35dd16,0f35dd16
0f376c04,0f376c04
0f38faf2,0f38faf2
0f3a89e0,0f3a89e0
0f3c18ce,0f3c18ce
0f3da7bc,0f3da7bc
0f3f36aa,0f3f36aa
0f40c598,0f40c598
0f425486,0f425486
0f43e374,0f43e374
0f457262,0f457262
0f47014f,0f47014f
0f48903d,0f48903d
0f4a1f2b,0f4a1f2b
0f4bae19,0f4bae19
0f4d3d07,0f4d3d07
0f4ecbf5,0f4ecbf5
0f505ae3,0f505ae3
0f51e9d1,0f51e9d1
0f5378bf,0f5378bf
0f5507ad,0f5507ad
0f56969b,0f56969b
0f582589,0f582589
0f59b477,0f59b477
0f5b4364,0f5b4364
0f5cd252,0f5cd252
0f5e6140,0f5e6140
0f5ff02e,0f5ff02e
0f617f1c,0f617f1c
0f630e0a,0f630e0a
0f649cf8,0f649cf8
0f662be6,0f662be6
0f67bad4,0f67bad4
0f6949c2,0f6949c2
0f6ad8b0,0f6ad8b0
0f6c679e,0f6c679e
0f6df68c,0f6df68c
0f6f857a,0f6f857a
0f711467,0f711467
0f72a355,0f72a355
0f743243,0f743243
0f75c131,0f75c131
0f77501f,0f77501f
0f78df0d,0f78df0d
0f7a6dfb,0f7a6dfb
0f7bfce9,0f7bfce9
0f7d8bd7,0f7d8bd7
0f7f1ac5,0f7f1ac5
0f80a9b3,0f80a9b3
0f8238a1,0f8238a1
0f83c78f,0f83c78f
0f85567c,0f85567c
0f86e56a,0f86e56a
0f887458,0f887458
0f8a0346,0f8a0346
0f8b9234,0f8b9234
0f8d2122,0f8d2122
0f8eb010,0f8eb010
0f903efe,0f903efe
0f91cdec,0f91cdec
0f935cda,0f935cda
0f94ebc8,0f94ebc8
0f967ab6,0f967ab6
0f9809a4,0f9809a4
0f999892,0f999892
0f9b277f,0f9b277f
0f9cb66d,0f9cb66d
0f9e455b,0f9e455b
0f9fd449,0f9fd449
0fa16337,0fa16337
0fa2f225,0fa2f225
0fa48113,0fa48113
0fa61001,0fa61001
0fa79eef,0fa79eef
0fa92ddd,0fa92ddd
0faabccb,0faabccb
0fac4bb9,0fac4bb9
0faddaa7,0faddaa7
0faf6994,0faf6994
0fb0f882,0fb0f882
0fb28770,0fb28770
0fb4165e,0fb4165e
0fb5a54c,0fb5a54c
0fb7343a,0fb7343a
0fb8c328,0fb8c328
0fba5216,0fba5216
0fbbe104,0fbbe104
0fbd6ff2,0fbd6ff2
0fbefee0,0fbefee0
0fc08dce,0fc08dce
0fc21cbc,0fc21cbc
0fc3abaa,0fc3abaa
0fc53a97,0fc53a97
0fc6c985,0fc6c985
0fc85873,0fc85873
0fc9e761,0fc9e761
0fcb764f,0fcb764f
0fcd053d,0fcd053d
0fce942b,0fce942b
0fd02319,0fd02319
0fd1b207,0fd1b207
0fd340f5,0fd340f5
0fd4cfe3,0fd4cfe3
0fd65ed1,0fd65ed1
0fd7edbf,0fd7edbf
0fd97cac,0fd97cac
0fdb0b9a,0fdb0b9a
0fdc9a88,0fdc9a88
0fde2976,0fde2976
0fdfb864,0fdfb864
0fe14752,0fe14752
0fe2d640,0fe2d640
0fe4652e,0fe4652e
0fe5f41c,0fe5f41c
0fe7830a,0fe7830a
0fe911f8,0fe911f8
0feaa0e6,0feaa0e6
0fec2fd4,0fec2fd4
0fedbec2,0fedbec2
0fef4daf,0fef4daf
0ff0dc9d,0ff0dc9d
0ff26b8b,0ff26b8b
0ff3fa79,0ff3fa79
0ff58967,0ff58967
0ff71855,0ff71855
0ff8a743,0ff8a743
0ffa3631,0ffa3631
0ffbc51f,0ffbc51f
0ffd540d,0ffd540d
0ffee2fb,0ffee2fb
100071e9,100071e9
100200d7,100200d7
10038fc4,10038fc4
10051eb2,10051eb2
1006ada0,1006ada0
10083c8e,10083c8e
1009cb7c,1009cb7c
100b5a6a,100b5a6a
100ce958,100ce958
100e7846,100e7846
10100734,10100734
10119622,10119622
10132510,10132510
1014b3fe,1014b3fe
101642ec,101642ec
1017d1da,1017d1da
101960c7,101960c7
101aefb5,101aefb5
101c7ea3,101c7ea3
101e0d91,101e0d91
101f9c7f,101f9c7f
10212b6d,10212b6d
1022ba5b,1022ba5b
10244949,10244949
1025d837,1025d837
10276725,10276725
1028f613,1028f613
102a8501,102a8501
102c13ef,102c13ef
102da2dc,102da2dc
102f31ca,102f31ca
1030c0b8,1030c0b8
10324fa6,10324fa6
1033de94,1033de94
10356d82,10356d82
1036fc70,1036fc70
10388b5e,10388b5e
103a1a4c,103a1a4c
103ba93a,103ba93a
103d3828,103d3828
103ec716,103ec716
10405604,10405604
1041e4f2,1041e4f2
104373df,104373df
104502cd,104502cd
104691bb,104691bb
104820a9,104820a9
1049af97,1049af97
104b3e85,104b3e85
104ccd73,104ccd73
104e5c61,104e5c61
104feb4f,104feb4f
10517a3d,10517a3d
1053092b,1053092b
10549819,10549819
10562707,10562707
1057b5f4,1057b5f4
105944e2,105944e2
105ad3d0,105ad3d0
105c62be,105c62be
105df1ac,105df1ac
105f809a,105f809a
10610f88,10610f88
10629e76,10629e76
10642d64,10642d64
1065bc52,1065bc52
10674b40,10674b40
1068da2e,1068da2e
106a691c,106a691c
106bf80a,106bf80a
106d86f7,106d86f7
106f15e5,106f15e5
1070a4d3,1070a4d3
107233c1,107233c1
1073c2af,1073c2af
1075519d,1075519d
1076e08b,1076e08b
10786f79,10786f79
1079fe67,1079fe67
107b8d55,107b8d55
107d1c43,107d1c43
107eab31,107eab31
10803a1f,10803a1f
1081c90c,1081c90c
108357fa,108357fa
1084e6e8,1084e6e8
108675d6,108675d6
108804c4,108804c4
108993b2,108993b2
108b22a0,108b22a0
108cb18e,108cb18e
108e407c,108e407c
108fcf6a,108fcf6a
10915e58,10915e58
1092ed46,1092ed46
10947c34,10947c34
10960b22,10960b22
10979a0f,10979a0f
109928fd,109928fd
109ab7eb,109ab7eb
109c46d9,109c46d9
109dd5c7,109dd5c7
109f64b5,109f64b5
10a0f3a3,10a0f3a3
10a28291,10a28291
10a4117f,10a4117f
10a5a06d,10a5a06d
10a72f5b,10a72f5b
10a8be49,10a8be49
10aa4d37,10aa4d37
10abdc24,10abdc24
10ad6b12,10ad6b12
10aefa00,10aefa00
10b088ee,10b088ee
10b217dc,10b217dc
10b3a6ca,10b3a6ca
10b535b8,10b535b8
10b6c4a6,10b6c4a6
10b85394,10b85394
10b9e282,10b9e282
10bb7170,10bb7170
10bd005e,10bd005e
10be8f4c,10be8f4c
10c01e3a,10c01e3a
10c1ad27,10c1ad27
10c33c15,10c33c15
10c4cb03,10c4cb03
10c659f1,10c659f1
10c7e8df,10c7e8df
10c977cd,10c977cd
10cb06bb,10cb06bb
10cc95a9,10cc95a9
10ce2497,10ce2497
10cfb385,10cfb385
10d14273,10d14273
10d2d161,10d2d161
10d4604f,10d4604f
10d5ef3c,10d5ef3c
10d77e2a,10d77e2a
10d90d18,10d90d18
10da9c06,10da9c06
10dc2af4,10dc2af4
10ddb9e2,10ddb9e2
10df48d0,10df48d0
10e0d7be,10e0d7be
10e266ac,10e266ac
10e3f59a,10e3f59a
10e58488,10e58488
10e71376,10e71376
10e8a264,10e8a264
10ea3151,10ea3151
10ebc03f,10ebc03f
10ed4f2d,10ed4f2d
10eede1b,10eede1b
10f06d09,10f06d09
10f1fbf7,10f1fbf7
10f38ae5,10f38ae5
10f519d3,10f519d3
10f6a8c1,10f6a8c1
10f837af,10f837af
10f9c69d,10f9c69d
10fb558b,10fb558b
10fce479,10fce479
10fe7367,10fe7367
11000254,11000254
11019142,11019142
11032030,11032030
1104af1e,1104af1e
11063e0c,11063e0c
1107ccfa,1107ccfa
11095be8,11095be8
110aead6,110aead6
110c79c4,110c79c4
110e08b2,110e08b2
110f97a0,110f97a0
1111268e,1111268e
1112b57c,1112b57c
11144469,11144469
1115d357,1115d357
11176245,11176245
1118f133,1118f133
111a8021,111a8021
111c0f0f,111c0f0f
111d9dfd,111d9dfd
111f2ceb,111f2ceb
1120bbd9,1120bbd9
11224ac7,11224ac7
1123d9b5,1123d9b5
112568a3,112568a3
1126f791,1126f791
1128867f,1128867f
112a156c,112a156c
112ba45a,112ba45a
112d3348,112d3348
112ec236,112ec236
11305124,11305124
1131e012,1131e012
11336f00,11336f00
1134fdee,1134fdee
11368cdc,11368cdc
11381bca,11381bca
1139aab8,1139aab8
113b39a6,113b39a6
113cc894,113cc894
113e5781,113e5781
113fe66f,113fe66f
1141755d,1141755d
1143044b,1143044b
11449339,11449339
11462227,11462227
1147b115,1147b115
11494003,11494003
114acef1,114acef1
114c5ddf,114c5ddf
114deccd,114deccd
114f7bbb,114f7bbb
11510aa9,11510aa9
11529997,11529997
11542884,11542884
1155b772,1155b772
11574660,11574660
1158d54e,1158d54e
115a643c,115a643c
115bf32a,115bf32a
115d8218,115d8218
115f1106,115f1106
11609ff4,11609ff4
11622ee2,11622ee2
1163bdd0,1163bdd0
11654cbe,11654cbe
1166dbac,1166dbac
11686a99,11686a99
1169f987,1169f987
116b8875,116b8875
116d1763,116d1763
116ea651,116ea651
1170353f,1170353f
1171c42d,1171c42d
1173531b,1173531b
1174e209,1174e209
117670f7,117670f7
1177ffe5,1177ffe5
11798ed3,11798ed3
117b1dc1,117b1dc1
117cacaf,117cacaf
117e3b9c,117e3b9c
117fca8a,117fca8a
11815978,11815978
1182e866,1182e866
11847754,11847754
11860642,11860642
11879530,11879530
1189241e,1189241e
118ab30c,118ab30c
118c41fa,118c41fa
118dd0e8,118dd0e8
118f5fd6,118f5fd6
1190eec4,1190eec4
11927db1,11927db1
11940c9f,11940c9f
11959b8d,11959b8d
11972a7b,11972a7b
1198b969,1198b969
119a4857,119a4857
119bd745,119bd745
119d6633,119d6633
119ef521,119ef521
11a0840f,11a0840f
11a212fd,11a212fd
11a3a1eb,11a3a1eb
11a530d9,11a530d9
11a6bfc7,11a6bfc7
11a84eb4,11a84eb4
11a9dda2,11a9dda2
11ab6c90,11ab6c90
11acfb7e,11acfb7e
11ae8a6c,11ae8a6c
11b0195a,11b0195a
11b1a848,11b1a848
11b33736,11b33736
11b4c624,11b4c624
11b65512,11b65512
11b7e400,11b7e400
11b972ee,11b972ee
11bb01dc,11bb01dc
11bc90c9,11bc90c9
11be1fb7,11be1fb7
11bfaea5,11bfaea5
11c13d93,11c13d93
11c2cc81,11c2cc81
11c45b6f,11c45b6f
11c5ea5d,11c5ea5d
11c7794b,11c7794b
11c90839,11c90839
11ca9727,11ca9727
11cc2615,11cc2615
11cdb503,11cdb503
11cf43f1,11cf43f1
11d0d2df,11d0d2df
11d261cc,11d261cc
11d3f0ba,11d3f0ba
11d57fa8,11d57fa8
11d70e96,11d70e96
11d89d84,11d89d84
11da2c72,11da2c72
11dbbb60,11dbbb60
11dd4a4e,11dd4a4e
11ded93c,11ded93c
11e0682a,11e0682a
11e1f718,11e1f718
11e38606,11e38606
11e514f4,11e514f4
11e6a3e1,11e6a3e1
11e832cf,11e832cf
11e9c1bd,11e9c1bd
11eb50ab,11eb50ab
11ecdf99,11ecdf99
11ee6e87,11ee6e87
11effd75,11effd75
11f18c63,11f18c63
11f31b51,11f31b51
11f4aa3f,11f4aa3f
11f6392d,11f6392d
11f7c81b,11f7c81b
11f95709,11f95709
11fae5f7,11fae5f7
11fc74e4,11fc74e4
11fe03d2,11fe03d2
11ff92c0,11ff92c0
120121ae,120121ae
1202b09c,1202b09c
12043f8a,12043f8a
1205ce78,1205ce78
12075d66,12075d66
1208ec54,1208ec54
120a7b42,120a7b42
120c0a30,120c0a30
120d991e,120d991e
120f280c,120f280c
1210b6f9,1210b6f9
121245e7,121245e7
1213d4d5,1213d4d5
121563c3,121563c3
1216f2b1,1216f2b1
1218819f,1218819f
121a108d,121a108d
121b9f7b,121b9f7b
121d2e69,121d2e69
121ebd57,121ebd57
12204c45,12204c45
1221db33,1221db33
12236a21,12236a21
1224f90f,1224f90f
122687fc,122687fc
122816ea,122816ea
1229a5d8,1229a5d8
122b34c6,122b34c6
122cc3b4,122cc3b4
122e52a2,122e52a2
122fe190,122fe190
1231707e,1231707e
1232ff6c,1232ff6c
12348e5a,12348e5a
12361d48,12361d48
1237ac36,1237ac36
12393b24,12393b24
123aca11,123aca11
123c58ff,123c58ff
123de7ed,123de7ed
123f76db,123f76db
124105c9,124105c9
124294b7,124294b7
124423a5,124423a5
1245b293,1245b293
12474181,12474181
1248d06f,1248d06f
124a5f5d,124a5f5d
124bee4b,124bee4b
124d7d39,124d7d39
124f0c27,124f0c27
12509b14,12509b14
12522a02,12522a02
1253b8f0,1253b8f0
125547de,125547de
1256d6cc,1256d6cc
125865ba,125865ba
1259f4a8,1259f4a8
125b8396,125b8396
125d1284,125d1284
125ea172,125ea172
12603060,12603060
1261bf4e,1261bf4e
12634e3c,12634e3c
1264dd29,1264dd29
12666c17,12666c17
1267fb05,1267fb05
126989f3,126989f3
126b18e1,126b18e1
126ca7cf,126ca7cf
126e36bd,126e36bd
126fc5ab,126fc5ab
12715499,12715499
1272e387,1272e387
12747275,12747275
12760163,12760163
12779051,12779051
12791f3e,12791f3e
127aae2c,127aae2c
127c3d1a,127c3d1a
127dcc08,127dcc08
127f5af6,127f5af6
1280e9e4,1280e9e4
128278d2,128278d2
128407c0,128407c0
128596ae,128596ae
1287259c,1287259c
1288b48a,1288b48a
128a4378,128a4378
128bd266,128bd266
128d6154,128d6154
128ef041,128ef041
12907f2f,12907f2f
12920e1d,12920e1d
12939d0b,12939d0b
12952bf9,12952bf9
1296bae7,1296bae7
129849d5,129849d5
1299d8c3,1299d8c3
129b67b1,129b67b1
129cf69f,129cf69f
129e858d,129e858d
12a0147b,12a0147b
12a1a369,12a1a369
12a33256,12a33256
12a4c144,12a4c144
12a65032,12a65032
12a7df20,12a7df20
12a96e0e,12a96e0e
12aafcfc,12aafcfc
12ac8bea,12ac8bea
12ae1ad8,12ae1ad8
12afa9c6,12afa9c6
12b138b4,12b138b4
12b2c7a2,12b2c7a2
12b45690,12b45690
12b5e57e,12b5e57e
12b7746c,12b7746c
12b90359,12b90359
12ba9247,12ba9247
12bc2135,12bc2135
12bdb023,12bdb023
12bf3f11,12bf3f11
12c0cdff,12c0cdff
12c25ced,12c25ced
12c3ebdb,12c3ebdb
12c57ac9,12c57ac9
12c709b7,12c709b7
12c898a5,12c898a5
12ca2793,12ca2793
12cbb681,12cbb681
12cd456e,12cd456e
12ced45c,12ced45c
12d0634a,12d0634a
12d1f238,12d1f238
12d38126,12d38126
12d51014,12d51014
12d69f02,12d69f02
12d82df0,12d82df0
12d9bcde,12d9bcde
12db4bcc,12db4bcc
12dcdaba,12dcdaba
12de69a8,12de69a8
12dff896,12dff896
12e18784,12e18784
12e31671,12e31671
12e4a55f,12e4a55f
12e6344d,12e6344d
12e7c33b,12e7c33b
12e95229,12e95229
12eae117,12eae117
12ec7005,12ec7005
12edfef3,12edfef3
12ef8de1,12ef8de1
12f11ccf,12f11ccf
12f2abbd,12f2abbd
12f43aab,12f43aab
12f5c999,12f5c999
12f75886,12f75886
12f8e774,12f8e774
12fa7662,12fa7662
12fc0550,12fc0550
12fd943e,12fd943e
12ff232c,12ff232c
1300b21a,1300b21a
13024108,13024108
1303cff6,1303cff6
13055ee4,13055ee4
1306edd2,1306edd2
13087cc0,13087cc0
130a0bae,130a0bae
130b9a9c,130b9a9c
130d2989,130d2989
130eb877,130eb877
13104765,13104765
1311d653,1311d653
13136541,13136541
1314f42f,1314f42f
1316831d,1316831d
1318120b,1318120b
1319a0f9,1319a0f9
131b2fe7,131b2fe7
131cbed5,131cbed5
131e4dc3,131e4dc3
131fdcb1,131fdcb1
13216b9e,13216b9e
1322fa8c,1322fa8c
1324897a,1324897a
13261868,13261868
1327a756,1327a756
13293644,13293644
132ac532,132ac532
132c5420,132c5420
132de30e,132de30e
132f71fc,132f71fc
133100ea,133100ea
13328fd8,13328fd8
13341ec6,13341ec6
1335adb4,1335adb4
13373ca1,13373ca1
1338cb8f,1338cb8f
133a5a7d,133a5a7d
133be96b,133be96b
133d7859,133d7859
133f0747,133f0747
13409635,13409635
13422523,13422523
1343b411,1343b411
134542ff,134542ff
1346d1ed,1346d1ed
134860db,134860db
1349efc9,1349efc9
134b7eb6,134b7eb6
134d0da4,134d0da4
134e9c92,134e9c92
13502b80,13502b80
1351ba6e,1351ba6e
1353495c,1353495c
1354d84a,1354d84a
13566738,13566738
1357f626,1357f626
13598514,13598514
135b1402,135b1402
135ca2f0,135ca2f0
135e31de,135e31de
135fc0cc,135fc0cc
13614fb9,13614fb9
1362dea7,1362dea7
13646d95,13646d95
1365fc83,1365fc83
13678b71,13678b71
13691a5f,13691a5f
136aa94d,136aa94d
136c383b,136c383b
136dc729,136dc729
136f5617,136f5617
1370e505,1370e505
137273f3,137273f3
137402e1,137402e1
137591ce,137591ce
137720bc,137720bc
1378afaa,1378afaa
137a3e98,137a3e98
137bcd86,137bcd86
137d5c74,137d5c74
137eeb62,137eeb62
13807a50,13807a50
1382093e,1382093e
1383982c,1383982c
1385271a,1385271a
1386b608,1386b608
138844f6,138844f6
1389d3e4,1389d3e4
138b62d1,138b62d1
138cf1bf,138cf1bf
138e80ad,138e80ad
13900f9b,13900f9b
13919e89,13919e89
13932d77,13932d77
1394bc65,1394bc65
13964b53,13964b53
1397da41,1397da41
1399692f,1399692f
139af81d,139af81d
139c870b,139c870b
139e15f9,139e15f9
139fa4e6,139fa4e6
13a133d4,13a133d4
13a2c2c2,13a2c2c2
13a451b0,13a451b0
13a5e09e,13a5e09e
13a76f8c,13a76f8c
13a8fe7a,13a8fe7a
13aa8d68,13aa8d68
13ac1c56,13ac1c56
13adab44,13adab44
13af3a32,13af3a32
13b0c920,13b0c920
13b2580e,13b2580e
13b3e6fc,13b3e6fc
13b575e9,13b575e9
13b704d7,13b704d7
13b893c5,13b893c5
13ba22b3,13ba22b3
13bbb1a1,13bbb1a1
13bd408f,13bd408f
13becf7d,13becf7d
13c05e6b,13c05e6b
13c1ed59,13c1ed59
13c37c47,13c37c47
13c50b35,13c50b35
13c69a23,13c69a23
13c82911,13c82911
13c9b7fe,13c9b7fe
13cb46ec,13cb46ec
13ccd5da,13ccd5da
13ce64c8,13ce64c8
13cff3b6,13cff3b6
13d182a4,13d182a4
13d31192,13d31192
13d4a080,13d4a080
13d62f6e,13d62f6e
13d7be5c,13d7be5c
13d94d4a,13d94d4a
13dadc38,13dadc38
13dc6b26,13dc6b26
13ddfa14,13ddfa14
13df8901,13df8901
13e117ef,13e117ef
13e2a6dd,13e2a6dd
13e435cb,13e435cb
13e5c4b9,13e5c4b9
13e753a7,13e753a7
13e8e295,13e8e295
13ea7183,13ea7183
13ec0071,13ec0071
13ed8f5f,13ed8f5f
13ef1e4d,13ef1e4d
13f0ad3b,13f0ad3b
13f23c29,13f23c29
13f3cb16,13f3cb16
13f55a04,13f55a04
13f6e8f2,13f6e8f2
13f877e0,13f877e0
13fa06ce,13fa06ce
13fb95bc,13fb95bc
13fd24aa,13fd24aa
13feb398,13feb398
14004286,14004286
1401d174,1401d174
14036062,14036062
1404ef50,1404ef50
14067e3e,14067e3e
14080d2b,14080d2b
14099c19,14099c19
140b2b07,140b2b07
140cb9f5,140cb9f5
140e48e3,140e48e3
140fd7d1,140fd7d1
141166bf,141166bf
1412f5ad,1412f5ad
1414849b,1414849b
14161389,14161389
1417a277,1417a277
14193165,14193165
141ac053,141ac053
141c4f41,141c4f41
141dde2e,141dde2e
141f6d1c,141f6d1c
1420fc0a,1420fc0a
14228af8,14228af8
142419e6,142419e6
1425a8d4,1425a8d4
142737c2,142737c2
1428c6b0,1428c6b0
142a559e,142a559e
142be48c,142be48c
142d737a,142d737a
142f0268,142f0268
14309156,14309156
14322043,14322043
1433af31,1433af31
14353e1f,14353e1f
1436cd0d,1436cd0d
14385bfb,14385bfb
1439eae9,1439eae9
143b79d7,143b79d7
143d08c5,143d08c5
143e97b3,143e97b3
144026a1,144026a1
1441b58f,1441b58f
1443447d,1443447d
1444d36b,1444d36b
14466259,14466259
1447f146,1447f146
14498034,14498034
144b0f22,144b0f22
144c9e10,144c9e10
144e2cfe,144e2cfe
144fbbec,144fbbec
14514ada,14514ada
1452d9c8,1452d9c8
145468b6,145468b6
1455f7a4,1455f7a4
14578692,14578692
14591580,14591580
145aa46e,145aa46e
145c335b,145c335b
145dc249,145dc249
145f5137,145f5137
1460e025,1460e025
14626f13,14626f13
1463fe01,1463fe01
14658cef,14658cef
14671bdd,14671bdd
1468aacb,1468aacb
146a39b9,146a39b9
146bc8a7,146bc8a7
146d5795,146d5795
146ee683,146ee683
14707571,14707571
1472045e,1472045e
1473934c,1473934c
1475223a,1475223a
1476b128,1476b128
14784016,14784016
1479cf04,1479cf04
147b5df2,147b5df2
147cece0,147cece0
147e7bce,147e7bce
14800abc,14800abc
148199aa,148199aa
14832898,14832898
1484b786,1484b786
14864673,14864673
1487d561,1487d561
1489644f,1489644f
148af33d,148af33d
148c822b,148c822b
148e1119,148e1119
148fa007,148fa007
14912ef5,14912ef5
1492bde3,1492bde3
14944cd1,14944cd1
1495dbbf,1495dbbf
14976aad,14976aad
1498f99b,1498f99b
149a8889,149a8889
149c1776,149c1776
149da664,149da664
149f3552,149f3552
14a0c440,14a0c440
14a2532e,14a2532e
14a3e21c,14a3e21c
14a5710a,14a5710a
14a6fff8,14a6fff8
14a88ee6,14a88ee6
14aa1dd4,14aa1dd4
14abacc2,14abacc2
14ad3bb0,14ad3bb0
14aeca9e,14aeca9e
14b0598b,14b0598b
14b1e879,14b1e879
14b37767,14b37767
14b50655,14b50655
14b69543,14b69543
14b82431,14b82431
14b9b31f,14b9b31f
14bb420d,14bb420d
14bcd0fb,14bcd0fb
14be5fe9,14be5fe9
14bfeed7,14bfeed7
14c17dc5,14c17dc5
14c30cb3,14c30cb3
14c49ba1,14c49ba1
14c62a8e,14c62a8e
14c7b97c,14c7b97c
14c9486a,14c9486a
14cad758,14cad758
14cc6646,14cc6646
14cdf534,14cdf534
14cf8422,14cf8422
14d11310,14d11310
14d2a1fe,14d2a1fe
14d430ec,14d430ec
14d5bfda,14d5bfda
14d74ec8,14d74ec8
14d8ddb6,14d8ddb6
14da6ca3,14da6ca3
14dbfb91,14dbfb91
14dd8a7f,14dd8a7f
14df196d,14df196d
14e0a85b,14e0a85b
14e23749,14e23749
14e3c637,14e3c637
14e55525,14e55525
14e6e413,14e6e413
14e87301,14e87301
14ea01ef,14ea01ef
14eb90dd,14eb90dd
14ed1fcb,14ed1fcb
14eeaeb9,14eeaeb9
14f03da6,14f03da6
14f1cc94,14f1cc94
14f35b82,14f35b82
14f4ea70,14f4ea70
14f6795e,14f6795e
14f8084c,14f8084c
14f9973a,14f9973a
14fb2628,14fb2628
14fcb516,14fcb516
14fe4404,14fe4404
14ffd2f2,14ffd2f2
150161e0,150161e0
1502f0ce,1502f0ce
15047fbb,15047fbb
15060ea9,15060ea9
15079d97,15079d97
15092c85,15092c85
150abb73,150abb73
150c4a61,150c4a61
150dd94f,150dd94f
150f683d,150f683d
1510f72b,1510f72b
15128619,15128619
15141507,15141507
1515a3f5,1515a3f5
151732e3,151732e3
1518c1d1,1518c1d1
151a50be,151a50be
151bdfac,151bdfac
151d6e9a,151d6e9a
151efd88,151efd88
15208c76,15208c76
15221b64,15221b64
1523aa52,1523aa52
15253940,15253940
1526c82e,1526c82e
1528571c,1528571c
1529e60a,1529e60a
152b74f8,152b74f8
152d03e6,152d03e6
152e92d3,152e92d3
153021c1,153021c1
1531b0af,1531b0af
15333f9d,15333f9d
1534ce8b,1534ce8b
15365d79,15365d79
1537ec67,1537ec67
15397b55,15397b55
153b0a43,153b0a43
153c9931,153c9931
153e281f,153e281f
153fb70d,153fb70d
154145fb,154145fb
1542d4e9,1542d4e9
154463d6,154463d6
1545f2c4,1545f2c4
154781b2,154781b2
154910a0,154910a0
154a9f8e,154a9f8e
154c2e7c,154c2e7c
154dbd6a,154dbd6a
154f4c58,154f4c58
1550db46,1550db46
15526a34,15526a34
1553f922,1553f922
15558810,15558810
155716fe,155716fe
1558a5eb,1558a5eb
155a34d9,155a34d9
155bc3c7,155bc3c7
155d52b5,155d52b5
155ee1a3,155ee1a3
15607091,15607091
1561ff7f,1561ff7f
15638e6d,15638e6d
15651d5b,15651d5b
1566ac49,1566ac49
15683b37,15683b37
1569ca25,1569ca25
156b5913,156b5913
156ce801,156ce801
156e76ee,156e76ee
157005dc,157005dc
157194ca,157194ca
157323b8,157323b8
1574b2a6,1574b2a6
15764194,15764194
1577d082,1577d082
15795f70,15795f70
157aee5e,157aee5e
157c7d4c,157c7d4c
157e0c3a,157e0c3a
157f9b28,157f9b28
15812a16,15812a16
1582b903,1582b903
158447f1,158447f1
1585d6df,1585d6df
158765cd,158765cd
1588f4bb,1588f4bb
158a83a9,158a83a9
158c1297,158c1297
158da185,158da185
158f3073,158f3073
1590bf61,1590bf61
15924e4f,15924e4f
1593dd3d,1593dd3d
15956c2b,15956c2b
1596fb18,1596fb18
15988a06,15988a06
159a18f4,159a18f4
159ba7e2,159ba7e2
159d36d0,159d36d0
159ec5be,159ec5be
15a054ac,15a054ac
15a1e39a,15a1e39a
15a37288,15a37288
15a50176,15a50176
15a69064,15a69064
15a81f52,15a81f52
15a9ae40,15a9ae40
15ab3d2e,15ab3d2e
15accc1b,15accc1b
15ae5b09,15ae5b09
15afe9f7,15afe9f7
15b178e5,15b178e5
15b307d3,15b307d3
15b496c1,15b496c1
15b625af,15b625af
15b7b49d,15b7b49d
15b9438b,15b9438b
15bad279,15bad279
15bc6167,15bc6167
15bdf055,15bdf055
15bf7f43,15bf7f43
15c10e30,15c10e30
15c29d1e,15c29d1e
15c42c0c,15c42c0c
15c5bafa,15c5bafa
15c749e8,15c749e8
15c8d8d6,15c8d8d6
15ca67c4,15ca67c4
15cbf6b2,15cbf6b2
15cd85a0,15cd85a0
15cf148e,15cf148e
15d0a37c,15d0a37c
15d2326a,15d2326a
15d3c158,15d3c158
15d55046,15d55046
15d6df33,15d6df33
15d86e21,15d86e21
15d9fd0f,15d9fd0f
15db8bfd,15db8bfd
15dd1aeb,15dd1aeb
15dea9d9,15dea9d9
15e038c7,15e038c7
15e1c7b5,15e1c7b5
15e356a3,15e356a3
15e4e591,15e4e591
15e6747f,15e6747f
15e8036d,15e8036d
15e9925b,15e9925b
15eb2148,15eb2148
15ecb036,15ecb036
15ee3f24,15ee3f24
15efce12,15efce12
15f15d00,15f15d00
15f2ebee,15f2ebee
15f47adc,15f47adc
15f609ca,15f609ca
15f798b8,15f798b8
15f927a6,15f927a6
15fab694,15fab694
15fc4582,15fc4582
15fdd470,15fdd470
15ff635e,15ff635e
1600f24b,1600f24b
16028139,16028139
16041027,16041027
16059f15,16059f15
16072e03,16072e03
1608bcf1,1608bcf1
160a4bdf,160a4bdf
160bdacd,160bdacd
160d69bb,160d69bb
160ef8a9,160ef8a9
16108797,16108797
16121685,16121685
1613a573,1613a573
16153460,16153460
1616c34e,1616c34e
1618523c,1618523c
1619e12a,1619e12a
161b7018,161b7018
161cff06,161cff06
161e8df4,161e8df4
16201ce2,16201ce2
1621abd0,1621abd0
16233abe,16233abe
1624c9ac,1624c9ac
1626589a,1626589a
1627e788,1627e788
16297676,16297676
162b0563,162b0563
162c9451,162c9451
162e233f,162e233f
162fb22d,162fb22d
1631411b,1631411b
1632d009,1632d009
16345ef7,16345ef7
1635ede5,1635ede5
16377cd3,16377cd3
16390bc1,16390bc1
163a9aaf,163a9aaf
163c299d,163c299d
163db88b,163db88b
163f4778,163f4778
1640d666,1640d666
16426554,16426554
1643f442,1643f442
16458330,16458330
1647121e,1647121e
1648a10c,1648a10c
164a2ffa,164a2ffa
164bbee8,164bbee8
164d4dd6,164d4dd6
164edcc4,164edcc4
16506bb2,16506bb2
1651faa0,1651faa0
1653898e,1653898e
1655187b,1655187b
1656a769,1656a769
16583657,16583657
1659c545,1659c545
165b5433,165b5433
165ce321,165ce321
165e720f,165e720f
166000fd,166000fd
16618feb,16618feb
16631ed9,16631ed9
1664adc7,1664adc7
16663cb5,16663cb5
1667cba3,1667cba3
16695a90,16695a90
166ae97e,166ae97e
166c786c,166c786c
166e075a,166e075a
166f9648,166f9648
16712536,16712536
1672b424,1672b424
16744312,16744312
1675d200,1675d200
167760ee,167760ee
1678efdc,1678efdc
167a7eca,167a7eca
167c0db8,167c0db8
167d9ca6,167d9ca6
167f2b93,167f2b93
1680ba81,1680ba81
1682496f,1682496f
1683d85d,1683d85d
1685674b,1685674b
1686f639,1686f639
16888527,16888527
168a1415,168a1415
168ba303,168ba303
168d31f1,168d31f1
168ec0df,168ec0df
16904fcd,16904fcd
1691debb,1691debb
16936da8,16936da8
1694fc96,1694fc96
16968b84,16968b84
16981a72,16981a72
1699a960,1699a960
169b384e,169b384e
169cc73c,169cc73c
169e562a,169e562a
169fe518,169fe518
16a17406,16a17406
16a302f4,16a302f4
16a491e2,16a491e2
16a620d0,16a620d0
16a7afbe,16a7afbe
16a93eab,16a93eab
16aacd99,16aacd99
16ac5c87,16ac5c87
16adeb75,16adeb75
16af7a63,16af7a63
16b10951,16b10951
16b2983f,16b2983f
16b4272d,16b4272d
16b5b61b,16b5b61b
16b74509,16b74509
16b8d3f7,16b8d3f7
16ba62e5,16ba62e5
16bbf1d3,16bbf1d3
16bd80c0,16bd80c0
16bf0fae,16bf0fae
16c09e9c,16c09e9c
16c22d8a,16c22d8a
16c3bc78,16c3bc78
16c54b66,16c54b66
16c6da54,16c6da54
16c86942,16c86942
16c9f830,16c9f830
16cb871e,16cb871e
16cd160c,16cd160c
16cea4fa,16cea4fa
16d033e8,16d033e8
16d1c2d6,16d1c2d6
16d351c3,16d351c3
16d4e0b1,16d4e0b1
16d66f9f,16d66f9f
16d7fe8d,16d7fe8d
16d98d7b,16d98d7b
16db1c69,16db1c69
16dcab57,16dcab57
16de3a45,16de3a45
16dfc933,16dfc933
16e15821,16e15821
16e2e70f,16e2e70f
16e475fd,16e475fd
16e604eb,16e604eb
16e793d8,16e793d8
16e922c6,16e922c6
16eab1b4,16eab1b4
16ec40a2,16ec40a2
16edcf90,16edcf90
16ef5e7e,16ef5e7e
16f0ed6c,16f0ed6c
16f27c5a,16f27c5a
16f40b48,16f40b48
16f59a36,16f59a36
16f72924,16f72924
16f8b812,16f8b812
16fa4700,16fa4700
16fbd5ee,16fbd5ee
16fd64db,16fd64db
16fef3c9,16fef3c9
170082b7,170082b7
170211a5,170211a5
1703a093,1703a093
17052f81,17052f81
1706be6f,1706be6f
17084d5d,17084d5d
1709dc4b,1709dc4b
170b6b39,170b6b39
170cfa27,170cfa27
170e8915,170e8915
17101803,17101803
1711a6f0,1711a6f0
171335de,171335de
1714c4cc,1714c4cc
171653ba,171653ba
1717e2a8,1717e2a8
17197196,17197196
171b0084,171b0084
171c8f72,171c8f72
171e1e60,171e1e60
171fad4e,171fad4e
17213c3c,17213c3c
1722cb2a,1722cb2a
17245a18,17245a18
1725e905,1725e905
172777f3,172777f3
172906e1,172906e1
172a95cf,172a95cf
172c24bd,172c24bd
172db3ab,172db3ab
172f4299,172f4299
1730d187,1730d187
17326075,17326075
1733ef63,1733ef63
17357e51,17357e51
17370d3f,17370d3f
17389c2d,17389c2d
173a2b1b,173a2b1b
173bba08,173bba08
173d48f6,173d48f6
173ed7e4,173ed7e4
174066d2,174066d2
1741f5c0,1741f5c0
174384ae,174384ae
1745139c,1745139c
1746a28a,1746a28a
17483178,17483178
1749c066,1749c066
174b4f54,174b4f54
174cde42,174cde42
174e6d30,174e6d30
174ffc1d,174ffc1d
17518b0b,17518b0b
175319f9,175319f9
1754a8e7,1754a8e7
175637d5,175637d5
1757c6c3,1757c6c3
175955b1,175955b1
175ae49f,175ae49f
175c738d,175c738d
175e027b,175e027b
175f9169,175f9169
17612057,17612057
1762af45,1762af45
17643e33,17643e33
1765cd20,1765cd20
17675c0e,17675c0e
1768eafc,1768eafc
176a79ea,176a79ea
176c08d8,176c08d8
176d97c6,176d97c6
176f26b4,176f26b4
1770b5a2,1770b5a2
17724490,17724490
1773d37e,1773d37e
1775626c,1775626c
1776f15a,1776f15a
17788048,17788048
177a0f35,177a0f35
177b9e23,177b9e23
177d2d11,177d2d11
177ebbff,177ebbff
17804aed,17804aed
1781d9db,1781d9db
178368c9,178368c9
1784f7b7,1784f7b7
178686a5,178686a5
17881593,17881593
1789a481,1789a481
178b336f,178b336f
178cc25d,178cc25d
178e514b,178e514b
178fe038,178fe038
17916f26,17916f26
1792fe14,1792fe14
17948d02,17948d02
17961bf0,17961bf0
1797aade,1797aade
179939cc,179939cc
179ac8ba,179ac8ba
179c57a8,179c57a8
179de696,179de696
179f7584,179f7584
17a10472,17a10472
17a29360,17a29360
17a4224d,17a4224d
17a5b13b,17a5b13b
17a74029,17a74029
17a8cf17,17a8cf17
17aa5e05,17aa5e05
17abecf3,17abecf3
17ad7be1,17ad7be1
17af0acf,17af0acf
17b099bd,17b099bd
17b228ab,17b228ab
17b3b799,17b3b799
17b54687,17b54687
17b6d575,17b6d575
17b86463,17b86463
17b9f350,17b9f350
17bb823e,17bb823e
17bd112c,17bd112c
17bea01a,17bea01a
17c02f08,17c02f08
17c1bdf6,17c1bdf6
17c34ce4,17c34ce4
17c4dbd2,17c4dbd2
17c66ac0,17c66ac0
17c7f9ae,17c7f9ae
17c9889c,17c9889c
17cb178a,17cb178a
17cca678,17cca678
17ce3565,17ce3565
17cfc453,17cfc453
17d15341,17d15341
17d2e22f,17d2e22f
17d4711d,17d4711d
17d6000b,17d6000b
17d78ef9,17d78ef9
17d91de7,17d91de7
17daacd5,17daacd5
17dc3bc3,17dc3bc3
17ddcab1,17ddcab1
17df599f,17df599f
17e0e88d,17e0e88d
17e2777b,17e2777b
17e40668,17e40668
17e59556,17e59556
17e72444,17e72444
17e8b332,17e8b332
17ea4220,17ea4220
17ebd10e,17ebd10e
17ed5ffc,17ed5ffc
17eeeeea,17eeeeea
17f07dd8,17f07dd8
17f20cc6,17f20cc6
17f39bb4,17f39bb4
17f52aa2,17f52aa2
17f6b990,17f6b990
17f8487d,17f8487d
17f9d76b,17f9d76b
17fb6659,17fb6659
17fcf547,17fcf547
17fe8435,17fe8435
18001323,18001323
1801a211,1801a211
180330ff,180330ff
1804bfed,1804bfed
18064edb,18064edb
1807ddc9,1807ddc9
18096cb7,18096cb7
180afba5,180afba5
180c8a93,180c8a93
180e1980,180e1980
180fa86e,180fa86e
1811375c,1811375c
1812c64a,1812c64a
18145538,18145538
1815e426,1815e426
18177314,18177314
18190202,18190202
181a90f0,181a90f0
181c1fde,181c1fde
181daecc,181daecc
181f3dba,181f3dba
1820cca8,1820cca8
18225b95,18225b95
1823ea83,1823ea83
18257971,18257971
1827085f,1827085f
1828974d,1828974d
182a263b,182a263b
182bb529,182bb529
182d4417,182d4417
182ed305,182ed305
183061f3,183061f3
1831f0e1,1831f0e1
18337fcf,18337fcf
18350ebd,18350ebd
18369dab,18369dab
18382c98,18382c98
1839bb86,1839bb86
183b4a74,183b4a74
183cd962,183cd962
183e6850,183e6850
183ff73e,183ff73e
1841862c,1841862c
1843151a,1843151a
1844a408,1844a408
184632f6,184632f6
1847c1e4,1847c1e4
184950d2,184950d2
184adfc0,184adfc0
184c6ead,184c6ead
184dfd9b,184dfd9b
184f8c89,184f8c89
18511b77,18511b77
1852aa65,1852aa65
18543953,18543953
1855c841,1855c841
1857572f,1857572f
1858e61d,1858e61d
185a750b,185a750b
185c03f9,185c03f9
185d92e7,185d92e7
185f21d5,185f21d5
1860b0c3,1860b0c3
18623fb0,18623fb0
1863ce9e,1863ce9e
18655d8c,18655d8c
1866ec7a,1866ec7a
18687b68,18687b68
186a0a56,186a0a56
186b9944,186b9944
186d2832,186d2832
186eb720,186eb720
1870460e,1870460e
1871d4fc,1871d4fc
187363ea,187363ea
1874f2d8,1874f2d8
187681c5,187681c5
187810b3,187810b3
18799fa1,18799fa1
187b2e8f,187b2e8f
187cbd7d,187cbd7d
187e4c6b,187e4c6b
187fdb59,187fdb59
18816a47,18816a47
1882f935,1882f935
18848823,18848823
18861711,18861711
1887a5ff,1887a5ff
188934ed,188934ed
188ac3db,188ac3db
188c52c8,188c52c8
188de1b6,188de1b6
188f70a4,188f70a4
1890ff92,1890ff92
18928e80,18928e80
18941d6e,18941d6e
1895ac5c,1895ac5c
18973b4a,18973b4a
1898ca38,1898ca38
189a5926,189a5926
189be814,189be814
189d7702,189d7702
189f05f0,189f05f0
18a094dd,18a094dd
18a223cb,18a223cb
18a3b2b9,18a3b2b9
18a541a7,18a541a7
18a6d095,18a6d095
18a85f83,18a85f83
18a9ee71,18a9ee71
18ab7d5f,18ab7d5f
18ad0c4d,18ad0c4d
18ae9b3b,18ae9b3b
18b02a29,18b02a29
18b1b917,18b1b917
18b34805,18b34805
18b4d6f2,18b4d6f2
18b665e0,18b665e0
18b7f4ce,18b7f4ce
18b983bc,18b983bc
18bb12aa,18bb12aa
18bca198,18bca198
18be3086,18be3086
18bfbf74,18bfbf74
18c14e62,18c14e62
18c2dd50,18c2dd50
18c46c3e,18c46c3e
18c5fb2c,18c5fb2c
18c78a1a,18c78a1a
18c91908,18c91908
18caa7f5,18caa7f5
18cc36e3,18cc36e3
18cdc5d1,18cdc5d1
18cf54bf,18cf54bf
18d0e3ad,18d0e3ad
18d2729b,18d2729b
18d40189,18d40189
18d59077,18d59077
18d71f65,18d71f65
18d8ae53,18d8ae53
18da3d41,18da3d41
18dbcc2f,18dbcc2f
18dd5b1d,18dd5b1d
18deea0a,18deea0a
18e078f8,18e078f8
18e207e6,18e207e6
18e396d4,18e396d4
18e525c2,18e525c2
18e6b4b0,18e6b4b0
18e8439e,18e8439e
18e9d28c,18e9d28c
18eb617a,18eb617a
18ecf068,18ecf068
18ee7f56,18ee7f56
18f00e44,18f00e44
18f19d32,18f19d32
18f32c20,18f32c20
18f4bb0d,18f4bb0d
18f649fb,18f649fb
18f7d8e9,18f7d8e9
18f967d7,18f967d7
18faf6c5,18faf6c5
18fc85b3,18fc85b3
18fe14a1,18fe14a1
18ffa38f,18ffa38f
1901327d,1901327d
1902c16b,1902c16b
19045059,19045059
1905df47,1905df47
19076e35,19076e35
1908fd22,1908fd22
190a8c10,190a8c10
190c1afe,190c1afe
190da9ec,190da9ec
190f38da,190f38da
1910c7c8,1910c7c8
191256b6,191256b6
1913e5a4,1913e5a4
19157492,19157492
19170380,19170380
1918926e,1918926e
191a215c,191a215c
191bb04a,191bb04a
191d3f38,191d3f38
191ece25,191ece25
19205d13,19205d13
1921ec01,1921ec01
19237aef,19237aef
192509dd,192509dd
192698cb,192698cb
192827b9,192827b9
1929b6a7,1929b6a7
192b4595,192b4595
192cd483,192cd483
192e6371,192e6371
192ff25f,192ff25f
1931814d,1931814d
1933103a,1933103a
19349f28,19349f28
19362e16,19362e16
1937bd04,1937bd04
19394bf2,19394bf2
193adae0,193adae0
193c69ce,193c69ce
193df8bc,193df8bc
193f87aa,193f87aa
19411698,19411698
1942a586,1942a586
19443474,19443474
1945c362,1945c362
19475250,19475250
1948e13d,1948e13d
194a702b,194a702b
194bff19,194bff19
194d8e07,194d8e07
194f1cf5,194f1cf5
1950abe3,1950abe3
19523ad1,19523ad1
1953c9bf,1953c9bf
195558ad,195558ad
1956e79b,1956e79b
19587689,19587689
195a0577,195a0577
195b9465,195b9465
195d2352,195d2352
195eb240,195eb240
1960412e,1960412e
1961d01c,1961d01c
19635f0a,19635f0a
1964edf8,1964edf8
19667ce6,19667ce6
19680bd4,19680bd4
19699ac2,19699ac2
196b29b0,196b29b0
196cb89e,196cb89e
196e478c,196e478c
196fd67a,196fd67a
19716568,19716568
1972f455,1972f455
19748343,19748343
19761231,19761231
1977a11f,1977a11f
1979300d,1979300d
197abefb,197abefb
197c4de9,197c4de9
197ddcd7,197ddcd7
197f6bc5,197f6bc5
1980fab3,1980fab3
198289a1,198289a1
1984188f,1984188f
1985a77d,1985a77d
1987366a,1987366a
1988c558,1988c558
198a5446,198a5446
198be334,198be334
198d7222,198d7222
198f0110,198f0110
19908ffe,19908ffe
19921eec,19921eec
1993adda,1993adda
19953cc8,19953cc8
1996cbb6,1996cbb6
19985aa4,19985aa4
1999e992,1999e992
199b7880,199b7880
199d076d,199d076d
199e965b,199e965b
19a02549,19a02549
19a1b437,19a1b437
19a34325,19a34325
19a4d213,19a4d213
19a66101,19a66101
19a7efef,19a7efef
19a97edd,19a97edd
19ab0dcb,19ab0dcb
19ac9cb9,19ac9cb9
19ae2ba7,19ae2ba7
19afba95,19afba95
19b14982,19b14982
19b2d870,19b2d870
19b4675e,19b4675e
19b5f64c,19b5f64c
19b7853a,19b7853a
19b91428,19b91428
19baa316,19baa316
19bc3204,19bc3204
19bdc0f2,19bdc0f2
19bf4fe0,19bf4fe0
19c0dece,19c0dece
19c26dbc,19c26dbc
19c3fcaa,19c3fcaa
19c58b98,19c58b98
19c71a85,19c71a85
19c8a973,19c8a973
19ca3861,19ca3861
19cbc74f,19cbc74f
19cd563d,19cd563d
19cee52b,19cee52b
19d07419,19d07419
19d20307,19d20307
19d391f5,19d391f5
19d520e3,19d520e3
19d6afd1,19d6afd1
19d83ebf,19d83ebf
19d9cdad,19d9cdad
19db5c9a,19db5c9a
19dceb88,19dceb88
19de7a76,19de7a76
19e00964,19e00964
19e19852,19e19852
19e32740,19e32740
19e4b62e,19e4b62e
19e6451c,19e6451c
19e7d40a,19e7d40a
19e962f8,19e962f8
19eaf1e6,19eaf1e6
19ec80d4,19ec80d4
19ee0fc2,19ee0fc2
19ef9eb0,19ef9eb0
19f12d9d,19f12d9d
19f2bc8b,19f2bc8b
19f44b79,19f44b79
19f5da67,19f5da67
19f76955,19f76955
19f8f843,19f8f843
19fa8731,19fa8731
19fc161f,19fc161f
19fda50d,19fda50d
19ff33fb,19ff33fb
1a00c2e9,1a00c2e9
1a0251d7,1a0251d7
1a03e0c5,1a03e0c5
1a056fb2,1a056fb2
1a06fea0,1a06fea0
1a088d8e,1a088d8e
1a0a1c7c,1a0a1c7c
1a0bab6a,1a0bab6a
1a0d3a58,1a0d3a58
1a0ec946,1a0ec946
1a105834,1a105834
1a11e722,1a11e722
1a137610,1a137610
1a1504fe,1a1504fe
1a1693ec,1a1693ec
1a1822da,1a1822da
1a19b1c8,1a19b1c8
1a1b40b5,1a1b40b5
1a1ccfa3,1a1ccfa3
1a1e5e91,1a1e5e91
1a1fed7f,1a1fed7f
1a217c6d,1a217c6d
1a230b5b,1a230b5b
1a249a49,1a249a49
1a262937,1a262937
1a27b825,1a27b825
1a294713,1a294713
1a2ad601,1a2ad601
1a2c64ef,1a2c64ef
1a2df3dd,1a2df3dd
1a2f82ca,1a2f82ca
1a3111b8,1a3111b8
1a32a0a6,1a32a0a6
1a342f94,1a342f94
1a35be82,1a35be82
1a374d70,1a374d70
1a38dc5e,1a38dc5e
1a3a6b4c,1a3a6b4c
1a3bfa3a,1a3bfa3a
1a3d8928,1a3d8928
1a3f1816,1a3f1816
1a40a704,1a40a704
1a4235f2,1a4235f2
1a43c4df,1a43c4df
1a4553cd,1a4553cd
1a46e2bb,1a46e2bb
1a4871a9,1a4871a9
1a4a0097,1a4a0097
1a4b8f85,1a4b8f85
1a4d1e73,1a4d1e73
1a4ead61,1a4ead61
1a503c4f,1a503c4f
1a51cb3d,1a51cb3d
1a535a2b,1a535a2b
1a54e919,1a54e919
1a567807,1a567807
1a5806f5,1a5806f5
1a5995e2,1a5995e2
1a5b24d0,1a5b24d0
1a5cb3be,1a5cb3be
1a5e42ac,1a5e42ac
1a5fd19a,1a5fd19a
1a616088,1a616088
1a62ef76,1a62ef76
1a647e64,1a647e64
1a660d52,1a660d52
1a679c40,1a679c40
1a692b2e,1a692b2e
1a6aba1c,1a6aba1c
1a6c490a,1a6c490a
1a6dd7f7,1a6dd7f7
1a6f66e5,1a6f66e5
1a70f5d3,1a70f5d3
1a7284c1,1a7284c1
1a7413af,1a7413af
1a75a29d,1a75a29d
1a77318b,1a77318b
1a78c079,1a78c079
1a7a4f67,1a7a4f67
1a7bde55,1a7bde55
1a7d6d43,1a7d6d43
1a7efc31,1a7efc31
1a808b1f,1a808b1f
1a821a0d,1a821a0d
1a83a8fa,1a83a8fa
1a8537e8,1a8537e8
1a86c6d6,1a86c6d6
1a8855c4,1a8855c4
1a89e4b2,1a89e4b2
1a8b73a0,1a8b73a0
1a8d028e,1a8d028e
1a8e917c,1a8e917c
1a90206a,1a90206a
1a91af58,1a91af58
1a933e46,1a933e46
1a94cd34,1a94cd34
1a965c22,1a965c22
1a97eb0f,1a97eb0f
1a9979fd,1a9979fd
1a9b08eb,1a9b08eb
1a9c97d9,1a9c97d9
1a9e26c7,1a9e26c7
1a9fb5b5,1a9fb5b5
1aa144a3,1aa144a3
1aa2d391,1aa2d391
1aa4627f,1aa4627f
1aa5f16d,1aa5f16d
1aa7805b,1aa7805b
1aa90f49,1aa90f49
1aaa9e37,1aaa9e37
1aac2d25,1aac2d25
1aadbc12,1aadbc12
1aaf4b00,1aaf4b00
1ab0d9ee,1ab0d9ee
1ab268dc,1ab268dc
1ab3f7ca,1ab3f7ca
1ab586b8,1ab586b8
1ab715a6,1ab715a6
1ab8a494,1ab8a494
1aba3382,1aba3382
1abbc270,1abbc270
1abd515e,1abd515e
1abee04c,1abee04c
1ac06f3a,1ac06f3a
1ac1fe27,1ac1fe27
1ac38d15,1ac38d15
1ac51c03,1ac51c03
1ac6aaf1,1ac6aaf1
1ac839df,1ac839df
1ac9c8cd,1ac9c8cd
1acb57bb,1acb57bb
1acce6a9,1acce6a9
1ace7597,1ace7597
1ad00485,1ad00485
1ad19373,1ad19373
1ad32261,1ad32261
1ad4b14f,1ad4b14f
1ad6403d,1ad6403d
1ad7cf2a,1ad7cf2a
1ad95e18,1ad95e18
1adaed06,1adaed06
1adc7bf4,1adc7bf4
1ade0ae2,1ade0ae2
1adf99d0,1adf99d0
1ae128be,1ae128be
1ae2b7ac,1ae2b7ac
1ae4469a,1ae4469a
1ae5d588,1ae5d588
1ae76476,1ae76476
1ae8f364,1ae8f364
1aea8252,1aea8252
1aec113f,1aec113f
1aeda02d,1aeda02d
1aef2f1b,1aef2f1b
1af0be09,1af0be09
1af24cf7,1af24cf7
1af3dbe5,1af3dbe5
1af56ad3,1af56ad3
1af6f9c1,1af6f9c1
1af888af,1af888af
1afa179d,1afa179d
1afba68b,1afba68b
1afd3579,1afd3579
1afec467,1afec467
1b005355,1b005355
1b01e242,1b01e242
1b037130,1b037130
1b05001e,1b05001e
1b068f0c,1b068f0c
1b081dfa,1b081dfa
1b09ace8,1b09ace8
1b0b3bd6,1b0b3bd6
1b0ccac4,1b0ccac4
1b0e59b2,1b0e59b2
1b0fe8a0,1b0fe8a0
1b11778e,1b11778e
1b13067c,1b13067c
1b14956a,1b14956a
1b162457,1b162457
1b17b345,1b17b345
1b194233,1b194233
1b1ad121,1b1ad121
1b1c600f,1b1c600f
1b1deefd,1b1deefd
1b1f7deb,1b1f7deb
1b210cd9,1b210cd9
1b229bc7,1b229bc7
1b242ab5,1b242ab5
1b25b9a3,1b25b9a3
1b274891,1b274891
1b28d77f,1b28d77f
1b2a666d,1b2a666d
1b2bf55a,1b2bf55a
1b2d8448,1b2d8448
1b2f1336,1b2f1336
1b30a224,1b30a224
1b323112,1b323112
1b33c000,1b33c000
1b354eee,1b354eee
1b36dddc,1b36dddc
1b386cca,1b386cca
1b39fbb8,1b39fbb8
1b3b8aa6,1b3b8aa6
1b3d1994,1b3d1994
1b3ea882,1b3ea882
1b40376f,1b40376f
1b41c65d,1b41c65d
1b43554b,1b43554b
1b44e439,1b44e439
1b467327,1b467327
1b480215,1b480215
1b499103,1b499103
1b4b1ff1,1b4b1ff1
1b4caedf,1b4caedf
1b4e3dcd,1b4e3dcd
1b4fccbb,1b4fccbb
1b515ba9,1b515ba9
1b52ea97,1b52ea97
1b547985,1b547985
1b560872,1b560872
1b579760,1b579760
1b59264e,1b59264e
1b5ab53c,1b5ab53c
1b5c442a,1b5c442a
1b5dd318,1b5dd318
1b5f6206,1b5f6206
1b60f0f4,1b60f0f4
1b627fe2,1b627fe2
1b640ed0,1b640ed0
1b659dbe,1b659dbe
1b672cac,1b672cac
1b68bb9a,1b68bb9a
1b6a4a87,1b6a4a87
1b6bd975,1b6bd975
1b6d6863,1b6d6863
1b6ef751,1b6ef751
1b70863f,1b70863f
1b72152d,1b72152d
1b73a41b,1b73a41b
1b753309,1b753309
1b76c1f7,1b76c1f7
1b7850e5,1b7850e5
1b79dfd3,1b79dfd3
1b7b6ec1,1b7b6ec1
1b7cfdaf,1b7cfdaf
1b7e8c9d,1b7e8c9d
1b801b8a,1b801b8a
1b81aa78,1b81aa78
1b833966,1b833966
1b84c854,1b84c854
1b865742,1b865742
1b87e630,1b87e630
1b89751e,1b89751e
1b8b040c,1b8b040c
1b8c92fa,1b8c92fa
1b8e21e8,1b8e21e8
1b8fb0d6,1b8fb0d6
1b913fc4,1b913fc4
1b92ceb2,1b92ceb2
1b945d9f,1b945d9f
1b95ec8d,1b95ec8d
1b977b7b,1b977b7b
1b990a69,1b990a69
1b9a9957,1b9a9957
1b9c2845,1b9c2845
1b9db733,1b9db733
1b9f4621,1b9f4621
1ba0d50f,1ba0d50f
1ba263fd,1ba263fd
1ba3f2eb,1ba3f2eb
1ba581d9,1ba581d9
1ba710c7,1ba710c7
1ba89fb5,1ba89fb5
1baa2ea2,1baa2ea2
1babbd90,1babbd90
1bad4c7e,1bad4c7e
1baedb6c,1baedb6c
1bb06a5a,1bb06a5a
1bb1f948,1bb1f948
1bb38836,1bb38836
1bb51724,1bb51724
1bb6a612,1bb6a612
1bb83500,1bb83500
1bb9c3ee,1bb9c3ee
1bbb52dc,1bbb52dc
1bbce1ca,1bbce1ca
1bbe70b7,1bbe70b7
1bbfffa5,1bbfffa5
1bc18e93,1bc18e93
1bc31d81,1bc31d81
1bc4ac6f,1bc4ac6f
1bc63b5d,1bc63b5d
1bc7ca4b,1bc7ca4b
1bc95939,1bc95939
1bcae827,1bcae827
1bcc7715,1bcc7715
1bce0603,1bce0603
1bcf94f1,1bcf94f1
1bd123df,1bd123df
1bd2b2cc,1bd2b2cc
1bd441ba,1bd441ba
1bd5d0a8,1bd5d0a8
1bd75f96,1bd75f96
1bd8ee84,1bd8ee84
1bda7d72,1bda7d72
1bdc0c60,1bdc0c60
1bdd9b4e,1bdd9b4e
1bdf2a3c,1bdf2a3c
1be0b92a,1be0b92a
1be24818,1be24818
1be3d706,1be3d706
1be565f4,1be565f4
1be6f4e2,1be6f4e2
1be883cf,1be883cf
1bea12bd,1bea12bd
1beba1ab,1beba1ab
1bed3099,1bed3099
1beebf87,1beebf87
1bf04e75,1bf04e75
1bf1dd63,1bf1dd63
1bf36c51,1bf36c51
1bf4fb3f,1bf4fb3f
1bf68a2d,1bf68a2d
1bf8191b,1bf8191b
1bf9a809,1bf9a809
1bfb36f7,1bfb36f7
1bfcc5e4,1bfcc5e4
1bfe54d2,1bfe54d2
1bffe3c0,1bffe3c0
1c0172ae,1c0172ae
1c03019c,1c03019c
1c04908a,1c04908a
1c061f78,1c061f78
1c07ae66,1c07ae66
1c093d54,1c093d54
1c0acc42,1c0acc42
1c0c5b30,1c0c5b30
1c0dea1e,1c0dea1e
1c0f790c,1c0f790c
1c1107fa,1c1107fa
1c1296e7,1c1296e7
1c1425d5,1c1425d5
1c15b4c3,1c15b4c3
1c1743b1,1c1743b1
1c18d29f,1c18d29f
1c1a618d,1c1a618d
1c1bf07b,1c1bf07b
1c1d7f69,1c1d7f69
1c1f0e57,1c1f0e57
1c209d45,1c209d45
1c222c33,1c222c33
1c23bb21,1c23bb21
1c254a0f,1c254a0f
1c26d8fc,1c26d8fc
1c2867ea,1c2867ea
1c29f6d8,1c29f6d8
1c2b85c6,1c2b85c6
1c2d14b4,1c2d14b4
1c2ea3a2,1c2ea3a2
1c303290,1c303290
1c31c17e,1c31c17e
1c33506c,1c33506c
1c34df5a,1c34df5a
1c366e48,1c366e48
1c37fd36,1c37fd36
1c398c24,1c398c24
1c3b1b12,1c3b1b12
1c3ca9ff,1c3ca9ff
1c3e38ed,1c3e38ed
1c3fc7db,1c3fc7db
1c4156c9,1c4156c9
1c42e5b7,1c42e5b7
1c4474a5,1c4474a5
1c460393,1c460393
1c479281,1c479281
1c49216f,1c49216f
1c4ab05d,1c4ab05d
1c4c3f4b,1c4c3f4b
1c4dce39,1c4dce39
1c4f5d27,1c4f5d27
1c50ec14,1c50ec14
1c527b02,1c527b02
1c5409f0,1c5409f0
1c5598de,1c5598de
1c5727cc,1c5727cc
1c58b6ba,1c58b6ba
1c5a45a8,1c5a45a8
1c5bd496,1c5bd496
1c5d6384,1c5d6384
1c5ef272,1c5ef272
1c608160,1c608160
1c62104e,1c62104e
1c639f3c,1c639f3c
1c652e2a,1c652e2a
1c66bd17,1c66bd17
1c684c05,1c684c05
1c69daf3,1c69daf3
1c6b69e1,1c6b69e1
1c6cf8cf,1c6cf8cf
1c6e87bd,1c6e87bd
1c7016ab,1c7016ab
1c71a599,1c71a599
1c733487,1c733487
1c74c375,1c74c375
1c765263,1c765263
1c77e151,1c77e151
1c79703f,1c79703f
1c7aff2c,1c7aff2c
1c7c8e1a,1c7c8e1a
1c7e1d08,1c7e1d08
1c7fabf6,1c7fabf6
1c813ae4,1c813ae4
1c82c9d2,1c82c9d2
1c8458c0,1c8458c0
1c85e7ae,1c85e7ae
1c87769c,1c87769c
1c89058a,1c89058a
1c8a9478,1c8a9478
1c8c2366,1c8c2366
1c8db254,1c8db254
1c8f4142,1c8f4142
1c90d02f,1c90d02f
1c925f1d,1c925f1d
1c93ee0b,1c93ee0b
1c957cf9,1c957cf9
1c970be7,1c970be7
1c989ad5,1c989ad5
1c9a29c3,1c9a29c3
1c9bb8b1,1c9bb8b1
1c9d479f,1c9d479f
1c9ed68d,1c9ed68d
1ca0657b,1ca0657b
1ca1f469,1ca1f469
1ca38357,1ca38357
1ca51244,1ca51244
1ca6a132,1ca6a132
1ca83020,1ca83020
1ca9bf0e,1ca9bf0e
1cab4dfc,1cab4dfc
1cacdcea,1cacdcea
1cae6bd8,1cae6bd8
1caffac6,1caffac6
1cb189b4,1cb189b4
1cb318a2,1cb318a2
1cb4a790,1cb4a790
1cb6367e,1cb6367e
1cb7c56c,1cb7c56c
1cb9545a,1cb9545a
1cbae347,1cbae347
1cbc7235,1cbc7235
1cbe0123,1cbe0123
1cbf9011,1cbf9011
1cc11eff,1cc11eff
1cc2aded,1cc2aded
1cc43cdb,1cc43cdb
1cc5cbc9,1cc5cbc9
1cc75ab7,1cc75ab7
1cc8e9a5,1cc8e9a5
1cca7893,1cca7893
1ccc0781,1ccc0781
1ccd966f,1ccd966f
1ccf255c,1ccf255c
1cd0b44a,1cd0b44a
1cd24338,1cd24338
1cd3d226,1cd3d226
1cd56114,1cd56114
1cd6f002,1cd6f002
1cd87ef0,1cd87ef0
1cda0dde,1cda0dde
1cdb9ccc,1cdb9ccc
1cdd2bba,1cdd2bba
1cdebaa8,1cdebaa8
1ce04996,1ce04996
1ce1d884,1ce1d884
1ce36772,1ce36772
1ce4f65f,1ce4f65f
1ce6854d,1ce6854d
1ce8143b,1ce8143b
1ce9a329,1ce9a329
1ceb3217,1ceb3217
1cecc105,1cecc105
1cee4ff3,1cee4ff3
1cefdee1,1cefdee1
1cf16dcf,1cf16dcf
1cf2fcbd,1cf2fcbd
1cf48bab,1cf48bab
1cf61a99,1cf61a99
1cf7a987,1cf7a987
1cf93874,1cf93874
1cfac762,1cfac762
1cfc5650,1cfc5650
1cfde53e,1cfde53e
1cff742c,1cff742c
1d01031a,1d01031a
1d029208,1d029208
1d0420f6,1d0420f6
1d05afe4,1d05afe4
1d073ed2,1d073ed2
1d08cdc0,1d08cdc0
1d0a5cae,1d0a5cae
1d0beb9c,1d0beb9c
1d0d7a8a,1d0d7a8a
1d0f0977,1d0f0977
1d109865,1d109865
1d122753,1d122753
1d13b641,1d13b641
1d15452f,1d15452f
1d16d41d,1d16d41d
1d18630b,1d18630b
1d19f1f9,1d19f1f9
1d1b80e7,1d1b80e7
1d1d0fd5,1d1d0fd5
1d1e9ec3,1d1e9ec3
1d202db1,1d202db1
1d21bc9f,1d21bc9f
1d234b8c,1d234b8c
1d24da7a,1d24da7a
1d266968,1d266968
1d27f856,1d27f856
1d298744,1d298744
1d2b1632,1d2b1632
1d2ca520,1d2ca520
1d2e340e,1d2e340e
1d2fc2fc,1d2fc2fc
1d3151ea,1d3151ea
1d32e0d8,1d32e0d8
1d346fc6,1d346fc6
1d35feb4,1d35feb4
1d378da2,1d378da2
1d391c8f,1d391c8f
1d3aab7d,1d3aab7d
1d3c3a6b,1d3c3a6b
1d3dc959,1d3dc959
1d3f5847,1d3f5847
1d40e735,1d40e735
1d427623,1d427623
1d440511,1d440511
1d4593ff,1d4593ff
1d4722ed,1d4722ed
1d48b1db,1d48b1db
1d4a40c9,1d4a40c9
1d4bcfb7,1d4bcfb7
1d4d5ea4,1d4d5ea4
1d4eed92,1d4eed92
1d507c80,1d507c80
1d520b6e,1d520b6e
1d539a5c,1d539a5c
1d55294a,1d55294a
1d56b838,1d56b838
1d584726,1d584726
1d59d614,1d59d614
1d5b6502,1d5b6502
1d5cf3f0,1d5cf3f0
1d5e82de,1d5e82de
1d6011cc,1d6011cc
1d61a0b9,1d61a0b9
1d632fa7,1d632fa7
1d64be95,1d64be95
1d664d83,1d664d83
1d67dc71,1d67dc71
1d696b5f,1d696b5f
1d6afa4d,1d6afa4d
1d6c893b,1d6c893b
1d6e1829,1d6e1829
1d6fa717,1d6fa717
1d713605,1d713605
1d72c4f3,1d72c4f3
1d7453e1,1d7453e1
1d75e2cf,1d75e2cf
1d7771bc,1d7771bc
1d7900aa,1d7900aa
1d7a8f98,1d7a8f98
1d7c1e86,1d7c1e86
1d7dad74,1d7dad74
1d7f3c62,1d7f3c62
1d80cb50,1d80cb50
1d825a3e,1d825a3e
1d83e92c,1d83e92c
1d85781a,1d85781a
1d870708,1d870708
1d8895f6,1d8895f6
1d8a24e4,1d8a24e4
1d8bb3d1,1d8bb3d1
1d8d42bf,1d8d42bf
1d8ed1ad,1d8ed1ad
1d90609b,1d90609b
1d91ef89,1d91ef89
1d937e77,1d937e77
1d950d65,1d950d65
1d969c53,1d969c53
1d982b41,1d982b41
1d99ba2f,1d99ba2f
1d9b491d,1d9b491d
1d9cd80b,1d9cd80b
1d9e66f9,1d9e66f9
1d9ff5e7,1d9ff5e7
1da184d4,1da184d4
1da313c2,1da313c2
1da4a2b0,1da4a2b0
1da6319e,1da6319e
1da7c08c,1da7c08c
1da94f7a,1da94f7a
1daade68,1daade68
1dac6d56,1dac6d56
1dadfc44,1dadfc44
1daf8b32,1daf8b32
1db11a20,1db11a20
1db2a90e,1db2a90e
1db437fc,1db437fc
1db5c6e9,1db5c6e9
1db755d7,1db755d7
1db8e4c5,1db8e4c5
1dba73b3,1dba73b3
1dbc02a1,1dbc02a1
1dbd918f,1dbd918f
1dbf207d,1dbf207d
1dc0af6b,1dc0af6b
1dc23e59,1dc23e59
1dc3cd47,1dc3cd47
1dc55c35,1dc55c35
1dc6eb23,1dc6eb23
1dc87a11,1dc87a11
1dca08ff,1dca08ff
1dcb97ec,1dcb97ec
1dcd26da,1dcd26da
1dceb5c8,1dceb5c8
1dd044b6,1dd044b6
1dd1d3a4,1dd1d3a4
1dd36292,1dd36292
1dd4f180,1dd4f180
1dd6806e,1dd6806e
1dd80f5c,1dd80f5c
1dd99e4a,1dd99e4a
1ddb2d38,1ddb2d38
1ddcbc26,1ddcbc26
1dde4b14,1dde4b14
1ddfda01,1ddfda01
1de168ef,1de168ef
1de2f7dd,1de2f7dd
1de486cb,1de486cb
1de615b9,1de615b9
1de7a4a7,1de7a4a7
1de93395,1de93395
1deac283,1deac283
1dec5171,1dec5171
1dede05f,1dede05f
1def6f4d,1def6f4d
1df0fe3b,1df0fe3b
1df28d29,1df28d29
1df41c17,1df41c17
1df5ab04,1df5ab04
1df739f2,1df739f2
1df8c8e0,1df8c8e0
1dfa57ce,1dfa57ce
1dfbe6bc,1dfbe6bc
1dfd75aa,1dfd75aa
1dff0498,1dff0498
1e009386,1e009386
1e022274,1e022274
1e03b162,1e03b162
1e054050,1e054050
1e06cf3e,1e06cf3e
1e085e2c,1e085e2c
1e09ed19,1e09ed19
1e0b7c07,1e0b7c07
1e0d0af5,1e0d0af5
1e0e99e3,1e0e99e3
1e1028d1,1e1028d1
1e11b7bf,1e11b7bf
1e1346ad,1e1346ad
1e14d59b,1e14d59b
1e166489,1e166489
1e17f377,1e17f377
1e198265,1e198265
1e1b1153,1e1b1153
1e1ca041,1e1ca041
1e1e2f2f,1e1e2f2f
1e1fbe1c,1e1fbe1c
1e214d0a,1e214d0a
1e22dbf8,1e22dbf8
1e246ae6,1e246ae6
1e25f9d4,1e25f9d4
1e2788c2,1e2788c2
1e2917b0,1e2917b0
1e2aa69e,1e2aa69e
1e2c358c,1e2c358c
1e2dc47a,1e2dc47a
1e2f5368,1e2f5368
1e30e256,1e30e256
1e327144,1e327144
1e340031,1e340031
1e358f1f,1e358f1f
1e371e0d,1e371e0d
1e38acfb,1e38acfb
1e3a3be9,1e3a3be9
1e3bcad7,1e3bcad7
1e3d59c5,1e3d59c5
1e3ee8b3,1e3ee8b3
1e4077a1,1e4077a1
1e42068f,1e42068f
1e43957d,1e43957d
1e45246b,1e45246b
1e46b359,1e46b359
1e484247,1e484247
1e49d134,1e49d134
1e4b6022,1e4b6022
1e4cef10,1e4cef10
1e4e7dfe,1e4e7dfe
1e500cec,1e500cec
1e519bda,1e519bda
1e532ac8,1e532ac8
1e54b9b6,1e54b9b6
1e5648a4,1e5648a4
1e57d792,1e57d792
1e596680,1e596680
1e5af56e,1e5af56e
1e5c845c,1e5c845c
1e5e1349,1e5e1349
1e5fa237,1e5fa237
1e613125,1e613125
1e62c013,1e62c013
1e644f01,1e644f01
1e65ddef,1e65ddef
1e676cdd,1e676cdd
1e68fbcb,1e68fbcb
1e6a8ab9,1e6a8ab9
1e6c19a7,1e6c19a7
1e6da895,1e6da895
1e6f3783,1e6f3783
1e70c671,1e70c671
1e72555f,1e72555f
1e73e44c,1e73e44c
1e75733a,1e75733a
1e770228,1e770228
1e789116,1e789116
1e7a2004,1e7a2004
1e7baef2,1e7baef2
1e7d3de0,1e7d3de0
1e7eccce,1e7eccce
1e805bbc,1e805bbc
1e81eaaa,1e81eaaa
1e837998,1e837998
1e850886,1e850886
1e869774,1e869774
1e882661,1e882661
1e89b54f,1e89b54f
1e8b443d,1e8b443d
1e8cd32b,1e8cd32b
1e8e6219,1e8e6219
1e8ff107,1e8ff107
1e917ff5,1e917ff5
1e930ee3,1e930ee3
1e949dd1,1e949dd1
1e962cbf,1e962cbf
1e97bbad,1e97bbad
1e994a9b,1e994a9b
1e9ad989,1e9ad989
1e9c6877,1e9c6877
1e9df764,1e9df764
1e9f8652,1e9f8652
1ea11540,1ea11540
1ea2a42e,1ea2a42e
1ea4331c,1ea4331c
1ea5c20a,1ea5c20a
1ea750f8,1ea750f8
1ea8dfe6,1ea8dfe6
1eaa6ed4,1eaa6ed4
1eabfdc2,1eabfdc2
1ead8cb0,1ead8cb0
1eaf1b9e,1eaf1b9e
1eb0aa8c,1eb0aa8c
1eb23979,1eb23979
1eb3c867,1eb3c867
1eb55755,1eb55755
1eb6e643,1eb6e643
1eb87531,1eb87531
1eba041f,1eba041f
1ebb930d,1ebb930d
1ebd21fb,1ebd21fb
1ebeb0e9,1ebeb0e9
1ec03fd7,1ec03fd7
1ec1cec5,1ec1cec5
1ec35db3,1ec35db3
1ec4eca1,1ec4eca1
1ec67b8f,1ec67b8f
1ec80a7c,1ec80a7c
1ec9996a,1ec9996a
1ecb2858,1ecb2858
1eccb746,1eccb746
1ece4634,1ece4634
1ecfd522,1ecfd522
1ed16410,1ed16410
1ed2f2fe,1ed2f2fe
1ed481ec,1ed481ec
1ed610da,1ed610da
1ed79fc8,1ed79fc8
1ed92eb6,1ed92eb6
1edabda4,1edabda4
1edc4c91,1edc4c91
1edddb7f,1edddb7f
1edf6a6d,1edf6a6d
1ee0f95b,1ee0f95b
1ee28849,1ee28849
1ee41737,1ee41737
1ee5a625,1ee5a625
1ee73513,1ee73513
1ee8c401,1ee8c401
1eea52ef,1eea52ef
1eebe1dd,1eebe1dd
1eed70cb,1eed70cb
1eeeffb9,1eeeffb9
1ef08ea6,1ef08ea6
1ef21d94,1ef21d94
1ef3ac82,1ef3ac82
1ef53b70,1ef53b70
1ef6ca5e,1ef6ca5e
1ef8594c,1ef8594c
1ef9e83a,1ef9e83a
1efb7728,1efb7728
1efd0616,1efd0616
1efe9504,1efe9504
1f0023f2,1f0023f2
1f01b2e0,1f01b2e0
1f0341ce,1f0341ce
1f04d0bc,1f04d0bc
1f065fa9,1f065fa9
1f07ee97,1f07ee97
1f097d85,1f097d85
1f0b0c73,1f0b0c73
1f0c9b61,1f0c9b61
1f0e2a4f,1f0e2a4f
1f0fb93d,1f0fb93d
1f11482b,1f11482b
1f12d719,1f12d719
1f146607,1f146607
1f15f4f5,1f15f4f5
1f1783e3,1f1783e3
1f1912d1,1f1912d1
1f1aa1be,1f1aa1be
1f1c30ac,1f1c30ac
1f1dbf9a,1f1dbf9a
1f1f4e88,1f1f4e88
1f20dd76,1f20dd76
1f226c64,1f226c64
1f23fb52,1f23fb52
1f258a40,1f258a40
1f27192e,1f27192e
1f28a81c,1f28a81c
1f2a370a,1f2a370a
1f2bc5f8,1f2bc5f8
1f2d54e6,1f2d54e6
1f2ee3d4,1f2ee3d4
1f3072c1,1f3072c1
1f3201af,1f3201af
1f33909d,1f33909d
1f351f8b,1f351f8b
1f36ae79,1f36ae79
1f383d67,1f383d67
1f39cc55,1f39cc55
1f3b5b43,1f3b5b43
1f3cea31,1f3cea31
1f3e791f,1f3e791f
1f40080d,1f40080d
1f4196fb,1f4196fb
1f4325e9,1f4325e9
1f44b4d6,1f44b4d6
1f4643c4,1f4643c4
1f47d2b2,1f47d2b2
1f4961a0,1f4961a0
1f4af08e,1f4af08e
1f4c7f7c,1f4c7f7c
1f4e0e6a,1f4e0e6a
1f4f9d58,1f4f9d58
1f512c46,1f512c46
1f52bb34,1f52bb34
1f544a22,1f544a22
1f55d910,1f55d910
1f5767fe,1f5767fe
1f58f6ec,1f58f6ec
1f5a85d9,1f5a85d9
1f5c14c7,1f5c14c7
1f5da3b5,1f5da3b5
1f5f32a3,1f5f32a3
1f60c191,1f60c191
1f62507f,1f62507f
1f63df6d,1f63df6d
1f656e5b,1f656e5b
1f66fd49,1f66fd49
1f688c37,1f688c37
1f6a1b25,1f6a1b25
1f6baa13,1f6baa13
1f6d3901,1f6d3901
1f6ec7ee,1f6ec7ee
1f7056dc,1f7056dc
1f71e5ca,1f71e5ca
1f7374b8,1f7374b8
1f7503a6,1f7503a6
1f769294,1f769294
1f782182,1f782182
1f79b070,1f79b070
1f7b3f5e,1f7b3f5e
1f7cce4c,1f7cce4c
1f7e5d3a,1f7e5d3a
1f7fec28,1f7fec28
1f817b16,1f817b16
1f830a04,1f830a04
1f8498f1,1f8498f1
1f8627df,1f8627df
1f87b6cd,1f87b6cd
1f8945bb,1f8945bb
1f8ad4a9,1f8ad4a9
1f8c6397,1f8c6397
1f8df285,1f8df285
1f8f8173,1f8f8173
1f911061,1f911061
1f929f4f,1f929f4f
1f942e3d,1f942e3d
1f95bd2b,1f95bd2b
1f974c19,1f974c19
1f98db06,1f98db06
1f9a69f4,1f9a69f4
1f9bf8e2,1f9bf8e2
1f9d87d0,1f9d87d0
1f9f16be,1f9f16be
1fa0a5ac,1fa0a5ac
1fa2349a,1fa2349a
1fa3c388,1fa3c388
1fa55276,1fa55276
1fa6e164,1fa6e164
1fa87052,1fa87052
1fa9ff40,1fa9ff40
1fab8e2e,1fab8e2e
1fad1d1c,1fad1d1c
1faeac09,1faeac09
1fb03af7,1fb03af7
1fb1c9e5,1fb1c9e5
1fb358d3,1fb358d3
1fb4e7c1,1fb4e7c1
1fb676af,1fb676af
1fb8059d,1fb8059d
1fb9948b,1fb9948b
1fbb2379,1fbb2379
1fbcb267,1fbcb267
1fbe4155,1fbe4155
1fbfd043,1fbfd043
1fc15f31,1fc15f31
1fc2ee1e,1fc2ee1e
1fc47d0c,1fc47d0c
1fc60bfa,1fc60bfa
1fc79ae8,1fc79ae8
1fc929d6,1fc929d6
1fcab8c4,1fcab8c4
1fcc47b2,1fcc47b2
1fcdd6a0,1fcdd6a0
1fcf658e,1fcf658e
1fd0f47c,1fd0f47c
1fd2836a,1fd2836a
1fd41258,1fd41258
1fd5a146,1fd5a146
1fd73034,1fd73034
1fd8bf21,1fd8bf21
1fda4e0f,1fda4e0f
1fdbdcfd,1fdbdcfd
1fdd6beb,1fdd6beb
1fdefad9,1fdefad9
1fe089c7,1fe089c7
1fe218b5,1fe218b5
1fe3a7a3,1fe3a7a3
1fe53691,1fe53691
1fe6c57f,1fe6c57f
1fe8546d,1fe8546d
1fe9e35b,1fe9e35b
1feb7249,1feb7249
1fed0136,1fed0136
1fee9024,1fee9024
1ff01f12,1ff01f12
1ff1ae00,1ff1ae00
1ff33cee,1ff33cee
1ff4cbdc,1ff4cbdc
1ff65aca,1ff65aca
1ff7e9b8,1ff7e9b8
1ff978a6,1ff978a6
1ffb0794,1ffb0794
1ffc9682,1ffc9682
1ffe2570,1ffe2570
1fffb45e,1fffb45e
2001434c,2001434c
2002d239,2002d239
20046127,20046127
2005f015,2005f015
20077f03,20077f03
20090df1,20090df1
200a9cdf,200a9cdf
200c2bcd,200c2bcd
200dbabb,200dbabb
200f49a9,200f49a9
2010d897,2010d897
20126785,20126785
2013f673,2013f673
20158561,20158561
2017144e,2017144e
2018a33c,2018a33c
201a322a,201a322a
201bc118,201bc118
201d5006,201d5006
201edef4,201edef4
20206de2,20206de2
2021fcd0,2021fcd0
20238bbe,20238bbe
20251aac,20251aac
2026a99a,2026a99a
20283888,20283888
2029c776,2029c776
202b5664,202b5664
202ce551,202ce551
202e743f,202e743f
2030032d,2030032d
2031921b,2031921b
20332109,20332109
2034aff7,2034aff7
20363ee5,20363ee5
2037cdd3,2037cdd3
20395cc1,20395cc1
203aebaf,203aebaf
203c7a9d,203c7a9d
203e098b,203e098b
203f9879,203f9879
20412766,20412766
2042b654,2042b654
20444542,20444542
2045d430,2045d430
2047631e,2047631e
2048f20c,2048f20c
204a80fa,204a80fa
204c0fe8,204c0fe8
204d9ed6,204d9ed6
204f2dc4,204f2dc4
2050bcb2,2050bcb2
20524ba0,20524ba0
2053da8e,2053da8e
2055697c,2055697c
2056f869,2056f869
20588757,20588757
205a1645,205a1645
205ba533,205ba533
205d3421,205d3421
205ec30f,205ec30f
206051fd,206051fd
2061e0eb,2061e0eb
20636fd9,20636fd9
2064fec7,2064fec7
20668db5,20668db5
20681ca3,20681ca3
2069ab91,2069ab91
206b3a7e,206b3a7e
206cc96c,206cc96c
206e585a,206e585a
206fe748,206fe748
20717636,20717636
20730524,20730524
20749412,20749412
20762300,20762300
2077b1ee,2077b1ee
207940dc,207940dc
207acfca,207acfca
207c5eb8,207c5eb8
207deda6,207deda6
207f7c93,207f7c93
20810b81,20810b81
20829a6f,20829a6f
2084295d,2084295d
2085b84b,2085b84b
20874739,20874739
2088d627,2088d627
208a6515,208a6515
208bf403,208bf403
208d82f1,208d82f1
208f11df,208f11df
2090a0cd,2090a0cd
20922fbb,20922fbb
2093bea9,2093bea9
20954d96,20954d96
2096dc84,2096dc84
20986b72,20986b72
2099fa60,2099fa60
209b894e,209b894e
209d183c,209d183c
209ea72a,209ea72a
20a03618,20a03618
20a1c506,20a1c506
20a353f4,20a353f4
20a4e2e2,20a4e2e2
20a671d0,20a671d0
20a800be,20a800be
20a98fab,20a98fab
20ab1e99,20ab1e99
20acad87,20acad87
20ae3c75,20ae3c75
20afcb63,20afcb63
20b15a51,20b15a51
20b2e93f,20b2e93f
20b4782d,20b4782d
20b6071b,20b6071b
20b79609,20b79609
20b924f7,20b924f7
20bab3e5,20bab3e5
20bc42d3,20bc42d3
20bdd1c1,20bdd1c1
20bf60ae,20bf60ae
20c0ef9c,20c0ef9c
20c27e8a,20c27e8a
20c40d78,20c40d78
20c59c66,20c59c66
20c72b54,20c72b54
20c8ba42,20c8ba42
20ca4930,20ca4930
20cbd81e,20cbd81e
20cd670c,20cd670c
20cef5fa,20cef5fa
20d084e8,20d084e8
20d213d6,20d213d6
20d3a2c3,20d3a2c3
20d531b1,20d531b1
20d6c09f,20d6c09f
20d84f8d,20d84f8d
20d9de7b,20d9de7b
20db6d69,20db6d69
20dcfc57,20dcfc57
20de8b45,20de8b45
20e01a33,20e01a33
20e1a921,20e1a921
20e3380f,20e3380f
20e4c6fd,20e4c6fd
20e655eb,20e655eb
20e7e4d9,20e7e4d9
20e973c6,20e973c6
20eb02b4,20eb02b4
20ec91a2,20ec91a2
20ee2090,20ee2090
20efaf7e,20efaf7e
20f13e6c,20f13e6c
20f2cd5a,20f2cd5a
20f45c48,20f45c48
20f5eb36,20f5eb36
20f77a24,20f77a24
20f90912,20f90912
20fa9800,20fa9800
20fc26ee,20fc26ee
20fdb5db,20fdb5db
20ff44c9,20ff44c9
2100d3b7,2100d3b7
210262a5,210262a5
2103f193,2103f193
21058081,21058081
21070f6f,21070f6f
21089e5d,21089e5d
210a2d4b,210a2d4b
210bbc39,210bbc39
210d4b27,210d4b27
210eda15,210eda15
21106903,21106903
2111f7f1,2111f7f1
211386de,211386de
211515cc,211515cc
2116a4ba,2116a4ba
211833a8,211833a8
2119c296,2119c296
211b5184,211b5184
211ce072,211ce072
211e6f60,211e6f60
211ffe4e,211ffe4e
21218d3c,21218d3c
21231c2a,21231c2a
2124ab18,2124ab18
21263a06,21263a06
2127c8f3,2127c8f3
212957e1,212957e1
212ae6cf,212ae6cf
212c75bd,212c75bd
212e04ab,212e04ab
212f9399,212f9399
21312287,21312287
2132b175,2132b175
21344063,21344063
2135cf51,2135cf51
21375e3f,21375e3f
2138ed2d,2138ed2d
213a7c1b,213a7c1b
213c0b09,213c0b09
213d99f6,213d99f6
213f28e4,213f28e4
2140b7d2,2140b7d2
214246c0,214246c0
2143d5ae,2143d5ae
2145649c,2145649c
2146f38a,2146f38a
21488278,21488278
214a1166,214a1166
214ba054,214ba054
214d2f42,214d2f42
214ebe30,214ebe30
21504d1e,21504d1e
2151dc0b,2151dc0b
21536af9,21536af9
2154f9e7,2154f9e7
215688d5,215688d5
215817c3,215817c3
2159a6b1,2159a6b1
215b359f,215b359f
215cc48d,215cc48d
215e537b,215e537b
215fe269,215fe269
21617157,21617157
21630045,21630045
21648f33,21648f33
21661e21,21661e21
2167ad0e,2167ad0e
21693bfc,21693bfc
216acaea,216acaea
216c59d8,216c59d8
216de8c6,216de8c6
216f77b4,216f77b4
217106a2,217106a2
21729590,21729590
2174247e,2174247e
2175b36c,2175b36c
2177425a,2177425a
2178d148,2178d148
217a6036,217a6036
217bef23,217bef23
217d7e11,217d7e11
217f0cff,217f0cff
21809bed,21809bed
21822adb,21822adb
2183b9c9,2183b9c9
218548b7,218548b7
2186d7a5,2186d7a5
21886693,21886693
2189f581,2189f581
218b846f,218b846f
218d135d,218d135d
218ea24b,218ea24b
21903139,21903139
2191c026,2191c026
21934f14,21934f14
2194de02,2194de02
21966cf0,21966cf0
2197fbde,2197fbde
21998acc,21998acc
219b19ba,219b19ba
219ca8a8,219ca8a8
219e3796,219e3796
219fc684,219fc684
21a15572,21a15572
21a2e460,21a2e460
21a4734e,21a4734e
21a6023b,21a6023b
21a79129,21a79129
21a92017,21a92017
21aaaf05,21aaaf05
21ac3df3,21ac3df3
21adcce1,21adcce1
21af5bcf,21af5bcf
21b0eabd,21b0eabd
21b279ab,21b279ab
21b40899,21b40899
21b59787,21b59787
21b72675,21b72675
21b8b563,21b8b563
21ba4451,21ba4451
21bbd33e,21bbd33e
21bd622c,21bd622c
21bef11a,21bef11a
21c08008,21c08008
21c20ef6,21c20ef6
21c39de4,21c39de4
21c52cd2,21c52cd2
21c6bbc0,21c6bbc0
21c84aae,21c84aae
21c9d99c,21c9d99c
21cb688a,21cb688a
21ccf778,21ccf778
21ce8666,21ce8666
21d01553,21d01553
21d1a441,21d1a441
21d3332f,21d3332f
21d4c21d,21d4c21d
21d6510b,21d6510b
21d7dff9,21d7dff9
21d96ee7,21d96ee7
21dafdd5,21dafdd5
21dc8cc3,21dc8cc3
21de1bb1,21de1bb1
21dfaa9f,21dfaa9f
21e1398d,21e1398d
21e2c87b,21e2c87b
21e45769,21e45769
21e5e656,21e5e656
21e77544,21e77544
21e90432,21e90432
21ea9320,21ea9320
21ec220e,21ec220e
21edb0fc,21edb0fc
21ef3fea,21ef3fea
21f0ced8,21f0ced8
21f25dc6,21f25dc6
21f3ecb4,21f3ecb4
21f57ba2,21f57ba2
21f70a90,21f70a90
21f8997e,21f8997e
21fa286b,21fa286b
21fbb759,21fbb759
21fd4647,21fd4647
21fed535,21fed535
22006423,22006423
2201f311,2201f311
220381ff,220381ff
220510ed,220510ed
22069fdb,22069fdb
22082ec9,22082ec9
2209bdb7,2209bdb7
220b4ca5,220b4ca5
220cdb93,220cdb93
220e6a80,220e6a80
220ff96e,220ff96e
2211885c,2211885c
2213174a,2213174a
2214a638,2214a638
22163526,22163526
2217c414,2217c414
22195302,22195302
221ae1f0,221ae1f0
221c70de,221c70de
221dffcc,221dffcc
221f8eba,221f8eba
22211da8,22211da8
2222ac96,2222ac96
22243b83,22243b83
2225ca71,2225ca71
2227595f,2227595f
2228e84d,2228e84d
222a773b,222a773b
222c0629,222c0629
222d9517,222d9517
222f2405,222f2405
2230b2f3,2230b2f3
223241e1,223241e1
2233d0cf,2233d0cf
22355fbd,22355fbd
2236eeab,2236eeab
22387d98,22387d98
223a0c86,223a0c86
223b9b74,223b9b74
223d2a62,223d2a62
223eb950,223eb950
2240483e,2240483e
2241d72c,2241d72c
2243661a,2243661a
2244f508,2244f508
224683f6,224683f6
224812e4,224812e4
2249a1d2,2249a1d2
224b30c0,224b30c0
224cbfae,224cbfae
224e4e9b,224e4e9b
224fdd89,224fdd89
22516c77,22516c77
2252fb65,2252fb65
22548a53,22548a53
22561941,22561941
2257a82f,2257a82f
2259371d,2259371d
225ac60b,225ac60b
225c54f9,225c54f9
225de3e7,225de3e7
225f72d5,225f72d5
226101c3,226101c3
226290b0,226290b0
22641f9e,22641f9e
2265ae8c,2265ae8c
22673d7a,22673d7a
2268cc68,2268cc68
226a5b56,226a5b56
226bea44,226bea44
226d7932,226d7932
226f0820,226f0820
2270970e,2270970e
227225fc,227225fc
2273b4ea,2273b4ea
227543d8,227543d8
2276d2c6,2276d2c6
227861b3,227861b3
2279f0a1,2279f0a1
227b7f8f,227b7f8f
227d0e7d,227d0e7d
227e9d6b,227e9d6b
22802c59,22802c59
2281bb47,2281bb47
22834a35,22834a35
2284d923,2284d923
22866811,22866811
2287f6ff,2287f6ff
228985ed,228985ed
228b14db,228b14db
228ca3c8,228ca3c8
228e32b6,228e32b6
228fc1a4,228fc1a4
22915092,22915092
2292df80,2292df80
22946e6e,22946e6e
2295fd5c,2295fd5c
22978c4a,22978c4a
22991b38,22991b38
229aaa26,229aaa26
229c3914,229c3914
229dc802,229dc802
229f56f0,229f56f0
22a0e5de,22a0e5de
22a274cb,22a274cb
22a403b9,22a403b9
22a592a7,22a592a7
22a72195,22a72195
22a8b083,22a8b083
22aa3f71,22aa3f71
22abce5f,22abce5f
22ad5d4d,22ad5d4d
22aeec3b,22aeec3b
22b07b29,22b07b29
22b20a17,22b20a17
22b39905,22b39905
22b527f3,22b527f3
22b6b6e0,22b6b6e0
22b845ce,22b845ce
22b9d4bc,22b9d4bc
22bb63aa,22bb63aa
22bcf298,22bcf298
22be8186,22be8186
22c01074,22c01074
22c19f62,22c19f62
22c32e50,22c32e50
22c4bd3e,22c4bd3e
22c64c2c,22c64c2c
22c7db1a,22c7db1a
22c96a08,22c96a08
22caf8f6,22caf8f6
22cc87e3,22cc87e3
22ce16d1,22ce16d1
22cfa5bf,22cfa5bf
22d134ad,22d134ad
22d2c39b,22d2c39b
22d45289,22d45289
22d5e177,22d5e177
22d77065,22d77065
22d8ff53,22d8ff53
22da8e41,22da8e41
22dc1d2f,22dc1d2f
22ddac1d,22ddac1d
22df3b0b,22df3b0b
22e0c9f8,22e0c9f8
22e258e6,22e258e6
22e3e7d4,22e3e7d4
22e576c2,22e576c2
22e705b0,22e705b0
22e8949e,22e8949e
22ea238c,22ea238c
22ebb27a,22ebb27a
22ed4168,22ed4168
22eed056,22eed056
22f05f44,22f05f44
22f1ee32,22f1ee32
22f37d20,22f37d20
22f50c0e,22f50c0e
22f69afb,22f69afb
22f829e9,22f829e9
22f9b8d7,22f9b8d7
22fb47c5,22fb47c5
22fcd6b3,22fcd6b3
22fe65a1,22fe65a1
22fff48f,22fff48f
2301837d,2301837d
2303126b,2303126b
2304a159,2304a159
23063047,23063047
2307bf35,2307bf35
23094e23,23094e23
230add10,230add10
230c6bfe,230c6bfe
230dfaec,230dfaec
230f89da,230f89da
231118c8,231118c8
2312a7b6,2312a7b6
231436a4,231436a4
2315c592,2315c592
23175480,23175480
2318e36e,2318e36e
231a725c,231a725c
231c014a,231c014a
231d9038,231d9038
231f1f26,231f1f26
2320ae13,2320ae13
23223d01,23223d01
2323cbef,2323cbef
23255add,23255add
2326e9cb,2326e9cb
232878b9,232878b9
232a07a7,232a07a7
232b9695,232b9695
232d2583,232d2583
232eb471,232eb471
2330435f,2330435f
2331d24d,2331d24d
2333613b,2333613b
2334f028,2334f028
23367f16,23367f16
23380e04,23380e04
23399cf2,23399cf2
233b2be0,233b2be0
233cbace,233cbace
233e49bc,233e49bc
233fd8aa,233fd8aa
23416798,23416798
2342f686,2342f686
23448574,23448574
23461462,23461462
2347a350,2347a350
2349323e,2349323e
234ac12b,234ac12b
234c5019,234c5019
234ddf07,234ddf07
234f6df5,234f6df5
2350fce3,2350fce3
23528bd1,23528bd1
23541abf,23541abf
2355a9ad,2355a9ad
2357389b,2357389b
2358c789,2358c789
235a5677,235a5677
235be565,235be565
235d7453,235d7453
235f0340,235f0340
2360922e,2360922e
2362211c,2362211c
2363b00a,2363b00a
23653ef8,23653ef8
2366cde6,2366cde6
23685cd4,23685cd4
2369ebc2,2369ebc2
236b7ab0,236b7ab0
236d099e,236d099e
236e988c,236e988c
2370277a,2370277a
2371b668,2371b668
23734556,23734556
2374d443,2374d443
23766331,23766331
2377f21f,2377f21f
2379810d,2379810d
237b0ffb,237b0ffb
237c9ee9,237c9ee9
237e2dd7,237e2dd7
237fbcc5,237fbcc5
23814bb3,23814bb3
2382daa1,2382daa1
2384698f,2384698f
2385f87d,2385f87d
2387876b,2387876b
23891658,23891658
238aa546,238aa546
238c3434,238c3434
238dc322,238dc322
238f5210,238f5210
2390e0fe,2390e0fe
23926fec,23926fec
2393feda,2393feda
23958dc8,23958dc8
23971cb6,23971cb6
2398aba4,2398aba4
239a3a92,239a3a92
239bc980,239bc980
239d586d,239d586d
239ee75b,239ee75b
23a07649,23a07649
23a20537,23a20537
23a39425,23a39425
23a52313,23a52313
23a6b201,23a6b201
23a840ef,23a840ef
23a9cfdd,23a9cfdd
23ab5ecb,23ab5ecb
23acedb9,23acedb9
23ae7ca7,23ae7ca7
23b00b95,23b00b95
23b19a83,23b19a83
23b32970,23b32970
23b4b85e,23b4b85e
23b6474c,23b6474c
23b7d63a,23b7d63a
23b96528,23b96528
23baf416,23baf416
23bc8304,23bc8304
23be11f2,23be11f2
23bfa0e0,23bfa0e0
23c12fce,23c12fce
23c2bebc,23c2bebc
23c44daa,23c44daa
23c5dc98,23c5dc98
23c76b85,23c76b85
23c8fa73,23c8fa73
23ca8961,23ca8961
23cc184f,23cc184f
23cda73d,23cda73d
23cf362b,23cf362b
23d0c519,23d0c519
23d25407,23d25407
23d3e2f5,23d3e2f5
23d571e3,23d571e3
23d700d1,23d700d1
23d88fbf,23d88fbf
23da1ead,23da1ead
23dbad9b,23dbad9b
23dd3c88,23dd3c88
23decb76,23decb76
23e05a64,23e05a64
23e1e952,23e1e952
23e37840,23e37840
23e5072e,23e5072e
23e6961c,23e6961c
23e8250a,23e8250a
23e9b3f8,23e9b3f8
23eb42e6,23eb42e6
23ecd1d4,23ecd1d4
23ee60c2,23ee60c2
23efefb0,23efefb0
23f17e9d,23f17e9d
23f30d8b,23f30d8b
23f49c79,23f49c79
23f62b67,23f62b67
23f7ba55,23f7ba55
23f94943,23f94943
23fad831,23fad831
23fc671f,23fc671f
23fdf60d,23fdf60d
23ff84fb,23ff84fb
240113e9,240113e9
2402a2d7,2402a2d7
240431c5,240431c5
2405c0b3,2405c0b3
24074fa0,24074fa0
2408de8e,2408de8e
240a6d7c,240a6d7c
240bfc6a,240bfc6a
240d8b58,240d8b58
240f1a46,240f1a46
2410a934,2410a934
24123822,24123822
2413c710,2413c710
241555fe,241555fe
2416e4ec,2416e4ec
241873da,241873da
241a02c8,241a02c8
241b91b5,241b91b5
241d20a3,241d20a3
241eaf91,241eaf91
24203e7f,24203e7f
2421cd6d,2421cd6d
24235c5b,24235c5b
2424eb49,2424eb49
24267a37,24267a37
24280925,24280925
24299813,24299813
242b2701,242b2701
242cb5ef,242cb5ef
242e44dd,242e44dd
242fd3cb,242fd3cb
243162b8,243162b8
2432f1a6,2432f1a6
24348094,24348094
24360f82,24360f82
24379e70,24379e70
24392d5e,24392d5e
243abc4c,243abc4c
243c4b3a,243c4b3a
243dda28,243dda28
243f6916,243f6916
2440f804,2440f804
244286f2,244286f2
244415e0,244415e0
2445a4cd,2445a4cd
244733bb,244733bb
2448c2a9,2448c2a9
244a5197,244a5197
244be085,244be085
244d6f73,244d6f73
244efe61,244efe61
24508d4f,24508d4f
24521c3d,24521c3d
2453ab2b,2453ab2b
24553a19,24553a19
2456c907,2456c907
245857f5,245857f5
2459e6e3,2459e6e3
245b75d0,245b75d0
245d04be,245d04be
245e93ac,245e93ac
2460229a,2460229a
2461b188,2461b188
24634076,24634076
2464cf64,2464cf64
24665e52,24665e52
2467ed40,2467ed40
24697c2e,24697c2e
246b0b1c,246b0b1c
246c9a0a,246c9a0a
246e28f8,246e28f8
246fb7e5,246fb7e5
247146d3,247146d3
2472d5c1,2472d5c1
247464af,247464af
2475f39d,2475f39d
2477828b,2477828b
24791179,24791179
247aa067,247aa067
247c2f55,247c2f55
247dbe43,247dbe43
247f4d31,247f4d31
2480dc1f,2480dc1f
24826b0d,24826b0d
2483f9fb,2483f9fb
248588e8,248588e8
248717d6,248717d6
2488a6c4,2488a6c4
248a35b2,248a35b2
248bc4a0,248bc4a0
248d538e,248d538e
248ee27c,248ee27c
2490716a,2490716a
24920058,24920058
24938f46,24938f46
24951e34,24951e34
2496ad22,2496ad22
24983c10,24983c10
2499cafd,2499cafd
249b59eb,249b59eb
249ce8d9,249ce8d9
249e77c7,249e77c7
24a006b5,24a006b5
24a195a3,24a195a3
24a32491,24a32491
24a4b37f,24a4b37f
24a6426d,24a6426d
24a7d15b,24a7d15b
24a96049,24a96049
24aaef37,24aaef37
24ac7e25,24ac7e25
24ae0d13,24ae0d13
24af9c00,24af9c00
24b12aee,24b12aee
24b2b9dc,24b2b9dc
24b448ca,24b448ca
24b5d7b8,24b5d7b8
24b766a6,24b766a6
24b8f594,24b8f594
24ba8482,24ba8482
24bc1370,24bc1370
24bda25e,24bda25e
24bf314c,24bf314c
24c0c03a,24c0c03a
24c24f28,24c24f28
24c3de15,24c3de15
24c56d03,24c56d03
24c6fbf1,24c6fbf1
24c88adf,24c88adf
24ca19cd,24ca19cd
24cba8bb,24cba8bb
24cd37a9,24cd37a9
24cec697,24cec697
24d05585,24d05585
24d1e473,24d1e473
24d37361,24d37361
24d5024f,24d5024f
24d6913d,24d6913d
24d8202b,24d8202b
24d9af18,24d9af18
24db3e06,24db3e06
24dcccf4,24dcccf4
24de5be2,24de5be2
24dfead0,24dfead0
24e179be,24e179be
24e308ac,24e308ac
24e4979a,24e4979a
24e62688,24e62688
24e7b576,24e7b576
24e94464,24e94464
24ead352,24ead352
24ec6240,24ec6240
24edf12d,24edf12d
24ef801b,24ef801b
24f10f09,24f10f09
24f29df7,24f29df7
24f42ce5,24f42ce5
24f5bbd3,24f5bbd3
24f74ac1,24f74ac1
24f8d9af,24f8d9af
24fa689d,24fa689d
24fbf78b,24fbf78b
24fd8679,24fd8679
24ff1567,24ff1567
2500a455,2500a455
25023343,25023343
2503c230,2503c230
2505511e,2505511e
2506e00c,2506e00c
25086efa,25086efa
2509fde8,2509fde8
250b8cd6,250b8cd6
250d1bc4,250d1bc4
250eaab2,250eaab2
251039a0,251039a0
2511c88e,2511c88e
2513577c,2513577c
2514e66a,2514e66a
25167558,25167558
25180445,25180445
25199333,25199333
251b2221,251b2221
251cb10f,251cb10f
251e3ffd,251e3ffd
251fceeb,251fceeb
25215dd9,25215dd9
2522ecc7,2522ecc7
25247bb5,25247bb5
25260aa3,25260aa3
25279991,25279991
2529287f,2529287f
252ab76d,252ab76d
252c465a,252c465a
252dd548,252dd548
252f6436,252f6436
2530f324,2530f324
25328212,25328212
25341100,25341100
25359fee,25359fee
25372edc,25372edc
2538bdca,2538bdca
253a4cb8,253a4cb8
253bdba6,253bdba6
253d6a94,253d6a94
253ef982,253ef982
25408870,25408870
2542175d,2542175d
2543a64b,2543a64b
25453539,25453539
2546c427,2546c427
25485315,25485315
2549e203,2549e203
254b70f1,254b70f1
254cffdf,254cffdf
254e8ecd,254e8ecd
25501dbb,25501dbb
2551aca9,2551aca9
25533b97,25533b97
2554ca85,2554ca85
25565972,25565972
2557e860,2557e860
2559774e,2559774e
255b063c,255b063c
255c952a,255c952a
255e2418,255e2418
255fb306,255fb306
256141f4,256141f4
2562d0e2,2562d0e2
25645fd0,25645fd0
2565eebe,2565eebe
25677dac,25677dac
25690c9a,25690c9a
256a9b88,256a9b88
256c2a75,256c2a75
256db963,256db963
256f4851,256f4851
2570d73f,2570d73f
2572662d,2572662d
2573f51b,2573f51b
25758409,25758409
257712f7,257712f7
2578a1e5,2578a1e5
257a30d3,257a30d3
257bbfc1,257bbfc1
257d4eaf,257d4eaf
257edd9d,257edd9d
25806c8a,25806c8a
2581fb78,2581fb78
25838a66,25838a66
25851954,25851954
2586a842,2586a842
25883730,25883730
2589c61e,2589c61e
258b550c,258b550c
258ce3fa,258ce3fa
258e72e8,258e72e8
259001d6,259001d6
259190c4,259190c4
25931fb2,25931fb2
2594aea0,2594aea0
25963d8d,25963d8d
2597cc7b,2597cc7b
25995b69,25995b69
259aea57,259aea57
259c7945,259c7945
259e0833,259e0833
259f9721,259f9721
25a1260f,25a1260f
25a2b4fd,25a2b4fd
25a443eb,25a443eb
25a5d2d9,25a5d2d9
25a761c7,25a761c7
25a8f0b5,25a8f0b5
25aa7fa2,25aa7fa2
25ac0e90,25ac0e90
25ad9d7e,25ad9d7e
25af2c6c,25af2c6c
25b0bb5a,25b0bb5a
25b24a48,25b24a48
25b3d936,25b3d936
25b56824,25b56824
25b6f712,25b6f712
25b88600,25b88600
25ba14ee,25ba14ee
25bba3dc,25bba3dc
25bd32ca,25bd32ca
25bec1b8,25bec1b8
25c050a5,25c050a5
25c1df93,25c1df93
25c36e81,25c36e81
25c4fd6f,25c4fd6f
25c68c5d,25c68c5d
25c81b4b,25c81b4b
25c9aa39,25c9aa39
25cb3927,25cb3927
25ccc815,25ccc815
25ce5703,25ce5703
25cfe5f1,25cfe5f1
25d174df,25d174df
25d303cd,25d303cd
25d492ba,25d492ba
25d621a8,25d621a8
25d7b096,25d7b096
25d93f84,25d93f84
25dace72,25dace72
25dc5d60,25dc5d60
25ddec4e,25ddec4e
25df7b3c,25df7b3c
25e10a2a,25e10a2a
25e29918,25e29918
25e42806,25e42806
25e5b6f4,25e5b6f4
25e745e2,25e745e2
25e8d4d0,25e8d4d0
25ea63bd,25ea63bd
25ebf2ab,25ebf2ab
25ed8199,25ed8199
25ef1087,25ef1087
25f09f75,25f09f75
25f22e63,25f22e63
25f3bd51,25f3bd51
25f54c3f,25f54c3f
25f6db2d,25f6db2d
25f86a1b,25f86a1b
25f9f909,25f9f909
25fb87f7,25fb87f7
25fd16e5,25fd16e5
25fea5d2,25fea5d2
260034c0,260034c0
2601c3ae,2601c3ae
2603529c,2603529c
2604e18a,2604e18a
26067078,26067078
2607ff66,2607ff66
26098e54,26098e54
260b1d42,260b1d42
260cac30,260cac30
260e3b1e,260e3b1e
260fca0c,260fca0c
261158fa,261158fa
2612e7e8,2612e7e8
261476d5,261476d5
261605c3,261605c3
261794b1,261794b1
2619239f,2619239f
261ab28d,261ab28d
261c417b,261c417b
261dd069,261dd069
261f5f57,261f5f57
2620ee45,2620ee45
26227d33,26227d33
26240c21,26240c21
26259b0f,26259b0f
262729fd,262729fd
2628b8ea,2628b8ea
262a47d8,262a47d8
262bd6c6,262bd6c6
262d65b4,262d65b4
262ef4a2,262ef4a2
26308390,26308390
2632127e,2632127e
2633a16c,2633a16c
2635305a,2635305a
2636bf48,2636bf48
26384e36,26384e36
2639dd24,2639dd24
263b6c12,263b6c12
263cfb00,263cfb00
263e89ed,263e89ed
264018db,264018db
2641a7c9,2641a7c9
264336b7,264336b7
2644c5a5,2644c5a5
26465493,26465493
2647e381,2647e381
2649726f,2649726f
264b015d,264b015d
264c904b,264c904b
264e1f39,264e1f39
264fae27,264fae27
26513d15,26513d15
2652cc02,2652cc02
26545af0,26545af0
2655e9de,2655e9de
265778cc,265778cc
265907ba,265907ba
265a96a8,265a96a8
265c2596,265c2596
265db484,265db484
265f4372,265f4372
2660d260,2660d260
2662614e,2662614e
2663f03c,2663f03c
26657f2a,26657f2a
26670e18,26670e18
26689d05,26689d05
266a2bf3,266a2bf3
266bbae1,266bbae1
266d49cf,266d49cf
266ed8bd,266ed8bd
267067ab,267067ab
2671f699,2671f699
26738587,26738587
26751475,26751475
2676a363,2676a363
26783251,26783251
2679c13f,2679c13f
267b502d,267b502d
267cdf1a,267cdf1a
267e6e08,267e6e08
267ffcf6,267ffcf6
26818be4,26818be4
26831ad2,26831ad2
2684a9c0,2684a9c0
268638ae,268638ae
2687c79c,2687c79c
2689568a,2689568a
268ae578,268ae578
268c7466,268c7466
268e0354,268e0354
268f9242,268f9242
26912130,26912130
2692b01d,2692b01d
26943f0b,26943f0b
2695cdf9,2695cdf9
26975ce7,26975ce7
2698ebd5,2698ebd5
269a7ac3,269a7ac3
269c09b1,269c09b1
269d989f,269d989f
269f278d,269f278d
26a0b67b,26a0b67b
26a24569,26a24569
26a3d457,26a3d457
26a56345,26a56345
26a6f232,26a6f232
26a88120,26a88120
26aa100e,26aa100e
26ab9efc,26ab9efc
26ad2dea,26ad2dea
26aebcd8,26aebcd8
26b04bc6,26b04bc6
26b1dab4,26b1dab4
26b369a2,26b369a2
26b4f890,26b4f890
26b6877e,26b6877e
26b8166c,26b8166c
26b9a55a,26b9a55a
26bb3447,26bb3447
26bcc335,26bcc335
26be5223,26be5223
26bfe111,26bfe111
26c16fff,26c16fff
26c2feed,26c2feed
26c48ddb,26c48ddb
26c61cc9,26c61cc9
26c7abb7,26c7abb7
26c93aa5,26c93aa5
26cac993,26cac993
26cc5881,26cc5881
26cde76f,26cde76f
26cf765d,26cf765d
26d1054a,26d1054a
26d29438,26d29438
26d42326,26d42326
26d5b214,26d5b214
26d74102,26d74102
26d8cff0,26d8cff0
26da5ede,26da5ede
26dbedcc,26dbedcc
26dd7cba,26dd7cba
26df0ba8,26df0ba8
26e09a96,26e09a96
26e22984,26e22984
26e3b872,26e3b872
26e5475f,26e5475f
26e6d64d,26e6d64d
26e8653b,26e8653b
26e9f429,26e9f429
26eb8317,26eb8317
26ed1205,26ed1205
26eea0f3,26eea0f3
26f02fe1,26f02fe1
26f1becf,26f1becf
26f34dbd,26f34dbd
26f4dcab,26f4dcab
26f66b99,26f66b99
26f7fa87,26f7fa87
26f98975,26f98975
26fb1862,26fb1862
26fca750,26fca750
26fe363e,26fe363e
26ffc52c,26ffc52c
2701541a,2701541a
2702e308,2702e308
270471f6,270471f6
270600e4,270600e4
27078fd2,27078fd2
27091ec0,27091ec0
270aadae,270aadae
270c3c9c,270c3c9c
270dcb8a,270dcb8a
270f5a77,270f5a77
2710e965,2710e965
27127853,27127853
27140741,27140741
2715962f,2715962f
2717251d,2717251d
2718b40b,2718b40b
271a42f9,271a42f9
271bd1e7,271bd1e7
271d60d5,271d60d5
271eefc3,271eefc3
27207eb1,27207eb1
27220d9f,27220d9f
27239c8d,27239c8d
27252b7a,27252b7a
2726ba68,2726ba68
27284956,27284956
2729d844,2729d844
272b6732,272b6732
272cf620,272cf620
272e850e,272e850e
273013fc,273013fc
2731a2ea,2731a2ea
273331d8,273331d8
2734c0c6,2734c0c6
27364fb4,27364fb4
2737dea2,2737dea2
27396d8f,27396d8f
273afc7d,273afc7d
273c8b6b,273c8b6b
273e1a59,273e1a59
273fa947,273fa947
27413835,27413835
2742c723,2742c723
27445611,27445611
2745e4ff,2745e4ff
274773ed,274773ed
274902db,274902db
274a91c9,274a91c9
274c20b7,274c20b7
274dafa5,274dafa5
274f3e92,274f3e92
2750cd80,2750cd80
27525c6e,27525c6e
2753eb5c,2753eb5c
27557a4a,27557a4a
27570938,27570938
27589826,27589826
275a2714,275a2714
275bb602,275bb602
275d44f0,275d44f0
275ed3de,275ed3de
276062cc,276062cc
2761f1ba,2761f1ba
276380a7,276380a7
27650f95,27650f95
27669e83,27669e83
27682d71,27682d71
2769bc5f,2769bc5f
276b4b4d,276b4b4d
276cda3b,276cda3b
276e6929,276e6929
276ff817,276ff817
27718705,27718705
277315f3,277315f3
2774a4e1,2774a4e1
277633cf,277633cf
2777c2bd,2777c2bd
277951aa,277951aa
277ae098,277ae098
277c6f86,277c6f86
277dfe74,277dfe74
277f8d62,277f8d62
27811c50,27811c50
2782ab3e,2782ab3e
27843a2c,27843a2c
2785c91a,2785c91a
27875808,27875808
2788e6f6,2788e6f6
278a75e4,278a75e4
278c04d2,278c04d2
278d93bf,278d93bf
278f22ad,278f22ad
2790b19b,2790b19b
27924089,27924089
2793cf77,2793cf77
27955e65,27955e65
2796ed53,2796ed53
27987c41,27987c41
279a0b2f,279a0b2f
279b9a1d,279b9a1d
279d290b,279d290b
279eb7f9,279eb7f9
27a046e7,27a046e7
27a1d5d5,27a1d5d5
27a364c2,27a364c2
27a4f3b0,27a4f3b0
27a6829e,27a6829e
27a8118c,27a8118c
27a9a07a,27a9a07a
27ab2f68,27ab2f68
27acbe56,27acbe56
27ae4d44,27ae4d44
27afdc32,27afdc32
27b16b20,27b16b20
27b2fa0e,27b2fa0e
27b488fc,27b488fc
27b617ea,27b617ea
27b7a6d7,27b7a6d7
27b935c5,27b935c5
27bac4b3,27bac4b3
27bc53a1,27bc53a1
27bde28f,27bde28f
27bf717d,27bf717d
27c1006b,27c1006b
27c28f59,27c28f59
27c41e47,27c41e47
27c5ad35,27c5ad35
27c73c23,27c73c23
27c8cb11,27c8cb11
27ca59ff,27ca59ff
27cbe8ed,27cbe8ed
27cd77da,27cd77da
27cf06c8,27cf06c8
27d095b6,27d095b6
27d224a4,27d224a4
27d3b392,27d3b392
27d54280,27d54280
27d6d16e,27d6d16e
27d8605c,27d8605c
27d9ef4a,27d9ef4a
27db7e38,27db7e38
27dd0d26,27dd0d26
27de9c14,27de9c14
27e02b02,27e02b02
27e1b9ef,27e1b9ef
27e348dd,27e348dd
27e4d7cb,27e4d7cb
27e666b9,27e666b9
27e7f5a7,27e7f5a7
27e98495,27e98495
27eb1383,27eb1383
27eca271,27eca271
27ee315f,27ee315f
27efc04d,27efc04d
27f14f3b,27f14f3b
27f2de29,27f2de29
27f46d17,27f46d17
27f5fc05,27f5fc05
27f78af2,27f78af2
27f919e0,27f919e0
27faa8ce,27faa8ce
27fc37bc,27fc37bc
27fdc6aa,27fdc6aa
27ff5598,27ff5598
2800e486,2800e486
28027374,28027374
28040262,28040262
28059150,28059150
2807203e,2807203e
2808af2c,2808af2c
280a3e1a,280a3e1a
280bcd07,280bcd07
280d5bf5,280d5bf5
280eeae3,280eeae3
281079d1,281079d1
281208bf,281208bf
281397ad,281397ad
2815269b,2815269b
2816b589,2816b589
28184477,28184477
2819d365,2819d365
281b6253,281b6253
281cf141,281cf141
281e802f,281e802f
28200f1d,28200f1d
28219e0a,28219e0a
28232cf8,28232cf8
2824bbe6,2824bbe6
28264ad4,28264ad4
2827d9c2,2827d9c2
282968b0,282968b0
282af79e,282af79e
282c868c,282c868c
282e157a,282e157a
282fa468,282fa468
28313356,28313356
2832c244,2832c244
28345132,28345132
2835e01f,2835e01f
28376f0d,28376f0d
2838fdfb,2838fdfb
283a8ce9,283a8ce9
283c1bd7,283c1bd7
283daac5,283daac5
283f39b3,283f39b3
2840c8a1,2840c8a1
2842578f,2842578f
2843e67d,2843e67d
2845756b,2845756b
28470459,28470459
28489347,28489347
284a2234,284a2234
284bb122,284bb122
284d4010,284d4010
284ecefe,284ecefe
28505dec,28505dec
2851ecda,2851ecda
28537bc8,28537bc8
28550ab6,28550ab6
285699a4,285699a4
28582892,28582892
2859b780,2859b780
285b466e,285b466e
285cd55c,285cd55c
285e644a,285e644a
285ff337,285ff337
28618225,28618225
28631113,28631113
2864a001,2864a001
28662eef,28662eef
2867bddd,2867bddd
28694ccb,28694ccb
286adbb9,286adbb9
286c6aa7,286c6aa7
286df995,286df995
286f8883,286f8883
28711771,28711771
2872a65f,2872a65f
2874354c,2874354c
2875c43a,2875c43a
28775328,28775328
2878e216,2878e216
287a7104,287a7104
287bfff2,287bfff2
287d8ee0,287d8ee0
287f1dce,287f1dce
2880acbc,2880acbc
28823baa,28823baa
2883ca98,2883ca98
28855986,28855986
2886e874,2886e874
28887762,28887762
288a064f,288a064f
288b953d,288b953d
288d242b,288d242b
288eb319,288eb319
28904207,28904207
2891d0f5,2891d0f5
28935fe3,28935fe3
2894eed1,2894eed1
28967dbf,28967dbf
28980cad,28980cad
28999b9b,28999b9b
289b2a89,289b2a89
289cb977,289cb977
289e4864,289e4864
289fd752,289fd752
28a16640,28a16640
28a2f52e,28a2f52e
28a4841c,28a4841c
28a6130a,28a6130a
28a7a1f8,28a7a1f8
28a930e6,28a930e6
28aabfd4,28aabfd4
28ac4ec2,28ac4ec2
28adddb0,28adddb0
28af6c9e,28af6c9e
28b0fb8c,28b0fb8c
28b28a7a,28b28a7a
28b41967,28b41967
28b5a855,28b5a855
28b73743,28b73743
28b8c631,28b8c631
28ba551f,28ba551f
28bbe40d,28bbe40d
28bd72fb,28bd72fb
28bf01e9,28bf01e9
28c090d7,28c090d7
28c21fc5,28c21fc5
28c3aeb3,28c3aeb3
28c53da1,28c53da1
28c6cc8f,28c6cc8f
28c85b7c,28c85b7c
28c9ea6a,28c9ea6a
28cb7958,28cb7958
28cd0846,28cd0846
28ce9734,28ce9734
28d02622,28d02622
28d1b510,28d1b510
28d343fe,28d343fe
28d4d2ec,28d4d2ec
28d661da,28d661da
28d7f0c8,28d7f0c8
28d97fb6,28d97fb6
28db0ea4,28db0ea4
28dc9d92,28dc9d92
28de2c7f,28de2c7f
28dfbb6d,28dfbb6d
28e14a5b,28e14a5b
28e2d949,28e2d949
28e46837,28e46837
28e5f725,28e5f725
28e78613,28e78613
28e91501,28e91501
28eaa3ef,28eaa3ef
28ec32dd,28ec32dd
28edc1cb,28edc1cb
28ef50b9,28ef50b9
28f0dfa7,28f0dfa7
28f26e94,28f26e94
28f3fd82,28f3fd82
28f58c70,28f58c70
28f71b5e,28f71b5e
28f8aa4c,28f8aa4c
28fa393a,28fa393a
28fbc828,28fbc828
28fd5716,28fd5716
28fee604,28fee604
290074f2,290074f2
290203e0,290203e0
290392ce,290392ce
290521bc,290521bc
2906b0aa,2906b0aa
29083f97,29083f97
2909ce85,2909ce85
290b5d73,290b5d73
290cec61,290cec61
290e7b4f,290e7b4f
29100a3d,29100a3d
2911992b,2911992b
29132819,29132819
2914b707,2914b707
291645f5,291645f5
2917d4e3,2917d4e3
291963d1,291963d1
291af2bf,291af2bf
291c81ac,291c81ac
291e109a,291e109a
291f9f88,291f9f88
29212e76,29212e76
2922bd64,2922bd64
29244c52,29244c52
2925db40,2925db40
29276a2e,29276a2e
2928f91c,2928f91c
292a880a,292a880a
292c16f8,292c16f8
292da5e6,292da5e6
292f34d4,292f34d4
2930c3c2,2930c3c2
293252af,293252af
2933e19d,2933e19d
2935708b,2935708b
2936ff79,2936ff79
29388e67,29388e67
293a1d55,293a1d55
293bac43,293bac43
293d3b31,293d3b31
293eca1f,293eca1f
2940590d,2940590d
2941e7fb,2941e7fb
294376e9,294376e9
294505d7,294505d7
294694c4,294694c4
294823b2,294823b2
2949b2a0,2949b2a0
294b418e,294b418e
294cd07c,294cd07c
294e5f6a,294e5f6a
294fee58,294fee58
29517d46,29517d46
29530c34,29530c34
29549b22,29549b22
29562a10,29562a10
2957b8fe,2957b8fe
295947ec,295947ec
295ad6da,295ad6da
295c65c7,295c65c7
295df4b5,295df4b5
295f83a3,295f83a3
29611291,29611291
2962a17f,2962a17f
2964306d,2964306d
2965bf5b,2965bf5b
29674e49,29674e49
2968dd37,2968dd37
296a6c25,296a6c25
296bfb13,296bfb13
296d8a01,296d8a01
296f18ef,296f18ef
2970a7dc,2970a7dc
297236ca,297236ca
2973c5b8,2973c5b8
297554a6,297554a6
2976e394,2976e394
29787282,29787282
297a0170,297a0170
297b905e,297b905e
297d1f4c,297d1f4c
297eae3a,297eae3a
29803d28,29803d28
2981cc16,2981cc16
29835b04,29835b04
2984e9f2,2984e9f2
298678df,298678df
298807cd,298807cd
298996bb,298996bb
298b25a9,298b25a9
298cb497,298cb497
298e4385,298e4385
298fd273,298fd273
29916161,29916161
2992f04f,2992f04f
29947f3d,29947f3d
29960e2b,29960e2b
29979d19,29979d19
29992c07,29992c07
299abaf4,299abaf4
299c49e2,299c49e2
299dd8d0,299dd8d0
299f67be,299f67be
29a0f6ac,29a0f6ac
29a2859a,29a2859a
29a41488,29a41488
29a5a376,29a5a376
29a73264,29a73264
29a8c152,29a8c152
29aa5040,29aa5040
29abdf2e,29abdf2e
29ad6e1c,29ad6e1c
29aefd0a,29aefd0a
29b08bf7,29b08bf7
29b21ae5,29b21ae5
29b3a9d3,29b3a9d3
29b538c1,29b538c1
29b6c7af,29b6c7af
29b8569d,29b8569d
29b9e58b,29b9e58b
29bb7479,29bb7479
29bd0367,29bd0367
29be9255,29be9255
29c02143,29c02143
29c1b031,29c1b031
29c33f1f,29c33f1f
29c4ce0c,29c4ce0c
29c65cfa,29c65cfa
29c7ebe8,29c7ebe8
29c97ad6,29c97ad6
29cb09c4,29cb09c4
29cc98b2,29cc98b2
29ce27a0,29ce27a0
29cfb68e,29cfb68e
29d1457c,29d1457c
29d2d46a,29d2d46a
29d46358,29d46358
29d5f246,29d5f246
29d78134,29d78134
29d91021,29d91021
29da9f0f,29da9f0f
29dc2dfd,29dc2dfd
29ddbceb,29ddbceb
29df4bd9,29df4bd9
29e0dac7,29e0dac7
29e269b5,29e269b5
29e3f8a3,29e3f8a3
29e58791,29e58791
29e7167f,29e7167f
29e8a56d,29e8a56d
29ea345b,29ea345b
29ebc349,29ebc349
29ed5237,29ed5237
29eee124,29eee124
29f07012,29f07012
29f1ff00,29f1ff00
29f38dee,29f38dee
29f51cdc,29f51cdc
29f6abca,29f6abca
29f83ab8,29f83ab8
29f9c9a6,29f9c9a6
29fb5894,29fb5894
29fce782,29fce782
29fe7670,29fe7670
2a00055e,2a00055e
2a01944c,2a01944c
2a032339,2a032339
2a04b227,2a04b227
2a064115,2a064115
2a07d003,2a07d003
2a095ef1,2a095ef1
2a0aeddf,2a0aeddf
2a0c7ccd,2a0c7ccd
2a0e0bbb,2a0e0bbb
2a0f9aa9,2a0f9aa9
2a112997,2a112997
2a12b885,2a12b885
2a144773,2a144773
2a15d661,2a15d661
2a17654f,2a17654f
2a18f43c,2a18f43c
2a1a832a,2a1a832a
2a1c1218,2a1c1218
2a1da106,2a1da106
2a1f2ff4,2a1f2ff4
2a20bee2,2a20bee2
2a224dd0,2a224dd0
2a23dcbe,2a23dcbe
2a256bac,2a256bac
2a26fa9a,2a26fa9a
2a288988,2a288988
2a2a1876,2a2a1876
2a2ba764,2a2ba764
2a2d3651,2a2d3651
2a2ec53f,2a2ec53f
2a30542d,2a30542d
2a31e31b,2a31e31b
2a337209,2a337209
2a3500f7,2a3500f7
2a368fe5,2a368fe5
2a381ed3,2a381ed3
2a39adc1,2a39adc1
2a3b3caf,2a3b3caf
2a3ccb9d,2a3ccb9d
2a3e5a8b,2a3e5a8b
2a3fe979,2a3fe979
2a417867,2a417867
2a430754,2a430754
2a449642,2a449642
2a462530,2a462530
2a47b41e,2a47b41e
2a49430c,2a49430c
2a4ad1fa,2a4ad1fa
2a4c60e8,2a4c60e8
2a4defd6,2a4defd6
2a4f7ec4,2a4f7ec4
2a510db2,2a510db2
2a529ca0,2a529ca0
2a542b8e,2a542b8e
2a55ba7c,2a55ba7c
2a574969,2a574969
2a58d857,2a58d857
2a5a6745,2a5a6745
2a5bf633,2a5bf633
2a5d8521,2a5d8521
2a5f140f,2a5f140f
2a60a2fd,2a60a2fd
2a6231eb,2a6231eb
2a63c0d9,2a63c0d9
2a654fc7,2a654fc7
2a66deb5,2a66deb5
2a686da3,2a686da3
2a69fc91,2a69fc91
2a6b8b7f,2a6b8b7f
2a6d1a6c,2a6d1a6c
2a6ea95a,2a6ea95a
2a703848,2a703848
2a71c736,2a71c736
2a735624,2a735624
2a74e512,2a74e512
2a767400,2a767400
2a7802ee,2a7802ee
2a7991dc,2a7991dc
2a7b20ca,2a7b20ca
2a7cafb8,2a7cafb8
2a7e3ea6,2a7e3ea6
2a7fcd94,2a7fcd94
2a815c81,2a815c81
2a82eb6f,2a82eb6f
2a847a5d,2a847a5d
2a86094b,2a86094b
2a879839,2a879839
2a892727,2a892727
2a8ab615,2a8ab615
2a8c4503,2a8c4503
2a8dd3f1,2a8dd3f1
2a8f62df,2a8f62df
2a90f1cd,2a90f1cd
2a9280bb,2a9280bb
2a940fa9,2a940fa9
2a959e97,2a959e97
2a972d84,2a972d84
2a98bc72,2a98bc72
2a9a4b60,2a9a4b60
2a9bda4e,2a9bda4e
2a9d693c,2a9d693c
2a9ef82a,2a9ef82a
2aa08718,2aa08718
2aa21606,2aa21606
2aa3a4f4,2aa3a4f4
2aa533e2,2aa533e2
2aa6c2d0,2aa6c2d0
2aa851be,2aa851be
2aa9e0ac,2aa9e0ac
2aab6f99,2aab6f99
2aacfe87,2aacfe87
2aae8d75,2aae8d75
2ab01c63,2ab01c63
2ab1ab51,2ab1ab51
2ab33a3f,2ab33a3f
2ab4c92d,2ab4c92d
2ab6581b,2ab6581b
2ab7e709,2ab7e709
2ab975f7,2ab975f7
2abb04e5,2abb04e5
2abc93d3,2abc93d3
2abe22c1,2abe22c1
2abfb1af,2abfb1af
2ac1409c,2ac1409c
2ac2cf8a,2ac2cf8a
2ac45e78,2ac45e78
2ac5ed66,2ac5ed66
2ac77c54,2ac77c54
2ac90b42,2ac90b42
2aca9a30,2aca9a30
2acc291e,2acc291e
2acdb80c,2acdb80c
2acf46fa,2acf46fa
2ad0d5e8,2ad0d5e8
2ad264d6,2ad264d6
2ad3f3c4,2ad3f3c4
2ad582b1,2ad582b1
2ad7119f,2ad7119f
2ad8a08d,2ad8a08d
2ada2f7b,2ada2f7b
2adbbe69,2adbbe69
2add4d57,2add4d57
2adedc45,2adedc45
2ae06b33,2ae06b33
2ae1fa21,2ae1fa21
2ae3890f,2ae3890f
2ae517fd,2ae517fd
2ae6a6eb,2ae6a6eb
2ae835d9,2ae835d9
2ae9c4c7,2ae9c4c7
2aeb53b4,2aeb53b4
2aece2a2,2aece2a2
2aee7190,2aee7190
2af0007e,2af0007e
2af18f6c,2af18f6c
2af31e5a,2af31e5a
2af4ad48,2af4ad48
2af63c36,2af63c36
2af7cb24,2af7cb24
2af95a12,2af95a12
2afae900,2afae900
2afc77ee,2afc77ee
2afe06dc,2afe06dc
2aff95c9,2aff95c9
2b0124b7,2b0124b7
2b02b3a5,2b02b3a5
2b044293,2b044293
2b05d181,2b05d181
2b07606f,2b07606f
2b08ef5d,2b08ef5d
2b0a7e4b,2b0a7e4b
2b0c0d39,2b0c0d39
2b0d9c27,2b0d9c27
2b0f2b15,2b0f2b15
2b10ba03,2b10ba03
2b1248f1,2b1248f1
2b13d7df,2b13d7df
2b1566cc,2b1566cc
2b16f5ba,2b16f5ba
2b1884a8,2b1884a8
2b1a1396,2b1a1396
2b1ba284,2b1ba284
2b1d3172,2b1d3172
2b1ec060,2b1ec060
2b204f4e,2b204f4e
2b21de3c,2b21de3c
2b236d2a,2b236d2a
2b24fc18,2b24fc18
2b268b06,2b268b06
2b2819f4,2b2819f4
2b29a8e1,2b29a8e1
2b2b37cf,2b2b37cf
2b2cc6bd,2b2cc6bd
2b2e55ab,2b2e55ab
2b2fe499,2b2fe499
2b317387,2b317387
2b330275,2b330275
2b349163,2b349163
2b362051,2b362051
2b37af3f,2b37af3f
2b393e2d,2b393e2d
2b3acd1b,2b3acd1b
2b3c5c09,2b3c5c09
2b3deaf7,2b3deaf7
2b3f79e4,2b3f79e4
2b4108d2,2b4108d2
2b4297c0,2b4297c0
2b4426ae,2b4426ae
2b45b59c,2b45b59c
2b47448a,2b47448a
2b48d378,2b48d378
2b4a6266,2b4a6266
2b4bf154,2b4bf154
2b4d8042,2b4d8042
2b4f0f30,2b4f0f30
2b509e1e,2b509e1e
2b522d0c,2b522d0c
2b53bbf9,2b53bbf9
2b554ae7,2b554ae7
2b56d9d5,2b56d9d5
2b5868c3,2b5868c3
2b59f7b1,2b59f7b1
2b5b869f,2b5b869f
2b5d158d,2b5d158d
2b5ea47b,2b5ea47b
2b603369,2b603369
2b61c257,2b61c257
2b635145,2b635145
2b64e033,2b64e033
2b666f21,2b666f21
2b67fe0e,2b67fe0e
2b698cfc,2b698cfc
2b6b1bea,2b6b1bea
2b6caad8,2b6caad8
2b6e39c6,2b6e39c6
2b6fc8b4,2b6fc8b4
2b7157a2,2b7157a2
2b72e690,2b72e690
2b74757e,2b74757e
2b76046c,2b76046c
2b77935a,2b77935a
2b792248,2b792248
2b7ab136,2b7ab136
2b7c4024,2b7c4024
2b7dcf11,2b7dcf11
2b7f5dff,2b7f5dff
2b80eced,2b80eced
2b827bdb,2b827bdb
2b840ac9,2b840ac9
2b8599b7,2b8599b7
2b8728a5,2b8728a5
2b88b793,2b88b793
2b8a4681,2b8a4681
2b8bd56f,2b8bd56f
2b8d645d,2b8d645d
2b8ef34b,2b8ef34b
2b908239,2b908239
2b921126,2b921126
2b93a014,2b93a014
2b952f02,2b952f02
2b96bdf0,2b96bdf0
2b984cde,2b984cde
2b99dbcc,2b99dbcc
2b9b6aba,2b9b6aba
2b9cf9a8,2b9cf9a8
2b9e8896,2b9e8896
2ba01784,2ba01784
2ba1a672,2ba1a672
2ba33560,2ba33560
2ba4c44e,2ba4c44e
2ba6533c,2ba6533c
2ba7e229,2ba7e229
2ba97117,2ba97117
2bab0005,2bab0005
2bac8ef3,2bac8ef3
2bae1de1,2bae1de1
2bafaccf,2bafaccf
2bb13bbd,2bb13bbd
2bb2caab,2bb2caab
2bb45999,2bb45999
2bb5e887,2bb5e887
2bb77775,2bb77775
2bb90663,2bb90663
2bba9551,2bba9551
2bbc243e,2bbc243e
2bbdb32c,2bbdb32c
2bbf421a,2bbf421a
2bc0d108,2bc0d108
2bc25ff6,2bc25ff6
2bc3eee4,2bc3eee4
2bc57dd2,2bc57dd2
2bc70cc0,2bc70cc0
2bc89bae,2bc89bae
2bca2a9c,2bca2a9c
2bcbb98a,2bcbb98a
2bcd4878,2bcd4878
2bced766,2bced766
2bd06654,2bd06654
2bd1f541,2bd1f541
2bd3842f,2bd3842f
2bd5131d,2bd5131d
2bd6a20b,2bd6a20b
2bd830f9,2bd830f9
2bd9bfe7,2bd9bfe7
2bdb4ed5,2bdb4ed5
2bdcddc3,2bdcddc3
2bde6cb1,2bde6cb1
2bdffb9f,2bdffb9f
2be18a8d,2be18a8d
2be3197b,2be3197b
2be4a869,2be4a869
2be63756,2be63756
2be7c644,2be7c644
2be95532,2be95532
2beae420,2beae420
2bec730e,2bec730e
2bee01fc,2bee01fc
2bef90ea,2bef90ea
2bf11fd8,2bf11fd8
2bf2aec6,2bf2aec6
2bf43db4,2bf43db4
2bf5cca2,2bf5cca2
2bf75b90,2bf75b90
2bf8ea7e,2bf8ea7e
2bfa796c,2bfa796c
2bfc0859,2bfc0859
2bfd9747,2bfd9747
2bff2635,2bff2635
2c00b523,2c00b523
2c024411,2c024411
2c03d2ff,2c03d2ff
2c0561ed,2c0561ed
2c06f0db,2c06f0db
2c087fc9,2c087fc9
2c0a0eb7,2c0a0eb7
2c0b9da5,2c0b9da5
2c0d2c93,2c0d2c93
2c0ebb81,2c0ebb81
2c104a6e,2c104a6e
2c11d95c,2c11d95c
2c13684a,2c13684a
2c14f738,2c14f738
2c168626,2c168626
2c181514,2c181514
2c19a402,2c19a402
2c1b32f0,2c1b32f0
2c1cc1de,2c1cc1de
2c1e50cc,2c1e50cc
2c1fdfba,2c1fdfba
2c216ea8,2c216ea8
2c22fd96,2c22fd96
2c248c84,2c248c84
2c261b71,2c261b71
2c27aa5f,2c27aa5f
2c29394d,2c29394d
2c2ac83b,2c2ac83b
2c2c5729,2c2c5729
2c2de617,2c2de617
2c2f7505,2c2f7505
2c3103f3,2c3103f3
2c3292e1,2c3292e1
2c3421cf,2c3421cf
2c35b0bd,2c35b0bd
2c373fab,2c373fab
2c38ce99,2c38ce99
2c3a5d86,2c3a5d86
2c3bec74,2c3bec74
2c3d7b62,2c3d7b62
2c3f0a50,2c3f0a50
2c40993e,2c40993e
2c42282c,2c42282c
2c43b71a,2c43b71a
2c454608,2c454608
2c46d4f6,2c46d4f6
2c4863e4,2c4863e4
2c49f2d2,2c49f2d2
2c4b81c0,2c4b81c0
2c4d10ae,2c4d10ae
2c4e9f9c,2c4e9f9c
2c502e89,2c502e89
2c51bd77,2c51bd77
2c534c65,2c534c65
2c54db53,2c54db53
2c566a41,2c566a41
2c57f92f,2c57f92f
2c59881d,2c59881d
2c5b170b,2c5b170b
2c5ca5f9,2c5ca5f9
2c5e34e7,2c5e34e7
2c5fc3d5,2c5fc3d5
2c6152c3,2c6152c3
2c62e1b1,2c62e1b1
2c64709e,2c64709e
2c65ff8c,2c65ff8c
2c678e7a,2c678e7a
2c691d68,2c691d68
2c6aac56,2c6aac56
2c6c3b44,2c6c3b44
2c6dca32,2c6dca32
2c6f5920,2c6f5920
2c70e80e,2c70e80e
2c7276fc,2c7276fc
2c7405ea,2c7405ea
2c7594d8,2c7594d8
2c7723c6,2c7723c6
2c78b2b4,2c78b2b4
2c7a41a1,2c7a41a1
2c7bd08f,2c7bd08f
2c7d5f7d,2c7d5f7d
2c7eee6b,2c7eee6b
2c807d59,2c807d59
2c820c47,2c820c47
2c839b35,2c839b35
2c852a23,2c852a23
2c86b911,2c86b911
2c8847ff,2c8847ff
2c89d6ed,2c89d6ed
2c8b65db,2c8b65db
2c8cf4c9,2c8cf4c9
2c8e83b6,2c8e83b6
2c9012a4,2c9012a4
2c91a192,2c91a192
2c933080,2c933080
2c94bf6e,2c94bf6e
2c964e5c,2c964e5c
2c97dd4a,2c97dd4a
2c996c38,2c996c38
2c9afb26,2c9afb26
2c9c8a14,2c9c8a14
2c9e1902,2c9e1902
2c9fa7f0,2c9fa7f0
2ca136de,2ca136de
2ca2c5cc,2ca2c5cc
2ca454b9,2ca454b9
2ca5e3a7,2ca5e3a7
2ca77295,2ca77295
2ca90183,2ca90183
2caa9071,2caa9071
2cac1f5f,2cac1f5f
2cadae4d,2cadae4d
2caf3d3b,2caf3d3b
2cb0cc29,2cb0cc29
2cb25b17,2cb25b17
2cb3ea05,2cb3ea05
2cb578f3,2cb578f3
2cb707e1,2cb707e1
2cb896ce,2cb896ce
2cba25bc,2cba25bc
2cbbb4aa,2cbbb4aa
2cbd4398,2cbd4398
2cbed286,2cbed286
2cc06174,2cc06174
2cc1f062,2cc1f062
2cc37f50,2cc37f50
2cc50e3e,2cc50e3e
2cc69d2c,2cc69d2c
2cc82c1a,2cc82c1a
2cc9bb08,2cc9bb08
2ccb49f6,2ccb49f6
2cccd8e4,2cccd8e4
2cce67d1,2cce67d1
2ccff6bf,2ccff6bf
2cd185ad,2cd185ad
2cd3149b,2cd3149b
2cd4a389,2cd4a389
2cd63277,2cd63277
2cd7c165,2cd7c165
2cd95053,2cd95053
2cdadf41,2cdadf41
2cdc6e2f,2cdc6e2f
2cddfd1d,2cddfd1d
2cdf8c0b,2cdf8c0b
2ce11af9,2ce11af9
2ce2a9e6,2ce2a9e6
2ce438d4,2ce438d4
2ce5c7c2,2ce5c7c2
2ce756b0,2ce756b0
2ce8e59e,2ce8e59e
2cea748c,2cea748c
2cec037a,2cec037a
2ced9268,2ced9268
2cef2156,2cef2156
2cf0b044,2cf0b044
2cf23f32,2cf23f32
2cf3ce20,2cf3ce20
2cf55d0e,2cf55d0e
2cf6ebfb,2cf6ebfb
2cf87ae9,2cf87ae9
2cfa09d7,2cfa09d7
2cfb98c5,2cfb98c5
2cfd27b3,2cfd27b3
2cfeb6a1,2cfeb6a1
2d00458f,2d00458f
2d01d47d,2d01d47d
2d03636b,2d03636b
2d04f259,2d04f259
2d068147,2d068147
2d081035,2d081035
2d099f23,2d099f23
2d0b2e11,2d0b2e11
2d0cbcfe,2d0cbcfe
2d0e4bec,2d0e4bec
2d0fdada,2d0fdada
2d1169c8,2d1169c8
2d12f8b6,2d12f8b6
2d1487a4,2d1487a4
2d161692,2d161692
2d17a580,2d17a580
2d19346e,2d19346e
2d1ac35c,2d1ac35c
2d1c524a,2d1c524a
2d1de138,2d1de138
2d1f7026,2d1f7026
2d20ff13,2d20ff13
2d228e01,2d228e01
2d241cef,2d241cef
2d25abdd,2d25abdd
2d273acb,2d273acb
2d28c9b9,2d28c9b9
2d2a58a7,2d2a58a7
2d2be795,2d2be795
2d2d7683,2d2d7683
2d2f0571,2d2f0571
2d30945f,2d30945f
2d32234d,2d32234d
2d33b23b,2d33b23b
2d354129,2d354129
2d36d016,2d36d016
2d385f04,2d385f04
2d39edf2,2d39edf2
2d3b7ce0,2d3b7ce0
2d3d0bce,2d3d0bce
2d3e9abc,2d3e9abc
2d4029aa,2d4029aa
2d41b898,2d41b898
2d434786,2d434786
2d44d674,2d44d674
2d466562,2d466562
2d47f450,2d47f450
2d49833e,2d49833e
2d4b122b,2d4b122b
2d4ca119,2d4ca119
2d4e3007,2d4e3007
2d4fbef5,2d4fbef5
2d514de3,2d514de3
2d52dcd1,2d52dcd1
2d546bbf,2d546bbf
2d55faad,2d55faad
2d57899b,2d57899b
2d591889,2d591889
2d5aa777,2d5aa777
2d5c3665,2d5c3665
2d5dc553,2d5dc553
2d5f5441,2d5f5441
2d60e32e,2d60e32e
2d62721c,2d62721c
2d64010a,2d64010a
2d658ff8,2d658ff8
2d671ee6,2d671ee6
2d68add4,2d68add4
2d6a3cc2,2d6a3cc2
2d6bcbb0,2d6bcbb0
2d6d5a9e,2d6d5a9e
2d6ee98c,2d6ee98c
2d70787a,2d70787a
2d720768,2d720768
2d739656,2d739656
2d752543,2d752543
2d76b431,2d76b431
2d78431f,2d78431f
2d79d20d,2d79d20d
2d7b60fb,2d7b60fb
2d7cefe9,2d7cefe9
2d7e7ed7,2d7e7ed7
2d800dc5,2d800dc5
2d819cb3,2d819cb3
2d832ba1,2d832ba1
2d84ba8f,2d84ba8f
2d86497d,2d86497d
2d87d86b,2d87d86b
2d896759,2d896759
2d8af646,2d8af646
2d8c8534,2d8c8534
2d8e1422,2d8e1422
2d8fa310,2d8fa310
2d9131fe,2d9131fe
2d92c0ec,2d92c0ec
2d944fda,2d944fda
2d95dec8,2d95dec8
2d976db6,2d976db6
2d98fca4,2d98fca4
2d9a8b92,2d9a8b92
2d9c1a80,2d9c1a80
2d9da96e,2d9da96e
2d9f385b,2d9f385b
2da0c749,2da0c749
2da25637,2da25637
2da3e525,2da3e525
2da57413,2da57413
2da70301,2da70301
2da891ef,2da891ef
2daa20dd,2daa20dd
2dabafcb,2dabafcb
2dad3eb9,2dad3eb9
2daecda7,2daecda7
2db05c95,2db05c95
2db1eb83,2db1eb83
2db37a71,2db37a71
2db5095e,2db5095e
2db6984c,2db6984c
2db8273a,2db8273a
2db9b628,2db9b628
2dbb4516,2dbb4516
2dbcd404,2dbcd404
2dbe62f2,2dbe62f2
2dbff1e0,2dbff1e0
2dc180ce,2dc180ce
2dc30fbc,2dc30fbc
2dc49eaa,2dc49eaa
2dc62d98,2dc62d98
2dc7bc86,2dc7bc86
2dc94b73,2dc94b73
2dcada61,2dcada61
2dcc694f,2dcc694f
2dcdf83d,2dcdf83d
2dcf872b,2dcf872b
2dd11619,2dd11619
2dd2a507,2dd2a507
2dd433f5,2dd433f5
2dd5c2e3,2dd5c2e3
2dd751d1,2dd751d1
2dd8e0bf,2dd8e0bf
2dda6fad,2dda6fad
2ddbfe9b,2ddbfe9b
2ddd8d89,2ddd8d89
2ddf1c76,2ddf1c76
2de0ab64,2de0ab64
2de23a52,2de23a52
2de3c940,2de3c940
2de5582e,2de5582e
2de6e71c,2de6e71c
2de8760a,2de8760a
2dea04f8,2dea04f8
2deb93e6,2deb93e6
2ded22d4,2ded22d4
2deeb1c2,2deeb1c2
2df040b0,2df040b0
2df1cf9e,2df1cf9e
2df35e8b,2df35e8b
2df4ed79,2df4ed79
2df67c67,2df67c67
2df80b55,2df80b55
2df99a43,2df99a43
2dfb2931,2dfb2931
2dfcb81f,2dfcb81f
2dfe470d,2dfe470d
2dffd5fb,2dffd5fb
2e0164e9,2e0164e9
2e02f3d7,2e02f3d7
2e0482c5,2e0482c5
2e0611b3,2e0611b3
2e07a0a1,2e07a0a1
2e092f8e,2e092f8e
2e0abe7c,2e0abe7c
2e0c4d6a,2e0c4d6a
2e0ddc58,2e0ddc58
2e0f6b46,2e0f6b46
2e10fa34,2e10fa34
2e128922,2e128922
2e141810,2e141810
2e15a6fe,2e15a6fe
2e1735ec,2e1735ec
2e18c4da,2e18c4da
2e1a53c8,2e1a53c8
2e1be2b6,2e1be2b6
2e1d71a3,2e1d71a3
2e1f0091,2e1f0091
2e208f7f,2e208f7f
2e221e6d,2e221e6d
2e23ad5b,2e23ad5b
2e253c49,2e253c49
2e26cb37,2e26cb37
2e285a25,2e285a25
2e29e913,2e29e913
2e2b7801,2e2b7801
2e2d06ef,2e2d06ef
2e2e95dd,2e2e95dd
2e3024cb,2e3024cb
2e31b3b9,2e31b3b9
2e3342a6,2e3342a6
2e34d194,2e34d194
2e366082,2e366082
2e37ef70,2e37ef70
2e397e5e,2e397e5e
2e3b0d4c,2e3b0d4c
2e3c9c3a,2e3c9c3a
2e3e2b28,2e3e2b28
2e3fba16,2e3fba16
2e414904,2e414904
2e42d7f2,2e42d7f2
2e4466e0,2e4466e0
2e45f5ce,2e45f5ce
2e4784bb,2e4784bb
2e4913a9,2e4913a9
2e4aa297,2e4aa297
2e4c3185,2e4c3185
2e4dc073,2e4dc073
2e4f4f61,2e4f4f61
2e50de4f,2e50de4f
2e526d3d,2e526d3d
2e53fc2b,2e53fc2b
2e558b19,2e558b19
2e571a07,2e571a07
2e58a8f5,2e58a8f5
2e5a37e3,2e5a37e3
2e5bc6d1,2e5bc6d1
2e5d55be,2e5d55be
2e5ee4ac,2e5ee4ac
2e60739a,2e60739a
2e620288,2e620288
2e639176,2e639176
2e652064,2e652064
2e66af52,2e66af52
2e683e40,2e683e40
2e69cd2e,2e69cd2e
2e6b5c1c,2e6b5c1c
2e6ceb0a,2e6ceb0a
2e6e79f8,2e6e79f8
2e7008e6,2e7008e6
2e7197d3,2e7197d3
2e7326c1,2e7326c1
2e74b5af,2e74b5af
2e76449d,2e76449d
2e77d38b,2e77d38b
2e796279,2e796279
2e7af167,2e7af167
2e7c8055,2e7c8055
2e7e0f43,2e7e0f43
2e7f9e31,2e7f9e31
2e812d1f,2e812d1f
2e82bc0d,2e82bc0d
2e844afb,2e844afb
2e85d9e8,2e85d9e8
2e8768d6,2e8768d6
2e88f7c4,2e88f7c4
2e8a86b2,2e8a86b2
2e8c15a0,2e8c15a0
2e8da48e,2e8da48e
2e8f337c,2e8f337c
2e90c26a,2e90c26a
2e925158,2e925158
2e93e046,2e93e046
2e956f34,2e956f34
2e96fe22,2e96fe22
2e988d10,2e988d10
2e9a1bfe,2e9a1bfe
2e9baaeb,2e9baaeb
2e9d39d9,2e9d39d9
2e9ec8c7,2e9ec8c7
2ea057b5,2ea057b5
2ea1e6a3,2ea1e6a3
2ea37591,2ea37591
2ea5047f,2ea5047f
2ea6936d,2ea6936d
2ea8225b,2ea8225b
2ea9b149,2ea9b149
2eab4037,2eab4037
2eaccf25,2eaccf25
2eae5e13,2eae5e13
2eafed00,2eafed00
2eb17bee,2eb17bee
2eb30adc,2eb30adc
2eb499ca,2eb499ca
2eb628b8,2eb628b8
2eb7b7a6,2eb7b7a6
2eb94694,2eb94694
2ebad582,2ebad582
2ebc6470,2ebc6470
2ebdf35e,2ebdf35e
2ebf824c,2ebf824c
2ec1113a,2ec1113a
2ec2a028,2ec2a028
2ec42f16,2ec42f16
2ec5be03,2ec5be03
2ec74cf1,2ec74cf1
2ec8dbdf,2ec8dbdf
2eca6acd,2eca6acd
2ecbf9bb,2ecbf9bb
2ecd88a9,2ecd88a9
2ecf1797,2ecf1797
2ed0a685,2ed0a685
2ed23573,2ed23573
2ed3c461,2ed3c461
2ed5534f,2ed5534f
2ed6e23d,2ed6e23d
2ed8712b,2ed8712b
2eda0018,2eda0018
2edb8f06,2edb8f06
2edd1df4,2edd1df4
2edeace2,2edeace2
2ee03bd0,2ee03bd0
2ee1cabe,2ee1cabe
2ee359ac,2ee359ac
2ee4e89a,2ee4e89a
2ee67788,2ee67788
2ee80676,2ee80676
2ee99564,2ee99564
2eeb2452,2eeb2452
2eecb340,2eecb340
2eee422e,2eee422e
2eefd11b,2eefd11b
2ef16009,2ef16009
2ef2eef7,2ef2eef7
2ef47de5,2ef47de5
2ef60cd3,2ef60cd3
2ef79bc1,2ef79bc1
2ef92aaf,2ef92aaf
2efab99d,2efab99d
2efc488b,2efc488b
2efdd779,2efdd779
2eff6667,2eff6667
2f00f555,2f00f555
2f028443,2f028443
2f041330,2f041330
2f05a21e,2f05a21e
2f07310c,2f07310c
2f08bffa,2f08bffa
2f0a4ee8,2f0a4ee8
2f0bddd6,2f0bddd6
2f0d6cc4,2f0d6cc4
2f0efbb2,2f0efbb2
2f108aa0,2f108aa0
2f12198e,2f12198e
2f13a87c,2f13a87c
2f15376a,2f15376a
2f16c658,2f16c658
2f185546,2f185546
2f19e433,2f19e433
2f1b7321,2f1b7321
2f1d020f,2f1d020f
2f1e90fd,2f1e90fd
2f201feb,2f201feb
2f21aed9,2f21aed9
2f233dc7,2f233dc7
2f24ccb5,2f24ccb5
2f265ba3,2f265ba3
2f27ea91,2f27ea91
2f29797f,2f29797f
2f2b086d,2f2b086d
2f2c975b,2f2c975b
2f2e2648,2f2e2648
2f2fb536,2f2fb536
2f314424,2f314424
2f32d312,2f32d312
2f346200,2f346200
2f35f0ee,2f35f0ee
2f377fdc,2f377fdc
2f390eca,2f390eca
2f3a9db8,2f3a9db8
2f3c2ca6,2f3c2ca6
2f3dbb94,2f3dbb94
2f3f4a82,2f3f4a82
2f40d970,2f40d970
2f42685e,2f42685e
2f43f74b,2f43f74b
2f458639,2f458639
2f471527,2f471527
2f48a415,2f48a415
2f4a3303,2f4a3303
2f4bc1f1,2f4bc1f1
2f4d50df,2f4d50df
2f4edfcd,2f4edfcd
2f506ebb,2f506ebb
2f51fda9,2f51fda9
2f538c97,2f538c97
2f551b85,2f551b85
2f56aa73,2f56aa73
2f583960,2f583960
2f59c84e,2f59c84e
2f5b573c,2f5b573c
2f5ce62a,2f5ce62a
2f5e7518,2f5e7518
2f600406,2f600406
2f6192f4,2f6192f4
2f6321e2,2f6321e2
2f64b0d0,2f64b0d0
2f663fbe,2f663fbe
2f67ceac,2f67ceac
2f695d9a,2f695d9a
2f6aec88,2f6aec88
2f6c7b76,2f6c7b76
2f6e0a63,2f6e0a63
2f6f9951,2f6f9951
2f71283f,2f71283f
2f72b72d,2f72b72d
2f74461b,2f74461b
2f75d509,2f75d509
2f7763f7,2f7763f7
2f78f2e5,2f78f2e5
2f7a81d3,2f7a81d3
2f7c10c1,2f7c10c1
2f7d9faf,2f7d9faf
2f7f2e9d,2f7f2e9d
2f80bd8b,2f80bd8b
2f824c78,2f824c78
2f83db66,2f83db66
2f856a54,2f856a54
2f86f942,2f86f942
2f888830,2f888830
2f8a171e,2f8a171e
2f8ba60c,2f8ba60c
2f8d34fa,2f8d34fa
2f8ec3e8,2f8ec3e8
2f9052d6,2f9052d6
2f91e1c4,2f91e1c4
2f9370b2,2f9370b2
2f94ffa0,2f94ffa0
2f968e8e,2f968e8e
2f981d7b,2f981d7b
2f99ac69,2f99ac69
2f9b3b57,2f9b3b57
2f9cca45,2f9cca45
2f9e5933,2f9e5933
2f9fe821,2f9fe821
2fa1770f,2fa1770f
2fa305fd,2fa305fd
2fa494eb,2fa494eb
2fa623d9,2fa623d9
2fa7b2c7,2fa7b2c7
2fa941b5,2fa941b5
2faad0a3,2faad0a3
2fac5f90,2fac5f90
2fadee7e,2fadee7e
2faf7d6c,2faf7d6c
2fb10c5a,2fb10c5a
2fb29b48,2fb29b48
2fb42a36,2fb42a36
2fb5b924,2fb5b924
2fb74812,2fb74812
2fb8d700,2fb8d700
2fba65ee,2fba65ee
2fbbf4dc,2fbbf4dc
2fbd83ca,2fbd83ca
2fbf12b8,2fbf12b8
2fc0a1a6,2fc0a1a6
2fc23093,2fc23093
2fc3bf81,2fc3bf81
2fc54e6f,2fc54e6f
2fc6dd5d,2fc6dd5d
2fc86c4b,2fc86c4b
2fc9fb39,2fc9fb39
2fcb8a27,2fcb8a27
2fcd1915,2fcd1915
2fcea803,2fcea803
2fd036f1,2fd036f1
2fd1c5df,2fd1c5df
2fd354cd,2fd354cd
2fd4e3bb,2fd4e3bb
2fd672a8,2fd672a8
2fd80196,2fd80196
2fd99084,2fd99084
2fdb1f72,2fdb1f72
2fdcae60,2fdcae60
2fde3d4e,2fde3d4e
2fdfcc3c,2fdfcc3c
2fe15b2a,2fe15b2a
2fe2ea18,2fe2ea18
2fe47906,2fe47906
2fe607f4,2fe607f4
2fe796e2,2fe796e2
2fe925d0,2fe925d0
2feab4be,2feab4be
2fec43ab,2fec43ab
2fedd299,2fedd299
2fef6187,2fef6187
2ff0f075,2ff0f075
2ff27f63,2ff27f63
2ff40e51,2ff40e51
2ff59d3f,2ff59d3f
2ff72c2d,2ff72c2d
2ff8bb1b,2ff8bb1b
2ffa4a09,2ffa4a09
2ffbd8f7,2ffbd8f7
2ffd67e5,2ffd67e5
2ffef6d3,2ffef6d3
300085c0,300085c0
300214ae,300214ae
3003a39c,3003a39c
3005328a,3005328a
3006c178,3006c178
30085066,30085066
3009df54,3009df54
300b6e42,300b6e42
300cfd30,300cfd30
300e8c1e,300e8c1e
30101b0c,30101b0c
3011a9fa,3011a9fa
301338e8,301338e8
3014c7d5,3014c7d5
301656c3,301656c3
3017e5b1,3017e5b1
3019749f,3019749f
301b038d,301b038d
301c927b,301c927b
301e2169,301e2169
301fb057,301fb057
30213f45,30213f45
3022ce33,3022ce33
30245d21,30245d21
3025ec0f,3025ec0f
30277afd,30277afd
302909eb,302909eb
302a98d8,302a98d8
302c27c6,302c27c6
302db6b4,302db6b4
302f45a2,302f45a2
3030d490,3030d490
3032637e,3032637e
3033f26c,3033f26c
3035815a,3035815a
30371048,30371048
30389f36,30389f36
303a2e24,303a2e24
303bbd12,303bbd12
303d4c00,303d4c00
303edaed,303edaed
304069db,304069db
3041f8c9,3041f8c9
304387b7,304387b7
304516a5,304516a5
3046a593,3046a593
30483481,30483481
3049c36f,3049c36f
304b525d,304b525d
304ce14b,304ce14b
304e7039,304e7039
304fff27,304fff27
30518e15,30518e15
30531d03,30531d03
3054abf0,3054abf0
30563ade,30563ade
3057c9cc,3057c9cc
305958ba,305958ba
305ae7a8,305ae7a8
305c7696,305c7696
305e0584,305e0584
305f9472,305f9472
30612360,30612360
3062b24e,3062b24e
3064413c,3064413c
3065d02a,3065d02a
30675f18,30675f18
3068ee05,3068ee05
306a7cf3,306a7cf3
306c0be1,306c0be1
306d9acf,306d9acf
306f29bd,306f29bd
3070b8ab,3070b8ab
30724799,30724799
3073d687,3073d687
30756575,30756575
3076f463,3076f463
30788351,30788351
307a123f,307a123f
307ba12d,307ba12d
307d301b,307d301b
307ebf08,307ebf08
30804df6,30804df6
3081dce4,3081dce4
30836bd2,30836bd2
3084fac0,3084fac0
308689ae,308689ae
3088189c,3088189c
3089a78a,3089a78a
308b3678,308b3678
308cc566,308cc566
308e5454,308e5454
308fe342,308fe342
30917230,30917230
3093011d,3093011d
3094900b,3094900b
30961ef9,30961ef9
3097ade7,3097ade7
30993cd5,30993cd5
309acbc3,309acbc3
309c5ab1,309c5ab1
309de99f,309de99f
309f788d,309f788d
30a1077b,30a1077b
30a29669,30a29669
30a42557,30a42557
30a5b445,30a5b445
30a74333,30a74333
30a8d220,30a8d220
30aa610e,30aa610e
30abeffc,30abeffc
30ad7eea,30ad7eea
30af0dd8,30af0dd8
30b09cc6,30b09cc6
30b22bb4,30b22bb4
30b3baa2,30b3baa2
30b54990,30b54990
30b6d87e,30b6d87e
30b8676c,30b8676c
30b9f65a,30b9f65a
30bb8548,30bb8548
30bd1435,30bd1435
30bea323,30bea323
30c03211,30c03211
30c1c0ff,30c1c0ff
30c34fed,30c34fed
30c4dedb,30c4dedb
30c66dc9,30c66dc9
30c7fcb7,30c7fcb7
30c98ba5,30c98ba5
30cb1a93,30cb1a93
30cca981,30cca981
30ce386f,30ce386f
30cfc75d,30cfc75d
30d1564b,30d1564b
30d2e538,30d2e538
30d47426,30d47426
30d60314,30d60314
30d79202,30d79202
30d920f0,30d920f0
30daafde,30daafde
30dc3ecc,30dc3ecc
30ddcdba,30ddcdba
30df5ca8,30df5ca8
30e0eb96,30e0eb96
30e27a84,30e27a84
30e40972,30e40972
30e59860,30e59860
30e7274d,30e7274d
30e8b63b,30e8b63b
30ea4529,30ea4529
30ebd417,30ebd417
30ed6305,30ed6305
30eef1f3,30eef1f3
30f080e1,30f080e1
30f20fcf,30f20fcf
30f39ebd,30f39ebd
30f52dab,30f52dab
30f6bc99,30f6bc99
30f84b87,30f84b87
30f9da75,30f9da75
30fb6963,30fb6963
30fcf850,30fcf850
30fe873e,30fe873e
3100162c,3100162c
3101a51a,3101a51a
31033408,31033408
3104c2f6,3104c2f6
310651e4,310651e4
3107e0d2,3107e0d2
31096fc0,31096fc0
310afeae,310afeae
310c8d9c,310c8d9c
310e1c8a,310e1c8a
310fab78,310fab78
31113a65,31113a65
3112c953,3112c953
31145841,31145841
3115e72f,3115e72f
3117761d,3117761d
3119050b,3119050b
311a93f9,311a93f9
311c22e7,311c22e7
311db1d5,311db1d5
311f40c3,311f40c3
3120cfb1,3120cfb1
31225e9f,31225e9f
3123ed8d,3123ed8d
31257c7b,31257c7b
31270b68,31270b68
31289a56,31289a56
312a2944,312a2944
312bb832,312bb832
312d4720,312d4720
312ed60e,312ed60e
313064fc,313064fc
3131f3ea,3131f3ea
313382d8,313382d8
313511c6,313511c6
3136a0b4,3136a0b4
31382fa2,31382fa2
3139be90,3139be90
313b4d7d,313b4d7d
313cdc6b,313cdc6b
313e6b59,313e6b59
313ffa47,313ffa47
31418935,31418935
31431823,31431823
3144a711,3144a711
314635ff,314635ff
3147c4ed,3147c4ed
314953db,314953db
314ae2c9,314ae2c9
314c71b7,314c71b7
314e00a5,314e00a5
314f8f93,314f8f93
31511e80,31511e80
3152ad6e,3152ad6e
31543c5c,31543c5c
3155cb4a,3155cb4a
31575a38,31575a38
3158e926,3158e926
315a7814,315a7814
315c0702,315c0702
315d95f0,315d95f0
315f24de,315f24de
3160b3cc,3160b3cc
316242ba,316242ba
3163d1a8,3163d1a8
31656095,31656095
3166ef83,3166ef83
31687e71,31687e71
316a0d5f,316a0d5f
316b9c4d,316b9c4d
316d2b3b,316d2b3b
316eba29,316eba29
31704917,31704917
3171d805,3171d805
317366f3,317366f3
3174f5e1,3174f5e1
317684cf,317684cf
317813bd,317813bd
3179a2ab,3179a2ab
317b3198,317b3198
317cc086,317cc086
317e4f74,317e4f74
317fde62,317fde62
31816d50,31816d50
3182fc3e,3182fc3e
31848b2c,31848b2c
31861a1a,31861a1a
3187a908,3187a908
318937f6,318937f6
318ac6e4,318ac6e4
318c55d2,318c55d2
318de4c0,318de4c0
318f73ad,318f73ad
3191029b,3191029b
31929189,31929189
31942077,31942077
3195af65,3195af65
31973e53,31973e53
3198cd41,3198cd41
319a5c2f,319a5c2f
319beb1d,319beb1d
319d7a0b,319d7a0b
319f08f9,319f08f9
31a097e7,31a097e7
31a226d5,31a226d5
31a3b5c2,31a3b5c2
31a544b0,31a544b0
31a6d39e,31a6d39e
31a8628c,31a8628c
31a9f17a,31a9f17a
31ab8068,31ab8068
31ad0f56,31ad0f56
31ae9e44,31ae9e44
31b02d32,31b02d32
31b1bc20,31b1bc20
31b34b0e,31b34b0e
31b4d9fc,31b4d9fc
31b668ea,31b668ea
31b7f7d8,31b7f7d8
31b986c5,31b986c5
31bb15b3,31bb15b3
31bca4a1,31bca4a1
31be338f,31be338f
31bfc27d,31bfc27d
31c1516b,31c1516b
31c2e059,31c2e059
31c46f47,31c46f47
31c5fe35,31c5fe35
31c78d23,31c78d23
31c91c11,31c91c11
31caaaff,31caaaff
31cc39ed,31cc39ed
31cdc8da,31cdc8da
31cf57c8,31cf57c8
31d0e6b6,31d0e6b6
31d275a4,31d275a4
31d40492,31d40492
31d59380,31d59380
31d7226e,31d7226e
31d8b15c,31d8b15c
31da404a,31da404a
31dbcf38,31dbcf38
31dd5e26,31dd5e26
31deed14,31deed14
31e07c02,31e07c02
31e20af0,31e20af0
31e399dd,31e399dd
31e528cb,31e528cb
31e6b7b9,31e6b7b9
31e846a7,31e846a7
31e9d595,31e9d595
31eb6483,31eb6483
31ecf371,31ecf371
31ee825f,31ee825f
31f0114d,31f0114d
31f1a03b,31f1a03b
31f32f29,31f32f29
31f4be17,31f4be17
31f64d05,31f64d05
31f7dbf2,31f7dbf2
31f96ae0,31f96ae0
31faf9ce,31faf9ce
31fc88bc,31fc88bc
31fe17aa,31fe17aa
31ffa698,31ffa698
32013586,32013586
3202c474,3202c474
32045362,32045362
3205e250,3205e250
3207713e,3207713e
3209002c,3209002c
320a8f1a,320a8f1a
320c1e08,320c1e08
320dacf5,320dacf5
320f3be3,320f3be3
3210cad1,3210cad1
321259bf,321259bf
3213e8ad,3213e8ad
3215779b,3215779b
32170689,32170689
32189577,32189577
321a2465,321a2465
321bb353,321bb353
321d4241,321d4241
321ed12f,321ed12f
3220601d,3220601d
3221ef0a,3221ef0a
32237df8,32237df8
32250ce6,32250ce6
32269bd4,32269bd4
32282ac2,32282ac2
3229b9b0,3229b9b0
322b489e,322b489e
322cd78c,322cd78c
322e667a,322e667a
322ff568,322ff568
32318456,32318456
32331344,32331344
3234a232,3234a232
32363120,32363120
3237c00d,3237c00d
32394efb,32394efb
323adde9,323adde9
323c6cd7,323c6cd7
323dfbc5,323dfbc5
323f8ab3,323f8ab3
324119a1,324119a1
3242a88f,3242a88f
3244377d,3244377d
3245c66b,3245c66b
32475559,32475559
3248e447,3248e447
324a7335,324a7335
324c0222,324c0222
324d9110,324d9110
324f1ffe,324f1ffe
3250aeec,3250aeec
32523dda,32523dda
3253ccc8,3253ccc8
32555bb6,32555bb6
3256eaa4,3256eaa4
32587992,32587992
325a0880,325a0880
325b976e,325b976e
325d265c,325d265c
325eb54a,325eb54a
32604438,32604438
3261d325,3261d325
32636213,32636213
3264f101,3264f101
32667fef,32667fef
32680edd,32680edd
32699dcb,32699dcb
326b2cb9,326b2cb9
326cbba7,326cbba7
326e4a95,326e4a95
326fd983,326fd983
32716871,32716871
3272f75f,3272f75f
3274864d,3274864d
3276153a,3276153a
3277a428,3277a428
32793316,32793316
327ac204,327ac204
327c50f2,327c50f2
327ddfe0,327ddfe0
327f6ece,327f6ece
3280fdbc,3280fdbc
32828caa,32828caa
32841b98,32841b98
3285aa86,3285aa86
32873974,32873974
3288c862,3288c862
328a5750,328a5750
328be63d,328be63d
328d752b,328d752b
328f0419,328f0419
32909307,32909307
329221f5,329221f5
3293b0e3,3293b0e3
32953fd1,32953fd1
3296cebf,3296cebf
32985dad,32985dad
3299ec9b,3299ec9b
329b7b89,329b7b89
329d0a77,329d0a77
329e9965,329e9965
32a02852,32a02852
32a1b740,32a1b740
32a3462e,32a3462e
32a4d51c,32a4d51c
32a6640a,32a6640a
32a7f2f8,32a7f2f8
32a981e6,32a981e6
32ab10d4,32ab10d4
32ac9fc2,32ac9fc2
32ae2eb0,32ae2eb0
32afbd9e,32afbd9e
32b14c8c,32b14c8c
32b2db7a,32b2db7a
32b46a68,32b46a68
32b5f955,32b5f955
32b78843,32b78843
32b91731,32b91731
32baa61f,32baa61f
32bc350d,32bc350d
32bdc3fb,32bdc3fb
32bf52e9,32bf52e9
32c0e1d7,32c0e1d7
32c270c5,32c270c5
32c3ffb3,32c3ffb3
32c58ea1,32c58ea1
32c71d8f,32c71d8f
32c8ac7d,32c8ac7d
32ca3b6a,32ca3b6a
32cbca58,32cbca58
32cd5946,32cd5946
32cee834,32cee834
32d07722,32d07722
32d20610,32d20610
32d394fe,32d394fe
32d523ec,32d523ec
32d6b2da,32d6b2da
32d841c8,32d841c8
32d9d0b6,32d9d0b6
32db5fa4,32db5fa4
32dcee92,32dcee92
32de7d80,32de7d80
32e00c6d,32e00c6d
32e19b5b,32e19b5b
32e32a49,32e32a49
32e4b937,32e4b937
32e64825,32e64825
32e7d713,32e7d713
32e96601,32e96601
32eaf4ef,32eaf4ef
32ec83dd,32ec83dd
32ee12cb,32ee12cb
32efa1b9,32efa1b9
32f130a7,32f130a7
32f2bf95,32f2bf95
32f44e82,32f44e82
32f5dd70,32f5dd70
32f76c5e,32f76c5e
32f8fb4c,32f8fb4c
32fa8a3a,32fa8a3a
32fc1928,32fc1928
32fda816,32fda816
32ff3704,32ff3704
3300c5f2,3300c5f2
330254e0,330254e0
3303e3ce,3303e3ce
330572bc,330572bc
330701aa,330701aa
33089098,33089098
330a1f85,330a1f85
330bae73,330bae73
330d3d61,330d3d61
330ecc4f,330ecc4f
33105b3d,33105b3d
3311ea2b,3311ea2b
33137919,33137919
33150807,33150807
331696f5,331696f5
331825e3,331825e3
3319b4d1,3319b4d1
331b43bf,331b43bf
331cd2ad,331cd2ad
331e619a,331e619a
331ff088,331ff088
33217f76,33217f76
33230e64,33230e64
33249d52,33249d52
33262c40,33262c40
3327bb2e,3327bb2e
33294a1c,33294a1c
332ad90a,332ad90a
332c67f8,332c67f8
332df6e6,332df6e6
332f85d4,332f85d4
333114c2,333114c2
3332a3af,3332a3af
3334329d,3334329d
3335c18b,3335c18b
33375079,33375079
3338df67,3338df67
333a6e55,333a6e55
333bfd43,333bfd43
333d8c31,333d8c31
333f1b1f,333f1b1f
3340aa0d,3340aa0d
334238fb,334238fb
3343c7e9,3343c7e9
334556d7,334556d7
3346e5c5,3346e5c5
334874b2,334874b2
334a03a0,334a03a0
334b928e,334b928e
334d217c,334d217c
334eb06a,334eb06a
33503f58,33503f58
3351ce46,3351ce46
33535d34,33535d34
3354ec22,3354ec22
33567b10,33567b10
335809fe,335809fe
335998ec,335998ec
335b27da,335b27da
335cb6c7,335cb6c7
335e45b5,335e45b5
335fd4a3,335fd4a3
33616391,33616391
3362f27f,3362f27f
3364816d,3364816d
3366105b,3366105b
33679f49,33679f49
33692e37,33692e37
336abd25,336abd25
336c4c13,336c4c13
336ddb01,336ddb01
336f69ef,336f69ef
3370f8dd,3370f8dd
337287ca,337287ca
337416b8,337416b8
3375a5a6,3375a5a6
33773494,33773494
3378c382,3378c382
337a5270,337a5270
337be15e,337be15e
337d704c,337d704c
337eff3a,337eff3a
33808e28,33808e28
33821d16,33821d16
3383ac04,3383ac04
33853af2,33853af2
3386c9df,3386c9df
338858cd,338858cd
3389e7bb,3389e7bb
338b76a9,338b76a9
338d0597,338d0597
338e9485,338e9485
33902373,33902373
3391b261,3391b261
3393414f,3393414f
3394d03d,3394d03d
33965f2b,33965f2b
3397ee19,3397ee19
33997d07,33997d07
339b0bf5,339b0bf5
339c9ae2,339c9ae2
339e29d0,339e29d0
339fb8be,339fb8be
33a147ac,33a147ac
33a2d69a,33a2d69a
33a46588,33a46588
33a5f476,33a5f476
33a78364,33a78364
33a91252,33a91252
33aaa140,33aaa140
33ac302e,33ac302e
33adbf1c,33adbf1c
33af4e0a,33af4e0a
33b0dcf7,33b0dcf7
33b26be5,33b26be5
33b3fad3,33b3fad3
33b589c1,33b589c2
33b718af,33b718b0
33b8a79d,33b8a79e
33ba368b,33ba368c
33bbc579,33bbc57a
33bd5467,33bd5468
33bee355,33bee356
33c07243,33c07244
33c20131,33c20132
33c3901f,33c39020
33c51f0d,33c51f0e
33c6adfa,33c6adfb
33c83ce8,33c83ce9
33c9cbd6,33c9cbd7
33cb5ac4,33cb5ac5
33cce9b2,33cce9b3
33ce78a0,33ce78a1
33d0078e,33d0078f
33d1967c,33d1967d
33d3256a,33d3256b
33d4b458,33d4b459
33d64346,33d64347
33d7d234,33d7d235
33d96122,33d96123
33daf00f,33daf010
33dc7efd,33dc7efe
33de0deb,33de0dec
33df9cd9,33df9cda
33e12bc7,33e12bc8
33e2bab5,33e2bab6
33e449a3,33e449a4
33e5d891,33e5d892
33e7677f,33e76780
33e8f66d,33e8f66e
33ea855b,33ea855c
33ec1449,33ec144a
33eda337,33eda338
33ef3225,33ef3226
33f0c112,33f0c113
33f25000,33f25001
33f3deee,33f3deef
33f56ddc,33f56ddd
33f6fcca,33f6fccb
33f88bb8,33f88bb9
33fa1aa6,33fa1aa7
33fba994,33fba995
33fd3882,33fd3883
33fec770,33fec771
3400565e,3400565f
3401e54c,3401e54d
3403743a,3403743b
34050327,34050328
34069215,34069216
34082103,34082104
3409aff1,3409aff2
340b3edf,340b3ee0
340ccdcd,340ccdce
340e5cbb,340e5cbc
340feba9,340febaa
34117a97,34117a98
34130985,34130986
34149873,34149874
34162761,34162762
3417b64f,3417b650
3419453d,3419453e
341ad42a,341ad42b
341c6318,341c6319
341df206,341df207
341f80f4,341f80f5
34210fe2,34210fe3
34229ed0,34229ed1
34242dbe,34242dbf
3425bcac,3425bcad
34274b9a,34274b9b
3428da88,3428da89
342a6976,342a6977
342bf864,342bf865
342d8752,342d8753
342f163f,342f1640
3430a52d,3430a52e
3432341b,3432341c
3433c309,3433c30a
343551f7,343551f8
3436e0e5,3436e0e6
34386fd3,34386fd4
3439fec1,3439fec2
343b8daf,343b8db0
343d1c9d,343d1c9e
343eab8b,343eab8c
34403a79,34403a7a
3441c967,3441c968
34435855,34435856
3444e742,3444e743
34467630,34467631
3448051e,3448051f
3449940c,3449940d
344b22fa,344b22fb
344cb1e8,344cb1e9
344e40d6,344e40d7
344fcfc4,344fcfc5
34515eb2,34515eb3
3452eda0,3452eda1
34547c8e,34547c8f
34560b7c,34560b7d
34579a6a,34579a6b
34592957,34592958
345ab845,345ab846
345c4733,345c4734
345dd621,345dd623
345f650f,345f6511
3460f3fd,3460f3ff
346282eb,346282ed
346411d9,346411db
3465a0c7,3465a0c9
34672fb5,34672fb7
3468bea3,3468bea5
346a4d91,346a4d93
346bdc7f,346bdc81
346d6b6d,346d6b6f
346efa5a,346efa5c
34708948,3470894a
34721836,34721838
3473a724,3473a726
34753612,34753614
3476c500,3476c502
347853ee,347853f0
3479e2dc,3479e2de
347b71ca,347b71cc
347d00b8,347d00ba
347e8fa6,347e8fa8
34801e94,34801e95
3481ad82,3481ad83
34833c6f,34833c70
3484cb5d,3484cb5e
34865a4b,34865a4c
3487e939,3487e93a
34897827,34897828
348b0715,348b0716
348c9603,348c9604
348e24f1,348e24f2
348fb3df,348fb3e0
349142cd,349142ce
3492d1bb,3492d1bc
349460a9,349460aa
3495ef97,3495ef98
34977e85,34977e86
34990d72,34990d73
349a9c60,349a9c61
349c2b4e,349c2b4f
349dba3c,349dba3e
349f492a,349f492c
34a0d818,34a0d81a
34a26706,34a26708
34a3f5f4,34a3f5f6
34a584e2,34a584e4
34a713d0,34a713d2
34a8a2be,34a8a2c0
34aa31ac,34aa31ae
34abc09a,34abc09c
34ad4f87,34ad4f89
34aede75,34aede77
34b06d63,34b06d65
34b1fc51,34b1fc53
34b38b3f,34b38b41
34b51a2d,34b51a2f
34b6a91b,34b6a91d
34b83809,34b8380b
34b9c6f7,34b9c6f9
34bb55e5,34bb55e7
34bce4d3,34bce4d5
34be73c1,34be73c3
34c002af,34c002b1
34c1919c,34c1919e
34c3208a,34c3208c
34c4af78,34c4af7a
34c63e66,34c63e68
34c7cd54,34c7cd56
34c95c42,34c95c44
34caeb30,34caeb33
34cc7a1e,34cc7a21
34ce090c,34ce090f
34cf97fa,34cf97fd
34d126e8,34d126eb
34d2b5d6,34d2b5d9
34d444c4,34d444c7
34d5d3b2,34d5d3b5
34d7629f,34d762a2
34d8f18d,34d8f190
34da807b,34da807e
34dc0f69,34dc0f6c
34dd9e57,34dd9e5a
34df2d45,34df2d48
34e0bc33,34e0bc36
34e24b21,34e24b24
34e3da0f,34e3da12
34e568fd,34e56900
34e6f7eb,34e6f7ee
34e886d9,34e886dc
34ea15c7,34ea15ca
34eba4b4,34eba4b7
34ed33a2,34ed33a5
34eec290,34eec293
34f0517e,34f05182
34f1e06c,34f1e070
34f36f5a,34f36f5e
34f4fe48,34f4fe4c
34f68d36,34f68d3a
34f81c24,34f81c28
34f9ab12,34f9ab16
34fb3a00,34fb3a04
34fcc8ee,34fcc8f2
34fe57dc,34fe57e0
34ffe6ca,34ffe6ce
350175b7,350175b9
350304a5,350304a7
35049393,35049395
35062281,35062283
3507b16f,3507b171
3509405d,3509405f
350acf4b,350acf4d
350c5e39,350c5e3b
350ded27,350ded29
350f7c15,350f7c18
35110b03,35110b06
351299f1,351299f4
351428df,351428e2
3515b7cc,3515b7cf
351746ba,351746bd
3518d5a8,3518d5ab
351a6496,351a6499
351bf384,351bf387
351d8272,351d8275
351f1160,351f1163
3520a04e,3520a051
35222f3c,35222f3f
3523be2a,3523be2d
35254d18,35254d1b
3526dc06,3526dc09
35286af4,35286af7
3529f9e2,3529f9e6
352b88cf,352b88d3
352d17bd,352d17c1
352ea6ab,352ea6af
35303599,3530359d
3531c487,3531c48b
35335375,35335379
3534e263,3534e267
35367151,35367155
3538003f,35380043
35398f2d,35398f31
353b1e1b,353b1e1f
353cad09,353cad0d
353e3bf7,353e3bfb
353fcae4,353fcae8
354159d2,354159d7
3542e8c0,3542e8c5
354477ae,354477b3
3546069c,354606a1
3547958a,3547958f
35492478,3549247d
354ab366,354ab36b
354c4254,354c4259
354dd142,354dd147
354f6030,354f6035
3550ef1e,3550ef23
35527e0c,35527e11
35540cfa,35540cff
35559be7,35559bed
35572ad5,35572adb
3558b9c3,3558b9c9
355a48b1,355a48b7
355bd79f,355bd7a5
355d668d,355d6693
355ef57b,355ef581
35608469,3560846f
35621357,3562135d
3563a245,3563a24b
35653133,35653139
3566c021,3566c027
35684f0f,35684f16
3569ddfc,3569de03
356b6cea,356b6cf1
356cfbd8,356cfbdf
356e8ac6,356e8acd
357019b4,357019bb
3571a8a2,3571a8a9
35733790,35733797
3574c67e,3574c685
3576556c,35765573
3577e45a,3577e462
35797348,35797350
357b0236,357b023e
357c9124,357c912c
357e2012,357e201a
357faeff,357faf07
35813ded,35813df1
3582ccdb,3582ccdf
35845bc9,35845bcd
3585eab7,3585eabb
358779a5,358779a9
35890893,35890898
358a9781,358a9786
358c266f,358c2674
358db55d,358db562
358f444b,358f4450
3590d339,3590d33e
35926227,3592622c
3593f114,3593f119
35958002,35958007
35970ef0,35970ef6
35989dde,35989de4
359a2ccc,359a2cd2
359bbbba,359bbbc0
359d4aa8,359d4aae
359ed996,359ed99c
35a06884,35a0688a
35a1f772,35a1f778
35a38660,35a38667
35a5154e,35a51555
35a6a43c,35a6a443
35a8332a,35a83331
35a9c217,35a9c21e
35ab5105,35ab510c
35acdff3,35acdffa
35ae6ee1,35ae6ee8
35affdcf,35affdd7
35b18cbd,35b18cc5
35b31bab,35b31bb3
35b4aa99,35b4aaa1
35b63987,35b6398f
35b7c875,35b7c87d
35b95763,35b9576b
35bae651,35bae65a
35bc753f,35bc7548
35be042c,35be0435
35bf931a,35bf9323
35c12208,35c12211
35c2b0f6,35c2b0ff
35c43fe4,35c43fed
35c5ced2,35c5cedc
35c75dc0,35c75dca
35c8ecae,35c8ecb8
35ca7b9c,35ca7ba6
35cc0a8a,35cc0a94
35cd9978,35cd9982
35cf2866,35cf2870
35d0b754,35d0b75f
35d24642,35d2464d
35d3d52f,35d3d53a
35d5641d,35d56428
35d6f30b,35d6f316
35d881f9,35d88204
35da10e7,35da10f3
35db9fd5,35db9fe1
35dd2ec3,35dd2ecf
35debdb1,35debdbd
35e04c9f,35e04cab
35e1db8d,35e1db99
35e36a7b,35e36a88
35e4f969,35e4f976
35e68857,35e68864
35e81744,35e81751
35e9a632,35e9a63f
35eb3520,35eb352e
35ecc40e,35ecc41c
35ee52fc,35ee530a
35efe1ea,35efe1f8
35f170d8,35f170e6
35f2ffc6,35f2ffd4
35f48eb4,35f48ec3
35f61da2,35f61db1
35f7ac90,35f7ac9f
35f93b7e,35f93b8d
35faca6c,35faca7b
35fc595a,35fc596a
35fde847,35fde857
35ff7735,35ff7745
36010623,3601062b
36029511,36029519
360423ff,36042408
3605b2ed,3605b2f6
360741db,360741e4
3608d0c9,3608d0d2
360a5fb7,360a5fc0
360beea5,360beeaf
360d7d93,360d7d9d
360f0c81,360f0c8b
36109b6f,36109b79
36122a5c,36122a66
3613b94a,3613b955
36154838,36154843
3616d726,3616d731
36186614,3618661f
3619f502,3619f50e
361b83f0,361b83fc
361d12de,361d12ea
361ea1cc,361ea1d8
362030ba,362030c7
3621bfa8,3621bfb5
36234e96,36234ea3
3624dd84,3624dd91
36266c72,36266c80
3627fb5f,3627fb6d
36298a4d,36298a5b
362b193b,362b1949
362ca829,362ca838
362e3717,362e3726
362fc605,362fc614
363154f3,36315502
3632e3e1,3632e3f1
363472cf,363472df
363601bd,363601cd
363790ab,363790bb
36391f99,36391faa
363aae87,363aae98
363c3d74,363c3d85
363dcc62,363dcc74
363f5b50,363f5b62
3640ea3e,3640ea50
3642792c,3642793e
3644081a,3644082d
36459708,3645971b
364725f6,36472609
3648b4e4,3648b4f8
364a43d2,364a43e6
364bd2c0,364bd2d4
364d61ae,364d61c3
364ef09c,364ef0b1
36507f89,36507f9e
36520e77,36520e8d
36539d65,36539d7b
36552c53,36552c69
3656bb41,3656bb58
36584a2f,36584a46
3659d91d,3659d934
365b680b,365b6823
365cf6f9,365cf711
365e85e7,365e85ff
366014d5,366014ee
3661a3c3,3661a3dc
366332b1,366332ca
3664c19f,3664c1b9
3666508c,366650a6
3667df7a,3667df94
36696e68,36696e83
366afd56,366afd71
366c8c44,366c8c5f
366e1b32,366e1b4e
366faa20,366faa3c
3671390e,3671392a
3672c7fc,3672c819
367456ea,36745707
3675e5d8,3675e5f6
367774c6,367774e4
367903b4,367903d2
367a92a1,367a92c0
367c218f,367c21ae
367db07d,367db09c
367f3f6b,367f3f8b
3680ce59,3680ce69
36825d47,36825d58
3683ec35,3683ec46
36857b23,36857b34
36870a11,36870a23
368898ff,36889911
368a27ed,368a2800
368bb6db,368bb6ee
368d45c9,368d45dc
368ed4b7,368ed4cb
369063a4,369063b8
3691f292,3691f2a7
36938180,36938195
3695106e,36951084
36969f5c,36969f72
36982e4a,36982e61
3699bd38,3699bd4f
369b4c26,369b4c3e
369cdb14,369cdb2c
369e6a02,369e6a1b
369ff8f0,369ff909
36a187de,36a187f7
36a316cc,36a316e6
36a4a5b9,36a4a5d3
36a634a7,36a634c2
36a7c395,36a7c3b0
36a95283,36a9529f
36aae171,36aae18e
36ac705f,36ac707c
36adff4d,36adff6b
36af8e3b,36af8e59
36b11d29,36b11d48
36b2ac17,36b2ac36
36b43b05,36b43b25
36b5c9f3,36b5ca13
36b758e1,36b75902
36b8e7cf,36b8e7f0
36ba76bc,36ba76de
36bc05aa,36bc05cd
36bd9498,36bd94bb
36bf2386,36bf23aa
36c0b274,36c0b298
36c24162,36c24187
36c3d050,36c3d075
36c55f3e,36c55f64
36c6ee2c,36c6ee53
36c87d1a,36c87d41
36ca0c08,36ca0c30
36cb9af6,36cb9b1e
36cd29e4,36cd2a0d
36ceb8d1,36ceb8fb
36d047bf,36d047e9
36d1d6ad,36d1d6d8
36d3659b,36d365c7
36d4f489,36d4f4b5
36d68377,36d683a4
36d81265,36d81293
36d9a153,36d9a181
36db3041,36db3070
36dcbf2f,36dcbf5f
36de4e1d,36de4e4d
36dfdd0b,36dfdd3c
36e16bf9,36e16c2b
36e2fae7,36e2fb19
36e489d4,36e48a07
36e618c2,36e618f6
36e7a7b0,36e7a7e4
36e9369e,36e936d3
36eac58c,36eac5c2
36ec547a,36ec54b1
36ede368,36ede39f
36ef7256,36ef728e
36f10144,36f1017d
36f29032,36f2906b
36f41f20,36f41f5a
36f5ae0e,36f5ae49
36f73cfc,36f73d38
36f8cbe9,36f8cc25
36fa5ad7,36fa5b14
36fbe9c5,36fbea03
36fd78b3,36fd78f2
36ff07a1,36ff07e1
3700968f,370096af
3702257d,3702259e
3703b46b,3703b48d
37054359,3705437c
3706d247,3706d26b
37086135,37086159
3709f023,3709f048
370b7f11,370b7f37
370d0dff,370d0e26
370e9cec,370e9d14
37102bda,37102c03
3711bac8,3711baf1
371349b6,371349e0
3714d8a4,3714d8cf
37166792,371667be
3717f680,3717f6ad
3719856e,3719859c
371b145c,371b148b
371ca34a,371ca37a
371e3238,371e3269
371fc126,371fc158
37215014,37215047
3722df01,3722df35
37246def,37246e24
3725fcdd,3725fd13
37278bcb,37278c02
37291ab9,37291af1
372aa9a7,372aa9e0
372c3895,372c38cf
372dc783,372dc7be
372f5671,372f56ad
3730e55f,3730e59c
3732744d,3732748b
3734033b,3734037a
37359229,37359269
37372117,37372159
3738b004,3738b047
373a3ef2,373a3f36
373bcde0,373bce25
373d5cce,373d5d14
373eebbc,373eec03
37407aaa,37407af2
37420998,374209e2
37439886,374398d1
37452774,374527c0
3746b662,3746b6af
37484550,3748459e
3749d43e,3749d48e
374b632c,374b637d
374cf219,374cf26b
374e8107,374e815a
37500ff5,3750104a
37519ee3,37519f39
37532dd1,37532e28
3754bcbf,3754bd17
37564bad,37564c07
3757da9b,3757daf6
37596989,375969e5
375af877,375af8d5
375c8765,375c87c4
375e1653,375e16b3
375fa541,375fa5a3
3761342f,37613492
3762c31c,3762c380
3764520a,37645270
3765e0f8,3765e15f
37676fe6,3767704f
3768fed4,3768ff3e
376a8dc2,376a8e2d
376c1cb0,376c1d1d
376dab9e,376dac0c
376f3a8c,376f3afc
3770c97a,3770c9eb
37725868,377258db
3773e756,3773e7ca
37757644,377576ba
37770531,377705a8
3778941f,37789498
377a230d,377a2387
377bb1fb,377bb277
377d40e9,377d4166
377ecfd7,377ed056
37805ec5,37805f05
3781edb3,3781edf5
37837ca1,37837ce5
37850b8f,37850bd4
37869a7d,37869ac4
3788296b,378829b3
3789b859,3789b8a3
378b4747,378b4793
378cd634,378cd681
378e6522,378e6571
378ff410,378ff461
379182fe,37918351
379311ec,37931240
3794a0da,3794a130
37962fc8,37963020
3797beb6,3797bf10
37994da4,37994e00
379adc92,379adcf0
379c6b80,379c6be0
379dfa6e,379dfacf
379f895c,379f89bf
37a11849,37a118ae
37a2a737,37a2a79e
37a43625,37a4368e
37a5c513,37a5c57e
37a75401,37a7546e
37a8e2ef,37a8e35e
37aa71dd,37aa724e
37ac00cb,37ac013f
37ad8fb9,37ad902f
37af1ea7,37af1f1f
37b0ad95,37b0ae0f
37b23c83,37b23cff
37b3cb71,37b3cbef
37b55a5f,37b55adf
37b6e94c,37b6e9cf
37b8783a,37b878bf
37ba0728,37ba07af
37bb9616,37bb969f
37bd2504,37bd2590
37beb3f2,37beb480
37c042e0,37c04370
37c1d1ce,37c1d261
37c360bc,37c36151
37c4efaa,37c4f042
37c67e98,37c67f32
37c80d86,37c80e22
37c99c74,37c99d13
37cb2b61,37cb2c02
37ccba4f,37ccbaf3
37ce493d,37ce49e3
37cfd82b,37cfd8d4
37d16719,37d167c4
37d2f607,37d2f6b5
37d484f5,37d485a5
37d613e3,37d61496
37d7a2d1,37d7a387
37d931bf,37d93277
37dac0ad,37dac168
37dc4f9b,37dc5059
37ddde89,37dddf49
37df6d76,37df6e39
37e0fc64,37e0fd2a
37e28b52,37e28c1a
37e41a40,37e41b0b
37e5a92e,37e5a9fc
37e7381c,37e738ed
37e8c70a,37e8c7de
37ea55f8,37ea56cf
37ebe4e6,37ebe5bf
37ed73d4,37ed74b0
37ef02c2,37ef03a1
37f091b0,37f09292
37f2209e,37f22183
37f3af8c,37f3b074
37f53e79,37f53f64
37f6cd67,37f6ce55
37f85c55,37f85d46
37f9eb43,37f9ec37
37fb7a31,37fb7b28
37fd091f,37fd0a19
37fe980d,37fe990a
380026fb,3800277b
3801b5e9,3801b66c
380344d7,3803455e
3804d3c5,3804d44f
380662b3,38066340
3807f1a1,3807f231
3809808e,38098122
380b0f7c,380b1013
380c9e6a,380c9f04
380e2d58,380e2df6
380fbc46,380fbce7
38114b34,38114bd9
3812da22,3812daca
38146910,381469bc
3815f7fe,3815f8ae
381786ec,3817879f
381915da,38191691
381aa4c8,381aa583
381c33b6,381c3475
381dc2a4,381dc366
381f5191,381f5257
3820e07f,3820e149
38226f6d,3822703b
3823fe5b,3823ff2d
38258d49,38258e1f
38271c37,38271d11
3828ab25,3828ac03
382a3a13,382a3af5
382bc901,382bc9e8
382d57ef,382d58da
382ee6dd,382ee7cc
383075cb,383076be
383204b9,383205b1
383393a6,383394a2
38352294,38352394
3836b182,3836b287
38384070,38384179
3839cf5e,3839d06c
383b5e4c,383b5f5e
383ced3a,383cee51
383e7c28,383e7d43
38400b16,38400c36
38419a04,38419b29
384328f2,38432a1c
3844b7e0,3844b90e
384646ce,38464801
3847d5bc,3847d6f4
384964a9,384965e6
384af397,384af4d9
384c8285,384c83cc
384e1173,384e12bf
384fa061,384fa1b2
38512f4f,385130a5
3852be3d,3852bf98
38544d2b,38544e8b
3855dc19,3855dd7e
38576b07,38576c72
3858f9f5,3858fb65
385a88e3,385a8a58
385c17d1,385c194b
385da6be,385da83e
385f35ac,385f3731
3860c49a,3860c625
38625388,38625518
3863e276,3863e40c
38657164,386572ff
38670052,386701f3
38688f40,386890e7
386a1e2e,386a1fda
386bad1c,386baece
386d3c0a,386d3dc2
386ecaf8,386eccb5
387059e6,38705ba9
3871e8d4,3871ea9d
387377c1,38737990
387506af,38750884
3876959d,38769778
3878248b,3878266c
3879b379,3879b560
387b4267,387b4454
387cd155,387cd348
387e6043,387e623d
387fef31,387ff131
38817e1f,38817f25
38830d0d,38830e19
38849bfb,38849d0e
38862ae9,38862c02
3887b9d6,3887baf6
388948c4,388949ea
388ad7b2,388ad8df
388c66a0,388c67d4
388df58e,388df6c9
388f847c,388f85be
3891136a,389114b3
3892a258,3892a3a8
38943146,3894329d
3895c034,3895c192
38974f22,38975088
3898de10,3898df7d
389a6cfe,389a6e73
389bfbec,389bfd68
389d8ad9,389d8c5d
389f19c7,389f1b53
38a0a8b5,38a0aa48
38a237a3,38a2393e
38a3c691,38a3c834
38a5557f,38a5572a
38a6e46d,38a6e620
38a8735b,38a87516
38aa0249,38aa040d
38ab9137,38ab9303
38ad2025,38ad21f9
38aeaf13,38aeb0f0
38b03e01,38b03fe6
38b1ccee,38b1cedc
38b35bdc,38b35dd3
38b4eaca,38b4ecc9
38b679b8,38b67bc0
38b808a6,38b80ab7
38b99794,38b999ae
38bb2682,38bb28a5
38bcb570,38bcb79c
38be445e,38be4694
38bfd34c,38bfd58b
38c1623a,38c16482
38c2f128,38c2f37a
38c48016,38c48271
38c60f04,38c61169
38c79df1,38c7a060
38c92cdf,38c92f57
38cabbcd,38cabe4f
38cc4abb,38cc4d47
38cdd9a9,38cddc3f
38cf6897,38cf6b37
38d0f785,38d0fa2f
38d28673,38d28928
38d41561,38d41820
38d5a44f,38d5a718
38d7333d,38d73611
38d8c22b,38d8c509
38da5119,38da5402
38dbe006,38dbe2f9
38dd6ef4,38dd71f2
38defde2,38df00eb
38e08cd0,38e08fe4
38e21bbe,38e21edd
38e3aaac,38e3add6
38e5399a,38e53ccf
38e6c888,38e6cbc8
38e85776,38e85ac2
38e9e664,38e9e9bb
38eb7552,38eb78b4
38ed0440,38ed07ae
38ee932e,38ee96a7
38f0221c,38f025a1
38f1b109,38f1b49a
38f33ff7,38f34394
38f4cee5,38f4d28d
38f65dd3,38f66187
38f7ecc1,38f7f081
38f97baf,38f97f7c
38fb0a9d,38fb0e76
38fc998b,38fc9d70
38fe2879,38fe2c6a
38ffb767,38ffbb65
39014655,3901485f
3902d543,3902d75a
39046431,39046655
3905f31e,3905f54f
3907820c,3907844a
390910fa,39091345
390a9fe8,390aa241
390c2ed6,390c313c
390dbdc4,390dc038
390f4cb2,390f4f34
3910dba0,3910de30
39126a8e,39126d2c
3913f97c,3913fc28
3915886a,39158b25
39171758,39171a21
3918a646,3918a91e
391a3534,391a381b
391bc421,391bc717
391d530f,391d5615
391ee1fd,391ee512
392070eb,3920740f
3921ffd9,3922030d
39238ec7,3923920b
39251db5,39252109
3926aca3,3926b007
39283b91,39283f05
3929ca7f,3929ce04
392b596d,392b5d03
392ce85b,392cec01
392e7749,392e7b00
39300636,393009fe
39319524,393198fe
39332412,393327fd
3934b300,3934b6fc
393641ee,393645fc
3937d0dc,3937d4fc
39395fca,393963fc
393aeeb8,393af2fc
393c7da6,393c81fc
393e0c94,393e10fd
393f9b82,393f9ffd
39412a70,39412efe
3942b95e,3942bdff
3944484c,39444d00
3945d739,3945dc00
39476627,39476b02
3948f515,3948fa03
394a8403,394a8905
394c12f1,394c1807
394da1df,394da708
394f30cd,394f360b
3950bfbb,3950c50d
39524ea9,3952540f
3953dd97,3953e312
39556c85,39557215
3956fb73,39570117
39588a61,3958901a
395a194e,395a1f1d
395ba83c,395bae20
395d372a,395d3d23
395ec618,395ecc27
39605506,39605b2b
3961e3f4,3961ea2f
396372e2,39637933
396501d0,39650837
396690be,3966973b
39681fac,39682640
3969ae9a,3969b545
396b3d88,396b4449
396ccc76,396cd34e
396e5b63,396e6253
396fea51,396ff158
3971793f,3971805d
3973082d,39730f63
3974971b,39749e69
39762609,39762d6f
3977b4f7,3977bc75
397943e5,39794b7b
397ad2d3,397ada81
397c61c1,397c6988
397df0af,397df88e
397f7f9d,397f8795
39810e8b,3981129c
39829d79,3982a1a3
39842c66,398430aa
3985bb54,3985bfb2
39874a42,39874eba
3988d930,3988ddc3
398a681e,398a6ccb
398bf70c,398bfbd4
398d85fa,398d8ade
398f14e8,398f19e8
3990a3d6,3990a8f2
399232c4,399237fc
3993c1b2,3993c707
399550a0,39955612
3996df8e,3996e51d
39986e7b,39987427
3999fd69,399a0333
399b8c57,399b923f
399d1b45,399d214c
399eaa33,399eb059
39a03921,39a03f66
39a1c80f,39a1ce73
39a356fd,39a35d81
39a4e5eb,39a4ec8f
39a674d9,39a67b9d
39a803c7,39a80aab
39a992b5,39a999ba
39ab21a3,39ab28ca
39acb091,39acb7d9
39ae3f7e,39ae46e8
39afce6c,39afd5f8
39b15d5a,39b16508
39b2ec48,39b2f419
39b47b36,39b4832a
39b60a24,39b6123b
39b79912,39b7a14d
39b92800,39b9305f
39bab6ee,39babf71
39bc45dc,39bc4e84
39bdd4ca,39bddd97
39bf63b8,39bf6caa
39c0f2a6,39c0fbbd
39c28193,39c28ad0
39c41081,39c419e4
39c59f6f,39c5a8f8
39c72e5d,39c7380d
39c8bd4b,39c8c722
39ca4c39,39ca5637
39cbdb27,39cbe54d
39cd6a15,39cd7463
39cef903,39cf0379
39d087f1,39d0928f
39d216df,39d221a6
39d3a5cd,39d3b0bd
39d534bb,39d53fd4
39d6c3a9,39d6ceec
39d85296,39d85e03
39d9e184,39d9ed1b
39db7072,39db7c34
39dcff60,39dd0b4d
39de8e4e,39de9a66
39e01d3c,39e02980
39e1ac2a,39e1b899
39e33b18,39e347b4
39e4ca06,39e4d6ce
39e658f4,39e665e9
39e7e7e2,39e7f504
39e976d0,39e9841f
39eb05be,39eb133b
39ec94ab,39eca256
39ee2399,39ee3172
39efb287,39efc08e
39f14175,39f14fab
39f2d063,39f2dec8
39f45f51,39f46de6
39f5ee3f,39f5fd04
39f77d2d,39f78c22
39f90c1b,39f91b40
39fa9b09,39faaa5f
39fc29f7,39fc397e
39fdb8e5,39fdc89d
39ff47d3,39ff57bd
3a00d6c1,3a00dedc
3a0265ae,3a026dfc
3a03f49c,3a03fd1d
3a05838a,3a058c3f
3a071278,3a071b61
3a08a166,3a08aa84
3a0a3054,3a0a39a7
3a0bbf42,3a0bc8cc
3a0d4e30,3a0d57f0
3a0edd1e,3a0ee716
3a106c0c,3a10763c
3a11fafa,3a120562
3a1389e8,3a139489
3a1518d6,3a1523b1
3a16a7c3,3a16b2d9
3a1836b1,3a184202
3a19c59f,3a19d12b
3a1b548d,3a1b6056
3a1ce37b,3a1cef80
3a1e7269,3a1e7eac
3a200157,3a200dd8
3a219045,3a219d05
3a231f33,3a232c32
3a24ae21,3a24bb60
3a263d0f,3a264a8e
3a27cbfd,3a27d9bd
3a295aeb,3a2968ed
3a2ae9d9,3a2af81d
3a2c78c6,3a2c874d
3a2e07b4,3a2e167f
3a2f96a2,3a2fa5b1
3a312590,3a3134e4
3a32b47e,3a32c417
3a34436c,3a34534b
3a35d25a,3a35e27f
3a376148,3a3771b5
3a38f036,3a3900ea
3a3a7f24,3a3a9021
3a3c0e12,3a3c1f58
3a3d9d00,3a3dae8f
3a3f2bee,3a3f3dc7
3a40badb,3a40ccff
3a4249c9,3a425c39
3a43d8b7,3a43eb73
3a4567a5,3a457aad
3a46f693,3a4709e9
3a488581,3a489924
3a4a146f,3a4a2861
3a4ba35d,3a4bb79e
3a4d324b,3a4d46dc
3a4ec139,3a4ed61a
3a505027,3a506559
3a51df15,3a51f498
3a536e03,3a5383d8
3a54fcf1,3a551319
3a568bde,3a56a259
3a581acc,3a58319b
3a59a9ba,3a59c0de
3a5b38a8,3a5b5021
3a5cc796,3a5cdf65
3a5e5684,3a5e6ea9
3a5fe572,3a5ffdee
3a617460,3a618d34
3a63034e,3a631c7a
3a64923c,3a64abc0
3a66212a,3a663b08
3a67b018,3a67ca50
3a693f06,3a695998
3a6acdf3,3a6ae8e1
3a6c5ce1,3a6c782b
3a6debcf,3a6e0775
3a6f7abd,3a6f96c0
3a7109ab,3a71260c
3a729899,3a72b558
3a742787,3a7444a5
3a75b675,3a75d3f2
3a774563,3a776340
3a78d451,3a78f28f
3a7a633f,3a7a81de
3a7bf22d,3a7c112e
3a7d811b,3a7da07f
3a7f1009,3a7f2fd0
3a809ef6,3a80af1f
3a822de4,3a823e72
3a83bcd2,3a83cdc6
3a854bc0,3a855d1b
3a86daae,3a86ec72
3a88699c,3a887bca
3a89f88a,3a8a0b23
3a8b8778,3a8b9a7d
3a8d1666,3a8d29d8
3a8ea554,3a8eb935
3a903442,3a904893
3a91c330,3a91d7f2
3a93521e,3a936752
3a94e10b,3a94f6b2
3a966ff9,3a968615
3a97fee7,3a981579
3a998dd5,3a99a4de
3a9b1cc3,3a9b3444
3a9cabb1,3a9cc3ac
3a9e3a9f,3a9e5315
3a9fc98d,3a9fe27f
3aa1587b,3aa171ea
3aa2e769,3aa30156
3aa47657,3aa490c4
3aa60545,3aa62033
3aa79433,3aa7afa3
3aa92321,3aa93f14
3aaab20e,3aaace85
3aac40fc,3aac5df9
3aadcfea,3aaded6e
3aaf5ed8,3aaf7ce4
3ab0edc6,3ab10c5b
3ab27cb4,3ab29bd4
3ab40ba2,3ab42b4e
3ab59a90,3ab5bac9
3ab7297e,3ab74a45
3ab8b86c,3ab8d9c2
3aba475a,3aba6941
3abbd648,3abbf8c1
3abd6536,3abd8842
3abef423,3abf17c3
3ac08311,3ac0a747
3ac211ff,3ac236cb
3ac3a0ed,3ac3c651
3ac52fdb,3ac555d9
3ac6bec9,3ac6e561
3ac84db7,3ac874ea
3ac9dca5,3aca0475
3acb6b93,3acb9401
3accfa81,3acd238f
3ace896f,3aceb31d
3ad0185d,3ad042ad
3ad1a74b,3ad1d23e
3ad33639,3ad361d0
3ad4c526,3ad4f162
3ad65414,3ad680f6
3ad7e302,3ad8108c
3ad971f0,3ad9a023
3adb00de,3adb2fbb
3adc8fcc,3adcbf55
3ade1eba,3ade4eef
3adfada8,3adfde8b
3ae13c96,3ae16e28
3ae2cb84,3ae2fdc6
3ae45a72,3ae48d66
3ae5e960,3ae61d07
3ae7784e,3ae7aca8
3ae9073b,3ae93c4b
3aea9629,3aeacbef
3aec2517,3aec5b94
3aedb405,3aedeb3b
3aef42f3,3aef7ae3
3af0d1e1,3af10a8c
3af260cf,3af29a37
3af3efbd,3af429e2
3af57eab,3af5b98f
3af70d99,3af7493d
3af89c87,3af8d8ed
3afa2b75,3afa689d
3afbba63,3afbf84f
3afd4950,3afd8801
3afed83e,3aff17b5
3b00672c,3b008765
3b01f61a,3b02171d
3b038508,3b03a6d6
3b0513f6,3b053693
3b06a2e4,3b06c652
3b0831d2,3b085613
3b09c0c0,3b09e5d7
3b0b4fae,3b0b759d
3b0cde9c,3b0d0565
3b0e6d8a,3b0e9530
3b0ffc78,3b1024fe
3b118b66,3b11b4cd
3b131a53,3b13449f
3b14a941,3b14d473
3b16382f,3b16644b
3b17c71d,3b17f424
3b19560b,3b198400
3b1ae4f9,3b1b13df
3b1c73e7,3b1ca3bf
3b1e02d5,3b1e33a3
3b1f91c3,3b1fc389
3b2120b1,3b215371
3b22af9f,3b22e35b
3b243e8d,3b247348
3b25cd7b,3b260338
3b275c68,3b279329
3b28eb56,3b29231d
3b2a7a44,3b2ab314
3b2c0932,3b2c430d
3b2d9820,3b2dd309
3b2f270e,3b2f6307
3b30b5fc,3b30f307
3b3244ea,3b32830a
3b33d3d8,3b341310
3b3562c6,3b35a318
3b36f1b4,3b373322
3b3880a2,3b38c32f
3b3a0f90,3b3a533e
3b3b9e7e,3b3be34f
3b3d2d6b,3b3d7362
3b3ebc59,3b3f0379
3b404b47,3b409392
3b41da35,3b4223ad
3b436923,3b43b3cb
3b44f811,3b4543eb
3b4686ff,3b46d40d
3b4815ed,3b486433
3b49a4db,3b49f45a
3b4b33c9,3b4b8484
3b4cc2b7,3b4d14b0
3b4e51a5,3b4ea4df
3b4fe093,3b503510
3b516f80,3b51c543
3b52fe6e,3b535579
3b548d5c,3b54e5b2
3b561c4a,3b5675ed
3b57ab38,3b58062a
3b593a26,3b59966a
3b5ac914,3b5b26ac
3b5c5802,3b5cb6f1
3b5de6f0,3b5e4738
3b5f75de,3b5fd782
3b6104cc,3b6167ce
3b6293ba,3b62f81c
3b6422a8,3b64886d
3b65b196,3b6618c0
3b674083,3b67a915
3b68cf71,3b69396d
3b6a5e5f,3b6ac9c8
3b6bed4d,3b6c5a25
3b6d7c3b,3b6dea85
3b6f0b29,3b6f7ae7
3b709a17,3b710b4b
3b722905,3b729bb2
3b73b7f3,3b742c1b
3b7546e1,3b75bc87
3b76d5cf,3b774cf5
3b7864bd,3b78dd66
3b79f3ab,3b7a6dd9
3b7b8298,3b7bfe4d
3b7d1186,3b7d8ec5
3b7ea074,3b7f1f3f
3b802f62,3b806fa7
3b81be50,3b820028
3b834d3e,3b8390ad
3b84dc2c,3b852138
3b866b1a,3b86b1c7
3b87fa08,3b88425b
3b8988f6,3b89d2f4
3b8b17e4,3b8b6392
3b8ca6d2,3b8cf435
3b8e35c0,3b8e84dd
3b8fc4ae,3b90158a
3b91539b,3b91a63a
3b92e289,3b9336f0
3b947177,3b94c7ac
3b960065,3b96586c
3b978f53,3b97e931
3b991e41,3b9979fb
3b9aad2f,3b9b0aca
3b9c3c1d,3b9c9b9d
3b9dcb0b,3b9e2c76
3b9f59f9,3b9fbd53
3ba0e8e7,3ba14e35
3ba277d5,3ba2df1d
3ba406c3,3ba47009
3ba595b0,3ba600f9
3ba7249e,3ba791ee
3ba8b38c,3ba922e9
3baa427a,3baab3e9
3babd168,3bac44ed
3bad6056,3badd5f6
3baeef44,3baf6705
3bb07e32,3bb0f818
3bb20d20,3bb28930
3bb39c0e,3bb41a4d
3bb52afc,3bb5ab6e
3bb6b9ea,3bb73c95
3bb848d8,3bb8cdc1
3bb9d7c6,3bba5ef1
3bbb66b3,3bbbf025
3bbcf5a1,3bbd815f
3bbe848f,3bbf129e
3bc0137d,3bc0a3e2
3bc1a26b,3bc2352b
3bc33159,3bc3c679
3bc4c047,3bc557cc
3bc64f35,3bc6e923
3bc7de23,3bc87a7f
3bc96d11,3bca0be1
3bcafbff,3bcb9d47
3bcc8aed,3bcd2eb2
3bce19db,3bcec022
3bcfa8c8,3bd05196
3bd137b6,3bd1e30f
3bd2c6a4,3bd3748e
3bd45592,3bd50611
3bd5e480,3bd6979a
3bd7736e,3bd82927
3bd9025c,3bd9bab9
3bda914a,3bdb4c50
3bdc2038,3bdcddec
3bddaf26,3bde6f8d
3bdf3e14,3be00133
3be0cd02,3be192dd
3be25bf0,3be3248d
3be3eade,3be4b641
3be579cb,3be647f9
3be708b9,3be7d9b7
3be897a7,3be96b7a
3bea2695,3beafd42
3bebb583,3bec8f0f
3bed4471,3bee20e1
3beed35f,3befb2b8
3bf0624d,3bf14493
3bf1f13b,3bf2d673
3bf38029,3bf46859
3bf50f17,3bf5fa43
3bf69e05,3bf78c32
3bf82cf3,3bf91e26
3bf9bbe0,3bfab01e
3bfb4ace,3bfc421c
3bfcd9bc,3bfdd41e
3bfe68aa,3bff6626
3bfff798,3c007c19
3c018686,3c0209f0
3c031574,3c039c0e
3c04a462,3c052e35
3c063350,3c06c066
3c07c23e,3c0852a1
3c09512c,3c09e4e6
3c0ae01a,3c0b7734
3c0c6f08,3c0d098c
3c0dfdf6,3c0e9bee
3c0f8ce3,3c102e59
3c111bd1,3c11c0cf
3c12aabf,3c13534e
3c1439ad,3c14e5d7
3c15c89b,3c16786a
3c175789,3c180b07
3c18e677,3c199dae
3c1a7565,3c1b305e
3c1c0453,3c1cc318
3c1d9341,3c1e55dc
3c1f222f,3c1fe8aa
3c20b11d,3c217b82
3c22400b,3c230e63
3c23cef8,3c24a14e
3c255de6,3c263443
3c26ecd4,3c27c742
3c287bc2,3c295a4a
3c2a0ab0,3c2aed5d
3c2b999e,3c2c8079
3c2d288c,3c2e139f
3c2eb77a,3c2fa6cf
3c304668,3c313a09
3c31d556,3c32cd4d
3c336444,3c34609a
3c34f332,3c35f3f2
3c368220,3c378753
3c38110e,3c391abe
3c399ffb,3c3aae31
3c3b2ee9,3c3c41b0
3c3cbdd7,3c3dd538
3c3e4cc5,3c3f68ca
3c3fdbb3,3c40fc66
3c416aa1,3c42900c
3c42f98f,3c4423bc
3c44887d,3c45b775
3c46176b,3c474b39
3c47a659,3c48df06
3c493547,3c4a72dd
3c4ac435,3c4c06be
3c4c5323,3c4d9aa8
3c4de210,3c4f2e9c
3c4f70fe,3c50c29a
3c50ffec,3c5256a2
3c528eda,3c53eab4
3c541dc8,3c557ed0
3c55acb6,3c5712f6
3c573ba4,3c58a726
3c58ca92,3c5a3b5f
3c5a5980,3c5bcfa2
3c5be86e,3c5d63ef
3c5d775c,3c5ef846
3c5f064a,3c608ca7
3c609538,3c622111
3c622426,3c63b586
3c63b313,3c654a03
3c654201,3c66de8b
3c66d0ef,3c68731d
3c685fdd,3c6a07b9
3c69eecb,3c6b9c5f
3c6b7db9,3c6d310e
3c6d0ca7,3c6ec5c8
3c6e9b95,3c705a8b
3c702a83,3c71ef58
3c71b971,3c73842f
3c73485f,3c751910
3c74d74d,3c76adfb
3c76663b,3c7842ef
3c77f528,3c79d7ed
3c798416,3c7b6cf5
3c7b1304,3c7d0207
3c7ca1f2,3c7e9723
3c7e30e0,3c801624
3c7fbfce,3c80e0bc
3c814ebc,3c82555f
3c82ddaa,3c83eab0
3c846c98,3c858014
3c85fb86,3c87158c
3c878a74,3c88ab18
3c891962,3c8a40b8
3c8aa850,3c8bd66b
3c8c373d,3c8d6c31
3c8dc62b,3c8f020c
3c8f5519,3c9097fb
3c90e407,3c922dfe
3c9272f5,3c93c414
3c9401e3,3c955a3e
3c9590d1,3c96f07c
3c971fbf,3c9886cd
3c98aead,3c9a1d33
3c9a3d9b,3c9bb3ac
3c9bcc89,3c9d4a39
3c9d5b77,3c9ee0d9
3c9eea65,3ca0778e
3ca07953,3ca20e56
3ca20840,3ca3a532
3ca3972e,3ca53c22
3ca5261c,3ca6d325
3ca6b50a,3ca86a3d
3ca843f8,3caa0169
3ca9d2e6,3cab98a8
3cab61d4,3cad2ffb
3cacf0c2,3caec762
3cae7fb0,3cb05edd
3cb00e9e,3cb1f66b
3cb19d8c,3cb38e0e
3cb32c7a,3cb525c4
3cb4bb68,3cb6bd8e
3cb64a55,3cb8556c
3cb7d943,3cb9ed5d
3cb96831,3cbb8563
3cbaf71f,3cbd1d7d
3cbc860d,3cbeb5aa
3cbe14fb,3cc04dec
3cbfa3e9,3cc1e641
3cc132d7,3cc37eaa
3cc2c1c5,3cc51728
3cc450b3,3cc6afb9
3cc5dfa1,3cc8485d
3cc76e8f,3cc9e116
3cc8fd7d,3ccb79e3
3cca8c6b,3ccd12c3
3ccc1b58,3cceabb7
3ccdaa46,3cd044bf
3ccf3934,3cd1dddc
3cd0c822,3cd3770c
3cd25710,3cd51050
3cd3e5fe,3cd6a9a8
3cd574ec,3cd84314
3cd703da,3cd9dc94
3cd892c8,3cdb7628
3cda21b6,3cdd0fd0
3cdbb0a4,3cdea98c
3cdd3f92,3ce0435c
3cdece80,3ce1dd40
3ce05d6d,3ce37736
3ce1ec5b,3ce51142
3ce37b49,3ce6ab62
3ce50a37,3ce84595
3ce69925,3ce9dfdd
3ce82813,3ceb7a39
3ce9b701,3ced14a8
3ceb45ef,3ceeaf2c
3cecd4dd,3cf049c3
3cee63cb,3cf1e46f
3ceff2b9,3cf37f2f
3cf181a7,3cf51a02
3cf31095,3cf6b4ea
3cf49f83,3cf84fe5
3cf62e70,3cf9eaf4
3cf7bd5e,3cfb8617
3cf94c4c,3cfd214f
3cfadb3a,3cfebc9b
3cfc6a28,3d002bfd
3cfdf916,3d00f9b7
3cff8804,3d01c77b
3d0116f2,3d032537
3d02a5e0,3d04c0ff
3d0434ce,3d065cef
3d05c3bc,3d07f907
3d0752aa,3d099547
3d08e198,3d0b31b0
3d0a7085,3d0cce3f
3d0bff73,3d0e6af8
3d0d8e61,3d1007d9
3d0f1d4f,3d11a4e2
3d10ac3d,3d134214
3d123b2b,3d14df6d
3d13ca19,3d167cef
3d155907,3d181a9a
3d16e7f5,3d19b86c
3d1876e3,3d1b5667
3d1a05d1,3d1cf48a
3d1b94bf,3d1e92d6
3d1d23ad,3d20314a
3d1eb29b,3d21cfe6
3d204188,3d236eaa
3d21d076,3d250d97
3d235f64,3d26acac
3d24ee52,3d284bea
3d267d40,3d29eb51
3d280c2e,3d2b8adf
3d299b1c,3d2d2a97
3d2b2a0a,3d2eca77
3d2cb8f8,3d306a7f
3d2e47e6,3d320ab0
3d2fd6d4,3d33ab09
3d3165c2,3d354b8b
3d32f4b0,3d36ec36
3d34839d,3d388d08
3d36128b,3d3a2e04
3d37a179,3d3bcf28
3d393067,3d3d7075
3d3abf55,3d3f11eb
3d3c4e43,3d40b389
3d3ddd31,3d425550
3d3f6c1f,3d43f740
3d40fb0d,3d459958
3d4289fb,3d473b99
3d4418e9,3d48de03
3d45a7d7,3d4a8096
3d4736c5,3d4c2351
3d48c5b3,3d4dc635
3d4a54a0,3d4f6941
3d4be38e,3d510c77
3d4d727c,3d52afd6
3d4f016a,3d54535d
3d509058,3d55f70d
3d521f46,3d579ae7
3d53ae34,3d593ee9
3d553d22,3d5ae314
3d56cc10,3d5c8768
3d585afe,3d5e2be5
3d59e9ec,3d5fd08b
3d5b78da,3d61755a
3d5d07c8,3d631a52
3d5e96b5,3d64bf71
3d6025a3,3d6664bb
3d61b491,3d680a2e
3d63437f,3d69afca
3d64d26d,3d6b558f
3d66615b,3d6cfb7d
3d67f049,3d6ea195
3d697f37,3d7047d5
3d6b0e25,3d71ee3f
3d6c9d13,3d7394d1
3d6e2c01,3d753b8d
3d6fbaef,3d76e272
3d7149dd,3d788980
3d72d8cb,3d7a30b8
3d7467b8,3d7bd817
3d75f6a6,3d7d7fa1
3d778594,3d7f2754
3d791482,3d806798
3d7aa370,3d813b9b
3d7c325e,3d820fb3
3d7dc14c,3d82e3df
3d7f503a,3d83b820
3d80df28,3d850345
3d826e16,3d86ac45
3d83fd04,3d885598
3d858bf2,3d89ff3e
3d871ae0,3d8ba937
3d88a9cd,3d8d5382
3d8a38bb,3d8efe21
3d8bc7a9,3d90a913
3d8d5697,3d925458
3d8ee585,3d93fff1
3d907473,3d95abdd
3d920361,3d97581c
3d93924f,3d9904af
3d95213d,3d9ab195
3d96b02b,3d9c5ecf
3d983f19,3d9e0c5c
3d99ce07,3d9fba3d
3d9b5cf5,3da16872
3d9cebe3,3da316fb
3d9e7ad0,3da4c5d6
3da009be,3da67507
3da198ac,3da8248c
3da3279a,3da9d464
3da4b688,3dab8491
3da64576,3dad3512
3da7d464,3daee5e8
3da96352,3db09711
3daaf240,3db2488f
3dac812e,3db3fa62
3dae101c,3db5ac89
3daf9f0a,3db75f05
3db12df8,3db911d5
3db2bce5,3dbac4f9
3db44bd3,3dbc7873
3db5dac1,3dbe2c42
3db769af,3dbfe065
3db8f89d,3dc194de
3dba878b,3dc349ac
3dbc1679,3dc4fecf
3dbda567,3dc6b447
3dbf3455,3dc86a14
3dc0c343,3dca2036
3dc25231,3dcbd6ae
3dc3e11f,3dcd8d7c
3dc5700d,3dcf449f
3dc6fefb,3dd0fc17
3dc88de8,3dd2b3e4
3dca1cd6,3dd46c08
3dcbabc4,3dd62482
3dcd3ab2,3dd7dd51
3dcec9a0,3dd99676
3dd0588e,3ddb4ff2
3dd1e77c,3ddd09c3
3dd3766a,3ddec3ea
3dd50558,3de07e68
3dd69446,3de2393c
3dd82334,3de3f466
3dd9b222,3de5afe6
3ddb4110,3de76bbd
3ddccffd,3de927e9
3dde5eeb,3deae46d
3ddfedd9,3deca148
3de17cc7,3dee5e79
3de30bb5,3df01c01
3de49aa3,3df1d9df
3de62991,3df39815
3de7b87f,3df556a2
3de9476d,3df71585
3dead65b,3df8d4c0
3dec6549,3dfa9452
3dedf437,3dfc543b
3def8325,3dfe147b
3df11213,3dffd513
3df2a100,3e00cb00
3df42fee,3e01aba4
3df5bedc,3e028c73
3df74dca,3e036d6e
3df8dcb8,3e044e94
3dfa6ba6,3e052fe7
3dfbfa94,3e061165
3dfd8982,3e06f310
3dff1870,3e07d4e6
3e00a75e,3e0915c8
3e02364c,3e0ada76
3e03c53a,3e0c9fd4
3e055428,3e0e65e3
3e06e315,3e102ca3
3e087203,3e11f414
3e0a00f1,3e13bc37
3e0b8fdf,3e15850c
3e0d1ecd,3e174e93
3e0eadbb,3e1918cd
3e103ca9,3e1ae3b9
3e11cb97,3e1caf58
3e135a85,3e1e7baa
3e14e973,3e2048b0
3e167861,3e221669
3e18074f,3e23e4d7
3e19963d,3e25b3f8
3e1b252a,3e2783ce
3e1cb418,3e295459
3e1e4306,3e2b2599
3e1fd1f4,3e2cf78e
3e2160e2,3e2eca3a
3e22efd0,3e309d9b
3e247ebe,3e3271b2
3e260dac,3e344680
3e279c9a,3e361c05
3e292b88,3e37f241
3e2aba76,3e39c934
3e2c4964,3e3ba0df
3e2dd852,3e3d7941
3e2f6740,3e3f525c
3e30f62d,3e412c2e
3e32851b,3e4306ba
3e341409,3e44e1ff
3e35a2f7,3e46bdfe
3e3731e5,3e489ab5
3e38c0d3,3e4a7827
3e3a4fc1,3e4c5653
3e3bdeaf,3e4e3539
3e3d6d9d,3e5014da
3e3efc8b,3e51f536
3e408b79,3e53d64e
3e421a67,3e55b820
3e43a955,3e579aaf
3e453842,3e597df9
3e46c730,3e5b6200
3e48561e,3e5d46c4
3e49e50c,3e5f2c45
3e4b73fa,3e611283
3e4d02e8,3e62f97f
3e4e91d6,3e64e139
3e5020c4,3e66c9b1
3e51afb2,3e68b2e7
3e533ea0,3e6a9cdc
3e54cd8e,3e6c8790
3e565c7c,3e6e7304
3e57eb6a,3e705f37
3e597a58,3e724c2a
3e5b0945,3e7439db
3e5c9833,3e76284f
3e5e2721,3e781783
3e5fb60f,3e7a0778
3e6144fd,3e7bf82f
3e62d3eb,3e7de9a8
3e6462d9,3e7fdbe2
3e65f1c7,3e80e76f
3e6780b5,3e81e14f
3e690fa3,3e82db90
3e6a9e91,3e83d632
3e6c2d7f,3e84d137
3e6dbc6d,3e85cc9d
3e6f4b5a,3e86c864
3e70da48,3e87c48f
3e726936,3e88c11b
3e73f824,3e89be0a
3e758712,3e8abb5c
3e771600,3e8bb911
3e78a4ee,3e8cb728
3e7a33dc,3e8db5a2
3e7bc2ca,3e8eb480
3e7d51b8,3e8fb3c1
3e7ee0a6,3e90b366
3e806f94,3e91fb1c
3e81fe82,3e93fc90
3e838d70,3e95ff95
3e851c5d,3e98042a
3e86ab4b,3e9a0a54
3e883a39,3e9c1212
3e89c927,3e9e1b65
3e8b5815,3ea02650
3e8ce703,3ea232d2
3e8e75f1,3ea440ee
3e9004df,3ea650a4
3e9193cd,3ea861f6
3e9322bb,3eaa74e5
3e94b1a9,3eac8973
3e964097,3eae9fa0
3e97cf85,3eb0b76e
3e995e72,3eb2d0dc
3e9aed60,3eb4ebf0
3e9c7c4e,3eb708a8
3e9e0b3c,3eb92706
3e9f9a2a,3ebb470b
3ea12918,3ebd68b9
3ea2b806,3ebf8c10
3ea446f4,3ec1b113
3ea5d5e2,3ec3d7c2
3ea764d0,3ec6001f
3ea8f3be,3ec82a2b
3eaa82ac,3eca55e7
3eac119a,3ecc8355
3eada088,3eceb276
3eaf2f75,3ed0e34a
3eb0be63,3ed315d4
3eb24d51,3ed54a16
3eb3dc3f,3ed78010
3eb56b2d,3ed9b7c4
3eb6fa1b,3edbf133
3eb88909,3ede2c5e
3eba17f7,3ee06947
3ebba6e5,3ee2a7ef
3ebd35d3,3ee4e857
3ebec4c1,3ee72a82
3ec053af,3ee96e6f
3ec1e29d,3eebb420
3ec3718a,3eedfb97
3ec50078,3ef044d6
3ec68f66,3ef28fde
3ec81e54,3ef4dcb0
3ec9ad42,3ef72b4d
3ecb3c30,3ef97bb7
3ecccb1e,3efbcdf0
3ece5a0c,3efe21f8
3ecfe8fa,3f003be9
3ed177e8,3f0167bf
3ed306d6,3f02947e
3ed495c4,3f03c229
3ed624b2,3f04f0bf
3ed7b3a0,3f062041
3ed9428d,3f0750af
3edad17b,3f08820c
3edc6069,3f09b457
3eddef57,3f0ae791
3edf7e45,3f0c1bba
3ee10d33,3f0d50d4
3ee29c21,3f0e86df
3ee42b0f,3f0fbddc
3ee5b9fd,3f10f5cc
3ee748eb,3f122eb0
3ee8d7d9,3f136887
3eea66c7,3f14a354
3eebf5b5,3f15df16
3eed84a2,3f171bcd
3eef1390,3f18597c
3ef0a27e,3f199824
3ef2316c,3f1ad7c4
3ef3c05a,3f1c185e
3ef54f48,3f1d59f2
3ef6de36,3f1e9c80
3ef86d24,3f1fe00a
3ef9fc12,3f212492
3efb8b00,3f226a16
3efd19ee,3f23b098
3efea8dc,3f24f818
3f0037ca,3f266e9e
3f01c6b8,3f2902e8
3f0355a5,3f2b9b3a
3f04e493,3f2e379b
3f067381,3f30d810
3f08026f,3f337ca2
3f09915d,3f362554
3f0b204b,3f38d22e
3f0caf39,3f3b8338
3f0e3e27,3f3e3876
3f0fcd15,3f40f1ef
3f115c03,3f43afaa
3f12eaf1,3f4671af
3f1479df,3f493803
3f1608cd,3f4c02ae
3f1797ba,3f4ed1b3
3f1926a8,3f51a51f
3f1ab596,3f547cf5
3f1c4484,3f57593d
3f1dd372,3f5a39fd
3f1f6260,3f5d1f3d
3f20f14e,3f600904
3f22803c,3f62f758
3f240f2a,3f65ea41
3f259e18,3f68e1c6
3f272d06,3f6bddef
3f28bbf4,3f6edec1
3f2a4ae2,3f71e446
3f2bd9d0,3f74ee83
3f2d68bd,3f77fd7f
3f2ef7ab,3f7b1145
3f308699,3f7e29da
3f321587,3f80a3a3
3f33a475,3f8234c8
3f353363,3f83c861
3f36c251,3f855e70
3f38513f,3f86f6fa
3f39e02d,3f889202
3f3b6f1b,3f8a2f8d
3f3cfe09,3f8bcf9e
3f3e8cf7,3f8d723a
3f401be5,3f8f1764
3f41aad2,3f90bf1f
3f4339c0,3f926971
3f44c8ae,3f94165e
3f46579c,3f95c5ea
3f47e68a,3f977818
3f497578,3f992cec
3f4b0466,3f9ae46b
3f4c9354,3f9c9e9a
3f4e2242,3f9e5b7b
3f4fb130,3fa01b14
3f51401e,3fa1dd68
3f52cf0c,3fa3a27d
3f545dfa,3fa56a55
3f55ece8,3fa734f6
3f577bd5,3fa90263
3f590ac3,3faad2a2
3f5a99b1,3faca5b7
3f5c289f,3fae7ba6
3f5db78d,3fb05474
3f5f467b,3fb23024
3f60d569,3fb40ebc
3f626457,3fb5f040
3f63f345,3fb7d4b5
3f658233,3fb9bc1f
3f671121,3fbba683
3f68a00f,3fbd93e5
3f6a2efd,3fbf844b
3f6bbdea,3fc177b7
3f6d4cd8,3fc36e31
3f6edbc6,3fc567bc
3f706ab4,3fc7645e
3f71f9a2,3fc9641b
3f738890,3fcb66f8
3f75177e,3fcd6cf9
3f76a66c,3fcf7624
3f78355a,3fd1827e
3f79c448,3fd3920b
3f7b5336,3fd5a4d1
3f7ce224,3fd7bad4
3f7e7112,3fd9d41a
