3ecccccd,3f4bf313
3ecccf80,3f4bef9f
3eccd233,3f4bec2a
3eccd4e6,3f4be8b5
3eccd799,3f4be540
3eccda4c,3f4be1cb
3eccdd00,3f4bde55
3eccdfb3,3f4bdae1
3ecce266,3f4bd76c
3ecce519,3f4bd3f8
3ecce7cc,3f4bd084
3eccea80,3f4bcd0d
3ecced33,3f4bc999
3eccefe6,3f4bc625
3eccf299,3f4bc2b1
3eccf54c,3f4bbf3d
3eccf800,3f4bbbc7
3eccfab3,3f4bb853
3eccfd66,3f4bb4df
3ecd0019,3f4bb16a
3ecd02cc,3f4badf6
3ecd0580,3f4baa81
3ecd0833,3f4ba70e
3ecd0ae6,3f4ba39a
3ecd0d99,3f4ba026
3ecd104c,3f4b9cb2
3ecd1300,3f4b993e
3ecd15b3,3f4b95ca
3ecd1866,3f4b9256
3ecd1b19,3f4b8ee3
3ecd1dcc,3f4b8b70
3ecd2080,3f4b87fb
3ecd2333,3f4b8488
3ecd25e6,3f4b8114
3ecd2899,3f4b7da1
3ecd2b4c,3f4b7a2e
3ecd2e00,3f4b76b9
3ecd30b3,3f4b7346
3ecd3366,3f4b6fd3
3ecd3619,3f4b6c60
3ecd38cc,3f4b68ee
3ecd3b80,3f4b657a
3ecd3e33,3f4b6207
3ecd40e6,3f4b5e94
3ecd4399,3f4b5b21
3ecd464c,3f4b57af
3ecd4900,3f4b543b
3ecd4bb3,3f4b50c8
3ecd4e66,3f4b4d55
3ecd5119,3f4b49e4
3ecd53cc,3f4b4671
3ecd5680,3f4b42fd
3ecd5933,3f4b3f8b
3ecd5be6,3f4b3c18
3ecd5e99,3f4b38a6
3ecd614c,3f4b3534
3ecd6400,3f4b31c1
3ecd66b3,3f4b2e4f
3ecd6966,3f4b2add
3ecd6c19,3f4b276b
3ecd6ecc,3f4b23f9
3ecd7180,3f4b2086
3ecd7433,3f4b1d14
3ecd76e6,3f4b19a2
3ecd7999,3f4b1630
3ecd7c4c,3f4b12bf
3ecd7f00,3f4b0f4c
3ecd81b3,3f4b0bda
3ecd8466,3f4b086a
3ecd8719,3f4b04f8
3ecd89cc,3f4b0186
3ecd8c80,3f4afe14
3ecd8f33,3f4afaa3
3ecd91e6,3f4af731
3ecd9499,3f4af3c0
3ecd974c,3f4af04f
3ecd9a00,3f4aecdd
3ecd9cb3,3f4ae96b
3ecd9f66,3f4ae5fb
3ecda219,3f4ae28a
3ecda4cc,3f4adf1a
3ecda780,3f4adba7
3ecdaa33,3f4ad836
3ecdace6,3f4ad4c6
3ecdaf99,3f4ad155
3ecdb24c,3f4acde4
3ecdb500,3f4aca73
3ecdb7b3,3f4ac702
3ecdba66,3f4ac392
3ecdbd19,3f4ac021
3ecdbfcc,3f4abcb0
3ecdc280,3f4ab93f
3ecdc533,3f4ab5ce
3ecdc7e6,3f4ab25f
3ecdca99,3f4aaeee
3ecdcd4c,3f4aab7f
3ecdd000,3f4aa80d
3ecdd2b3,3f4aa49d
3ecdd566,3f4aa12d
3ecdd819,3f4a9dbe
3ecddacc,3f4a9a4d
3ecddd80,3f4a96dd
3ecde033,3f4a936c
3ecde2e6,3f4a8ffd
3ecde599,3f4a8c8e
3ecde84c,3f4a891e
3ecdeb00,3f4a85ae
3ecdedb3,3f4a823e
3ecdf066,3f4a7ecf
3ecdf319,3f4a7b5f
3ecdf5cc,3f4a77f0
3ecdf880,3f4a747f
3ecdfb33,3f4a7110
3ecdfde6,3f4a6da1
3ece0099,3f4a6a31
3ece034c,3f4a66c3
3ece0600,3f4a6352
3ece08b3,3f4a5fe3
3ece0b66,3f4a5c75
3ece0e19,3f4a5905
3ece10cc,3f4a5597
3ece1380,3f4a5227
3ece1633,3f4a4eb8
3ece18e6,3f4a4b49
3ece1b99,3f4a47db
3ece1e4c,3f4a446c
3ece2100,3f4a40fc
3ece23b3,3f4a3d8e
3ece2666,3f4a3a20
3ece2919,3f4a36b1
3ece2bcc,3f4a3343
3ece2e80,3f4a2fd4
3ece3133,3f4a2c66
3ece33e6,3f4a28f7
3ece3699,3f4a2589
3ece394c,3f4a221b
3ece3c00,3f4a1eac
3ece3eb3,3f4a1b3d
3ece4166,3f4a17d0
3ece4419,3f4a1462
3ece46cc,3f4a10f4
3ece4980,3f4a0d86
3ece4c33,3f4a0a17
3ece4ee6,3f4a06aa
3ece5199,3f4a033c
3ece544c,3f49ffcf
3ece5700,3f49fc60
3ece59b3,3f49f8f2
3ece5c66,3f49f585
3ece5f19,3f49f218
3ece61cc,3f49eeab
3ece6480,3f49eb3c
3ece6733,3f49e7cf
3ece69e6,3f49e462
3ece6c99,3f49e0f5
3ece6f4c,3f49dd88
3ece7200,3f49da1a
3ece74b3,3f49d6ac
3ece7766,3f49d33f
3ece7a19,3f49cfd3
3ece7ccc,3f49cc66
3ece7f80,3f49c8f8
3ece8233,3f49c58b
3ece84e6,3f49c21f
3ece8799,3f49beb2
3ece8a4c,3f49bb46
3ece8d00,3f49b7d8
3ece8fb3,3f49b46c
3ece9266,3f49b0ff
3ece9519,3f49ad93
3ece97cc,3f49aa27
3ece9a80,3f49a6b9
3ece9d33,3f49a34d
3ece9fe6,3f499fe1
3ecea299,3f499c75
3ecea54c,3f499909
3ecea800,3f49959c
3eceaab3,3f499230
3ecead66,3f498ec5
3eceb019,3f498b59
3eceb2cc,3f4987ed
3eceb580,3f498480
3eceb833,3f498114
3ecebae6,3f497da8
3ecebd99,3f497a3d
3ecec04c,3f4976d1
3ecec300,3f497364
3ecec5b3,3f496ffa
3ecec866,3f496c8e
3ececb19,3f496923
3ececdcc,3f4965b7
3eced080,3f49624b
3eced333,3f495ee0
3eced5e6,3f495b75
3eced899,3f49580a
3ecedb4c,3f49549f
3ecede00,3f495132
3ecee0b3,3f494dc8
3ecee366,3f494a5d
3ecee619,3f4946f2
3ecee8cc,3f494387
3eceeb80,3f49401c
3eceee33,3f493cb1
3ecef0e6,3f493946
3ecef399,3f4935dc
3ecef64c,3f493272
3ecef900,3f492f06
3ecefbb3,3f492b9b
3ecefe66,3f492831
3ecf0119,3f4924c7
3ecf03cc,3f49215d
3ecf0680,3f491df1
3ecf0933,3f491a87
3ecf0be6,3f49171d
3ecf0e99,3f4913b3
3ecf114c,3f491049
3ecf1400,3f490cde
3ecf16b3,3f490974
3ecf1966,3f49060a
3ecf1c19,3f4902a0
3ecf1ecc,3f48ff36
3ecf2180,3f48fbcc
3ecf2433,3f48f862
3ecf26e6,3f48f4f9
3ecf2999,3f48f18f
3ecf2c4c,3f48ee26
3ecf2f00,3f48eabb
3ecf31b3,3f48e751
3ecf3466,3f48e3e9
3ecf3719,3f48e07f
3ecf39cc,3f48dd16
3ecf3c80,3f48d9ab
3ecf3f33,3f48d643
3ecf41e6,3f48d2d9
3ecf4499,3f48cf71
3ecf474c,3f48cc07
3ecf4a00,3f48c89e
3ecf4cb3,3f48c534
3ecf4f66,3f48c1cc
3ecf5219,3f48be63
3ecf54cc,3f48bafa
3ecf5780,3f48b790
3ecf5a33,3f48b428
3ecf5ce6,3f48b0bf
3ecf5f99,3f48ad57
3ecf624c,3f48a9ee
3ecf6500,3f48a685
3ecf67b3,3f48a31d
3ecf6a66,3f489fb4
3ecf6d19,3f489c4c
3ecf6fcc,3f4898e3
3ecf7280,3f48957a
3ecf7533,3f489212
3ecf77e6,3f488eaa
3ecf7a99,3f488b42
3ecf7d4c,3f4887da
3ecf8000,3f488471
3ecf82b3,3f488109
3ecf8566,3f487da2
3ecf8819,3f487a3a
3ecf8acc,3f4876d2
3ecf8d80,3f48736a
3ecf9033,3f487001
3ecf92e6,3f486c9a
3ecf9599,3f486933
3ecf984c,3f4865cb
3ecf9b00,3f486262
3ecf9db3,3f485efb
3ecfa066,3f485b94
3ecfa319,3f48582c
3ecfa5cc,3f4854c5
3ecfa880,3f48515d
3ecfab33,3f484df6
3ecfade6,3f484a8f
3ecfb099,3f484728
3ecfb34c,3f4843c1
3ecfb600,3f484059
3ecfb8b3,3f483cf2
3ecfbb66,3f48398b
3ecfbe19,3f483625
3ecfc0cc,3f4832be
3ecfc380,3f482f56
3ecfc633,3f482bf0
3ecfc8e6,3f482889
3ecfcb99,3f482522
3ecfce4c,3f4821bc
3ecfd100,3f481e55
3ecfd3b3,3f481aee
3ecfd666,3f481788
3ecfd919,3f481422
3ecfdbcc,3f4810bc
3ecfde80,3f480d54
3ecfe133,3f4809ee
3ecfe3e6,3f480688
3ecfe699,3f480322
3ecfe94c,3f47ffbc
3ecfec00,3f47fc55
3ecfeeb3,3f47f8ef
3ecff166,3f47f58a
3ecff419,3f47f224
3ecff6cc,3f47eebe
3ecff980,3f47eb58
3ecffc33,3f47e7f2
3ecffee6,3f47e48d
3ed00199,3f47e127
3ed0044c,3f47ddc2
3ed00700,3f47da5b
3ed009b3,3f47d6f6
3ed00c66,3f47d390
3ed00f19,3f47d02b
3ed011cc,3f47ccc6
3ed01480,3f47c960
3ed01733,3f47c5fa
3ed019e6,3f47c295
3ed01c99,3f47bf30
3ed01f4c,3f47bbcb
3ed02200,3f47b865
3ed024b3,3f47b500
3ed02766,3f47b19b
3ed02a19,3f47ae38
3ed02ccc,3f47aad3
3ed02f80,3f47a76d
3ed03233,3f47a408
3ed034e6,3f47a0a4
3ed03799,3f479d3f
3ed03a4c,3f4799da
3ed03d00,3f479675
3ed03fb3,3f479311
3ed04266,3f478fad
3ed04519,3f478c48
3ed047cc,3f4788e4
3ed04a80,3f47857f
3ed04d33,3f47821a
3ed04fe6,3f477eb7
3ed05299,3f477b53
3ed0554c,3f4777ef
3ed05800,3f47748a
3ed05ab3,3f477127
3ed05d66,3f476dc3
3ed06019,3f476a5f
3ed062cc,3f4766fb
3ed06580,3f476397
3ed06833,3f476033
3ed06ae6,3f475ccf
3ed06d99,3f47596c
3ed0704c,3f475609
3ed07300,3f4752a4
3ed075b3,3f474f40
3ed07866,3f474bdd
3ed07b19,3f47487a
3ed07dcc,3f474516
3ed08080,3f4741b3
3ed08333,3f473e4f
3ed085e6,3f473aec
3ed08899,3f47378a
3ed08b4c,3f473427
3ed08e00,3f4730c2
3ed090b3,3f472d60
3ed09366,3f4729fd
3ed09619,3f47269b
3ed098cc,3f472338
3ed09b80,3f471fd3
3ed09e33,3f471c71
3ed0a0e6,3f47190e
3ed0a399,3f4715ad
3ed0a64c,3f47124a
3ed0a900,3f470ee6
3ed0abb3,3f470b84
3ed0ae66,3f470822
3ed0b119,3f4704c0
3ed0b3cc,3f47015d
3ed0b680,3f46fdfa
3ed0b933,3f46fa98
3ed0bbe6,3f46f736
3ed0be99,3f46f3d4
3ed0c14c,3f46f072
3ed0c400,3f46ed0f
3ed0c6b3,3f46e9ad
3ed0c966,3f46e64b
3ed0cc19,3f46e2ea
3ed0cecc,3f46df88
3ed0d180,3f46dc25
3ed0d433,3f46d8c4
3ed0d6e6,3f46d562
3ed0d999,3f46d201
3ed0dc4c,3f46ce9f
3ed0df00,3f46cb3d
3ed0e1b3,3f46c7dc
3ed0e466,3f46c47a
3ed0e719,3f46c119
3ed0e9cc,3f46bdb8
3ed0ec80,3f46ba56
3ed0ef33,3f46b6f5
3ed0f1e6,3f46b393
3ed0f499,3f46b033
3ed0f74c,3f46acd2
3ed0fa00,3f46a970
3ed0fcb3,3f46a60f
3ed0ff66,3f46a2ae
3ed10219,3f469f4d
3ed104cc,3f469bed
3ed10780,3f46988b
3ed10a33,3f46952a
3ed10ce6,3f4691ca
3ed10f99,3f468e6a
3ed1124c,3f468b0a
3ed11500,3f4687a7
3ed117b3,3f468447
3ed11a66,3f4680e7
3ed11d19,3f467d86
3ed11fcc,3f467a26
3ed12280,3f4676c5
3ed12533,3f467366
3ed127e6,3f467006
3ed12a99,3f466ca5
3ed12d4c,3f466945
3ed13000,3f4665e4
3ed132b3,3f466285
3ed13566,3f465f25
3ed13819,3f465bc5
3ed13acc,3f465865
3ed13d80,3f465505
3ed14033,3f4651a5
3ed142e6,3f464e46
3ed14599,3f464ae7
3ed1484c,3f464786
3ed14b00,3f464426
3ed14db3,3f4640c7
3ed15066,3f463d67
3ed15319,3f463a08
3ed155cc,3f4636a9
3ed15880,3f463349
3ed15b33,3f462fea
3ed15de6,3f462c8b
3ed16099,3f46292c
3ed1634c,3f4625cd
3ed16600,3f46226d
3ed168b3,3f461f0e
3ed16b66,3f461bb0
3ed16e19,3f461850
3ed170cc,3f4614f2
3ed17380,3f461192
3ed17633,3f460e34
3ed178e6,3f460ad6
3ed17b99,3f460776
3ed17e4c,3f460418
3ed18100,3f4600b8
3ed183b3,3f45fd5a
3ed18666,3f45f9fd
3ed18919,3f45f69e
3ed18bcc,3f45f340
3ed18e80,3f45efe1
3ed19133,3f45ec83
3ed193e6,3f45e925
3ed19699,3f45e5c7
3ed1994c,3f45e269
3ed19c00,3f45df09
3ed19eb3,3f45dbab
3ed1a166,3f45d84e
3ed1a419,3f45d4f0
3ed1a6cc,3f45d193
3ed1a980,3f45ce34
3ed1ac33,3f45cad6
3ed1aee6,3f45c779
3ed1b199,3f45c41b
3ed1b44c,3f45c0bd
3ed1b700,3f45bd60
3ed1b9b3,3f45ba02
3ed1bc66,3f45b6a5
3ed1bf19,3f45b347
3ed1c1cc,3f45afea
3ed1c480,3f45ac8c
3ed1c733,3f45a92f
3ed1c9e6,3f45a5d2
3ed1cc99,3f45a275
3ed1cf4c,3f459f18
3ed1d200,3f459bba
3ed1d4b3,3f45985d
3ed1d766,3f459500
3ed1da19,3f4591a3
3ed1dccc,3f458e47
3ed1df80,3f458ae9
3ed1e233,3f45878c
3ed1e4e6,3f458430
3ed1e799,3f4580d4
3ed1ea4c,3f457d77
3ed1ed00,3f457a19
3ed1efb3,3f4576be
3ed1f266,3f457361
3ed1f519,3f457004
3ed1f7cc,3f456ca9
3ed1fa80,3f45694b
3ed1fd33,3f4565ef
3ed1ffe6,3f456293
3ed20299,3f455f37
3ed2054c,3f455bdc
3ed20800,3f45587e
3ed20ab3,3f455522
3ed20d66,3f4551c7
3ed21019,3f454e6b
3ed212cc,3f454b10
3ed21580,3f4547b2
3ed21833,3f454456
3ed21ae6,3f4540fb
3ed21d99,3f453da0
3ed2204c,3f453a45
3ed22300,3f4536e8
3ed225b3,3f45338d
3ed22866,3f453031
3ed22b19,3f452cd6
3ed22dcc,3f45297b
3ed23080,3f45261e
3ed23333,3f4522c3
3ed235e6,3f451f68
3ed23899,3f451c0d
3ed23b4c,3f4518b3
3ed23e00,3f451556
3ed240b3,3f4511fc
3ed24366,3f450ea0
3ed24619,3f450b46
3ed248cc,3f4507eb
3ed24b80,3f45048f
3ed24e33,3f450134
3ed250e6,3f44fdda
3ed25399,3f44fa80
3ed2564c,3f44f725
3ed25900,3f44f3ca
3ed25bb3,3f44f06f
3ed25e66,3f44ed15
3ed26119,3f44e9bb
3ed263cc,3f44e660
3ed26680,3f44e305
3ed26933,3f44dfac
3ed26be6,3f44dc51
3ed26e99,3f44d8f7
3ed2714c,3f44d59e
3ed27400,3f44d242
3ed276b3,3f44cee8
3ed27966,3f44cb8f
3ed27c19,3f44c834
3ed27ecc,3f44c4db
3ed28180,3f44c180
3ed28433,3f44be26
3ed286e6,3f44bacd
3ed28999,3f44b774
3ed28c4c,3f44b41a
3ed28f00,3f44b0bf
3ed291b3,3f44ad66
3ed29466,3f44aa0d
3ed29719,3f44a6b4
3ed299cc,3f44a35a
3ed29c80,3f44a000
3ed29f33,3f449ca7
3ed2a1e6,3f44994e
3ed2a499,3f4495f5
3ed2a74c,3f44929b
3ed2aa00,3f448f41
3ed2acb3,3f448be9
3ed2af66,3f448890
3ed2b219,3f448538
3ed2b4cc,3f4481de
3ed2b780,3f447e84
3ed2ba33,3f447b2c
3ed2bce6,3f4477d3
3ed2bf99,3f44747b
3ed2c24c,3f447123
3ed2c500,3f446dc9
3ed2c7b3,3f446a71
3ed2ca66,3f446719
3ed2cd19,3f4463c0
3ed2cfcc,3f446067
3ed2d280,3f445d0e
3ed2d533,3f4459b6
3ed2d7e6,3f44565e
3ed2da99,3f445306
3ed2dd4c,3f444fae
3ed2e000,3f444c55
3ed2e2b3,3f4448fd
3ed2e566,3f4445a5
3ed2e819,3f44424d
3ed2eacc,3f443ef6
3ed2ed80,3f443b9d
3ed2f033,3f443845
3ed2f2e6,3f4434ee
3ed2f599,3f443196
3ed2f84c,3f442e3f
3ed2fb00,3f442ae6
3ed2fdb3,3f44278e
3ed30066,3f442437
3ed30319,3f4420e0
3ed305cc,3f441d88
3ed30880,3f441a30
3ed30b33,3f4416da
3ed30de6,3f441382
3ed31099,3f44102b
3ed3134c,3f440cd4
3ed31600,3f44097c
3ed318b3,3f440625
3ed31b66,3f4402ce
3ed31e19,3f43ff77
3ed320cc,3f43fc20
3ed32380,3f43f8c8
3ed32633,3f43f572
3ed328e6,3f43f21c
3ed32b99,3f43eec5
3ed32e4c,3f43eb6e
3ed33100,3f43e816
3ed333b3,3f43e4c0
3ed33666,3f43e16a
3ed33919,3f43de14
3ed33bcc,3f43dabd
3ed33e80,3f43d766
3ed34133,3f43d410
3ed343e6,3f43d0ba
3ed34699,3f43cd64
3ed3494c,3f43ca0d
3ed34c00,3f43c6b6
3ed34eb3,3f43c361
3ed35166,3f43c00b
3ed35419,3f43bcb5
3ed356cc,3f43b960
3ed35980,3f43b608
3ed35c33,3f43b2b2
3ed35ee6,3f43af5c
3ed36199,3f43ac08
3ed3644c,3f43a8b2
3ed36700,3f43a55b
3ed369b3,3f43a206
3ed36c66,3f439eb0
3ed36f19,3f439b5b
3ed371cc,3f439806
3ed37480,3f4394af
3ed37733,3f43915a
3ed379e6,3f438e05
3ed37c99,3f438ab0
3ed37f4c,3f43875b
3ed38200,3f438405
3ed384b3,3f4380b0
3ed38766,3f437d5b
3ed38a19,3f437a06
3ed38ccc,3f4376b2
3ed38f80,3f43735b
3ed39233,3f437006
3ed394e6,3f436cb2
3ed39799,3f43695e
3ed39a4c,3f436609
3ed39d00,3f4362b3
3ed39fb3,3f435f5f
3ed3a266,3f435c0a
3ed3a519,3f4358b6
3ed3a7cc,3f435561
3ed3aa80,3f43520c
3ed3ad33,3f434eb8
3ed3afe6,3f434b64
3ed3b299,3f43480f
3ed3b54c,3f4344bc
3ed3b800,3f434166
3ed3bab3,3f433e13
3ed3bd66,3f433abe
3ed3c019,3f43376b
3ed3c2cc,3f433417
3ed3c580,3f4330c2
3ed3c833,3f432d6e
3ed3cae6,3f432a1a
3ed3cd99,3f4326c7
3ed3d04c,3f432374
3ed3d300,3f43201e
3ed3d5b3,3f431ccb
3ed3d866,3f431978
3ed3db19,3f431624
3ed3ddcc,3f4312d1
3ed3e080,3f430f7c
3ed3e333,3f430c29
3ed3e5e6,3f4308d7
3ed3e899,3f430583
3ed3eb4c,3f430230
3ed3ee00,3f42fedc
3ed3f0b3,3f42fb88
3ed3f366,3f42f836
3ed3f619,3f42f4e3
3ed3f8cc,3f42f191
3ed3fb80,3f42ee3c
3ed3fe33,3f42eae9
3ed400e6,3f42e797
3ed40399,3f42e444
3ed4064c,3f42e0f1
3ed40900,3f42dd9e
3ed40bb3,3f42da4c
3ed40e66,3f42d6f8
3ed41119,3f42d3a6
3ed413cc,3f42d054
3ed41680,3f42cd01
3ed41933,3f42c9af
3ed41be6,3f42c65c
3ed41e99,3f42c30a
3ed4214c,3f42bfb8
3ed42400,3f42bc65
3ed426b3,3f42b913
3ed42966,3f42b5c1
3ed42c19,3f42b26e
3ed42ecc,3f42af1d
3ed43180,3f42abca
3ed43433,3f42a878
3ed436e6,3f42a526
3ed43999,3f42a1d5
3ed43c4c,3f429e83
3ed43f00,3f429b31
3ed441b3,3f4297de
3ed44466,3f42948e
3ed44719,3f42913c
3ed449cc,3f428dea
3ed44c80,3f428a98
3ed44f33,3f428747
3ed451e6,3f4283f5
3ed45499,3f4280a4
3ed4574c,3f427d53
3ed45a00,3f427a01
3ed45cb3,3f4276b0
3ed45f66,3f42735f
3ed46219,3f42700e
3ed464cc,3f426cbd
3ed46780,3f42696b
3ed46a33,3f42661a
3ed46ce6,3f4262c9
3ed46f99,3f425f79
3ed4724c,3f425c28
3ed47500,3f4258d6
3ed477b3,3f425586
3ed47a66,3f425235
3ed47d19,3f424ee5
3ed47fcc,3f424b94
3ed48280,3f424842
3ed48533,3f4244f2
3ed487e6,3f4241a3
3ed48a99,3f423e52
3ed48d4c,3f423b02
3ed49000,3f4237b1
3ed492b3,3f423461
3ed49566,3f423110
3ed49819,3f422dc0
3ed49acc,3f422a70
3ed49d80,3f422720
3ed4a033,3f4223d0
3ed4a2e6,3f422080
3ed4a599,3f421d30
3ed4a84c,3f4219e0
3ed4ab00,3f421690
3ed4adb3,3f421341
3ed4b066,3f420ff1
3ed4b319,3f420ca1
3ed4b5cc,3f420951
3ed4b880,3f420602
3ed4bb33,3f4202b2
3ed4bde6,3f41ff63
3ed4c099,3f41fc13
3ed4c34c,3f41f8c4
3ed4c600,3f41f574
3ed4c8b3,3f41f225
3ed4cb66,3f41eed5
3ed4ce19,3f41eb87
3ed4d0cc,3f41e838
3ed4d380,3f41e4e7
3ed4d633,3f41e198
3ed4d8e6,3f41de4a
3ed4db99,3f41dafb
3ed4de4c,3f41d7ac
3ed4e100,3f41d45d
3ed4e3b3,3f41d10e
3ed4e666,3f41cdc0
3ed4e919,3f41ca71
3ed4ebcc,3f41c722
3ed4ee80,3f41c3d2
3ed4f133,3f41c085
3ed4f3e6,3f41bd36
3ed4f699,3f41b9e8
3ed4f94c,3f41b69a
3ed4fc00,3f41b34a
3ed4feb3,3f41affc
3ed50166,3f41acae
3ed50419,3f41a960
3ed506cc,3f41a612
3ed50980,3f41a2c3
3ed50c33,3f419f75
3ed50ee6,3f419c28
3ed51199,3f4198d9
3ed5144c,3f41958b
3ed51700,3f41923d
3ed519b3,3f418eef
3ed51c66,3f418ba2
3ed51f19,3f418854
3ed521cc,3f418507
3ed52480,3f4181b7
3ed52733,3f417e6a
3ed529e6,3f417b1d
3ed52c99,3f4177d0
3ed52f4c,3f417482
3ed53200,3f417134
3ed534b3,3f416de7
3ed53766,3f416a9a
3ed53a19,3f41674d
3ed53ccc,3f4163ff
3ed53f80,3f4160b2
3ed54233,3f415d64
3ed544e6,3f415a18
3ed54799,3f4156cb
3ed54a4c,3f41537e
3ed54d00,3f415030
3ed54fb3,3f414ce4
3ed55266,3f414997
3ed55519,3f41464b
3ed557cc,3f4142fe
3ed55a80,3f413fb0
3ed55d33,3f413c64
3ed55fe6,3f413918
3ed56299,3f4135cb
3ed5654c,3f41327f
3ed56800,3f412f32
3ed56ab3,3f412be5
3ed56d66,3f412899
3ed57019,3f41254d
3ed572cc,3f412200
3ed57580,3f411eb3
3ed57833,3f411b68
3ed57ae6,3f41181c
3ed57d99,3f4114cf
3ed5804c,3f411184
3ed58300,3f410e37
3ed585b3,3f410aec
3ed58866,3f41079f
3ed58b19,3f410454
3ed58dcc,3f410108
3ed59080,3f40fdbc
3ed59333,3f40fa70
3ed595e6,3f40f724
3ed59899,3f40f3d9
3ed59b4c,3f40f08e
3ed59e00,3f40ed42
3ed5a0b3,3f40e9f7
3ed5a366,3f40e6ac
3ed5a619,3f40e360
3ed5a8cc,3f40e015
3ed5ab80,3f40dcc9
3ed5ae33,3f40d97e
3ed5b0e6,3f40d633
3ed5b399,3f40d2e8
3ed5b64c,3f40cf9d
3ed5b900,3f40cc50
3ed5bbb3,3f40c906
3ed5be66,3f40c5bb
3ed5c119,3f40c271
3ed5c3cc,3f40bf26
3ed5c680,3f40bbda
3ed5c933,3f40b890
3ed5cbe6,3f40b545
3ed5ce99,3f40b1fb
3ed5d14c,3f40aeb1
3ed5d400,3f40ab65
3ed5d6b3,3f40a81b
3ed5d966,3f40a4d1
3ed5dc19,3f40a187
3ed5decc,3f409e3c
3ed5e180,3f409af1
3ed5e433,3f4097a7
3ed5e6e6,3f40945d
3ed5e999,3f409113
3ed5ec4c,3f408dc9
3ed5ef00,3f408a7e
3ed5f1b3,3f408734
3ed5f466,3f4083ea
3ed5f719,3f4080a1
3ed5f9cc,3f407d58
3ed5fc80,3f407a0c
3ed5ff33,3f4076c3
3ed601e6,3f40737a
3ed60499,3f407030
3ed6074c,3f406ce7
3ed60a00,3f40699c
3ed60cb3,3f406652
3ed60f66,3f406309
3ed61219,3f405fc0
3ed614cc,3f405c77
3ed61780,3f40592d
3ed61a33,3f4055e4
3ed61ce6,3f40529a
3ed61f99,3f404f51
3ed6224c,3f404c08
3ed62500,3f4048bf
3ed627b3,3f404576
3ed62a66,3f40422d
3ed62d19,3f403ee4
3ed62fcc,3f403b9c
3ed63280,3f403852
3ed63533,3f403509
3ed637e6,3f4031c0
3ed63a99,3f402e78
3ed63d4c,3f402b30
3ed64000,3f4027e6
3ed642b3,3f40249d
3ed64566,3f402156
3ed64819,3f401e0d
3ed64acc,3f401ac5
3ed64d80,3f40177b
3ed65033,3f401434
3ed652e6,3f4010eb
3ed65599,3f400da3
3ed6584c,3f400a5c
3ed65b00,3f400712
3ed65db3,3f4003ca
3ed66066,3f400083
3ed66319,3f3ffd3b
3ed665cc,3f3ff9f2
3ed66880,3f3ff6aa
3ed66b33,3f3ff362
3ed66de6,3f3ff01b
3ed67099,3f3fecd3
3ed6734c,3f3fe98b
3ed67600,3f3fe643
3ed678b3,3f3fe2fb
3ed67b66,3f3fdfb5
3ed67e19,3f3fdc6d
3ed680cc,3f3fd926
3ed68380,3f3fd5dd
3ed68633,3f3fd296
3ed688e6,3f3fcf4f
3ed68b99,3f3fcc08
3ed68e4c,3f3fc8c1
3ed69100,3f3fc578
3ed693b3,3f3fc232
3ed69666,3f3fbeeb
3ed69919,3f3fbba4
3ed69bcc,3f3fb85d
3ed69e80,3f3fb516
3ed6a133,3f3fb1ce
3ed6a3e6,3f3fae88
3ed6a699,3f3fab41
3ed6a94c,3f3fa7fb
3ed6ac00,3f3fa4b4
3ed6aeb3,3f3fa16d
3ed6b166,3f3f9e27
3ed6b419,3f3f9ae0
3ed6b6cc,3f3f979a
3ed6b980,3f3f9452
3ed6bc33,3f3f910c
3ed6bee6,3f3f8dc6
3ed6c199,3f3f8a80
3ed6c44c,3f3f873a
3ed6c700,3f3f83f2
3ed6c9b3,3f3f80ad
3ed6cc66,3f3f7d67
3ed6cf19,3f3f7a20
3ed6d1cc,3f3f76db
3ed6d480,3f3f7394
3ed6d733,3f3f704e
3ed6d9e6,3f3f6d09
3ed6dc99,3f3f69c3
3ed6df4c,3f3f667d
3ed6e200,3f3f6337
3ed6e4b3,3f3f5ff1
3ed6e766,3f3f5cab
3ed6ea19,3f3f5966
3ed6eccc,3f3f5621
3ed6ef80,3f3f52db
3ed6f233,3f3f4f95
3ed6f4e6,3f3f4c50
3ed6f799,3f3f490b
3ed6fa4c,3f3f45c6
3ed6fd00,3f3f427f
3ed6ffb3,3f3f3f3a
3ed70266,3f3f3bf5
3ed70519,3f3f38b1
3ed707cc,3f3f356c
3ed70a80,3f3f3225
3ed70d33,3f3f2ee1
3ed70fe6,3f3f2b9c
3ed71299,3f3f2858
3ed7154c,3f3f2513
3ed71800,3f3f21cc
3ed71ab3,3f3f1e88
3ed71d66,3f3f1b44
3ed72019,3f3f17ff
3ed722cc,3f3f14bb
3ed72580,3f3f1176
3ed72833,3f3f0e31
3ed72ae6,3f3f0aec
3ed72d99,3f3f07a8
3ed7304c,3f3f0464
3ed73300,3f3f011f
3ed735b3,3f3efddb
3ed73866,3f3efa97
3ed73b19,3f3ef753
3ed73dcc,3f3ef40f
3ed74080,3f3ef0ca
3ed74333,3f3eed86
3ed745e6,3f3eea43
3ed74899,3f3ee6ff
3ed74b4c,3f3ee3bb
3ed74e00,3f3ee076
3ed750b3,3f3edd33
3ed75366,3f3ed9ef
3ed75619,3f3ed6ac
3ed758cc,3f3ed368
3ed75b80,3f3ed024
3ed75e33,3f3ecce0
3ed760e6,3f3ec99d
3ed76399,3f3ec65a
3ed7664c,3f3ec316
3ed76900,3f3ebfd2
3ed76bb3,3f3ebc8f
3ed76e66,3f3eb94c
3ed77119,3f3eb609
3ed773cc,3f3eb2c5
3ed77680,3f3eaf81
3ed77933,3f3eac3e
3ed77be6,3f3ea8fc
3ed77e99,3f3ea5b9
3ed7814c,3f3ea277
3ed78400,3f3e9f33
3ed786b3,3f3e9bf0
3ed78966,3f3e98ad
3ed78c19,3f3e956a
3ed78ecc,3f3e9228
3ed79180,3f3e8ee4
3ed79433,3f3e8ba2
3ed796e6,3f3e8860
3ed79999,3f3e851d
3ed79c4c,3f3e81db
3ed79f00,3f3e7e98
3ed7a1b3,3f3e7b56
3ed7a466,3f3e7813
3ed7a719,3f3e74d1
3ed7a9cc,3f3e718f
3ed7ac80,3f3e6e4c
3ed7af33,3f3e6b0a
3ed7b1e6,3f3e67c8
3ed7b499,3f3e6486
3ed7b74c,3f3e6144
3ed7ba00,3f3e5e02
3ed7bcb3,3f3e5ac0
3ed7bf66,3f3e577e
3ed7c219,3f3e543d
3ed7c4cc,3f3e50fb
3ed7c780,3f3e4db8
3ed7ca33,3f3e4a76
3ed7cce6,3f3e4736
3ed7cf99,3f3e43f4
3ed7d24c,3f3e40b2
3ed7d500,3f3e3d70
3ed7d7b3,3f3e3a2f
3ed7da66,3f3e36ee
3ed7dd19,3f3e33ad
3ed7dfcc,3f3e306b
3ed7e280,3f3e2d2a
3ed7e533,3f3e29e8
3ed7e7e6,3f3e26a8
3ed7ea99,3f3e2367
3ed7ed4c,3f3e2025
3ed7f000,3f3e1ce4
3ed7f2b3,3f3e19a3
3ed7f566,3f3e1662
3ed7f819,3f3e1322
3ed7facc,3f3e0fe1
3ed7fd80,3f3e0c9f
3ed80033,3f3e095e
3ed802e6,3f3e061e
3ed80599,3f3e02de
3ed8084c,3f3dff9e
3ed80b00,3f3dfc5c
3ed80db3,3f3df91c
3ed81066,3f3df5db
3ed81319,3f3df29b
3ed815cc,3f3def5b
3ed81880,3f3dec1a
3ed81b33,3f3de8d9
3ed81de6,3f3de59a
3ed82099,3f3de259
3ed8234c,3f3ddf1a
3ed82600,3f3ddbd8
3ed828b3,3f3dd899
3ed82b66,3f3dd55a
3ed82e19,3f3dd219
3ed830cc,3f3dceda
3ed83380,3f3dcb99
3ed83633,3f3dc859
3ed838e6,3f3dc51a
3ed83b99,3f3dc1da
3ed83e4c,3f3dbe9b
3ed84100,3f3dbb5a
3ed843b3,3f3db81b
3ed84666,3f3db4dc
3ed84919,3f3db19c
3ed84bcc,3f3dae5d
3ed84e80,3f3dab1c
3ed85133,3f3da7dd
3ed853e6,3f3da49f
3ed85699,3f3da160
3ed8594c,3f3d9e20
3ed85c00,3f3d9ae1
3ed85eb3,3f3d97a2
3ed86166,3f3d9462
3ed86419,3f3d9124
3ed866cc,3f3d8de5
3ed86980,3f3d8aa6
3ed86c33,3f3d8766
3ed86ee6,3f3d8428
3ed87199,3f3d80ea
3ed8744c,3f3d7dac
3ed87700,3f3d7a6b
3ed879b3,3f3d772d
3ed87c66,3f3d73ef
3ed87f19,3f3d70b1
3ed881cc,3f3d6d72
3ed88480,3f3d6a32
3ed88733,3f3d66f4
3ed889e6,3f3d63b6
3ed88c99,3f3d6079
3ed88f4c,3f3d5d3a
3ed89200,3f3d59fb
3ed894b3,3f3d56bd
3ed89766,3f3d537f
3ed89a19,3f3d5041
3ed89ccc,3f3d4d04
3ed89f80,3f3d49c5
3ed8a233,3f3d4686
3ed8a4e6,3f3d434a
3ed8a799,3f3d400b
3ed8aa4c,3f3d3cce
3ed8ad00,3f3d398f
3ed8afb3,3f3d3652
3ed8b266,3f3d3315
3ed8b519,3f3d2fd7
3ed8b7cc,3f3d2c9a
3ed8ba80,3f3d295c
3ed8bd33,3f3d261e
3ed8bfe6,3f3d22e1
3ed8c299,3f3d1fa4
3ed8c54c,3f3d1c67
3ed8c800,3f3d1929
3ed8cab3,3f3d15ec
3ed8cd66,3f3d12af
3ed8d019,3f3d0f72
3ed8d2cc,3f3d0c35
3ed8d580,3f3d08f7
3ed8d833,3f3d05ba
3ed8dae6,3f3d027e
3ed8dd99,3f3cff41
3ed8e04c,3f3cfc04
3ed8e300,3f3cf8c6
3ed8e5b3,3f3cf58a
3ed8e866,3f3cf24d
3ed8eb19,3f3cef11
3ed8edcc,3f3cebd4
3ed8f080,3f3ce897
3ed8f333,3f3ce55a
3ed8f5e6,3f3ce21e
3ed8f899,3f3cdee2
3ed8fb4c,3f3cdba6
3ed8fe00,3f3cd869
3ed900b3,3f3cd52d
3ed90366,3f3cd1f0
3ed90619,3f3cceb4
3ed908cc,3f3ccb78
3ed90b80,3f3cc83c
3ed90e33,3f3cc500
3ed910e6,3f3cc1c4
3ed91399,3f3cbe88
3ed9164c,3f3cbb4c
3ed91900,3f3cb80f
3ed91bb3,3f3cb4d4
3ed91e66,3f3cb199
3ed92119,3f3cae5d
3ed923cc,3f3cab21
3ed92680,3f3ca7e4
3ed92933,3f3ca4aa
3ed92be6,3f3ca16e
3ed92e99,3f3c9e33
3ed9314c,3f3c9af8
3ed93400,3f3c97bc
3ed936b3,3f3c9480
3ed93966,3f3c9145
3ed93c19,3f3c8e0b
3ed93ecc,3f3c8acf
3ed94180,3f3c8793
3ed94433,3f3c8458
3ed946e6,3f3c811d
3ed94999,3f3c7de2
3ed94c4c,3f3c7aa8
3ed94f00,3f3c776c
3ed951b3,3f3c7431
3ed95466,3f3c70f6
3ed95719,3f3c6dbc
3ed959cc,3f3c6a81
3ed95c80,3f3c6746
3ed95f33,3f3c640b
3ed961e6,3f3c60d1
3ed96499,3f3c5d97
3ed9674c,3f3c5a5c
3ed96a00,3f3c5721
3ed96cb3,3f3c53e7
3ed96f66,3f3c50ac
3ed97219,3f3c4d73
3ed974cc,3f3c4a38
3ed97780,3f3c46fd
3ed97a33,3f3c43c3
3ed97ce6,3f3c408a
3ed97f99,3f3c3d4f
3ed9824c,3f3c3a16
3ed98500,3f3c36db
3ed987b3,3f3c33a1
3ed98a66,3f3c3067
3ed98d19,3f3c2d2e
3ed98fcc,3f3c29f4
3ed99280,3f3c26ba
3ed99533,3f3c2380
3ed997e6,3f3c2047
3ed99a99,3f3c1d0d
3ed99d4c,3f3c19d4
3ed9a000,3f3c1699
3ed9a2b3,3f3c1360
3ed9a566,3f3c1026
3ed9a819,3f3c0ced
3ed9aacc,3f3c09b5
3ed9ad80,3f3c067a
3ed9b033,3f3c0341
3ed9b2e6,3f3c0008
3ed9b599,3f3bfccf
3ed9b84c,3f3bf997
3ed9bb00,3f3bf65c
3ed9bdb3,3f3bf323
3ed9c066,3f3befea
3ed9c319,3f3becb2
3ed9c5cc,3f3be979
3ed9c880,3f3be640
3ed9cb33,3f3be307
3ed9cde6,3f3bdfce
3ed9d099,3f3bdc96
3ed9d34c,3f3bd95d
3ed9d600,3f3bd624
3ed9d8b3,3f3bd2ec
3ed9db66,3f3bcfb3
3ed9de19,3f3bcc7b
3ed9e0cc,3f3bc943
3ed9e380,3f3bc60a
3ed9e633,3f3bc2d1
3ed9e8e6,3f3bbf99
3ed9eb99,3f3bbc62
3ed9ee4c,3f3bb92a
3ed9f100,3f3bb5f0
3ed9f3b3,3f3bb2b8
3ed9f666,3f3baf81
3ed9f919,3f3bac49
3ed9fbcc,3f3ba911
3ed9fe80,3f3ba5d8
3eda0133,3f3ba2a0
3eda03e6,3f3b9f69
3eda0699,3f3b9c32
3eda094c,3f3b98fa
3eda0c00,3f3b95c1
3eda0eb3,3f3b928a
3eda1166,3f3b8f52
3eda1419,3f3b8c1b
3eda16cc,3f3b88e4
3eda1980,3f3b85ac
3eda1c33,3f3b8274
3eda1ee6,3f3b7f3d
3eda2199,3f3b7c06
3eda244c,3f3b78cf
3eda2700,3f3b7597
3eda29b3,3f3b7260
3eda2c66,3f3b6f29
3eda2f19,3f3b6bf2
3eda31cc,3f3b68bc
3eda3480,3f3b6584
3eda3733,3f3b624d
3eda39e6,3f3b5f16
3eda3c99,3f3b5be0
3eda3f4c,3f3b58a9
3eda4200,3f3b5572
3eda44b3,3f3b523a
3eda4766,3f3b4f04
3eda4a19,3f3b4bce
3eda4ccc,3f3b4898
3eda4f80,3f3b4560
3eda5233,3f3b422a
3eda54e6,3f3b3ef4
3eda5799,3f3b3bbe
3eda5a4c,3f3b3888
3eda5d00,3f3b3550
3eda5fb3,3f3b321a
3eda6266,3f3b2ee4
3eda6519,3f3b2bae
3eda67cc,3f3b2878
3eda6a80,3f3b2541
3eda6d33,3f3b220b
3eda6fe6,3f3b1ed5
3eda7299,3f3b1ba0
3eda754c,3f3b186a
3eda7800,3f3b1534
3eda7ab3,3f3b11fe
3eda7d66,3f3b0ec9
3eda8019,3f3b0b93
3eda82cc,3f3b085d
3eda8580,3f3b0527
3eda8833,3f3b01f2
3eda8ae6,3f3afebd
3eda8d99,3f3afb87
3eda904c,3f3af852
3eda9300,3f3af51b
3eda95b3,3f3af1e6
3eda9866,3f3aeeb2
3eda9b19,3f3aeb7d
3eda9dcc,3f3ae847
3edaa080,3f3ae511
3edaa333,3f3ae1dc
3edaa5e6,3f3adea8
3edaa899,3f3adb73
3edaab4c,3f3ad83e
3edaae00,3f3ad509
3edab0b3,3f3ad1d4
3edab366,3f3ace9f
3edab619,3f3acb6a
3edab8cc,3f3ac836
3edabb80,3f3ac500
3edabe33,3f3ac1cc
3edac0e6,3f3abe98
3edac399,3f3abb63
3edac64c,3f3ab82f
3edac900,3f3ab4fa
3edacbb3,3f3ab1c6
3edace66,3f3aae91
3edad119,3f3aab5e
3edad3cc,3f3aa829
3edad680,3f3aa4f4
3edad933,3f3aa1c0
3edadbe6,3f3a9e8c
3edade99,3f3a9b59
3edae14c,3f3a9825
3edae400,3f3a94ef
3edae6b3,3f3a91bc
3edae966,3f3a8e88
3edaec19,3f3a8b55
3edaeecc,3f3a8821
3edaf180,3f3a84ec
3edaf433,3f3a81b9
3edaf6e6,3f3a7e85
3edaf999,3f3a7b52
3edafc4c,3f3a781e
3edaff00,3f3a74eb
3edb01b3,3f3a71b7
3edb0466,3f3a6e84
3edb0719,3f3a6b50
3edb09cc,3f3a681e
3edb0c80,3f3a64e9
3edb0f33,3f3a61b7
3edb11e6,3f3a5e83
3edb1499,3f3a5b51
3edb174c,3f3a581e
3edb1a00,3f3a54ea
3edb1cb3,3f3a51b6
3edb1f66,3f3a4e84
3edb2219,3f3a4b52
3edb24cc,3f3a481e
3edb2780,3f3a44eb
3edb2a33,3f3a41b8
3edb2ce6,3f3a3e86
3edb2f99,3f3a3b54
3edb324c,3f3a3821
3edb3500,3f3a34ed
3edb37b3,3f3a31ba
3edb3a66,3f3a2e89
3edb3d19,3f3a2b57
3edb3fcc,3f3a2824
3edb4280,3f3a24f1
3edb4533,3f3a21bf
3edb47e6,3f3a1e8c
3edb4a99,3f3a1b5b
3edb4d4c,3f3a1829
3edb5000,3f3a14f6
3edb52b3,3f3a11c4
3edb5566,3f3a0e92
3edb5819,3f3a0b61
3edb5acc,3f3a082e
3edb5d80,3f3a04fc
3edb6033,3f3a01ca
3edb62e6,3f39fe98
3edb6599,3f39fb67
3edb684c,3f39f835
3edb6b00,3f39f503
3edb6db3,3f39f1d2
3edb7066,3f39eea0
3edb7319,3f39eb6e
3edb75cc,3f39e83d
3edb7880,3f39e50b
3edb7b33,3f39e1da
3edb7de6,3f39dea8
3edb8099,3f39db77
3edb834c,3f39d846
3edb8600,3f39d514
3edb88b3,3f39d1e4
3edb8b66,3f39ceb2
3edb8e19,3f39cb81
3edb90cc,3f39c850
3edb9380,3f39c51f
3edb9633,3f39c1ee
3edb98e6,3f39bebe
3edb9b99,3f39bb8d
3edb9e4c,3f39b85c
3edba100,3f39b52a
3edba3b3,3f39b1f9
3edba666,3f39aec9
3edba919,3f39ab99
3edbabcc,3f39a868
3edbae80,3f39a537
3edbb133,3f39a207
3edbb3e6,3f399ed7
3edbb699,3f399ba7
3edbb94c,3f399876
3edbbc00,3f399545
3edbbeb3,3f399215
3edbc166,3f398ee5
3edbc419,3f398bb5
3edbc6cc,3f398885
3edbc980,3f398554
3edbcc33,3f398224
3edbcee6,3f397ef5
3edbd199,3f397bc5
3edbd44c,3f397895
3edbd700,3f397564
3edbd9b3,3f397235
3edbdc66,3f396f05
3edbdf19,3f396bd6
3edbe1cc,3f3968a6
3edbe480,3f396575
3edbe733,3f396246
3edbe9e6,3f395f17
3edbec99,3f395be8
3edbef4c,3f3958b9
3edbf200,3f395588
3edbf4b3,3f395259
3edbf766,3f394f2a
3edbfa19,3f394bfb
3edbfccc,3f3948cc
3edbff80,3f39459c
3edc0233,3f39426d
3edc04e6,3f393f3e
3edc0799,3f393c0f
3edc0a4c,3f3938e0
3edc0d00,3f3935b0
3edc0fb3,3f393282
3edc1266,3f392f54
3edc1519,3f392c25
3edc17cc,3f3928f6
3edc1a80,3f3925c6
3edc1d33,3f392298
3edc1fe6,3f391f6a
3edc2299,3f391c3b
3edc254c,3f39190e
3edc2800,3f3915de
3edc2ab3,3f3912af
3edc2d66,3f390f81
3edc3019,3f390c54
3edc32cc,3f390925
3edc3580,3f3905f6
3edc3833,3f3902c8
3edc3ae6,3f38ff9a
3edc3d99,3f38fc6c
3edc404c,3f38f93e
3edc4300,3f38f610
3edc45b3,3f38f2e1
3edc4866,3f38efb4
3edc4b19,3f38ec86
3edc4dcc,3f38e958
3edc5080,3f38e62a
3edc5333,3f38e2fc
3edc55e6,3f38dfce
3edc5899,3f38dca2
3edc5b4c,3f38d974
3edc5e00,3f38d646
3edc60b3,3f38d318
3edc6366,3f38cfeb
3edc6619,3f38ccbe
3edc68cc,3f38c990
3edc6b80,3f38c663
3edc6e33,3f38c335
3edc70e6,3f38c008
3edc7399,3f38bcdb
3edc764c,3f38b9ae
3edc7900,3f38b680
3edc7bb3,3f38b353
3edc7e66,3f38b027
3edc8119,3f38acf9
3edc83cc,3f38a9cd
3edc8680,3f38a69f
3edc8933,3f38a373
3edc8be6,3f38a046
3edc8e99,3f389d19
3edc914c,3f3899ec
3edc9400,3f3896bf
3edc96b3,3f389392
3edc9966,3f389066
3edc9c19,3f388d3b
3edc9ecc,3f388a0e
3edca180,3f3886e1
3edca433,3f3883b4
3edca6e6,3f388088
3edca999,3f387d5d
3edcac4c,3f387a30
3edcaf00,3f387703
3edcb1b3,3f3873d7
3edcb466,3f3870ab
3edcb719,3f386d80
3edcb9cc,3f386a53
3edcbc80,3f386727
3edcbf33,3f3863fb
3edcc1e6,3f3860cf
3edcc499,3f385da4
3edcc74c,3f385a78
3edcca00,3f38574b
3edcccb3,3f385420
3edccf66,3f3850f5
3edcd219,3f384dc9
3edcd4cc,3f384a9e
3edcd780,3f384771
3edcda33,3f384446
3edcdce6,3f38411a
3edcdf99,3f383df0
3edce24c,3f383ac5
3edce500,3f383798
3edce7b3,3f38346d
3edcea66,3f383142
3edced19,3f382e17
3edcefcc,3f382aed
3edcf280,3f3827c0
3edcf533,3f382495
3edcf7e6,3f38216b
3edcfa99,3f381e40
3edcfd4c,3f381b16
3edd0000,3f3817ea
3edd02b3,3f3814bf
3edd0566,3f381194
3edd0819,3f380e6a
3edd0acc,3f380b40
3edd0d80,3f380814
3edd1033,3f3804ea
3edd12e6,3f3801c0
3edd1599,3f37fe95
3edd184c,3f37fb6b
3edd1b00,3f37f83f
3edd1db3,3f37f515
3edd2066,3f37f1eb
3edd2319,3f37eec1
3edd25cc,3f37eb97
3edd2880,3f37e86c
3edd2b33,3f37e543
3edd2de6,3f37e219
3edd3099,3f37deef
3edd334c,3f37dbc4
3edd3600,3f37d89a
3edd38b3,3f37d570
3edd3b66,3f37d246
3edd3e19,3f37cf1e
3edd40cc,3f37cbf4
3edd4380,3f37c8c8
3edd4633,3f37c5a0
3edd48e6,3f37c276
3edd4b99,3f37bf4c
3edd4e4c,3f37bc24
3edd5100,3f37b8f9
3edd53b3,3f37b5d0
3edd5666,3f37b2a7
3edd5919,3f37af7e
3edd5bcc,3f37ac54
3edd5e80,3f37a92a
3edd6133,3f37a601
3edd63e6,3f37a2d8
3edd6699,3f379faf
3edd694c,3f379c86
3edd6c00,3f37995c
3edd6eb3,3f379634
3edd7166,3f37930b
3edd7419,3f378fe2
3edd76cc,3f378cba
3edd7980,3f378990
3edd7c33,3f378667
3edd7ee6,3f37833e
3edd8199,3f378016
3edd844c,3f377cee
3edd8700,3f3779c4
3edd89b3,3f37769c
3edd8c66,3f377373
3edd8f19,3f37704b
3edd91cc,3f376d24
3edd9480,3f3769fa
3edd9733,3f3766d2
3edd99e6,3f3763aa
3edd9c99,3f376082
3edd9f4c,3f375d5a
3edda200,3f375a31
3edda4b3,3f375709
3edda766,3f3753e2
3eddaa19,3f3750b9
3eddaccc,3f374d91
3eddaf80,3f374a68
3eddb233,3f374741
3eddb4e6,3f374419
3eddb799,3f3740f2
3eddba4c,3f373dcb
3eddbd00,3f373aa2
3eddbfb3,3f37377a
3eddc266,3f373453
3eddc519,3f37312c
3eddc7cc,3f372e04
3eddca80,3f372adc
3eddcd33,3f3727b5
3eddcfe6,3f37248d
3eddd299,3f372167
3eddd54c,3f371e3f
3eddd800,3f371b18
3edddab3,3f3717f0
3edddd66,3f3714c9
3edde019,3f3711a3
3edde2cc,3f370e7b
3edde580,3f370b54
3edde833,3f37082d
3eddeae6,3f370506
3edded99,3f3701e0
3eddf04c,3f36feb9
3eddf300,3f36fb91
3eddf5b3,3f36f86a
3eddf866,3f36f544
3eddfb19,3f36f21e
3eddfdcc,3f36eef8
3ede0080,3f36ebd0
3ede0333,3f36e8aa
3ede05e6,3f36e583
3ede0899,3f36e25d
3ede0b4c,3f36df37
3ede0e00,3f36dc10
3ede10b3,3f36d8e9
3ede1366,3f36d5c4
3ede1619,3f36d29e
3ede18cc,3f36cf78
3ede1b80,3f36cc51
3ede1e33,3f36c92b
3ede20e6,3f36c605
3ede2399,3f36c2df
3ede264c,3f36bfba
3ede2900,3f36bc93
3ede2bb3,3f36b96d
3ede2e66,3f36b648
3ede3119,3f36b322
3ede33cc,3f36affc
3ede3680,3f36acd6
3ede3933,3f36a9b0
3ede3be6,3f36a68b
3ede3e99,3f36a366
3ede414c,3f36a040
3ede4400,3f369d1a
3ede46b3,3f3699f5
3ede4966,3f3696d0
3ede4c19,3f3693ab
3ede4ecc,3f369086
3ede5180,3f368d60
3ede5433,3f368a3a
3ede56e6,3f368716
3ede5999,3f3683f1
3ede5c4c,3f3680cc
3ede5f00,3f367da6
3ede61b3,3f367a82
3ede6466,3f36775d
3ede6719,3f367438
3ede69cc,3f367113
3ede6c80,3f366dee
3ede6f33,3f366aca
3ede71e6,3f3667a5
3ede7499,3f366480
3ede774c,3f36615c
3ede7a00,3f365e37
3ede7cb3,3f365b13
3ede7f66,3f3657ee
3ede8219,3f3654ca
3ede84cc,3f3651a5
3ede8780,3f364e80
3ede8a33,3f364b5c
3ede8ce6,3f364839
3ede8f99,3f364515
3ede924c,3f3641f1
3ede9500,3f363ecc
3ede97b3,3f363ba8
3ede9a66,3f363884
3ede9d19,3f363560
3ede9fcc,3f36323c
3edea280,3f362f18
3edea533,3f362bf4
3edea7e6,3f3628d1
3edeaa99,3f3625ad
3edead4c,3f36228a
3edeb000,3f361f65
3edeb2b3,3f361c42
3edeb566,3f36191e
3edeb819,3f3615fb
3edebacc,3f3612d8
3edebd80,3f360fb4
3edec033,3f360c90
3edec2e6,3f36096d
3edec599,3f36064a
3edec84c,3f360327
3edecb00,3f360003
3edecdb3,3f35fce0
3eded066,3f35f9bd
3eded319,3f35f69a
3eded5cc,3f35f377
3eded880,3f35f053
3ededb33,3f35ed31
3ededde6,3f35ea0e
3edee099,3f35e6eb
3edee34c,3f35e3c8
3edee600,3f35e0a6
3edee8b3,3f35dd83
3edeeb66,3f35da61
3edeee19,3f35d73e
3edef0cc,3f35d41b
3edef380,3f35d0f8
3edef633,3f35cdd5
3edef8e6,3f35cab3
3edefb99,3f35c792
3edefe4c,3f35c46f
3edf0100,3f35c14c
3edf03b3,3f35be2a
3edf0666,3f35bb08
3edf0919,3f35b7e6
3edf0bcc,3f35b4c4
3edf0e80,3f35b1a1
3edf1133,3f35ae7f
3edf13e6,3f35ab5d
3edf1699,3f35a83c
3edf194c,3f35a51a
3edf1c00,3f35a1f7
3edf1eb3,3f359ed5
3edf2166,3f359bb4
3edf2419,3f359893
3edf26cc,3f359571
3edf2980,3f35924e
3edf2c33,3f358f2e
3edf2ee6,3f358c0c
3edf3199,3f3588ea
3edf344c,3f3585ca
3edf3700,3f3582a7
3edf39b3,3f357f86
3edf3c66,3f357c64
3edf3f19,3f357944
3edf41cc,3f357622
3edf4480,3f357300
3edf4733,3f356fe0
3edf49e6,3f356cbe
3edf4c99,3f35699e
3edf4f4c,3f35667d
3edf5200,3f35635b
3edf54b3,3f35603b
3edf5766,3f355d1a
3edf5a19,3f3559fa
3edf5ccc,3f3556d9
3edf5f80,3f3553b7
3edf6233,3f355097
3edf64e6,3f354d76
3edf6799,3f354a56
3edf6a4c,3f354735
3edf6d00,3f354414
3edf6fb3,3f3540f3
3edf7266,3f353dd3
3edf7519,3f353ab3
3edf77cc,3f353793
3edf7a80,3f353472
3edf7d33,3f353151
3edf7fe6,3f352e32
3edf8299,3f352b11
3edf854c,3f3527f2
3edf8800,3f3524d0
3edf8ab3,3f3521b1
3edf8d66,3f351e91
3edf9019,3f351b71
3edf92cc,3f351852
3edf9580,3f351531
3edf9833,3f351212
3edf9ae6,3f350ef2
3edf9d99,3f350bd2
3edfa04c,3f3508b2
3edfa300,3f350592
3edfa5b3,3f350273
3edfa866,3f34ff53
3edfab19,3f34fc34
3edfadcc,3f34f915
3edfb080,3f34f5f5
3edfb333,3f34f2d6
3edfb5e6,3f34efb6
3edfb899,3f34ec97
3edfbb4c,3f34e979
3edfbe00,3f34e658
3edfc0b3,3f34e339
3edfc366,3f34e01b
3edfc619,3f34dcfb
3edfc8cc,3f34d9dd
3edfcb80,3f34d6bd
3edfce33,3f34d39e
3edfd0e6,3f34d07f
3edfd399,3f34cd61
3edfd64c,3f34ca43
3edfd900,3f34c722
3edfdbb3,3f34c404
3edfde66,3f34c0e6
3edfe119,3f34bdc8
3edfe3cc,3f34baa8
3edfe680,3f34b789
3edfe933,3f34b46b
3edfebe6,3f34b14d
3edfee99,3f34ae2e
3edff14c,3f34ab10
3edff400,3f34a7f1
3edff6b3,3f34a4d3
3edff966,3f34a1b6
3edffc19,3f349e98
3edffecc,3f349b79
3ee00180,3f34985a
3ee00433,3f34953c
3ee006e6,3f34921f
3ee00999,3f348f01
3ee00c4c,3f348be4
3ee00f00,3f3488c4
3ee011b3,3f3485a6
3ee01466,3f348289
3ee01719,3f347f6c
3ee019cc,3f347c4e
3ee01c80,3f347930
3ee01f33,3f347612
3ee021e6,3f3472f5
3ee02499,3f346fd8
3ee0274c,3f346cbb
3ee02a00,3f34699c
3ee02cb3,3f34667e
3ee02f66,3f346362
3ee03219,3f346044
3ee034cc,3f345d28
3ee03780,3f345a09
3ee03a33,3f3456ec
3ee03ce6,3f3453cf
3ee03f99,3f3450b2
3ee0424c,3f344d96
3ee04500,3f344a78
3ee047b3,3f34475c
3ee04a66,3f34443e
3ee04d19,3f344122
3ee04fcc,3f343e06
3ee05280,3f343ae8
3ee05533,3f3437cc
3ee057e6,3f3434af
3ee05a99,3f343193
3ee05d4c,3f342e76
3ee06000,3f342b59
3ee062b3,3f34283c
3ee06566,3f342520
3ee06819,3f342204
3ee06acc,3f341ee7
3ee06d80,3f341bca
3ee07033,3f3418af
3ee072e6,3f341593
3ee07599,3f341277
3ee0784c,3f340f5a
3ee07b00,3f340c3d
3ee07db3,3f340921
3ee08066,3f340606
3ee08319,3f3402ea
3ee085cc,3f33ffce
3ee08880,3f33fcb1
3ee08b33,3f33f996
3ee08de6,3f33f67a
3ee09099,3f33f35f
3ee0934c,3f33f043
3ee09600,3f33ed27
3ee098b3,3f33ea0b
3ee09b66,3f33e6f0
3ee09e19,3f33e3d5
3ee0a0cc,3f33e0b9
3ee0a380,3f33dd9d
3ee0a633,3f33da82
3ee0a8e6,3f33d767
3ee0ab99,3f33d44b
3ee0ae4c,3f33d130
3ee0b100,3f33ce15
3ee0b3b3,3f33caf9
3ee0b666,3f33c7de
3ee0b919,3f33c4c4
3ee0bbcc,3f33c1a9
3ee0be80,3f33be8c
3ee0c133,3f33bb72
3ee0c3e6,3f33b857
3ee0c699,3f33b53c
3ee0c94c,3f33b222
3ee0cc00,3f33af06
3ee0ceb3,3f33abec
3ee0d166,3f33a8d2
3ee0d419,3f33a5b7
3ee0d6cc,3f33a29d
3ee0d980,3f339f81
3ee0dc33,3f339c66
3ee0dee6,3f33994d
3ee0e199,3f339632
3ee0e44c,3f339318
3ee0e700,3f338ffd
3ee0e9b3,3f338ce3
3ee0ec66,3f3389c9
3ee0ef19,3f3386af
3ee0f1cc,3f338395
3ee0f480,3f33807a
3ee0f733,3f337d60
3ee0f9e6,3f337a46
3ee0fc99,3f33772c
3ee0ff4c,3f337412
3ee10200,3f3370f8
3ee104b3,3f336dde
3ee10766,3f336ac5
3ee10a19,3f3367ab
3ee10ccc,3f336491
3ee10f80,3f336177
3ee11233,3f335e5d
3ee114e6,3f335b44
3ee11799,3f33582a
3ee11a4c,3f335512
3ee11d00,3f3351f8
3ee11fb3,3f334ede
3ee12266,3f334bc5
3ee12519,3f3348ab
3ee127cc,3f334593
3ee12a80,3f334278
3ee12d33,3f333f5f
3ee12fe6,3f333c47
3ee13299,3f33392d
3ee1354c,3f333615
3ee13800,3f3332fb
3ee13ab3,3f332fe2
3ee13d66,3f332cc9
3ee14019,3f3329b1
3ee142cc,3f332698
3ee14580,3f33237e
3ee14833,3f332066
3ee14ae6,3f331d4d
3ee14d99,3f331a35
3ee1504c,3f33171d
3ee15300,3f331402
3ee155b3,3f3310ea
3ee15866,3f330dd2
3ee15b19,3f330aba
3ee15dcc,3f3307a2
3ee16080,3f330488
3ee16333,3f330170
3ee165e6,3f32fe59
3ee16899,3f32fb40
3ee16b4c,3f32f828
3ee16e00,3f32f50f
3ee170b3,3f32f1f7
3ee17366,3f32eee0
3ee17619,3f32ebc8
3ee178cc,3f32e8b0
3ee17b80,3f32e597
3ee17e33,3f32e27f
3ee180e6,3f32df68
3ee18399,3f32dc51
3ee1864c,3f32d938
3ee18900,3f32d620
3ee18bb3,3f32d308
3ee18e66,3f32cff1
3ee19119,3f32ccda
3ee193cc,3f32c9c3
3ee19680,3f32c6aa
3ee19933,3f32c393
3ee19be6,3f32c07c
3ee19e99,3f32bd64
3ee1a14c,3f32ba4e
3ee1a400,3f32b735
3ee1a6b3,3f32b41e
3ee1a966,3f32b107
3ee1ac19,3f32adf0
3ee1aecc,3f32aad9
3ee1b180,3f32a7c1
3ee1b433,3f32a4aa
3ee1b6e6,3f32a194
3ee1b999,3f329e7d
3ee1bc4c,3f329b66
3ee1bf00,3f32984f
3ee1c1b3,3f329538
3ee1c466,3f329221
3ee1c719,3f328f0b
3ee1c9cc,3f328bf5
3ee1cc80,3f3288dd
3ee1cf33,3f3285c7
3ee1d1e6,3f3282b0
3ee1d499,3f327f9a
3ee1d74c,3f327c84
3ee1da00,3f32796c
3ee1dcb3,3f327656
3ee1df66,3f327341
3ee1e219,3f32702b
3ee1e4cc,3f326d14
3ee1e780,3f3269fd
3ee1ea33,3f3266e7
3ee1ece6,3f3263d1
3ee1ef99,3f3260bb
3ee1f24c,3f325da5
3ee1f500,3f325a8e
3ee1f7b3,3f325779
3ee1fa66,3f325464
3ee1fd19,3f32514e
3ee1ffcc,3f324e38
3ee20280,3f324b21
3ee20533,3f32480c
3ee207e6,3f3244f7
3ee20a99,3f3241e1
3ee20d4c,3f323ecc
3ee21000,3f323bb5
3ee212b3,3f3238a0
3ee21566,3f32358b
3ee21819,3f323276
3ee21acc,3f322f60
3ee21d80,3f322c4a
3ee22033,3f322936
3ee222e6,3f322620
3ee22599,3f32230b
3ee2284c,3f321ff6
3ee22b00,3f321ce1
3ee22db3,3f3219cb
3ee23066,3f3216b6
3ee23319,3f3213a2
3ee235cc,3f32108d
3ee23880,3f320d77
3ee23b33,3f320a63
3ee23de6,3f32074e
3ee24099,3f320439
3ee2434c,3f320126
3ee24600,3f31fe10
3ee248b3,3f31fafb
3ee24b66,3f31f7e7
3ee24e19,3f31f4d3
3ee250cc,3f31f1be
3ee25380,3f31eea9
3ee25633,3f31eb95
3ee258e6,3f31e881
3ee25b99,3f31e56c
3ee25e4c,3f31e258
3ee26100,3f31df43
3ee263b3,3f31dc2f
3ee26666,3f31d91c
3ee26919,3f31d607
3ee26bcc,3f31d2f4
3ee26e80,3f31cfdf
3ee27133,3f31cccb
3ee273e6,3f31c9b7
3ee27699,3f31c6a4
3ee2794c,3f31c390
3ee27c00,3f31c07c
3ee27eb3,3f31bd68
3ee28166,3f31ba54
3ee28419,3f31b741
3ee286cc,3f31b42e
3ee28980,3f31b119
3ee28c33,3f31ae06
3ee28ee6,3f31aaf2
3ee29199,3f31a7df
3ee2944c,3f31a4cc
3ee29700,3f31a1b8
3ee299b3,3f319ea4
3ee29c66,3f319b92
3ee29f19,3f31987e
3ee2a1cc,3f31956b
3ee2a480,3f319258
3ee2a733,3f318f44
3ee2a9e6,3f318c32
3ee2ac99,3f31891e
3ee2af4c,3f31860c
3ee2b200,3f3182f9
3ee2b4b3,3f317fe6
3ee2b766,3f317cd3
3ee2ba19,3f3179c1
3ee2bccc,3f3176ae
3ee2bf80,3f31739a
3ee2c233,3f317088
3ee2c4e6,3f316d75
3ee2c799,3f316a63
3ee2ca4c,3f316751
3ee2cd00,3f31643e
3ee2cfb3,3f31612b
3ee2d266,3f315e19
3ee2d519,3f315b07
3ee2d7cc,3f3157f4
3ee2da80,3f3154e1
3ee2dd33,3f3151d0
3ee2dfe6,3f314ebe
3ee2e299,3f314bab
3ee2e54c,3f31489a
3ee2e800,3f314587
3ee2eab3,3f314275
3ee2ed66,3f313f64
3ee2f019,3f313c51
3ee2f2cc,3f313940
3ee2f580,3f31362d
3ee2f833,3f31331c
3ee2fae6,3f31300a
3ee2fd99,3f312cf8
3ee3004c,3f3129e7
3ee30300,3f3126d4
3ee305b3,3f3123c3
3ee30866,3f3120b2
3ee30b19,3f311da1
3ee30dcc,3f311a90
3ee31080,3f31177d
3ee31333,3f31146b
3ee315e6,3f31115a
3ee31899,3f310e4a
3ee31b4c,3f310b39
3ee31e00,3f310827
3ee320b3,3f310516
3ee32366,3f310205
3ee32619,3f30fef4
3ee328cc,3f30fbe2
3ee32b80,3f30f8d2
3ee32e33,3f30f5c0
3ee330e6,3f30f2af
3ee33399,3f30ef9f
3ee3364c,3f30ec8e
3ee33900,3f30e97c
3ee33bb3,3f30e66c
3ee33e66,3f30e35b
3ee34119,3f30e04b
3ee343cc,3f30dd3b
3ee34680,3f30da29
3ee34933,3f30d719
3ee34be6,3f30d409
3ee34e99,3f30d0f8
3ee3514c,3f30cde8
3ee35400,3f30cad8
3ee356b3,3f30c7c8
3ee35966,3f30c4b8
3ee35c19,3f30c1a7
3ee35ecc,3f30be97
3ee36180,3f30bb86
3ee36433,3f30b876
3ee366e6,3f30b566
3ee36999,3f30b257
3ee36c4c,3f30af47
3ee36f00,3f30ac36
3ee371b3,3f30a926
3ee37466,3f30a617
3ee37719,3f30a308
3ee379cc,3f309ff8
3ee37c80,3f309ce7
3ee37f33,3f3099d8
3ee381e6,3f3096c8
3ee38499,3f3093ba
3ee3874c,3f3090aa
3ee38a00,3f308d99
3ee38cb3,3f308a8a
3ee38f66,3f30877b
3ee39219,3f30846c
3ee394cc,3f30815d
3ee39780,3f307e4d
3ee39a33,3f307b3d
3ee39ce6,3f30782f
3ee39f99,3f307520
3ee3a24c,3f307211
3ee3a500,3f306f01
3ee3a7b3,3f306bf3
3ee3aa66,3f3068e4
3ee3ad19,3f3065d5
3ee3afcc,3f3062c6
3ee3b280,3f305fb7
3ee3b533,3f305ca8
3ee3b7e6,3f305999
3ee3ba99,3f30568b
3ee3bd4c,3f30537c
3ee3c000,3f30506d
3ee3c2b3,3f304d5f
3ee3c566,3f304a50
3ee3c819,3f304742
3ee3cacc,3f304434
3ee3cd80,3f304124
3ee3d033,3f303e16
3ee3d2e6,3f303b08
3ee3d599,3f3037fa
3ee3d84c,3f3034ec
3ee3db00,3f3031dd
3ee3ddb3,3f302ed0
3ee3e066,3f302bc1
3ee3e319,3f3028b3
3ee3e5cc,3f3025a6
3ee3e880,3f302297
3ee3eb33,3f301f89
3ee3ede6,3f301c7b
3ee3f099,3f30196e
3ee3f34c,3f301660
3ee3f600,3f301351
3ee3f8b3,3f301044
3ee3fb66,3f300d36
3ee3fe19,3f300a29
3ee400cc,3f30071b
3ee40380,3f30040d
3ee40633,3f300100
3ee408e6,3f2ffdf3
3ee40b99,3f2ffae6
3ee40e4c,3f2ff7d8
3ee41100,3f2ff4ca
3ee413b3,3f2ff1bd
3ee41666,3f2feeb0
3ee41919,3f2feba3
3ee41bcc,3f2fe896
3ee41e80,3f2fe588
3ee42133,3f2fe27b
3ee423e6,3f2fdf6e
3ee42699,3f2fdc62
3ee4294c,3f2fd955
3ee42c00,3f2fd647
3ee42eb3,3f2fd33b
3ee43166,3f2fd02e
3ee43419,3f2fcd21
3ee436cc,3f2fca15
3ee43980,3f2fc708
3ee43c33,3f2fc3fb
3ee43ee6,3f2fc0ef
3ee44199,3f2fbde2
3ee4444c,3f2fbad6
3ee44700,3f2fb7c9
3ee449b3,3f2fb4bc
3ee44c66,3f2fb1b0
3ee44f19,3f2faea4
3ee451cc,3f2fab98
3ee45480,3f2fa88a
3ee45733,3f2fa57f
3ee459e6,3f2fa273
3ee45c99,3f2f9f66
3ee45f4c,3f2f9c5b
3ee46200,3f2f994e
3ee464b3,3f2f9642
3ee46766,3f2f9336
3ee46a19,3f2f902a
3ee46ccc,3f2f8d1f
3ee46f80,3f2f8a13
3ee47233,3f2f8707
3ee474e6,3f2f83fc
3ee47799,3f2f80f0
3ee47a4c,3f2f7de4
3ee47d00,3f2f7ad8
3ee47fb3,3f2f77cd
3ee48266,3f2f74c2
3ee48519,3f2f71b6
3ee487cc,3f2f6eaa
3ee48a80,3f2f6b9e
3ee48d33,3f2f6893
3ee48fe6,3f2f6588
3ee49299,3f2f627d
3ee4954c,3f2f5f72
3ee49800,3f2f5c66
3ee49ab3,3f2f595b
3ee49d66,3f2f5650
3ee4a019,3f2f5345
3ee4a2cc,3f2f503a
3ee4a580,3f2f4d2f
3ee4a833,3f2f4a24
3ee4aae6,3f2f4719
3ee4ad99,3f2f440f
3ee4b04c,3f2f4104
3ee4b300,3f2f3df9
3ee4b5b3,3f2f3aee
3ee4b866,3f2f37e4
3ee4bb19,3f2f34d9
3ee4bdcc,3f2f31cf
3ee4c080,3f2f2ec3
3ee4c333,3f2f2bb9
3ee4c5e6,3f2f28af
3ee4c899,3f2f25a5
3ee4cb4c,3f2f229b
3ee4ce00,3f2f1f8f
3ee4d0b3,3f2f1c85
3ee4d366,3f2f197b
3ee4d619,3f2f1671
3ee4d8cc,3f2f1367
3ee4db80,3f2f105c
3ee4de33,3f2f0d52
3ee4e0e6,3f2f0a48
3ee4e399,3f2f073e
3ee4e64c,3f2f0434
3ee4e900,3f2f012a
3ee4ebb3,3f2efe21
3ee4ee66,3f2efb17
3ee4f119,3f2ef80d
3ee4f3cc,3f2ef504
3ee4f680,3f2ef1f9
3ee4f933,3f2eeeef
3ee4fbe6,3f2eebe6
3ee4fe99,3f2ee8dd
3ee5014c,3f2ee5d4
3ee50400,3f2ee2c9
3ee506b3,3f2edfc0
3ee50966,3f2edcb7
3ee50c19,3f2ed9ae
3ee50ecc,3f2ed6a5
3ee51180,3f2ed39b
3ee51433,3f2ed091
3ee516e6,3f2ecd88
3ee51999,3f2eca80
3ee51c4c,3f2ec777
3ee51f00,3f2ec46d
3ee521b3,3f2ec164
3ee52466,3f2ebe5c
3ee52719,3f2ebb53
3ee529cc,3f2eb84a
3ee52c80,3f2eb540
3ee52f33,3f2eb238
3ee531e6,3f2eaf2f
3ee53499,3f2eac26
3ee5374c,3f2ea91e
3ee53a00,3f2ea615
3ee53cb3,3f2ea30c
3ee53f66,3f2ea003
3ee54219,3f2e9cfc
3ee544cc,3f2e99f3
3ee54780,3f2e96e9
3ee54a33,3f2e93e2
3ee54ce6,3f2e90d9
3ee54f99,3f2e8dd2
3ee5524c,3f2e8ac9
3ee55500,3f2e87c0
3ee557b3,3f2e84b9
3ee55a66,3f2e81b0
3ee55d19,3f2e7ea8
3ee55fcc,3f2e7ba1
3ee56280,3f2e7898
3ee56533,3f2e7590
3ee567e6,3f2e7288
3ee56a99,3f2e6f80
3ee56d4c,3f2e6c79
3ee57000,3f2e6970
3ee572b3,3f2e6669
3ee57566,3f2e6361
3ee57819,3f2e605a
3ee57acc,3f2e5d52
3ee57d80,3f2e5a4a
3ee58033,3f2e5743
3ee582e6,3f2e543c
3ee58599,3f2e5134
3ee5884c,3f2e4e2d
3ee58b00,3f2e4b25
3ee58db3,3f2e481e
3ee59066,3f2e4516
3ee59319,3f2e4210
3ee595cc,3f2e3f08
3ee59880,3f2e3c01
3ee59b33,3f2e38fa
3ee59de6,3f2e35f3
3ee5a099,3f2e32ec
3ee5a34c,3f2e2fe5
3ee5a600,3f2e2cde
3ee5a8b3,3f2e29d6
3ee5ab66,3f2e26d0
3ee5ae19,3f2e23ca
3ee5b0cc,3f2e20c3
3ee5b380,3f2e1dbc
3ee5b633,3f2e1ab5
3ee5b8e6,3f2e17ae
3ee5bb99,3f2e14a8
3ee5be4c,3f2e11a2
3ee5c100,3f2e0e9a
3ee5c3b3,3f2e0b94
3ee5c666,3f2e088e
3ee5c919,3f2e0588
3ee5cbcc,3f2e0282
3ee5ce80,3f2dff7b
3ee5d133,3f2dfc74
3ee5d3e6,3f2df96e
3ee5d699,3f2df669
3ee5d94c,3f2df362
3ee5dc00,3f2df05b
3ee5deb3,3f2ded56
3ee5e166,3f2dea50
3ee5e419,3f2de74a
3ee5e6cc,3f2de444
3ee5e980,3f2de13e
3ee5ec33,3f2dde38
3ee5eee6,3f2ddb32
3ee5f199,3f2dd82d
3ee5f44c,3f2dd528
3ee5f700,3f2dd221
3ee5f9b3,3f2dcf1c
3ee5fc66,3f2dcc16
3ee5ff19,3f2dc911
3ee601cc,3f2dc60c
3ee60480,3f2dc305
3ee60733,3f2dc000
3ee609e6,3f2dbcfb
3ee60c99,3f2db9f6
3ee60f4c,3f2db6f0
3ee61200,3f2db3ea
3ee614b3,3f2db0e6
3ee61766,3f2dade1
3ee61a19,3f2daadc
3ee61ccc,3f2da7d7
3ee61f80,3f2da4d1
3ee62233,3f2da1cc
3ee624e6,3f2d9ec8
3ee62799,3f2d9bc2
3ee62a4c,3f2d98be
3ee62d00,3f2d95b8
3ee62fb3,3f2d92b4
3ee63266,3f2d8faf
3ee63519,3f2d8cab
3ee637cc,3f2d89a6
3ee63a80,3f2d86a1
3ee63d33,3f2d839d
3ee63fe6,3f2d8098
3ee64299,3f2d7d94
3ee6454c,3f2d7a90
3ee64800,3f2d778a
3ee64ab3,3f2d7486
3ee64d66,3f2d7182
3ee65019,3f2d6e7e
3ee652cc,3f2d6b7a
3ee65580,3f2d6875
3ee65833,3f2d6571
3ee65ae6,3f2d626d
3ee65d99,3f2d5f69
3ee6604c,3f2d5c65
3ee66300,3f2d5960
3ee665b3,3f2d565c
3ee66866,3f2d535a
3ee66b19,3f2d5056
3ee66dcc,3f2d4d52
3ee67080,3f2d4a4d
3ee67333,3f2d474a
3ee675e6,3f2d4446
3ee67899,3f2d4143
3ee67b4c,3f2d3e40
3ee67e00,3f2d3b3c
3ee680b3,3f2d3838
3ee68366,3f2d3535
3ee68619,3f2d3231
3ee688cc,3f2d2f2e
3ee68b80,3f2d2c2a
3ee68e33,3f2d2927
3ee690e6,3f2d2624
3ee69399,3f2d2321
3ee6964c,3f2d201e
3ee69900,3f2d1d1a
3ee69bb3,3f2d1a17
3ee69e66,3f2d1714
3ee6a119,3f2d1411
3ee6a3cc,3f2d110e
3ee6a680,3f2d0e0b
3ee6a933,3f2d0b08
3ee6abe6,3f2d0805
3ee6ae99,3f2d0502
3ee6b14c,3f2d0201
3ee6b400,3f2cfefd
3ee6b6b3,3f2cfbfa
3ee6b966,3f2cf8f8
3ee6bc19,3f2cf5f6
3ee6becc,3f2cf2f3
3ee6c180,3f2ceff0
3ee6c433,3f2cecee
3ee6c6e6,3f2ce9eb
3ee6c999,3f2ce6ea
3ee6cc4c,3f2ce3e7
3ee6cf00,3f2ce0e4
3ee6d1b3,3f2cdde2
3ee6d466,3f2cdae0
3ee6d719,3f2cd7dd
3ee6d9cc,3f2cd4dc
3ee6dc80,3f2cd1d9
3ee6df33,3f2cced8
3ee6e1e6,3f2ccbd5
3ee6e499,3f2cc8d3
3ee6e74c,3f2cc5d2
3ee6ea00,3f2cc2cf
3ee6ecb3,3f2cbfce
3ee6ef66,3f2cbccc
3ee6f219,3f2cb9ca
3ee6f4cc,3f2cb6c9
3ee6f780,3f2cb3c6
3ee6fa33,3f2cb0c5
3ee6fce6,3f2cadc3
3ee6ff99,3f2caac2
3ee7024c,3f2ca7c1
3ee70500,3f2ca4bf
3ee707b3,3f2ca1bd
3ee70a66,3f2c9ebc
3ee70d19,3f2c9bbb
3ee70fcc,3f2c98ba
3ee71280,3f2c95b7
3ee71533,3f2c92b7
3ee717e6,3f2c8fb6
3ee71a99,3f2c8cb5
3ee71d4c,3f2c89b4
3ee72000,3f2c86b2
3ee722b3,3f2c83b2
3ee72566,3f2c80b0
3ee72819,3f2c7db0
3ee72acc,3f2c7ab0
3ee72d80,3f2c77ae
3ee73033,3f2c74ad
3ee732e6,3f2c71ac
3ee73599,3f2c6eac
3ee7384c,3f2c6bac
3ee73b00,3f2c68aa
3ee73db3,3f2c65aa
3ee74066,3f2c62a9
3ee74319,3f2c5fa9
3ee745cc,3f2c5ca9
3ee74880,3f2c59a7
3ee74b33,3f2c56a7
3ee74de6,3f2c53a8
3ee75099,3f2c50a8
3ee7534c,3f2c4da7
3ee75600,3f2c4aa6
3ee758b3,3f2c47a7
3ee75b66,3f2c44a6
3ee75e19,3f2c41a6
3ee760cc,3f2c3ea7
3ee76380,3f2c3ba6
3ee76633,3f2c38a6
3ee768e6,3f2c35a6
3ee76b99,3f2c32a7
3ee76e4c,3f2c2fa8
3ee77100,3f2c2ca6
3ee773b3,3f2c29a7
3ee77666,3f2c26a7
3ee77919,3f2c23a8
3ee77bcc,3f2c20a8
3ee77e80,3f2c1da8
3ee78133,3f2c1aa9
3ee783e6,3f2c17aa
3ee78699,3f2c14aa
3ee7894c,3f2c11aa
3ee78c00,3f2c0eaa
3ee78eb3,3f2c0bab
3ee79166,3f2c08ac
3ee79419,3f2c05ae
3ee796cc,3f2c02af
3ee79980,3f2bffaf
3ee79c33,3f2bfcb0
3ee79ee6,3f2bf9b0
3ee7a199,3f2bf6b2
3ee7a44c,3f2bf3b3
3ee7a700,3f2bf0b3
3ee7a9b3,3f2bedb5
3ee7ac66,3f2beab6
3ee7af19,3f2be7b7
3ee7b1cc,3f2be4b9
3ee7b480,3f2be1b9
3ee7b733,3f2bdebb
3ee7b9e6,3f2bdbbd
3ee7bc99,3f2bd8be
3ee7bf4c,3f2bd5c0
3ee7c200,3f2bd2c0
3ee7c4b3,3f2bcfc2
3ee7c766,3f2bccc4
3ee7ca19,3f2bc9c6
3ee7cccc,3f2bc6c8
3ee7cf80,3f2bc3c8
3ee7d233,3f2bc0ca
3ee7d4e6,3f2bbdcc
3ee7d799,3f2bbace
3ee7da4c,3f2bb7d0
3ee7dd00,3f2bb4d1
3ee7dfb3,3f2bb1d3
3ee7e266,3f2baed5
3ee7e519,3f2babd8
3ee7e7cc,3f2ba8da
3ee7ea80,3f2ba5db
3ee7ed33,3f2ba2dd
3ee7efe6,3f2b9fdf
3ee7f299,3f2b9ce2
3ee7f54c,3f2b99e5
3ee7f800,3f2b96e6
3ee7fab3,3f2b93e9
3ee7fd66,3f2b90eb
3ee80019,3f2b8dee
3ee802cc,3f2b8af0
3ee80580,3f2b87f2
3ee80833,3f2b84f5
3ee80ae6,3f2b81f8
3ee80d99,3f2b7efb
3ee8104c,3f2b7bfd
3ee81300,3f2b78ff
3ee815b3,3f2b7602
3ee81866,3f2b7306
3ee81b19,3f2b7008
3ee81dcc,3f2b6d0b
3ee82080,3f2b6a0d
3ee82333,3f2b6711
3ee825e6,3f2b6414
3ee82899,3f2b6117
3ee82b4c,3f2b5e1a
3ee82e00,3f2b5b1d
3ee830b3,3f2b5820
3ee83366,3f2b5523
3ee83619,3f2b5227
3ee838cc,3f2b4f2b
3ee83b80,3f2b4c2d
3ee83e33,3f2b4930
3ee840e6,3f2b4635
3ee84399,3f2b4338
3ee8464c,3f2b403b
3ee84900,3f2b3d3f
3ee84bb3,3f2b3a42
3ee84e66,3f2b3746
3ee85119,3f2b344a
3ee853cc,3f2b314e
3ee85680,3f2b2e50
3ee85933,3f2b2b55
3ee85be6,3f2b2859
3ee85e99,3f2b255c
3ee8614c,3f2b2261
3ee86400,3f2b1f64
3ee866b3,3f2b1c69
3ee86966,3f2b196c
3ee86c19,3f2b1670
3ee86ecc,3f2b1375
3ee87180,3f2b1078
3ee87433,3f2b0d7d
3ee876e6,3f2b0a81
3ee87999,3f2b0786
3ee87c4c,3f2b048a
3ee87f00,3f2b018e
3ee881b3,3f2afe92
3ee88466,3f2afb98
3ee88719,3f2af89c
3ee889cc,3f2af5a0
3ee88c80,3f2af2a4
3ee88f33,3f2aefaa
3ee891e6,3f2aecae
3ee89499,3f2ae9b3
3ee8974c,3f2ae6b8
3ee89a00,3f2ae3bc
3ee89cb3,3f2ae0c1
3ee89f66,3f2addc6
3ee8a219,3f2adacb
3ee8a4cc,3f2ad7d1
3ee8a780,3f2ad4d4
3ee8aa33,3f2ad1da
3ee8ace6,3f2acedf
3ee8af99,3f2acbe4
3ee8b24c,3f2ac8ea
3ee8b500,3f2ac5ee
3ee8b7b3,3f2ac2f4
3ee8ba66,3f2abff9
3ee8bd19,3f2abcfe
3ee8bfcc,3f2aba04
3ee8c280,3f2ab708
3ee8c533,3f2ab40e
3ee8c7e6,3f2ab114
3ee8ca99,3f2aae1a
3ee8cd4c,3f2aab20
3ee8d000,3f2aa825
3ee8d2b3,3f2aa52a
3ee8d566,3f2aa230
3ee8d819,3f2a9f36
3ee8dacc,3f2a9c3d
3ee8dd80,3f2a9941
3ee8e033,3f2a9647
3ee8e2e6,3f2a934e
3ee8e599,3f2a9054
3ee8e84c,3f2a8d59
3ee8eb00,3f2a8a5f
3ee8edb3,3f2a8765
3ee8f066,3f2a846c
3ee8f319,3f2a8172
3ee8f5cc,3f2a7e78
3ee8f880,3f2a7b7e
3ee8fb33,3f2a7885
3ee8fde6,3f2a758a
3ee90099,3f2a7291
3ee9034c,3f2a6f98
3ee90600,3f2a6c9e
3ee908b3,3f2a69a4
3ee90b66,3f2a66aa
3ee90e19,3f2a63b1
3ee910cc,3f2a60b8
3ee91380,3f2a5dbe
3ee91633,3f2a5ac5
3ee918e6,3f2a57cc
3ee91b99,3f2a54d4
3ee91e4c,3f2a51da
3ee92100,3f2a4ee0
3ee923b3,3f2a4be7
3ee92666,3f2a48ee
3ee92919,3f2a45f6
3ee92bcc,3f2a42fd
3ee92e80,3f2a4003
3ee93133,3f2a3d0b
3ee933e6,3f2a3a12
3ee93699,3f2a3719
3ee9394c,3f2a3420
3ee93c00,3f2a3126
3ee93eb3,3f2a2e2e
3ee94166,3f2a2b36
3ee94419,3f2a283d
3ee946cc,3f2a2545
3ee94980,3f2a224c
3ee94c33,3f2a1f53
3ee94ee6,3f2a1c5b
3ee95199,3f2a1963
3ee9544c,3f2a166b
3ee95700,3f2a1371
3ee959b3,3f2a1079
3ee95c66,3f2a0d82
3ee95f19,3f2a0a8a
3ee961cc,3f2a0792
3ee96480,3f2a0499
3ee96733,3f2a01a1
3ee969e6,3f29fea9
3ee96c99,3f29fbb2
3ee96f4c,3f29f8ba
3ee97200,3f29f5c1
3ee974b3,3f29f2c9
3ee97766,3f29efd1
3ee97a19,3f29ecda
3ee97ccc,3f29e9e2
3ee97f80,3f29e6ea
3ee98233,3f29e3f3
3ee984e6,3f29e0fb
3ee98799,3f29de04
3ee98a4c,3f29db0c
3ee98d00,3f29d814
3ee98fb3,3f29d51c
3ee99266,3f29d226
3ee99519,3f29cf2f
3ee997cc,3f29cc37
3ee99a80,3f29c93f
3ee99d33,3f29c648
3ee99fe6,3f29c352
3ee9a299,3f29c05a
3ee9a54c,3f29bd63
3ee9a800,3f29ba6b
3ee9aab3,3f29b774
3ee9ad66,3f29b47e
3ee9b019,3f29b187
3ee9b2cc,3f29ae90
3ee9b580,3f29ab98
3ee9b833,3f29a8a2
3ee9bae6,3f29a5ab
3ee9bd99,3f29a2b5
3ee9c04c,3f299fbf
3ee9c300,3f299cc7
3ee9c5b3,3f2999d0
3ee9c866,3f2996da
3ee9cb19,3f2993e4
3ee9cdcc,3f2990ed
3ee9d080,3f298df6
3ee9d333,3f298b00
3ee9d5e6,3f298809
3ee9d899,3f298514
3ee9db4c,3f29821e
3ee9de00,3f297f26
3ee9e0b3,3f297c31
3ee9e366,3f29793a
3ee9e619,3f297644
3ee9e8cc,3f29734f
3ee9eb80,3f297057
3ee9ee33,3f296d62
3ee9f0e6,3f296a6c
3ee9f399,3f296776
3ee9f64c,3f296481
3ee9f900,3f29618a
3ee9fbb3,3f295e95
3ee9fe66,3f295b9f
3eea0119,3f2958aa
3eea03cc,3f2955b4
3eea0680,3f2952be
3eea0933,3f294fc8
3eea0be6,3f294cd3
3eea0e99,3f2949dd
3eea114c,3f2946e8
3eea1400,3f2943f2
3eea16b3,3f2940fd
3eea1966,3f293e07
3eea1c19,3f293b13
3eea1ecc,3f29381d
3eea2180,3f293527
3eea2433,3f293232
3eea26e6,3f292f3d
3eea2999,3f292c48
3eea2c4c,3f292953
3eea2f00,3f29265e
3eea31b3,3f292369
3eea3466,3f292074
3eea3719,3f291d7f
3eea39cc,3f291a8b
3eea3c80,3f291794
3eea3f33,3f2914a0
3eea41e6,3f2911ac
3eea4499,3f290eb7
3eea474c,3f290bc3
3eea4a00,3f2908ce
3eea4cb3,3f2905d9
3eea4f66,3f2902e5
3eea5219,3f28fff1
3eea54cc,3f28fcfc
3eea5780,3f28fa07
3eea5a33,3f28f713
3eea5ce6,3f28f41e
3eea5f99,3f28f12a
3eea624c,3f28ee37
3eea6500,3f28eb42
3eea67b3,3f28e84d
3eea6a66,3f28e55a
3eea6d19,3f28e266
3eea6fcc,3f28df71
3eea7280,3f28dc7d
3eea7533,3f28d989
3eea77e6,3f28d696
3eea7a99,3f28d3a2
3eea7d4c,3f28d0ae
3eea8000,3f28cdb9
3eea82b3,3f28cac6
3eea8566,3f28c7d3
3eea8819,3f28c4df
3eea8acc,3f28c1eb
3eea8d80,3f28bef7
3eea9033,3f28bc04
3eea92e6,3f28b911
3eea9599,3f28b61e
3eea984c,3f28b32a
3eea9b00,3f28b035
3eea9db3,3f28ad42
3eeaa066,3f28aa50
3eeaa319,3f28a75d
3eeaa5cc,3f28a46a
3eeaa880,3f28a176
3eeaab33,3f289e82
3eeaade6,3f289b8f
3eeab099,3f28989c
3eeab34c,3f2895aa
3eeab600,3f2892b6
3eeab8b3,3f288fc3
3eeabb66,3f288cd1
3eeabe19,3f2889de
3eeac0cc,3f2886eb
3eeac380,3f2883f8
3eeac633,3f288105
3eeac8e6,3f287e13
3eeacb99,3f287b20
3eeace4c,3f28782e
3eead100,3f28753b
3eead3b3,3f287248
3eead666,3f286f56
3eead919,3f286c64
3eeadbcc,3f286972
3eeade80,3f28667e
3eeae133,3f28638c
3eeae3e6,3f28609a
3eeae699,3f285da8
3eeae94c,3f285ab6
3eeaec00,3f2857c3
3eeaeeb3,3f2854d1
3eeaf166,3f2851df
3eeaf419,3f284eed
3eeaf6cc,3f284bfb
3eeaf980,3f284908
3eeafc33,3f284616
3eeafee6,3f284325
3eeb0199,3f284034
3eeb044c,3f283d42
3eeb0700,3f283a4f
3eeb09b3,3f28375e
3eeb0c66,3f28346c
3eeb0f19,3f28317a
3eeb11cc,3f282e8a
3eeb1480,3f282b97
3eeb1733,3f2828a6
3eeb19e6,3f2825b4
3eeb1c99,3f2822c3
3eeb1f4c,3f281fd2
3eeb2200,3f281ce0
3eeb24b3,3f2819ef
3eeb2766,3f2816fe
3eeb2a19,3f28140c
3eeb2ccc,3f28111c
3eeb2f80,3f280e2a
3eeb3233,3f280b39
3eeb34e6,3f280848
3eeb3799,3f280557
3eeb3a4c,3f280267
3eeb3d00,3f27ff74
3eeb3fb3,3f27fc83
3eeb4266,3f27f994
3eeb4519,3f27f6a3
3eeb47cc,3f27f3b2
3eeb4a80,3f27f0c0
3eeb4d33,3f27edd0
3eeb4fe6,3f27eadf
3eeb5299,3f27e7ef
3eeb554c,3f27e4ff
3eeb5800,3f27e20d
3eeb5ab3,3f27df1c
3eeb5d66,3f27dc2d
3eeb6019,3f27d93c
3eeb62cc,3f27d64c
3eeb6580,3f27d35b
3eeb6833,3f27d06b
3eeb6ae6,3f27cd7a
3eeb6d99,3f27ca8b
3eeb704c,3f27c79a
3eeb7300,3f27c4aa
3eeb75b3,3f27c1ba
3eeb7866,3f27beca
3eeb7b19,3f27bbda
3eeb7dcc,3f27b8ea
3eeb8080,3f27b5fa
3eeb8333,3f27b30a
3eeb85e6,3f27b01b
3eeb8899,3f27ad2b
3eeb8b4c,3f27aa3c
3eeb8e00,3f27a74a
3eeb90b3,3f27a45c
3eeb9366,3f27a16c
3eeb9619,3f279e7d
3eeb98cc,3f279b8d
3eeb9b80,3f27989d
3eeb9e33,3f2795ad
3eeba0e6,3f2792be
3eeba399,3f278fcf
3eeba64c,3f278ce0
3eeba900,3f2789ef
3eebabb3,3f278701
3eebae66,3f278411
3eebb119,3f278122
3eebb3cc,3f277e34
3eebb680,3f277b43
3eebb933,3f277855
3eebbbe6,3f277565
3eebbe99,3f277277
3eebc14c,3f276f88
3eebc400,3f276c98
3eebc6b3,3f2769aa
3eebc966,3f2766bb
3eebcc19,3f2763cd
3eebcecc,3f2760de
3eebd180,3f275dee
3eebd433,3f275b00
3eebd6e6,3f275812
3eebd999,3f275523
3eebdc4c,3f275235
3eebdf00,3f274f46
3eebe1b3,3f274c57
3eebe466,3f274969
3eebe719,3f27467b
3eebe9cc,3f27438c
3eebec80,3f27409d
3eebef33,3f273daf
3eebf1e6,3f273ac2
3eebf499,3f2737d3
3eebf74c,3f2734e5
3eebfa00,3f2731f7
3eebfcb3,3f272f08
3eebff66,3f272c1a
3eec0219,3f27292d
3eec04cc,3f27263f
3eec0780,3f272350
3eec0a33,3f272062
3eec0ce6,3f271d75
3eec0f99,3f271a88
3eec124c,3f27179a
3eec1500,3f2714ac
3eec17b3,3f2711bd
3eec1a66,3f270ed0
3eec1d19,3f270be3
3eec1fcc,3f2708f6
3eec2280,3f270608
3eec2533,3f27031a
3eec27e6,3f27002c
3eec2a99,3f26fd3f
3eec2d4c,3f26fa52
3eec3000,3f26f764
3eec32b3,3f26f477
3eec3566,3f26f18a
3eec3819,3f26ee9e
3eec3acc,3f26ebb1
3eec3d80,3f26e8c3
3eec4033,3f26e5d6
3eec42e6,3f26e2e8
3eec4599,3f26dffc
3eec484c,3f26dd0f
3eec4b00,3f26da21
3eec4db3,3f26d735
3eec5066,3f26d448
3eec5319,3f26d15b
3eec55cc,3f26ce6f
3eec5880,3f26cb81
3eec5b33,3f26c895
3eec5de6,3f26c5a8
3eec6099,3f26c2bc
3eec634c,3f26bfd0
3eec6600,3f26bce2
3eec68b3,3f26b9f6
3eec6b66,3f26b70a
3eec6e19,3f26b41e
3eec70cc,3f26b132
3eec7380,3f26ae44
3eec7633,3f26ab59
3eec78e6,3f26a86d
3eec7b99,3f26a581
3eec7e4c,3f26a295
3eec8100,3f269fa8
3eec83b3,3f269cbc
3eec8666,3f2699d0
3eec8919,3f2696e4
3eec8bcc,3f2693f8
3eec8e80,3f26910c
3eec9133,3f268e21
3eec93e6,3f268b35
3eec9699,3f268849
3eec994c,3f26855d
3eec9c00,3f268271
3eec9eb3,3f267f85
3eeca166,3f267c9b
3eeca419,3f2679af
3eeca6cc,3f2676c4
3eeca980,3f2673d7
3eecac33,3f2670ec
3eecaee6,3f266e01
3eecb199,3f266b16
3eecb44c,3f26682a
3eecb700,3f26653e
3eecb9b3,3f266254
3eecbc66,3f265f68
3eecbf19,3f265c7d
3eecc1cc,3f265992
3eecc480,3f2656a6
3eecc733,3f2653bc
3eecc9e6,3f2650d1
3eeccc99,3f264de6
3eeccf4c,3f264afc
3eecd200,3f264810
3eecd4b3,3f264525
3eecd766,3f26423b
3eecda19,3f263f50
3eecdccc,3f263c65
3eecdf80,3f26397a
3eece233,3f26368f
3eece4e6,3f2633a5
3eece799,3f2630bb
3eecea4c,3f262dd0
3eeced00,3f262ae4
3eecefb3,3f2627fb
3eecf266,3f262510
3eecf519,3f262226
3eecf7cc,3f261f3c
3eecfa80,3f261c51
3eecfd33,3f261967
3eecffe6,3f26167d
3eed0299,3f261392
3eed054c,3f2610a9
3eed0800,3f260dbe
3eed0ab3,3f260ad4
3eed0d66,3f2607ea
3eed1019,3f260501
3eed12cc,3f260217
3eed1580,3f25ff2c
3eed1833,3f25fc42
3eed1ae6,3f25f959
3eed1d99,3f25f66f
3eed204c,3f25f386
3eed2300,3f25f09b
3eed25b3,3f25edb2
3eed2866,3f25eac8
3eed2b19,3f25e7df
3eed2dcc,3f25e4f6
3eed3080,3f25e20c
3eed3333,3f25df22
3eed35e6,3f25dc39
3eed3899,3f25d950
3eed3b4c,3f25d667
3eed3e00,3f25d37d
3eed40b3,3f25d093
3eed4366,3f25cdab
3eed4619,3f25cac1
3eed48cc,3f25c7d9
3eed4b80,3f25c4ef
3eed4e33,3f25c206
3eed50e6,3f25bf1d
3eed5399,3f25bc34
3eed564c,3f25b94b
3eed5900,3f25b662
3eed5bb3,3f25b379
3eed5e66,3f25b091
3eed6119,3f25ada8
3eed63cc,3f25aabf
3eed6680,3f25a7d6
3eed6933,3f25a4ee
3eed6be6,3f25a205
3eed6e99,3f259f1d
3eed714c,3f259c35
3eed7400,3f25994c
3eed76b3,3f259663
3eed7966,3f25937b
3eed7c19,3f259093
3eed7ecc,3f258daa
3eed8180,3f258ac1
3eed8433,3f2587d9
3eed86e6,3f2584f1
3eed8999,3f25820a
3eed8c4c,3f257f21
3eed8f00,3f257c38
3eed91b3,3f257951
3eed9466,3f257669
3eed9719,3f257381
3eed99cc,3f257099
3eed9c80,3f256db0
3eed9f33,3f256ac9
3eeda1e6,3f2567e2
3eeda499,3f2564fa
3eeda74c,3f256212
3eedaa00,3f255f29
3eedacb3,3f255c42
3eedaf66,3f25595b
3eedb219,3f255674
3eedb4cc,3f25538c
3eedb780,3f2550a4
3eedba33,3f254dbc
3eedbce6,3f254ad5
3eedbf99,3f2547ee
3eedc24c,3f254507
3eedc500,3f25421f
3eedc7b3,3f253f38
3eedca66,3f253c51
3eedcd19,3f25396a
3eedcfcc,3f253683
3eedd280,3f25339b
3eedd533,3f2530b4
3eedd7e6,3f252dce
3eedda99,3f252ae7
3eeddd4c,3f252800
3eede000,3f252518
3eede2b3,3f252232
3eede566,3f251f4b
3eede819,3f251c65
3eedeacc,3f25197e
3eeded80,3f251697
3eedf033,3f2513b0
3eedf2e6,3f2510ca
3eedf599,3f250de3
3eedf84c,3f250afd
3eedfb00,3f250815
3eedfdb3,3f25052f
3eee0066,3f250249
3eee0319,3f24ff63
3eee05cc,3f24fc7c
3eee0880,3f24f995
3eee0b33,3f24f6af
3eee0de6,3f24f3ca
3eee1099,3f24f0e4
3eee134c,3f24edfe
3eee1600,3f24eb17
3eee18b3,3f24e831
3eee1b66,3f24e54b
3eee1e19,3f24e265
3eee20cc,3f24df80
3eee2380,3f24dc99
3eee2633,3f24d9b3
3eee28e6,3f24d6ce
3eee2b99,3f24d3e8
3eee2e4c,3f24d102
3eee3100,3f24ce1c
3eee33b3,3f24cb37
3eee3666,3f24c851
3eee3919,3f24c56b
3eee3bcc,3f24c286
3eee3e80,3f24bfa0
3eee4133,3f24bcbb
3eee43e6,3f24b9d5
3eee4699,3f24b6f0
3eee494c,3f24b40c
3eee4c00,3f24b125
3eee4eb3,3f24ae40
3eee5166,3f24ab5b
3eee5419,3f24a876
3eee56cc,3f24a591
3eee5980,3f24a2ab
3eee5c33,3f249fc6
3eee5ee6,3f249ce2
3eee6199,3f2499fc
3eee644c,3f249718
3eee6700,3f249432
3eee69b3,3f24914d
3eee6c66,3f248e68
3eee6f19,3f248b84
3eee71cc,3f2488a0
3eee7480,3f2485bb
3eee7733,3f2482d6
3eee79e6,3f247ff1
3eee7c99,3f247d0d
3eee7f4c,3f247a29
3eee8200,3f247744
3eee84b3,3f24745f
3eee8766,3f24717a
3eee8a19,3f246e97
3eee8ccc,3f246bb2
3eee8f80,3f2468ce
3eee9233,3f2465e9
3eee94e6,3f246306
3eee9799,3f246021
3eee9a4c,3f245d3d
3eee9d00,3f245a58
3eee9fb3,3f245774
3eeea266,3f245491
3eeea519,3f2451ad
3eeea7cc,3f244ec9
3eeeaa80,3f244be4
3eeead33,3f244901
3eeeafe6,3f24461d
3eeeb299,3f24433a
3eeeb54c,3f244056
3eeeb800,3f243d71
3eeebab3,3f243a8e
3eeebd66,3f2437aa
3eeec019,3f2434c8
3eeec2cc,3f2431e4
3eeec580,3f242f00
3eeec833,3f242c1c
3eeecae6,3f242939
3eeecd99,3f242656
3eeed04c,3f242373
3eeed300,3f24208f
3eeed5b3,3f241dab
3eeed866,3f241ac8
3eeedb19,3f2417e6
3eeeddcc,3f241502
3eeee080,3f24121f
3eeee333,3f240f3c
3eeee5e6,3f240c59
3eeee899,3f240976
3eeeeb4c,3f240694
3eeeee00,3f2403af
3eeef0b3,3f2400cd
3eeef366,3f23fdea
3eeef619,3f23fb07
3eeef8cc,3f23f825
3eeefb80,3f23f542
3eeefe33,3f23f25f
3eef00e6,3f23ef7c
3eef0399,3f23ec9a
3eef064c,3f23e9b8
3eef0900,3f23e6d4
3eef0bb3,3f23e3f2
3eef0e66,3f23e110
3eef1119,3f23de2e
3eef13cc,3f23db4b
3eef1680,3f23d868
3eef1933,3f23d586
3eef1be6,3f23d2a5
3eef1e99,3f23cfc2
3eef214c,3f23cce0
3eef2400,3f23c9fd
3eef26b3,3f23c71b
3eef2966,3f23c43a
3eef2c19,3f23c158
3eef2ecc,3f23be76
3eef3180,3f23bb93
3eef3433,3f23b8b1
3eef36e6,3f23b5d0
3eef3999,3f23b2ee
3eef3c4c,3f23b00d
3eef3f00,3f23ad2a
3eef41b3,3f23aa48
3eef4466,3f23a767
3eef4719,3f23a485
3eef49cc,3f23a1a4
3eef4c80,3f239ec2
3eef4f33,3f239be1
3eef51e6,3f2398ff
3eef5499,3f23961e
3eef574c,3f23933d
3eef5a00,3f23905b
3eef5cb3,3f238d7a
3eef5f66,3f238a99
3eef6219,3f2387b8
3eef64cc,3f2384d6
3eef6780,3f2381f4
3eef6a33,3f237f14
3eef6ce6,3f237c32
3eef6f99,3f237952
3eef724c,3f237672
3eef7500,3f237390
3eef77b3,3f2370af
3eef7a66,3f236dcf
3eef7d19,3f236aee
3eef7fcc,3f23680d
3eef8280,3f23652c
3eef8533,3f23624b
3eef87e6,3f235f6b
3eef8a99,3f235c8a
3eef8d4c,3f2359aa
3eef9000,3f2356c8
3eef92b3,3f2353e8
3eef9566,3f235107
3eef9819,3f234e27
3eef9acc,3f234b48
3eef9d80,3f234866
3eefa033,3f234586
3eefa2e6,3f2342a6
3eefa599,3f233fc6
3eefa84c,3f233ce6
3eefab00,3f233a04
3eefadb3,3f233724
3eefb066,3f233445
3eefb319,3f233165
3eefb5cc,3f232e85
3eefb880,3f232ba4
3eefbb33,3f2328c4
3eefbde6,3f2325e6
3eefc099,3f232306
3eefc34c,3f232026
3eefc600,3f231d45
3eefc8b3,3f231a66
3eefcb66,3f231787
3eefce19,3f2314a7
3eefd0cc,3f2311c7
3eefd380,3f230ee8
3eefd633,3f230c08
3eefd8e6,3f230928
3eefdb99,3f230649
3eefde4c,3f23036a
3eefe100,3f23008a
3eefe3b3,3f22fdaa
3eefe666,3f22facc
3eefe919,3f22f7ed
3eefebcc,3f22f50d
3eefee80,3f22f22d
3eeff133,3f22ef4f
3eeff3e6,3f22ec70
3eeff699,3f22e990
3eeff94c,3f22e6b2
3eeffc00,3f22e3d2
3eeffeb3,3f22e0f4
3ef00166,3f22de15
3ef00419,3f22db36
3ef006cc,3f22d858
3ef00980,3f22d578
3ef00c33,3f22d299
3ef00ee6,3f22cfbb
3ef01199,3f22ccdc
3ef0144c,3f22c9fe
3ef01700,3f22c71e
3ef019b3,3f22c440
3ef01c66,3f22c162
3ef01f19,3f22be83
3ef021cc,3f22bba5
3ef02480,3f22b8c6
3ef02733,3f22b5e8
3ef029e6,3f22b30a
3ef02c99,3f22b02c
3ef02f4c,3f22ad4d
3ef03200,3f22aa6f
3ef034b3,3f22a790
3ef03766,3f22a4b3
3ef03a19,3f22a1d5
3ef03ccc,3f229ef7
3ef03f80,3f229c18
3ef04233,3f22993b
3ef044e6,3f22965c
3ef04799,3f22937f
3ef04a4c,3f2290a2
3ef04d00,3f228dc3
3ef04fb3,3f228ae6
3ef05266,3f228807
3ef05519,3f22852a
3ef057cc,3f22824c
3ef05a80,3f227f6e
3ef05d33,3f227c91
3ef05fe6,3f2279b3
3ef06299,3f2276d7
3ef0654c,3f2273fa
3ef06800,3f22711b
3ef06ab3,3f226e3e
3ef06d66,3f226b60
3ef07019,3f226883
3ef072cc,3f2265a7
3ef07580,3f2262c8
3ef07833,3f225feb
3ef07ae6,3f225d0f
3ef07d99,3f225a31
3ef0804c,3f225755
3ef08300,3f225477
3ef085b3,3f22519a
3ef08866,3f224ebd
3ef08b19,3f224be1
3ef08dcc,3f224904
3ef09080,3f224626
3ef09333,3f22434a
3ef095e6,3f22406d
3ef09899,3f223d91
3ef09b4c,3f223ab4
3ef09e00,3f2237d7
3ef0a0b3,3f2234fa
3ef0a366,3f22321e
3ef0a619,3f222f42
3ef0a8cc,3f222c65
3ef0ab80,3f222988
3ef0ae33,3f2226ac
3ef0b0e6,3f2223d0
3ef0b399,3f2220f4
3ef0b64c,3f221e17
3ef0b900,3f221b3a
3ef0bbb3,3f22185e
3ef0be66,3f221583
3ef0c119,3f2212a7
3ef0c3cc,3f220fcb
3ef0c680,3f220cee
3ef0c933,3f220a12
3ef0cbe6,3f220736
3ef0ce99,3f22045a
3ef0d14c,3f22017f
3ef0d400,3f21fea2
3ef0d6b3,3f21fbc7
3ef0d966,3f21f8eb
3ef0dc19,3f21f610
3ef0decc,3f21f334
3ef0e180,3f21f058
3ef0e433,3f21ed7d
3ef0e6e6,3f21eaa0
3ef0e999,3f21e7c6
3ef0ec4c,3f21e4ea
3ef0ef00,3f21e20e
3ef0f1b3,3f21df32
3ef0f466,3f21dc57
3ef0f719,3f21d97c
3ef0f9cc,3f21d6a1
3ef0fc80,3f21d3c5
3ef0ff33,3f21d0ea
3ef101e6,3f21ce10
3ef10499,3f21cb34
3ef1074c,3f21c85a
3ef10a00,3f21c57e
3ef10cb3,3f21c2a3
3ef10f66,3f21bfc8
3ef11219,3f21bced
3ef114cc,3f21ba12
3ef11780,3f21b737
3ef11a33,3f21b45c
3ef11ce6,3f21b181
3ef11f99,3f21aea7
3ef1224c,3f21abcc
3ef12500,3f21a8f0
3ef127b3,3f21a616
3ef12a66,3f21a33c
3ef12d19,3f21a062
3ef12fcc,3f219d87
3ef13280,3f219aac
3ef13533,3f2197d1
3ef137e6,3f2194f7
3ef13a99,3f21921e
3ef13d4c,3f218f43
3ef14000,3f218c68
3ef142b3,3f21898e
3ef14566,3f2186b4
3ef14819,3f2183da
3ef14acc,3f218100
3ef14d80,3f217e25
3ef15033,3f217b4b
3ef152e6,3f217871
3ef15599,3f217598
3ef1584c,3f2172be
3ef15b00,3f216fe3
3ef15db3,3f216d09
3ef16066,3f216a30
3ef16319,3f216756
3ef165cc,3f21647d
3ef16880,3f2161a2
3ef16b33,3f215ec9
3ef16de6,3f215bef
3ef17099,3f215916
3ef1734c,3f21563d
3ef17600,3f215362
3ef178b3,3f215089
3ef17b66,3f214db0
3ef17e19,3f214ad7
3ef180cc,3f2147fd
3ef18380,3f214524
3ef18633,3f21424a
3ef188e6,3f213f71
3ef18b99,3f213c98
3ef18e4c,3f2139bf
3ef19100,3f2136e6
3ef193b3,3f21340c
3ef19666,3f213133
3ef19919,3f212e5b
3ef19bcc,3f212b82
3ef19e80,3f2128a8
3ef1a133,3f2125d0
3ef1a3e6,3f2122f6
3ef1a699,3f21201e
3ef1a94c,3f211d45
3ef1ac00,3f211a6c
3ef1aeb3,3f211793
3ef1b166,3f2114bb
3ef1b419,3f2111e3
3ef1b6cc,3f210f0a
3ef1b980,3f210c31
3ef1bc33,3f210958
3ef1bee6,3f210680
3ef1c199,3f2103a8
3ef1c44c,3f2100d0
3ef1c700,3f20fdf6
3ef1c9b3,3f20fb1f
3ef1cc66,3f20f847
3ef1cf19,3f20f56e
3ef1d1cc,3f20f297
3ef1d480,3f20efbd
3ef1d733,3f20ece6
3ef1d9e6,3f20ea0d
3ef1dc99,3f20e736
3ef1df4c,3f20e45e
3ef1e200,3f20e185
3ef1e4b3,3f20deae
3ef1e766,3f20dbd6
3ef1ea19,3f20d8fe
3ef1eccc,3f20d627
3ef1ef80,3f20d34e
3ef1f233,3f20d077
3ef1f4e6,3f20cda0
3ef1f799,3f20cac7
3ef1fa4c,3f20c7f0
3ef1fd00,3f20c517
3ef1ffb3,3f20c240
3ef20266,3f20bf69
3ef20519,3f20bc91
3ef207cc,3f20b9bb
3ef20a80,3f20b6e3
3ef20d33,3f20b40c
3ef20fe6,3f20b134
3ef21299,3f20ae5d
3ef2154c,3f20ab86
3ef21800,3f20a8ae
3ef21ab3,3f20a5d7
3ef21d66,3f20a300
3ef22019,3f20a02a
3ef222cc,3f209d52
3ef22580,3f209a7b
3ef22833,3f2097a4
3ef22ae6,3f2094ce
3ef22d99,3f2091f6
3ef2304c,3f208f20
3ef23300,3f208c48
3ef235b3,3f208972
3ef23866,3f20869c
3ef23b19,3f2083c4
3ef23dcc,3f2080ee
3ef24080,3f207e17
3ef24333,3f207b41
3ef245e6,3f20786a
3ef24899,3f207594
3ef24b4c,3f2072bd
3ef24e00,3f206fe6
3ef250b3,3f206d10
3ef25366,3f206a3a
3ef25619,3f206764
3ef258cc,3f20648e
3ef25b80,3f2061b7
3ef25e33,3f205ee1
3ef260e6,3f205c0a
3ef26399,3f205934
3ef2664c,3f20565f
3ef26900,3f205388
3ef26bb3,3f2050b2
3ef26e66,3f204ddc
3ef27119,3f204b07
3ef273cc,3f204831
3ef27680,3f20455b
3ef27933,3f204285
3ef27be6,3f203faf
3ef27e99,3f203cda
3ef2814c,3f203a04
3ef28400,3f20372e
3ef286b3,3f203459
3ef28966,3f203183
3ef28c19,3f202eae
3ef28ecc,3f202bd9
3ef29180,3f202902
3ef29433,3f20262d
3ef296e6,3f202358
3ef29999,3f202083
3ef29c4c,3f201dad
3ef29f00,3f201ad7
3ef2a1b3,3f201802
3ef2a466,3f20152e
3ef2a719,3f201258
3ef2a9cc,3f200f84
3ef2ac80,3f200cae
3ef2af33,3f2009d9
3ef2b1e6,3f200704
3ef2b499,3f20042f
3ef2b74c,3f20015b
3ef2ba00,3f1ffe85
3ef2bcb3,3f1ffbb0
3ef2bf66,3f1ff8dc
3ef2c219,3f1ff607
3ef2c4cc,3f1ff333
3ef2c780,3f1ff05d
3ef2ca33,3f1fed88
3ef2cce6,3f1feab4
3ef2cf99,3f1fe7e0
3ef2d24c,3f1fe50c
3ef2d500,3f1fe236
3ef2d7b3,3f1fdf62
3ef2da66,3f1fdc8e
3ef2dd19,3f1fd9ba
3ef2dfcc,3f1fd6e6
3ef2e280,3f1fd410
3ef2e533,3f1fd13c
3ef2e7e6,3f1fce69
3ef2ea99,3f1fcb94
3ef2ed4c,3f1fc8c0
3ef2f000,3f1fc5ec
3ef2f2b3,3f1fc318
3ef2f566,3f1fc044
3ef2f819,3f1fbd70
3ef2facc,3f1fba9d
3ef2fd80,3f1fb7c8
3ef30033,3f1fb4f4
3ef302e6,3f1fb221
3ef30599,3f1faf4d
3ef3084c,3f1fac79
3ef30b00,3f1fa9a4
3ef30db3,3f1fa6d1
3ef31066,3f1fa3fd
3ef31319,3f1fa12b
3ef315cc,3f1f9e57
3ef31880,3f1f9b82
3ef31b33,3f1f98af
3ef31de6,3f1f95dc
3ef32099,3f1f9308
3ef3234c,3f1f9036
3ef32600,3f1f8d61
3ef328b3,3f1f8a8f
3ef32b66,3f1f87bb
3ef32e19,3f1f84e9
3ef330cc,3f1f8215
3ef33380,3f1f7f42
3ef33633,3f1f7c6e
3ef338e6,3f1f799b
3ef33b99,3f1f76c9
3ef33e4c,3f1f73f6
3ef34100,3f1f7122
3ef343b3,3f1f6e4f
3ef34666,3f1f6b7d
3ef34919,3f1f68aa
3ef34bcc,3f1f65d8
3ef34e80,3f1f6304
3ef35133,3f1f6032
3ef353e6,3f1f5d5f
3ef35699,3f1f5a8d
3ef3594c,3f1f57ba
3ef35c00,3f1f54e7
3ef35eb3,3f1f5214
3ef36166,3f1f4f42
3ef36419,3f1f4c70
3ef366cc,3f1f499d
3ef36980,3f1f46cb
3ef36c33,3f1f43f8
3ef36ee6,3f1f4126
3ef37199,3f1f3e54
3ef3744c,3f1f3b82
3ef37700,3f1f38af
3ef379b3,3f1f35dd
3ef37c66,3f1f330b
3ef37f19,3f1f303a
3ef381cc,3f1f2d67
3ef38480,3f1f2a95
3ef38733,3f1f27c2
3ef389e6,3f1f24f1
3ef38c99,3f1f2220
3ef38f4c,3f1f1f4e
3ef39200,3f1f1c7b
3ef394b3,3f1f19aa
3ef39766,3f1f16d8
3ef39a19,3f1f1406
3ef39ccc,3f1f1135
3ef39f80,3f1f0e63
3ef3a233,3f1f0b91
3ef3a4e6,3f1f08c0
3ef3a799,3f1f05ef
3ef3aa4c,3f1f031e
3ef3ad00,3f1f004b
3ef3afb3,3f1efd7a
3ef3b266,3f1efaa9
3ef3b519,3f1ef7d8
3ef3b7cc,3f1ef506
3ef3ba80,3f1ef234
3ef3bd33,3f1eef64
3ef3bfe6,3f1eec93
3ef3c299,3f1ee9c2
3ef3c54c,3f1ee6f1
3ef3c800,3f1ee41f
3ef3cab3,3f1ee14e
3ef3cd66,3f1ede7e
3ef3d019,3f1edbad
3ef3d2cc,3f1ed8dc
3ef3d580,3f1ed60a
3ef3d833,3f1ed33a
3ef3dae6,3f1ed069
3ef3dd99,3f1ecd99
3ef3e04c,3f1ecac8
3ef3e300,3f1ec7f7
3ef3e5b3,3f1ec527
3ef3e866,3f1ec256
3ef3eb19,3f1ebf85
3ef3edcc,3f1ebcb5
3ef3f080,3f1eb9e4
3ef3f333,3f1eb714
3ef3f5e6,3f1eb443
3ef3f899,3f1eb173
3ef3fb4c,3f1eaea3
3ef3fe00,3f1eabd2
3ef400b3,3f1ea902
3ef40366,3f1ea632
3ef40619,3f1ea362
3ef408cc,3f1ea092
3ef40b80,3f1e9dc2
3ef40e33,3f1e9af2
3ef410e6,3f1e9822
3ef41399,3f1e9552
3ef4164c,3f1e9282
3ef41900,3f1e8fb2
3ef41bb3,3f1e8ce2
3ef41e66,3f1e8a12
3ef42119,3f1e8743
3ef423cc,3f1e8473
3ef42680,3f1e81a2
3ef42933,3f1e7ed3
3ef42be6,3f1e7c03
3ef42e99,3f1e7934
3ef4314c,3f1e7665
3ef43400,3f1e7394
3ef436b3,3f1e70c6
3ef43966,3f1e6df6
3ef43c19,3f1e6b27
3ef43ecc,3f1e6858
3ef44180,3f1e6588
3ef44433,3f1e62b8
3ef446e6,3f1e5fe9
3ef44999,3f1e5d1a
3ef44c4c,3f1e5a4b
3ef44f00,3f1e577c
3ef451b3,3f1e54ad
3ef45466,3f1e51de
3ef45719,3f1e4f0f
3ef459cc,3f1e4c40
3ef45c80,3f1e4970
3ef45f33,3f1e46a2
3ef461e6,3f1e43d3
3ef46499,3f1e4104
3ef4674c,3f1e3e35
3ef46a00,3f1e3b66
3ef46cb3,3f1e3898
3ef46f66,3f1e35c9
3ef47219,3f1e32fa
3ef474cc,3f1e302c
3ef47780,3f1e2d5d
3ef47a33,3f1e2a8f
3ef47ce6,3f1e27c0
3ef47f99,3f1e24f2
3ef4824c,3f1e2224
3ef48500,3f1e1f54
3ef487b3,3f1e1c86
3ef48a66,3f1e19b9
3ef48d19,3f1e16ea
3ef48fcc,3f1e141c
3ef49280,3f1e114e
3ef49533,3f1e0e7f
3ef497e6,3f1e0bb1
3ef49a99,3f1e08e4
3ef49d4c,3f1e0616
3ef4a000,3f1e0347
3ef4a2b3,3f1e0079
3ef4a566,3f1dfdab
3ef4a819,3f1dfade
3ef4aacc,3f1df810
3ef4ad80,3f1df541
3ef4b033,3f1df274
3ef4b2e6,3f1defa6
3ef4b599,3f1decd8
3ef4b84c,3f1dea0c
3ef4bb00,3f1de73d
3ef4bdb3,3f1de470
3ef4c066,3f1de1a2
3ef4c319,3f1dded5
3ef4c5cc,3f1ddc08
3ef4c880,3f1dd93a
3ef4cb33,3f1dd66c
3ef4cde6,3f1dd3a0
3ef4d099,3f1dd0d2
3ef4d34c,3f1dce06
3ef4d600,3f1dcb37
3ef4d8b3,3f1dc86a
3ef4db66,3f1dc59d
3ef4de19,3f1dc2d0
3ef4e0cc,3f1dc003
3ef4e380,3f1dbd36
3ef4e633,3f1dba68
3ef4e8e6,3f1db79c
3ef4eb99,3f1db4cf
3ef4ee4c,3f1db203
3ef4f100,3f1daf34
3ef4f3b3,3f1dac68
3ef4f666,3f1da99c
3ef4f919,3f1da6cf
3ef4fbcc,3f1da403
3ef4fe80,3f1da135
3ef50133,3f1d9e69
3ef503e6,3f1d9b9c
3ef50699,3f1d98d0
3ef5094c,3f1d9604
3ef50c00,3f1d9336
3ef50eb3,3f1d906a
3ef51166,3f1d8d9e
3ef51419,3f1d8ad1
3ef516cc,3f1d8806
3ef51980,3f1d8538
3ef51c33,3f1d826c
3ef51ee6,3f1d7fa0
3ef52199,3f1d7cd5
3ef5244c,3f1d7a08
3ef52700,3f1d773b
3ef529b3,3f1d7470
3ef52c66,3f1d71a3
3ef52f19,3f1d6ed8
3ef531cc,3f1d6c0c
3ef53480,3f1d6940
3ef53733,3f1d6673
3ef539e6,3f1d63a8
3ef53c99,3f1d60dd
3ef53f4c,3f1d5e10
3ef54200,3f1d5b44
3ef544b3,3f1d5879
3ef54766,3f1d55ae
3ef54a19,3f1d52e2
3ef54ccc,3f1d5016
3ef54f80,3f1d4d4a
3ef55233,3f1d4a7f
3ef554e6,3f1d47b4
3ef55799,3f1d44e9
3ef55a4c,3f1d421e
3ef55d00,3f1d3f51
3ef55fb3,3f1d3c86
3ef56266,3f1d39bb
3ef56519,3f1d36f0
3ef567cc,3f1d3425
3ef56a80,3f1d315a
3ef56d33,3f1d2e8e
3ef56fe6,3f1d2bc3
3ef57299,3f1d28f8
3ef5754c,3f1d262e
3ef57800,3f1d2362
3ef57ab3,3f1d2097
3ef57d66,3f1d1dcd
3ef58019,3f1d1b02
3ef582cc,3f1d1838
3ef58580,3f1d156c
3ef58833,3f1d12a1
3ef58ae6,3f1d0fd6
3ef58d99,3f1d0d0c
3ef5904c,3f1d0a42
3ef59300,3f1d0776
3ef595b3,3f1d04ac
3ef59866,3f1d01e1
3ef59b19,3f1cff17
3ef59dcc,3f1cfc4d
3ef5a080,3f1cf982
3ef5a333,3f1cf6b7
3ef5a5e6,3f1cf3ed
3ef5a899,3f1cf123
3ef5ab4c,3f1cee5a
3ef5ae00,3f1ceb8e
3ef5b0b3,3f1ce8c4
3ef5b366,3f1ce5fb
3ef5b619,3f1ce331
3ef5b8cc,3f1ce067
3ef5bb80,3f1cdd9c
3ef5be33,3f1cdad2
3ef5c0e6,3f1cd808
3ef5c399,3f1cd53f
3ef5c64c,3f1cd275
3ef5c900,3f1ccfaa
3ef5cbb3,3f1ccce0
3ef5ce66,3f1cca18
3ef5d119,3f1cc74e
3ef5d3cc,3f1cc485
3ef5d680,3f1cc1ba
3ef5d933,3f1cbef0
3ef5dbe6,3f1cbc27
3ef5de99,3f1cb95d
3ef5e14c,3f1cb694
3ef5e400,3f1cb3ca
3ef5e6b3,3f1cb101
3ef5e966,3f1cae38
3ef5ec19,3f1cab6e
3ef5eecc,3f1ca8a5
3ef5f180,3f1ca5dc
3ef5f433,3f1ca312
3ef5f6e6,3f1ca049
3ef5f999,3f1c9d80
3ef5fc4c,3f1c9ab8
3ef5ff00,3f1c97ee
3ef601b3,3f1c9525
3ef60466,3f1c925c
3ef60719,3f1c8f94
3ef609cc,3f1c8ccb
3ef60c80,3f1c8a01
3ef60f33,3f1c8738
3ef611e6,3f1c8470
3ef61499,3f1c81a7
3ef6174c,3f1c7ede
3ef61a00,3f1c7c14
3ef61cb3,3f1c794c
3ef61f66,3f1c7684
3ef62219,3f1c73bc
3ef624cc,3f1c70f3
3ef62780,3f1c6e2a
3ef62a33,3f1c6b62
3ef62ce6,3f1c6899
3ef62f99,3f1c65d1
3ef6324c,3f1c6309
3ef63500,3f1c6040
3ef637b3,3f1c5d77
3ef63a66,3f1c5ab0
3ef63d19,3f1c57e7
3ef63fcc,3f1c5520
3ef64280,3f1c5257
3ef64533,3f1c4f8e
3ef647e6,3f1c4cc7
3ef64a99,3f1c49ff
3ef64d4c,3f1c4738
3ef65000,3f1c446e
3ef652b3,3f1c41a6
3ef65566,3f1c3edf
3ef65819,3f1c3c18
3ef65acc,3f1c3950
3ef65d80,3f1c3687
3ef66033,3f1c33c0
3ef662e6,3f1c30f8
3ef66599,3f1c2e31
3ef6684c,3f1c2b69
3ef66b00,3f1c28a1
3ef66db3,3f1c25d9
3ef67066,3f1c2312
3ef67319,3f1c204c
3ef675cc,3f1c1d84
3ef67880,3f1c1abc
3ef67b33,3f1c17f4
3ef67de6,3f1c152e
3ef68099,3f1c1266
3ef6834c,3f1c0f9f
3ef68600,3f1c0cd7
3ef688b3,3f1c0a10
3ef68b66,3f1c074a
3ef68e19,3f1c0482
3ef690cc,3f1c01bc
3ef69380,3f1bfef3
3ef69633,3f1bfc2d
3ef698e6,3f1bf967
3ef69b99,3f1bf69f
3ef69e4c,3f1bf3d9
3ef6a100,3f1bf112
3ef6a3b3,3f1bee4a
3ef6a666,3f1beb84
3ef6a919,3f1be8be
3ef6abcc,3f1be5f7
3ef6ae80,3f1be330
3ef6b133,3f1be06a
3ef6b3e6,3f1bdda3
3ef6b699,3f1bdadd
3ef6b94c,3f1bd817
3ef6bc00,3f1bd54f
3ef6beb3,3f1bd289
3ef6c166,3f1bcfc3
3ef6c419,3f1bccfc
3ef6c6cc,3f1bca36
3ef6c980,3f1bc76f
3ef6cc33,3f1bc4a9
3ef6cee6,3f1bc1e4
3ef6d199,3f1bbf1d
3ef6d44c,3f1bbc57
3ef6d700,3f1bb991
3ef6d9b3,3f1bb6cb
3ef6dc66,3f1bb404
3ef6df19,3f1bb13f
3ef6e1cc,3f1bae79
3ef6e480,3f1babb3
3ef6e733,3f1ba8ed
3ef6e9e6,3f1ba628
3ef6ec99,3f1ba361
3ef6ef4c,3f1ba09c
3ef6f200,3f1b9dd6
3ef6f4b3,3f1b9b10
3ef6f766,3f1b984b
3ef6fa19,3f1b9586
3ef6fccc,3f1b92c0
3ef6ff80,3f1b8ff9
3ef70233,3f1b8d34
3ef704e6,3f1b8a6f
3ef70799,3f1b87aa
3ef70a4c,3f1b84e5
3ef70d00,3f1b821f
3ef70fb3,3f1b7f5a
3ef71266,3f1b7c95
3ef71519,3f1b79d0
3ef717cc,3f1b770b
3ef71a80,3f1b7445
3ef71d33,3f1b7180
3ef71fe6,3f1b6eba
3ef72299,3f1b6bf6
3ef7254c,3f1b6932
3ef72800,3f1b666c
3ef72ab3,3f1b63a6
3ef72d66,3f1b60e1
3ef73019,3f1b5e1d
3ef732cc,3f1b5b58
3ef73580,3f1b5894
3ef73833,3f1b55ce
3ef73ae6,3f1b530a
3ef73d99,3f1b5046
3ef7404c,3f1b4d81
3ef74300,3f1b4abc
3ef745b3,3f1b47f8
3ef74866,3f1b4533
3ef74b19,3f1b426f
3ef74dcc,3f1b3fab
3ef75080,3f1b3ce5
3ef75333,3f1b3a21
3ef755e6,3f1b375d
3ef75899,3f1b3499
3ef75b4c,3f1b31d4
3ef75e00,3f1b2f10
3ef760b3,3f1b2c4c
3ef76366,3f1b2988
3ef76619,3f1b26c4
3ef768cc,3f1b2400
3ef76b80,3f1b213b
3ef76e33,3f1b1e77
3ef770e6,3f1b1bb4
3ef77399,3f1b18f0
3ef7764c,3f1b162c
3ef77900,3f1b1368
3ef77bb3,3f1b10a4
3ef77e66,3f1b0de0
3ef78119,3f1b0b1d
3ef783cc,3f1b085a
3ef78680,3f1b0595
3ef78933,3f1b02d1
3ef78be6,3f1b000f
3ef78e99,3f1afd4b
3ef7914c,3f1afa87
3ef79400,3f1af7c3
3ef796b3,3f1af500
3ef79966,3f1af23d
3ef79c19,3f1aef7a
3ef79ecc,3f1aecb6
3ef7a180,3f1ae9f3
3ef7a433,3f1ae72f
3ef7a6e6,3f1ae46c
3ef7a999,3f1ae1aa
3ef7ac4c,3f1adee7
3ef7af00,3f1adc22
3ef7b1b3,3f1ad960
3ef7b466,3f1ad69d
3ef7b719,3f1ad3da
3ef7b9cc,3f1ad118
3ef7bc80,3f1ace54
3ef7bf33,3f1acb91
3ef7c1e6,3f1ac8cf
3ef7c499,3f1ac60c
3ef7c74c,3f1ac34a
3ef7ca00,3f1ac086
3ef7ccb3,3f1abdc3
3ef7cf66,3f1abb01
3ef7d219,3f1ab83e
3ef7d4cc,3f1ab57c
3ef7d780,3f1ab2b9
3ef7da33,3f1aaff6
3ef7dce6,3f1aad34
3ef7df99,3f1aaa72
3ef7e24c,3f1aa7b0
3ef7e500,3f1aa4ec
3ef7e7b3,3f1aa22b
3ef7ea66,3f1a9f68
3ef7ed19,3f1a9ca6
3ef7efcc,3f1a99e4
3ef7f280,3f1a9722
3ef7f533,3f1a945f
3ef7f7e6,3f1a919e
3ef7fa99,3f1a8edb
3ef7fd4c,3f1a8c1a
3ef80000,3f1a8957
3ef802b3,3f1a8695
3ef80566,3f1a83d3
3ef80819,3f1a8112
3ef80acc,3f1a7e50
3ef80d80,3f1a7b8e
3ef81033,3f1a78cc
3ef812e6,3f1a760a
3ef81599,3f1a7348
3ef8184c,3f1a7087
3ef81b00,3f1a6dc5
3ef81db3,3f1a6b03
3ef82066,3f1a6842
3ef82319,3f1a6580
3ef825cc,3f1a62c0
3ef82880,3f1a5ffe
3ef82b33,3f1a5d3c
3ef82de6,3f1a5a7b
3ef83099,3f1a57ba
3ef8334c,3f1a54f9
3ef83600,3f1a5237
3ef838b3,3f1a4f76
3ef83b66,3f1a4cb5
3ef83e19,3f1a49f4
3ef840cc,3f1a4733
3ef84380,3f1a4471
3ef84633,3f1a41b0
3ef848e6,3f1a3ef0
3ef84b99,3f1a3c2e
3ef84e4c,3f1a396e
3ef85100,3f1a36ac
3ef853b3,3f1a33ec
3ef85666,3f1a312b
3ef85919,3f1a2e6a
3ef85bcc,3f1a2baa
3ef85e80,3f1a28e9
3ef86133,3f1a2628
3ef863e6,3f1a2368
3ef86699,3f1a20a7
3ef8694c,3f1a1de7
3ef86c00,3f1a1b26
3ef86eb3,3f1a1865
3ef87166,3f1a15a5
3ef87419,3f1a12e5
3ef876cc,3f1a1025
3ef87980,3f1a0d64
3ef87c33,3f1a0aa4
3ef87ee6,3f1a07e3
3ef88199,3f1a0523
3ef8844c,3f1a0264
3ef88700,3f19ffa3
3ef889b3,3f19fce3
3ef88c66,3f19fa23
3ef88f19,3f19f764
3ef891cc,3f19f4a3
3ef89480,3f19f1e2
3ef89733,3f19ef23
3ef899e6,3f19ec63
3ef89c99,3f19e9a3
3ef89f4c,3f19e6e4
3ef8a200,3f19e423
3ef8a4b3,3f19e164
3ef8a766,3f19dea5
3ef8aa19,3f19dbe5
3ef8accc,3f19d926
3ef8af80,3f19d665
3ef8b233,3f19d3a6
3ef8b4e6,3f19d0e6
3ef8b799,3f19ce28
3ef8ba4c,3f19cb68
3ef8bd00,3f19c8a8
3ef8bfb3,3f19c5e8
3ef8c266,3f19c32a
3ef8c519,3f19c06a
3ef8c7cc,3f19bdac
3ef8ca80,3f19baec
3ef8cd33,3f19b82d
3ef8cfe6,3f19b56e
3ef8d299,3f19b2af
3ef8d54c,3f19aff0
3ef8d800,3f19ad30
3ef8dab3,3f19aa71
3ef8dd66,3f19a7b2
3ef8e019,3f19a4f3
3ef8e2cc,3f19a235
3ef8e580,3f199f75
3ef8e833,3f199cb6
3ef8eae6,3f1999f8
3ef8ed99,3f19973a
3ef8f04c,3f19947b
3ef8f300,3f1991bc
3ef8f5b3,3f198efd
3ef8f866,3f198c3f
3ef8fb19,3f198980
3ef8fdcc,3f1986c2
3ef90080,3f198403
3ef90333,3f198145
3ef905e6,3f197e86
3ef90899,3f197bc8
3ef90b4c,3f19790a
3ef90e00,3f19764a
3ef910b3,3f19738d
3ef91366,3f1970cf
3ef91619,3f196e11
3ef918cc,3f196b53
3ef91b80,3f196894
3ef91e33,3f1965d6
3ef920e6,3f196318
3ef92399,3f19605a
3ef9264c,3f195d9d
3ef92900,3f195ade
3ef92bb3,3f195820
3ef92e66,3f195562
3ef93119,3f1952a5
3ef933cc,3f194fe7
3ef93680,3f194d29
3ef93933,3f194a6c
3ef93be6,3f1947ae
3ef93e99,3f1944f0
3ef9414c,3f194234
3ef94400,3f193f75
3ef946b3,3f193cb7
3ef94966,3f1939fb
3ef94c19,3f19373d
3ef94ecc,3f19347f
3ef95180,3f1931c2
3ef95433,3f192f04
3ef956e6,3f192c48
3ef95999,3f19298a
3ef95c4c,3f1926cd
3ef95f00,3f192410
3ef961b3,3f192152
3ef96466,3f191e96
3ef96719,3f191bd9
3ef969cc,3f19191b
3ef96c80,3f19165e
3ef96f33,3f1913a1
3ef971e6,3f1910e5
3ef97499,3f190e28
3ef9774c,3f190b6a
3ef97a00,3f1908ad
3ef97cb3,3f1905f0
3ef97f66,3f190334
3ef98219,3f190078
3ef984cc,3f18fdbb
3ef98780,3f18fafe
3ef98a33,3f18f841
3ef98ce6,3f18f586
3ef98f99,3f18f2c9
3ef9924c,3f18f00c
3ef99500,3f18ed4f
3ef997b3,3f18ea93
3ef99a66,3f18e7d7
3ef99d19,3f18e51b
3ef99fcc,3f18e25e
3ef9a280,3f18dfa2
3ef9a533,3f18dce5
3ef9a7e6,3f18da29
3ef9aa99,3f18d76e
3ef9ad4c,3f18d4b1
3ef9b000,3f18d1f5
3ef9b2b3,3f18cf38
3ef9b566,3f18cc7d
3ef9b819,3f18c9c2
3ef9bacc,3f18c705
3ef9bd80,3f18c449
3ef9c033,3f18c18e
3ef9c2e6,3f18bed1
3ef9c599,3f18bc16
3ef9c84c,3f18b95a
3ef9cb00,3f18b69e
3ef9cdb3,3f18b3e2
3ef9d066,3f18b126
3ef9d319,3f18ae6b
3ef9d5cc,3f18abb0
3ef9d880,3f18a8f4
3ef9db33,3f18a638
3ef9dde6,3f18a37d
3ef9e099,3f18a0c2
3ef9e34c,3f189e06
3ef9e600,3f189b4a
3ef9e8b3,3f189890
3ef9eb66,3f1895d5
3ef9ee19,3f18931a
3ef9f0cc,3f18905e
3ef9f380,3f188da2
3ef9f633,3f188ae8
3ef9f8e6,3f18882d
3ef9fb99,3f188571
3ef9fe4c,3f1882b7
3efa0100,3f187ffb
3efa03b3,3f187d41
3efa0666,3f187a86
3efa0919,3f1877cc
3efa0bcc,3f187510
3efa0e80,3f187255
3efa1133,3f186f9a
3efa13e6,3f186ce0
3efa1699,3f186a25
3efa194c,3f18676a
3efa1c00,3f1864af
3efa1eb3,3f1861f5
3efa2166,3f185f3a
3efa2419,3f185c80
3efa26cc,3f1859c6
3efa2980,3f18570b
3efa2c33,3f185451
3efa2ee6,3f185197
3efa3199,3f184edd
3efa344c,3f184c22
3efa3700,3f184968
3efa39b3,3f1846ae
3efa3c66,3f1843f3
3efa3f19,3f184139
3efa41cc,3f183e7f
3efa4480,3f183bc4
3efa4733,3f18390a
3efa49e6,3f183650
3efa4c99,3f183397
3efa4f4c,3f1830dd
3efa5200,3f182e22
3efa54b3,3f182b69
3efa5766,3f1828af
3efa5a19,3f1825f5
3efa5ccc,3f18233c
3efa5f80,3f182081
3efa6233,3f181dc8
3efa64e6,3f181b0e
3efa6799,3f181856
3efa6a4c,3f18159c
3efa6d00,3f1812e2
3efa6fb3,3f181028
3efa7266,3f180d6f
3efa7519,3f180ab6
3efa77cc,3f1807fd
3efa7a80,3f180542
3efa7d33,3f180289
3efa7fe6,3f17ffd0
3efa8299,3f17fd18
3efa854c,3f17fa5f
3efa8800,3f17f7a4
3efa8ab3,3f17f4eb
3efa8d66,3f17f232
3efa9019,3f17ef79
3efa92cc,3f17ecc0
3efa9580,3f17ea07
3efa9833,3f17e74f
3efa9ae6,3f17e496
3efa9d99,3f17e1dd
3efaa04c,3f17df24
3efaa300,3f17dc6a
3efaa5b3,3f17d9b2
3efaa866,3f17d6fa
3efaab19,3f17d441
3efaadcc,3f17d188
3efab080,3f17ced0
3efab333,3f17cc17
3efab5e6,3f17c95e
3efab899,3f17c6a6
3efabb4c,3f17c3ee
3efabe00,3f17c135
3efac0b3,3f17be7c
3efac366,3f17bbc5
3efac619,3f17b90c
3efac8cc,3f17b654
3efacb80,3f17b39c
3eface33,3f17b0e3
3efad0e6,3f17ae2b
3efad399,3f17ab73
3efad64c,3f17a8bb
3efad900,3f17a602
3efadbb3,3f17a34a
3efade66,3f17a093
3efae119,3f179ddb
3efae3cc,3f179b24
3efae680,3f17986b
3efae933,3f1795b3
3efaebe6,3f1792fc
3efaee99,3f179044
3efaf14c,3f178d8c
3efaf400,3f178ad4
3efaf6b3,3f17881c
3efaf966,3f178565
3efafc19,3f1782ad
3efafecc,3f177ff6
3efb0180,3f177d3e
3efb0433,3f177a86
3efb06e6,3f1777cf
3efb0999,3f177518
3efb0c4c,3f177261
3efb0f00,3f176fa8
3efb11b3,3f176cf2
3efb1466,3f176a3a
3efb1719,3f176784
3efb19cc,3f1764cc
3efb1c80,3f176215
3efb1f33,3f175f5d
3efb21e6,3f175ca7
3efb2499,3f1759ef
3efb274c,3f175739
3efb2a00,3f175482
3efb2cb3,3f1751ca
3efb2f66,3f174f14
3efb3219,3f174c5d
3efb34cc,3f1749a7
3efb3780,3f1746ee
3efb3a33,3f174438
3efb3ce6,3f174182
3efb3f99,3f173ecb
3efb424c,3f173c15
3efb4500,3f17395d
3efb47b3,3f1736a7
3efb4a66,3f1733f0
3efb4d19,3f17313a
3efb4fcc,3f172e84
3efb5280,3f172bcc
3efb5533,3f172917
3efb57e6,3f172661
3efb5a99,3f1723aa
3efb5d4c,3f1720f4
3efb6000,3f171e3d
3efb62b3,3f171b88
3efb6566,3f1718d1
3efb6819,3f17161b
3efb6acc,3f171366
3efb6d80,3f1710ae
3efb7033,3f170df9
3efb72e6,3f170b43
3efb7599,3f17088d
3efb784c,3f1705d7
3efb7b00,3f170321
3efb7db3,3f17006b
3efb8066,3f16fdb5
3efb8319,3f16fb00
3efb85cc,3f16f84a
3efb8880,3f16f594
3efb8b33,3f16f2de
3efb8de6,3f16f028
3efb9099,3f16ed73
3efb934c,3f16eabe
3efb9600,3f16e808
3efb98b3,3f16e552
3efb9b66,3f16e29d
3efb9e19,3f16dfe8
3efba0cc,3f16dd33
3efba380,3f16da7d
3efba633,3f16d7c8
3efba8e6,3f16d513
3efbab99,3f16d25e
3efbae4c,3f16cfa8
3efbb100,3f16ccf2
3efbb3b3,3f16ca3d
3efbb666,3f16c789
3efbb919,3f16c4d4
3efbbbcc,3f16c21f
3efbbe80,3f16bf69
3efbc133,3f16bcb5
3efbc3e6,3f16ba00
3efbc699,3f16b74a
3efbc94c,3f16b496
3efbcc00,3f16b1e0
3efbceb3,3f16af2c
3efbd166,3f16ac77
3efbd419,3f16a9c3
3efbd6cc,3f16a70e
3efbd980,3f16a459
3efbdc33,3f16a1a5
3efbdee6,3f169ef0
3efbe199,3f169c3c
3efbe44c,3f169988
3efbe700,3f1696d2
3efbe9b3,3f16941e
3efbec66,3f16916a
3efbef19,3f168eb6
3efbf1cc,3f168c02
3efbf480,3f16894d
3efbf733,3f168698
3efbf9e6,3f1683e4
3efbfc99,3f168130
3efbff4c,3f167e7d
3efc0200,3f167bc8
3efc04b3,3f167915
3efc0766,3f167661
3efc0a19,3f1673ad
3efc0ccc,3f1670f9
3efc0f80,3f166e44
3efc1233,3f166b90
3efc14e6,3f1668dd
3efc1799,3f16662a
3efc1a4c,3f166376
3efc1d00,3f1660c1
3efc1fb3,3f165e0e
3efc2266,3f165b5a
3efc2519,3f1658a7
3efc27cc,3f1655f4
3efc2a80,3f16533f
3efc2d33,3f16508c
3efc2fe6,3f164dd9
3efc3299,3f164b25
3efc354c,3f164872
3efc3800,3f1645be
3efc3ab3,3f16430b
3efc3d66,3f164058
3efc4019,3f163da4
3efc42cc,3f163af2
3efc4580,3f16383e
3efc4833,3f16358b
3efc4ae6,3f1632d8
3efc4d99,3f163025
3efc504c,3f162d72
3efc5300,3f162abe
3efc55b3,3f16280c
3efc5866,3f162559
3efc5b19,3f1622a6
3efc5dcc,3f161ff3
3efc6080,3f161d40
3efc6333,3f161a8d
3efc65e6,3f1617da
3efc6899,3f161529
3efc6b4c,3f161276
3efc6e00,3f160fc2
3efc70b3,3f160d10
3efc7366,3f160a5d
3efc7619,3f1607ac
3efc78cc,3f1604f9
3efc7b80,3f160245
3efc7e33,3f15ff94
3efc80e6,3f15fce1
3efc8399,3f15fa2f
3efc864c,3f15f77d
3efc8900,3f15f4ca
3efc8bb3,3f15f218
3efc8e66,3f15ef66
3efc9119,3f15ecb4
3efc93cc,3f15ea02
3efc9680,3f15e74f
3efc9933,3f15e49d
3efc9be6,3f15e1eb
3efc9e99,3f15df3a
3efca14c,3f15dc87
3efca400,3f15d9d5
3efca6b3,3f15d723
3efca966,3f15d472
3efcac19,3f15d1c0
3efcaecc,3f15cf0f
3efcb180,3f15cc5c
3efcb433,3f15c9ab
3efcb6e6,3f15c6f9
3efcb999,3f15c448
3efcbc4c,3f15c196
3efcbf00,3f15bee4
3efcc1b3,3f15bc32
3efcc466,3f15b981
3efcc719,3f15b6d0
3efcc9cc,3f15b41e
3efccc80,3f15b16d
3efccf33,3f15aebb
3efcd1e6,3f15ac0a
3efcd499,3f15a95a
3efcd74c,3f15a6a8
3efcda00,3f15a3f6
3efcdcb3,3f15a145
3efcdf66,3f159e94
3efce219,3f159be4
3efce4cc,3f159932
3efce780,3f159681
3efcea33,3f1593d0
3efcece6,3f15911f
3efcef99,3f158e6e
3efcf24c,3f158bbe
3efcf500,3f15890c
3efcf7b3,3f15865b
3efcfa66,3f1583ab
3efcfd19,3f1580fa
3efcffcc,3f157e4a
3efd0280,3f157b98
3efd0533,3f1578e8
3efd07e6,3f157637
3efd0a99,3f157387
3efd0d4c,3f1570d7
3efd1000,3f156e26
3efd12b3,3f156b75
3efd1566,3f1568c5
3efd1819,3f156615
3efd1acc,3f156364
3efd1d80,3f1560b3
3efd2033,3f155e03
3efd22e6,3f155b54
3efd2599,3f1558a4
3efd284c,3f1555f4
3efd2b00,3f155342
3efd2db3,3f155093
3efd3066,3f154de3
3efd3319,3f154b33
3efd35cc,3f154884
3efd3880,3f1545d2
3efd3b33,3f154322
3efd3de6,3f154073
3efd4099,3f153dc3
3efd434c,3f153b14
3efd4600,3f153863
3efd48b3,3f1535b4
3efd4b66,3f153305
3efd4e19,3f153055
3efd50cc,3f152da6
3efd5380,3f152af5
3efd5633,3f152845
3efd58e6,3f152596
3efd5b99,3f1522e7
3efd5e4c,3f152038
3efd6100,3f151d87
3efd63b3,3f151ad8
3efd6666,3f151829
3efd6919,3f15157a
3efd6bcc,3f1512cb
3efd6e80,3f15101b
3efd7133,3f150d6c
3efd73e6,3f150abd
3efd7699,3f15080e
3efd794c,3f15055f
3efd7c00,3f1502af
3efd7eb3,3f150001
3efd8166,3f14fd52
3efd8419,3f14faa3
3efd86cc,3f14f7f4
3efd8980,3f14f544
3efd8c33,3f14f296
3efd8ee6,3f14efe7
3efd9199,3f14ed38
3efd944c,3f14ea8a
3efd9700,3f14e7da
3efd99b3,3f14e52d
3efd9c66,3f14e27e
3efd9f19,3f14dfd0
3efda1cc,3f14dd21
3efda480,3f14da72
3efda733,3f14d7c3
3efda9e6,3f14d515
3efdac99,3f14d267
3efdaf4c,3f14cfb8
3efdb200,3f14cd0a
3efdb4b3,3f14ca5c
3efdb766,3f14c7ad
3efdba19,3f14c4ff
3efdbccc,3f14c251
3efdbf80,3f14bfa2
3efdc233,3f14bcf5
3efdc4e6,3f14ba47
3efdc799,3f14b799
3efdca4c,3f14b4eb
3efdcd00,3f14b23d
3efdcfb3,3f14af8f
3efdd266,3f14ace1
3efdd519,3f14aa33
3efdd7cc,3f14a786
3efdda80,3f14a4d7
3efddd33,3f14a229
3efddfe6,3f149f7b
3efde299,3f149cce
3efde54c,3f149a21
3efde800,3f149772
3efdeab3,3f1494c4
3efded66,3f149218
3efdf019,3f148f6a
3efdf2cc,3f148cbd
3efdf580,3f148a0f
3efdf833,3f148761
3efdfae6,3f1484b4
3efdfd99,3f148208
3efe004c,3f147f5a
3efe0300,3f147cac
3efe05b3,3f1479ff
3efe0866,3f147752
3efe0b19,3f1474a5
3efe0dcc,3f1471f8
3efe1080,3f146f4a
3efe1333,3f146c9e
3efe15e6,3f1469f0
3efe1899,3f146743
3efe1b4c,3f146497
3efe1e00,3f1461e9
3efe20b3,3f145f3d
3efe2366,3f145c90
3efe2619,3f1459e4
3efe28cc,3f145737
3efe2b80,3f145489
3efe2e33,3f1451dd
3efe30e6,3f144f30
3efe3399,3f144c84
3efe364c,3f1449d7
3efe3900,3f14472a
3efe3bb3,3f14447d
3efe3e66,3f1441d2
3efe4119,3f143f25
3efe43cc,3f143c79
3efe4680,3f1439cb
3efe4933,3f143720
3efe4be6,3f143473
3efe4e99,3f1431c7
3efe514c,3f142f1b
3efe5400,3f142c6e
3efe56b3,3f1429c2
3efe5966,3f142716
3efe5c19,3f14246b
3efe5ecc,3f1421be
3efe6180,3f141f12
3efe6433,3f141c66
3efe66e6,3f1419ba
3efe6999,3f14170f
3efe6c4c,3f141463
3efe6f00,3f1411b6
3efe71b3,3f140f0a
3efe7466,3f140c5f
3efe7719,3f1409b4
3efe79cc,3f140708
3efe7c80,3f14045b
3efe7f33,3f1401b0
3efe81e6,3f13ff04
3efe8499,3f13fc59
3efe874c,3f13f9ae
3efe8a00,3f13f701
3efe8cb3,3f13f456
3efe8f66,3f13f1ab
3efe9219,3f13ef00
3efe94cc,3f13ec55
3efe9780,3f13e9a9
3efe9a33,3f13e6fe
3efe9ce6,3f13e452
3efe9f99,3f13e1a7
3efea24c,3f13defd
3efea500,3f13dc51
3efea7b3,3f13d9a5
3efeaa66,3f13d6fb
3efead19,3f13d450
3efeafcc,3f13d1a5
3efeb280,3f13cefa
3efeb533,3f13cc4e
3efeb7e6,3f13c9a4
3efeba99,3f13c6f9
3efebd4c,3f13c44f
3efec000,3f13c1a4
3efec2b3,3f13bef8
3efec566,3f13bc4e
3efec819,3f13b9a4
3efecacc,3f13b6f9
3efecd80,3f13b44e
3efed033,3f13b1a4
3efed2e6,3f13aef9
3efed599,3f13ac4e
3efed84c,3f13a9a4
3efedb00,3f13a6f9
3efeddb3,3f13a44f
3efee066,3f13a1a5
3efee319,3f139efb
3efee5cc,3f139c51
3efee880,3f1399a6
3efeeb33,3f1396fc
3efeede6,3f139451
3efef099,3f1391a7
3efef34c,3f138efd
3efef600,3f138c53
3efef8b3,3f1389a9
3efefb66,3f1386ff
3efefe19,3f138455
3eff00cc,3f1381ac
3eff0380,3f137f01
3eff0633,3f137c57
3eff08e6,3f1379ae
3eff0b99,3f137704
3eff0e4c,3f13745a
3eff1100,3f1371b0
3eff13b3,3f136f06
3eff1666,3f136c5d
3eff1919,3f1369b3
3eff1bcc,3f13670a
3eff1e80,3f136460
3eff2133,3f1361b6
3eff23e6,3f135f0d
3eff2699,3f135c64
3eff294c,3f1359ba
3eff2c00,3f135711
3eff2eb3,3f135468
3eff3166,3f1351bf
3eff3419,3f134f15
3eff36cc,3f134c6c
3eff3980,3f1349c2
3eff3c33,3f134719
3eff3ee6,3f134470
3eff4199,3f1341c8
3eff444c,3f133f1f
3eff4700,3f133c75
3eff49b3,3f1339cc
3eff4c66,3f133723
3eff4f19,3f13347a
3eff51cc,3f1331d2
3eff5480,3f132f29
3eff5733,3f132c80
3eff59e6,3f1329d7
3eff5c99,3f13272e
3eff5f4c,3f132486
3eff6200,3f1321dd
3eff64b3,3f131f34
3eff6766,3f131c8c
3eff6a19,3f1319e3
3eff6ccc,3f13173b
3eff6f80,3f131492
3eff7233,3f1311e9
3eff74e6,3f130f42
3eff7799,3f130c99
3eff7a4c,3f1309f1
3eff7d00,3f130748
3eff7fb3,3f1304a0
3eff8266,3f1301f8
3eff8519,3f12ff50
3eff87cc,3f12fca8
3eff8a80,3f12f9ff
3eff8d33,3f12f757
3eff8fe6,3f12f4b0
3eff9299,3f12f207
3eff954c,3f12ef5f
3eff9800,3f12ecb6
3eff9ab3,3f12ea0f
3eff9d66,3f12e767
3effa019,3f12e4c0
3effa2cc,3f12e218
3effa580,3f12df6f
3effa833,3f12dcc8
3effaae6,3f12da20
3effad99,3f12d778
3effb04c,3f12d4d1
3effb300,3f12d229
3effb5b3,3f12cf82
3effb866,3f12ccda
3effbb19,3f12ca33
3effbdcc,3f12c78c
3effc080,3f12c4e4
3effc333,3f12c23c
3effc5e6,3f12bf96
3effc899,3f12bcee
3effcb4c,3f12ba46
3effce00,3f12b79f
3effd0b3,3f12b4f7
3effd366,3f12b251
3effd619,3f12afa9
3effd8cc,3f12ad03
3effdb80,3f12aa5c
3effde33,3f12a7b4
3effe0e6,3f12a50e
3effe399,3f12a267
3effe64c,3f129fc0
3effe900,3f129d18
3effebb3,3f129a72
3effee66,3f1297cb
3efff119,3f129524
3efff3cc,3f12927d
3efff680,3f128fd6
3efff933,3f128d30
3efffbe6,3f128a89
3efffe99,3f1287e3
3f00014c,3f1283f6
3f000400,3f127ea8
3f0006b3,3f12795b
3f000966,3f12740f
3f000c19,3f126ec3
3f000ecc,3f126977
3f001180,3f126428
3f001433,3f125edd
3f0016e6,3f125991
3f001999,3f125446
3f001c4c,3f124efa
3f001f00,3f1249ad
3f0021b3,3f124462
3f002466,3f123f17
3f002719,3f1239cc
3f0029cc,3f123482
3f002c80,3f122f35
3f002f33,3f1229ea
3f0031e6,3f1224a0
3f003499,3f121f57
3f00374c,3f121a0c
3f003a00,3f1214c0
3f003cb3,3f120f77
3f003f66,3f120a2d
3f004219,3f1204e4
3f0044cc,3f11ff9b
3f004780,3f11fa50
3f004a33,3f11f506
3f004ce6,3f11efbe
3f004f99,3f11ea74
3f00524c,3f11e52c
3f005500,3f11dfe2
3f0057b3,3f11da9a
3f005a66,3f11d552
3f005d19,3f11d00a
3f005fcc,3f11cac2
3f006280,3f11c578
3f006533,3f11c030
3f0067e6,3f11bae9
3f006a99,3f11b5a2
3f006d4c,3f11b05a
3f007000,3f11ab12
3f0072b3,3f11a5cb
3f007566,3f11a083
3f007819,3f119b3c
3f007acc,3f1195f6
3f007d80,3f1190ae
3f008033,3f118b68
3f0082e6,3f118621
3f008599,3f1180dc
3f00884c,3f117b96
3f008b00,3f11764e
3f008db3,3f117109
3f009066,3f116bc3
3f009319,3f11667f
3f0095cc,3f11613a
3f009880,3f115bf2
3f009b33,3f1156ae
3f009de6,3f115169
3f00a099,3f114c25
3f00a34c,3f1146e0
3f00a600,3f11419a
3f00a8b3,3f113c56
3f00ab66,3f113712
3f00ae19,3f1131ce
3f00b0cc,3f112c8a
3f00b380,3f112745
3f00b633,3f112201
3f00b8e6,3f111cbe
3f00bb99,3f11177b
3f00be4c,3f111238
3f00c100,3f110cf3
3f00c3b3,3f1107b0
3f00c666,3f11026e
3f00c919,3f10fd2c
3f00cbcc,3f10f7e9
3f00ce80,3f10f2a5
3f00d133,3f10ed62
3f00d3e6,3f10e821
3f00d699,3f10e2df
3f00d94c,3f10dd9d
3f00dc00,3f10d85a
3f00deb3,3f10d319
3f00e166,3f10cdd8
3f00e419,3f10c897
3f00e6cc,3f10c356
3f00e980,3f10be13
3f00ec33,3f10b8d2
3f00eee6,3f10b392
3f00f199,3f10ae52
3f00f44c,3f10a911
3f00f700,3f10a3cf
3f00f9b3,3f109e90
3f00fc66,3f10994f
3f00ff19,3f109410
3f0101cc,3f108ed0
3f010480,3f10898e
3f010733,3f10844f
3f0109e6,3f107f10
3f010c99,3f1079d2
3f010f4c,3f107493
3f011200,3f106f52
3f0114b3,3f106a14
3f011766,3f1064d5
3f011a19,3f105f97
3f011ccc,3f105a59
3f011f80,3f105519
3f012233,3f104fdb
3f0124e6,3f104a9d
3f012799,3f104560
3f012a4c,3f104022
3f012d00,3f103ae2
3f012fb3,3f1035a6
3f013266,3f103069
3f013519,3f102b2c
3f0137cc,3f1025ef
3f013a80,3f1020b0
3f013d33,3f101b74
3f013fe6,3f101637
3f014299,3f1010fc
3f01454c,3f100bbf
3f014800,3f100682
3f014ab3,3f100146
3f014d66,3f0ffc0a
3f015019,3f0ff6ce
3f0152cc,3f0ff193
3f015580,3f0fec56
3f015833,3f0fe71b
3f015ae6,3f0fe1e0
3f015d99,3f0fdca5
3f01604c,3f0fd76a
3f016300,3f0fd22d
3f0165b3,3f0fccf3
3f016866,3f0fc7b9
3f016b19,3f0fc27e
3f016dcc,3f0fbd45
3f017080,3f0fb809
3f017333,3f0fb2cf
3f0175e6,3f0fad96
3f017899,3f0fa85d
3f017b4c,3f0fa323
3f017e00,3f0f9de8
3f0180b3,3f0f98af
3f018366,3f0f9376
3f018619,3f0f8e3d
3f0188cc,3f0f8905
3f018b80,3f0f83ca
3f018e33,3f0f7e92
3f0190e6,3f0f7959
3f019399,3f0f7421
3f01964c,3f0f6eea
3f019900,3f0f69b0
3f019bb3,3f0f6478
3f019e66,3f0f5f40
3f01a119,3f0f5a0a
3f01a3cc,3f0f54d2
3f01a680,3f0f4f99
3f01a933,3f0f4a62
3f01abe6,3f0f452b
3f01ae99,3f0f3ff5
3f01b14c,3f0f3abe
3f01b400,3f0f3586
3f01b6b3,3f0f304f
3f01b966,3f0f2b1a
3f01bc19,3f0f25e3
3f01becc,3f0f20ae
3f01c180,3f0f1b76
3f01c433,3f0f1640
3f01c6e6,3f0f110b
3f01c999,3f0f0bd6
3f01cc4c,3f0f06a0
3f01cf00,3f0f0169
3f01d1b3,3f0efc34
3f01d466,3f0ef700
3f01d719,3f0ef1ca
3f01d9cc,3f0eec96
3f01dc80,3f0ee760
3f01df33,3f0ee22c
3f01e1e6,3f0edcf8
3f01e499,3f0ed7c4
3f01e74c,3f0ed290
3f01ea00,3f0ecd5a
3f01ecb3,3f0ec827
3f01ef66,3f0ec2f3
3f01f219,3f0ebdc0
3f01f4cc,3f0eb88d
3f01f780,3f0eb358
3f01fa33,3f0eae25
3f01fce6,3f0ea8f3
3f01ff99,3f0ea3c0
3f02024c,3f0e9e8d
3f020500,3f0e9959
3f0207b3,3f0e9427
3f020a66,3f0e8ef5
3f020d19,3f0e89c3
3f020fcc,3f0e8491
3f021280,3f0e7f5e
3f021533,3f0e7a2c
3f0217e6,3f0e74fa
3f021a99,3f0e6fca
3f021d4c,3f0e6a98
3f022000,3f0e6566
3f0222b3,3f0e6035
3f022566,3f0e5b04
3f022819,3f0e55d4
3f022acc,3f0e50a4
3f022d80,3f0e4b71
3f023033,3f0e4641
3f0232e6,3f0e4111
3f023599,3f0e3be1
3f02384c,3f0e36b1
3f023b00,3f0e3180
3f023db3,3f0e2c51
3f024066,3f0e2722
3f024319,3f0e21f2
3f0245cc,3f0e1cc4
3f024880,3f0e1792
3f024b33,3f0e1264
3f024de6,3f0e0d34
3f025099,3f0e0806
3f02534c,3f0e02d8
3f025600,3f0dfda8
3f0258b3,3f0df87a
3f025b66,3f0df34c
3f025e19,3f0dee1e
3f0260cc,3f0de8f0
3f026380,3f0de3c0
3f026633,3f0dde94
3f0268e6,3f0dd966
3f026b99,3f0dd439
3f026e4c,3f0dcf0c
3f027100,3f0dc9dd
3f0273b3,3f0dc4b0
3f027666,3f0dbf84
3f027919,3f0dba58
3f027bcc,3f0db52c
3f027e80,3f0daffd
3f028133,3f0daad2
3f0283e6,3f0da5a5
3f028699,3f0da07a
3f02894c,3f0d9b4e
3f028c00,3f0d9621
3f028eb3,3f0d90f5
3f029166,3f0d8bca
3f029419,3f0d869f
3f0296cc,3f0d8174
3f029980,3f0d7c47
3f029c33,3f0d771c
3f029ee6,3f0d71f2
3f02a199,3f0d6cc8
3f02a44c,3f0d679e
3f02a700,3f0d6271
3f02a9b3,3f0d5d47
3f02ac66,3f0d581d
3f02af19,3f0d52f4
3f02b1cc,3f0d4dca
3f02b480,3f0d489f
3f02b733,3f0d4375
3f02b9e6,3f0d3e4c
3f02bc99,3f0d3923
3f02bf4c,3f0d33fa
3f02c200,3f0d2ed0
3f02c4b3,3f0d29a7
3f02c766,3f0d247e
3f02ca19,3f0d1f56
3f02cccc,3f0d1a2d
3f02cf80,3f0d1504
3f02d233,3f0d0fdc
3f02d4e6,3f0d0ab4
3f02d799,3f0d058c
3f02da4c,3f0d0065
3f02dd00,3f0cfb3b
3f02dfb3,3f0cf614
3f02e266,3f0cf0ed
3f02e519,3f0cebc6
3f02e7cc,3f0ce69f
3f02ea80,3f0ce177
3f02ed33,3f0cdc4f
3f02efe6,3f0cd729
3f02f299,3f0cd202
3f02f54c,3f0cccdd
3f02f800,3f0cc7b5
3f02fab3,3f0cc28e
3f02fd66,3f0cbd69
3f030019,3f0cb843
3f0302cc,3f0cb31e
3f030580,3f0cadf6
3f030833,3f0ca8d1
3f030ae6,3f0ca3ac
3f030d99,3f0c9e87
3f03104c,3f0c9962
3f031300,3f0c943c
3f0315b3,3f0c8f17
3f031866,3f0c89f3
3f031b19,3f0c84ce
3f031dcc,3f0c7faa
3f032080,3f0c7a84
3f032333,3f0c7560
3f0325e6,3f0c703c
3f032899,3f0c6b19
3f032b4c,3f0c65f5
3f032e00,3f0c60d0
3f0330b3,3f0c5bad
3f033366,3f0c568a
3f033619,3f0c5166
3f0338cc,3f0c4c44
3f033b80,3f0c471f
3f033e33,3f0c41fc
3f0340e6,3f0c3cdb
3f034399,3f0c37b8
3f03464c,3f0c3296
3f034900,3f0c2d72
3f034bb3,3f0c284f
3f034e66,3f0c232e
3f035119,3f0c1e0c
3f0353cc,3f0c18eb
3f035680,3f0c13c8
3f035933,3f0c0ea6
3f035be6,3f0c0986
3f035e99,3f0c0464
3f03614c,3f0bff44
3f036400,3f0bfa21
3f0366b3,3f0bf501
3f036966,3f0befe0
3f036c19,3f0beac0
3f036ecc,3f0be5a0
3f037180,3f0be07e
3f037433,3f0bdb5e
3f0376e6,3f0bd63f
3f037999,3f0bd11f
3f037c4c,3f0bcc00
3f037f00,3f0bc6de
3f0381b3,3f0bc1be
3f038466,3f0bbca0
3f038719,3f0bb781
3f0389cc,3f0bb262
3f038c80,3f0bad41
3f038f33,3f0ba823
3f0391e6,3f0ba304
3f039499,3f0b9de6
3f03974c,3f0b98c8
3f039a00,3f0b93a8
3f039cb3,3f0b8e8a
3f039f66,3f0b896c
3f03a219,3f0b844f
3f03a4cc,3f0b7f31
3f03a780,3f0b7a12
3f03aa33,3f0b74f5
3f03ace6,3f0b6fd8
3f03af99,3f0b6abb
3f03b24c,3f0b659e
3f03b500,3f0b6080
3f03b7b3,3f0b5b63
3f03ba66,3f0b5647
3f03bd19,3f0b512a
3f03bfcc,3f0b4c0e
3f03c280,3f0b46f1
3f03c533,3f0b41d4
3f03c7e6,3f0b3cb9
3f03ca99,3f0b379e
3f03cd4c,3f0b3281
3f03d000,3f0b2d64
3f03d2b3,3f0b2849
3f03d566,3f0b232f
3f03d819,3f0b1e14
3f03dacc,3f0b18f8
3f03dd80,3f0b13dc
3f03e033,3f0b0ec1
3f03e2e6,3f0b09a7
3f03e599,3f0b048d
3f03e84c,3f0aff73
3f03eb00,3f0afa57
3f03edb3,3f0af53d
3f03f066,3f0af023
3f03f319,3f0aeb0a
3f03f5cc,3f0ae5f1
3f03f880,3f0ae0d5
3f03fb33,3f0adbbc
3f03fde6,3f0ad6a3
3f040099,3f0ad18a
3f04034c,3f0acc71
3f040600,3f0ac757
3f0408b3,3f0ac23e
3f040b66,3f0abd26
3f040e19,3f0ab80d
3f0410cc,3f0ab2f5
3f041380,3f0aaddc
3f041633,3f0aa8c3
3f0418e6,3f0aa3ac
3f041b99,3f0a9e94
3f041e4c,3f0a997d
3f042100,3f0a9463
3f0423b3,3f0a8f4c
3f042666,3f0a8a36
3f042919,3f0a851e
3f042bcc,3f0a8008
3f042e80,3f0a7af0
3f043133,3f0a75d8
3f0433e6,3f0a70c2
3f043699,3f0a6bac
3f04394c,3f0a6696
3f043c00,3f0a617e
3f043eb3,3f0a5c68
3f044166,3f0a5752
3f044419,3f0a523d
3f0446cc,3f0a4d27
3f044980,3f0a4810
3f044c33,3f0a42fb
3f044ee6,3f0a3de6
3f045199,3f0a38d1
3f04544c,3f0a33bc
3f045700,3f0a2ea6
3f0459b3,3f0a2991
3f045c66,3f0a247c
3f045f19,3f0a1f68
3f0461cc,3f0a1a55
3f046480,3f0a153f
3f046733,3f0a102a
3f0469e6,3f0a0b16
3f046c99,3f0a0604
3f046f4c,3f0a00f0
3f047200,3f09fbda
3f0474b3,3f09f6c8
3f047766,3f09f1b4
3f047a19,3f09eca2
3f047ccc,3f09e78f
3f047f80,3f09e27a
3f048233,3f09dd67
3f0484e6,3f09d855
3f048799,3f09d343
3f048a4c,3f09ce30
3f048d00,3f09c91c
3f048fb3,3f09c40b
3f049266,3f09befa
3f049519,3f09b9e7
3f0497cc,3f09b4d6
3f049a80,3f09afc3
3f049d33,3f09aab1
3f049fe6,3f09a5a0
3f04a299,3f09a090
3f04a54c,3f099b7f
3f04a800,3f09966c
3f04aab3,3f09915c
3f04ad66,3f098c4c
3f04b019,3f09873a
3f04b2cc,3f09822a
3f04b580,3f097d18
3f04b833,3f097808
3f04bae6,3f0972fa
3f04bd99,3f096dea
3f04c04c,3f0968da
3f04c300,3f0963c9
3f04c5b3,3f095eba
3f04c866,3f0959aa
3f04cb19,3f09549b
3f04cdcc,3f094f8c
3f04d080,3f094a7c
3f04d333,3f09456d
3f04d5e6,3f09405f
3f04d899,3f093b51
3f04db4c,3f093642
3f04de00,3f093132
3f04e0b3,3f092c25
3f04e366,3f092717
3f04e619,3f092209
3f04e8cc,3f091cfb
3f04eb80,3f0917ed
3f04ee33,3f0912df
3f04f0e6,3f090dd2
3f04f399,3f0908c4
3f04f64c,3f0903b8
3f04f900,3f08feaa
3f04fbb3,3f08f99c
3f04fe66,3f08f490
3f050119,3f08ef84
3f0503cc,3f08ea78
3f050680,3f08e56a
3f050933,3f08e05e
3f050be6,3f08db52
3f050e99,3f08d647
3f05114c,3f08d13b
3f051400,3f08cc2e
3f0516b3,3f08c723
3f051966,3f08c218
3f051c19,3f08bd0d
3f051ecc,3f08b802
3f052180,3f08b2f5
3f052433,3f08adea
3f0526e6,3f08a8e0
3f052999,3f08a3d5
3f052c4c,3f089ecb
3f052f00,3f0899bf
3f0531b3,3f0894b6
3f053466,3f088fac
3f053719,3f088aa2
3f0539cc,3f088598
3f053c80,3f08808d
3f053f33,3f087b83
3f0541e6,3f08767a
3f054499,3f087171
3f05474c,3f086c68
3f054a00,3f08675e
3f054cb3,3f086255
3f054f66,3f085d4c
3f055219,3f085844
3f0554cc,3f08533c
3f055780,3f084e32
3f055a33,3f08492a
3f055ce6,3f084422
3f055f99,3f083f1a
3f05624c,3f083a13
3f056500,3f083509
3f0567b3,3f083002
3f056a66,3f082afb
3f056d19,3f0825f4
3f056fcc,3f0820ec
3f057280,3f081be4
3f057533,3f0816dd
3f0577e6,3f0811d7
3f057a99,3f080cd0
3f057d4c,3f0807ca
3f058000,3f0802c2
3f0582b3,3f07fdbc
3f058566,3f07f8b6
3f058819,3f07f3b0
3f058acc,3f07eeab
3f058d80,3f07e9a3
3f059033,3f07e49e
3f0592e6,3f07df98
3f059599,3f07da93
3f05984c,3f07d58f
3f059b00,3f07d088
3f059db3,3f07cb83
3f05a066,3f07c67e
3f05a319,3f07c17a
3f05a5cc,3f07bc76
3f05a880,3f07b76f
3f05ab33,3f07b26c
3f05ade6,3f07ad67
3f05b099,3f07a864
3f05b34c,3f07a360
3f05b600,3f079e5a
3f05b8b3,3f079957
3f05bb66,3f079454
3f05be19,3f078f51
3f05c0cc,3f078a4e
3f05c380,3f078549
3f05c633,3f078046
3f05c8e6,3f077b44
3f05cb99,3f077641
3f05ce4c,3f07713f
3f05d100,3f076c3b
3f05d3b3,3f076738
3f05d666,3f076236
3f05d919,3f075d34
3f05dbcc,3f075833
3f05de80,3f07532f
3f05e133,3f074e2e
3f05e3e6,3f07492d
3f05e699,3f07442c
3f05e94c,3f073f2b
3f05ec00,3f073a28
3f05eeb3,3f073527
3f05f166,3f073026
3f05f419,3f072b26
3f05f6cc,3f072625
3f05f980,3f072123
3f05fc33,3f071c22
3f05fee6,3f071722
3f060199,3f071223
3f06044c,3f070d23
3f060700,3f070821
3f0609b3,3f070322
3f060c66,3f06fe23
3f060f19,3f06f923
3f0611cc,3f06f424
3f061480,3f06ef23
3f061733,3f06ea24
3f0619e6,3f06e526
3f061c99,3f06e027
3f061f4c,3f06db29
3f062200,3f06d628
3f0624b3,3f06d12a
3f062766,3f06cc2c
3f062a19,3f06c72e
3f062ccc,3f06c230
3f062f80,3f06bd31
3f063233,3f06b833
3f0634e6,3f06b336
3f063799,3f06ae38
3f063a4c,3f06a93b
3f063d00,3f06a43c
3f063fb3,3f069f40
3f064266,3f069a42
3f064519,3f069546
3f0647cc,3f069049
3f064a80,3f068b4b
3f064d33,3f06864f
3f064fe6,3f068153
3f065299,3f067c57
3f06554c,3f06775b
3f065800,3f06725d
3f065ab3,3f066d61
3f065d66,3f066866
3f066019,3f06636a
3f0662cc,3f065e70
3f066580,3f065973
3f066833,3f065478
3f066ae6,3f064f7c
3f066d99,3f064a82
3f06704c,3f064588
3f067300,3f06408b
3f0675b3,3f063b90
3f067866,3f063697
3f067b19,3f06319c
3f067dcc,3f062ca2
3f068080,3f0627a7
3f068333,3f0622ae
3f0685e6,3f061db4
3f068899,3f0618ba
3f068b4c,3f0613c1
3f068e00,3f060ec6
3f0690b3,3f0609cd
3f069366,3f0604d4
3f069619,3f05ffdb
3f0698cc,3f05fae2
3f069b80,3f05f5e8
3f069e33,3f05f0f0
3f06a0e6,3f05ebf7
3f06a399,3f05e6ff
3f06a64c,3f05e207
3f06a900,3f05dd0e
3f06abb3,3f05d816
3f06ae66,3f05d31e
3f06b119,3f05ce26
3f06b3cc,3f05c92f
3f06b680,3f05c436
3f06b933,3f05bf3f
3f06bbe6,3f05ba48
3f06be99,3f05b551
3f06c14c,3f05b05a
3f06c400,3f05ab62
3f06c6b3,3f05a66c
3f06c966,3f05a176
3f06cc19,3f059c7f
3f06cecc,3f059789
3f06d180,3f059291
3f06d433,3f058d9c
3f06d6e6,3f0588a6
3f06d999,3f0583b0
3f06dc4c,3f057eba
3f06df00,3f0579c4
3f06e1b3,3f0574ce
3f06e466,3f056fda
3f06e719,3f056ae4
3f06e9cc,3f0565ef
3f06ec80,3f0560f9
3f06ef33,3f055c04
3f06f1e6,3f055710
3f06f499,3f05521b
3f06f74c,3f054d28
3f06fa00,3f054832
3f06fcb3,3f05433e
3f06ff66,3f053e4a
3f070219,3f053957
3f0704cc,3f053463
3f070780,3f052f6e
3f070a33,3f052a7b
3f070ce6,3f052588
3f070f99,3f052094
3f07124c,3f051ba1
3f071500,3f0516ad
3f0717b3,3f0511ba
3f071a66,3f050cc8
3f071d19,3f0507d6
3f071fcc,3f0502e3
3f072280,3f04fdf0
3f072533,3f04f8fe
3f0727e6,3f04f40c
3f072a99,3f04ef1a
3f072d4c,3f04ea28
3f073000,3f04e535
3f0732b3,3f04e043
3f073566,3f04db52
3f073819,3f04d662
3f073acc,3f04d170
3f073d80,3f04cc7d
3f074033,3f04c78e
3f0742e6,3f04c29d
3f074599,3f04bdac
3f07484c,3f04b8bc
3f074b00,3f04b3ca
3f074db3,3f04aed9
3f075066,3f04a9ea
3f075319,3f04a4fa
3f0755cc,3f04a00b
3f075880,3f049b19
3f075b33,3f04962a
3f075de6,3f04913a
3f076099,3f048c4b
3f07634c,3f04875c
3f076600,3f04826b
3f0768b3,3f047d7d
3f076b66,3f04788e
3f076e19,3f04739f
3f0770cc,3f046eb1
3f077380,3f0469c1
3f077633,3f0464d3
3f0778e6,3f045fe4
3f077b99,3f045af7
3f077e4c,3f045609
3f078100,3f04511a
3f0783b3,3f044c2c
3f078666,3f04473f
3f078919,3f044252
3f078bcc,3f043d64
3f078e80,3f043876
3f079133,3f043389
3f0793e6,3f042e9c
3f079699,3f0429af
3f07994c,3f0424c3
3f079c00,3f041fd5
3f079eb3,3f041ae9
3f07a166,3f0415fc
3f07a419,3f041110
3f07a6cc,3f040c24
3f07a980,3f040737
3f07ac33,3f04024b
3f07aee6,3f03fd60
3f07b199,3f03f875
3f07b44c,3f03f389
3f07b700,3f03ee9d
3f07b9b3,3f03e9b2
3f07bc66,3f03e4c7
3f07bf19,3f03dfdc
3f07c1cc,3f03daf2
3f07c480,3f03d605
3f07c733,3f03d11b
3f07c9e6,3f03cc30
3f07cc99,3f03c747
3f07cf4c,3f03c25d
3f07d200,3f03bd71
3f07d4b3,3f03b887
3f07d766,3f03b39e
3f07da19,3f03aeb5
3f07dccc,3f03a9cb
3f07df80,3f03a4e0
3f07e233,3f039ff7
3f07e4e6,3f039b0e
3f07e799,3f039626
3f07ea4c,3f03913d
3f07ed00,3f038c53
3f07efb3,3f03876a
3f07f266,3f038282
3f07f519,3f037d9a
3f07f7cc,3f0378b2
3f07fa80,3f0373c8
3f07fd33,3f036ee0
3f07ffe6,3f0369f9
3f080299,3f036511
3f08054c,3f036029
3f080800,3f035b40
3f080ab3,3f03565a
3f080d66,3f035172
3f081019,3f034c8b
3f0812cc,3f0347a4
3f081580,3f0342bc
3f081833,3f033dd5
3f081ae6,3f0338f0
3f081d99,3f033409
3f08204c,3f032f24
3f082300,3f032a3b
3f0825b3,3f032556
3f082866,3f032070
3f082b19,3f031b8a
3f082dcc,3f0316a4
3f083080,3f0311be
3f083333,3f030cd8
3f0835e6,3f0307f3
3f083899,3f03030e
3f083b4c,3f02fe29
3f083e00,3f02f942
3f0840b3,3f02f45e
3f084366,3f02ef7a
3f084619,3f02ea95
3f0848cc,3f02e5b1
3f084b80,3f02e0cb
3f084e33,3f02dbe7
3f0850e6,3f02d703
3f085399,3f02d220
3f08564c,3f02cd3c
3f085900,3f02c857
3f085bb3,3f02c373
3f085e66,3f02be90
3f086119,3f02b9ad
3f0863cc,3f02b4ca
3f086680,3f02afe5
3f086933,3f02ab02
3f086be6,3f02a620
3f086e99,3f02a13d
3f08714c,3f029c5b
3f087400,3f029777
3f0876b3,3f029295
3f087966,3f028db3
3f087c19,3f0288d1
3f087ecc,3f0283ef
3f088180,3f027f0c
3f088433,3f027a2b
3f0886e6,3f027549
3f088999,3f027068
3f088c4c,3f026b87
3f088f00,3f0266a5
3f0891b3,3f0261c3
3f089466,3f025ce3
3f089719,3f025802
3f0899cc,3f025322
3f089c80,3f024e40
3f089f33,3f02495f
3f08a1e6,3f02447f
3f08a499,3f023fa0
3f08a74c,3f023abf
3f08aa00,3f0235de
3f08acb3,3f0230ff
3f08af66,3f022c1f
3f08b219,3f02273f
3f08b4cc,3f022260
3f08b780,3f021d7f
3f08ba33,3f0218a1
3f08bce6,3f0213c2
3f08bf99,3f020ee3
3f08c24c,3f020a05
3f08c500,3f020524
3f08c7b3,3f020046
3f08ca66,3f01fb68
3f08cd19,3f01f68a
3f08cfcc,3f01f1ac
3f08d280,3f01eccc
3f08d533,3f01e7ef
3f08d7e6,3f01e311
3f08da99,3f01de34
3f08dd4c,3f01d956
3f08e000,3f01d478
3f08e2b3,3f01cf9a
3f08e566,3f01cabd
3f08e819,3f01c5e0
3f08eacc,3f01c104
3f08ed80,3f01bc25
3f08f033,3f01b749
3f08f2e6,3f01b26d
3f08f599,3f01ad91
3f08f84c,3f01a8b4
3f08fb00,3f01a3d7
3f08fdb3,3f019efb
3f090066,3f019a1f
3f090319,3f019543
3f0905cc,3f019068
3f090880,3f018b8b
3f090b33,3f0186b0
3f090de6,3f0181d5
3f091099,3f017cfa
3f09134c,3f017820
3f091600,3f017342
3f0918b3,3f016e68
3f091b66,3f01698e
3f091e19,3f0164b4
3f0920cc,3f015fd9
3f092380,3f015afe
3f092633,3f015624
3f0928e6,3f01514a
3f092b99,3f014c70
3f092e4c,3f014797
3f093100,3f0142bc
3f0933b3,3f013de2
3f093666,3f013909
3f093919,3f013430
3f093bcc,3f012f57
3f093e80,3f012a7c
3f094133,3f0125a4
3f0943e6,3f0120cb
3f094699,3f011bf3
3f09494c,3f01171a
3f094c00,3f011241
3f094eb3,3f010d68
3f095166,3f010890
3f095419,3f0103b9
3f0956cc,3f00fee1
3f095980,3f00fa08
3f095c33,3f00f530
3f095ee6,3f00f058
3f096199,3f00eb82
3f09644c,3f00e6aa
3f096700,3f00e1d2
3f0969b3,3f00dcfb
3f096c66,3f00d824
3f096f19,3f00d34e
3f0971cc,3f00ce78
3f097480,3f00c99f
3f097733,3f00c4c9
3f0979e6,3f00bff3
3f097c99,3f00bb1e
3f097f4c,3f00b647
3f098200,3f00b170
3f0984b3,3f00ac9a
3f098766,3f00a7c5
3f098a19,3f00a2f0
3f098ccc,3f009e1b
3f098f80,3f009944
3f099233,3f00946e
3f0994e6,3f008f9a
3f099799,3f008ac4
3f099a4c,3f0085f1
3f099d00,3f00811a
3f099fb3,3f007c46
3f09a266,3f007772
3f09a519,3f00729d
3f09a7cc,3f006dc9
3f09aa80,3f0068f4
3f09ad33,3f006421
3f09afe6,3f005f4d
3f09b299,3f005a79
3f09b54c,3f0055a6
3f09b800,3f0050d1
3f09bab3,3f004bfe
3f09bd66,3f00472b
3f09c019,3f004258
3f09c2cc,3f003d85
3f09c580,3f0038b1
3f09c833,3f0033de
3f09cae6,3f002f0c
3f09cd99,3f002a3a
3f09d04c,3f002568
3f09d300,3f002094
3f09d5b3,3f001bc2
3f09d866,3f0016f1
3f09db19,3f00121e
3f09ddcc,3f000d4d
3f09e080,3f00087a
3f09e333,3f0003a9
3f09e5e6,3efffdb1
3f09e899,3efff40e
3f09eb4c,3effea6c
3f09ee00,3effe0c8
3f09f0b3,3effd726
3f09f366,3effcd86
3f09f619,3effc3e5
3f09f8cc,3effba43
3f09fb80,3effb0a1
3f09fe33,3effa701
3f0a00e6,3eff9d61
3f0a0399,3eff93c1
3f0a064c,3eff8a22
3f0a0900,3eff8080
3f0a0bb3,3eff76e0
3f0a0e66,3eff6d42
3f0a1119,3eff63a5
3f0a13cc,3eff5a07
3f0a1680,3eff5066
3f0a1933,3eff46c8
3f0a1be6,3eff3d2b
3f0a1e99,3eff338d
3f0a214c,3eff29f0
3f0a2400,3eff2051
3f0a26b3,3eff16b4
3f0a2966,3eff0d18
3f0a2c19,3eff037d
3f0a2ecc,3efef9e0
3f0a3180,3efef041
3f0a3433,3efee6a6
3f0a36e6,3efedd0b
3f0a3999,3efed372
3f0a3c4c,3efec9d8
3f0a3f00,3efec039
3f0a41b3,3efeb6a0
3f0a4466,3efead06
3f0a4719,3efea36d
3f0a49cc,3efe99d4
3f0a4c80,3efe9038
3f0a4f33,3efe86a0
3f0a51e6,3efe7d07
3f0a5499,3efe736e
3f0a574c,3efe69d6
3f0a5a00,3efe603c
3f0a5cb3,3efe56a4
3f0a5f66,3efe4d0e
3f0a6219,3efe4378
3f0a64cc,3efe39e0
3f0a6780,3efe3046
3f0a6a33,3efe26b0
3f0a6ce6,3efe1d1a
3f0a6f99,3efe1384
3f0a724c,3efe09f0
3f0a7500,3efe0056
3f0a77b3,3efdf6c1
3f0a7a66,3efded2d
3f0a7d19,3efde39a
3f0a7fcc,3efdda04
3f0a8280,3efdd06d
3f0a8533,3efdc6d9
3f0a87e6,3efdbd46
3f0a8a99,3efdb3b2
3f0a8d4c,3efdaa21
3f0a9000,3efda08a
3f0a92b3,3efd96f7
3f0a9566,3efd8d66
3f0a9819,3efd83d2
3f0a9acc,3efd7a42
3f0a9d80,3efd70ad
3f0aa033,3efd671c
3f0aa2e6,3efd5d8b
3f0aa599,3efd53fa
3f0aa84c,3efd4a69
3f0aab00,3efd40d7
3f0aadb3,3efd3746
3f0ab066,3efd2db6
3f0ab319,3efd2427
3f0ab5cc,3efd1a98
3f0ab880,3efd1106
3f0abb33,3efd0776
3f0abde6,3efcfde7
3f0ac099,3efcf459
3f0ac34c,3efceacc
3f0ac600,3efce13a
3f0ac8b3,3efcd7ac
3f0acb66,3efcce20
3f0ace19,3efcc492
3f0ad0cc,3efcbb06
3f0ad380,3efcb176
3f0ad633,3efca7ea
3f0ad8e6,3efc9e5e
3f0adb99,3efc94d3
3f0ade4c,3efc8b47
3f0ae100,3efc81b8
3f0ae3b3,3efc782c
3f0ae666,3efc6ea2
3f0ae919,3efc6516
3f0aebcc,3efc5b8d
3f0aee80,3efc5200
3f0af133,3efc4876
3f0af3e6,3efc3eeb
3f0af699,3efc3562
3f0af94c,3efc2bd8
3f0afc00,3efc224e
3f0afeb3,3efc18c4
3f0b0166,3efc0f3b
3f0b0419,3efc05b4
3f0b06cc,3efbfc2b
3f0b0980,3efbf2a0
3f0b0c33,3efbe91a
3f0b0ee6,3efbdf93
3f0b1199,3efbd60c
3f0b144c,3efbcc85
3f0b1700,3efbc2fb
3f0b19b3,3efbb974
3f0b1c66,3efbaff0
3f0b1f19,3efba669
3f0b21cc,3efb9ce4
3f0b2480,3efb935a
3f0b2733,3efb89d6
3f0b29e6,3efb8052
3f0b2c99,3efb76cd
3f0b2f4c,3efb6d49
3f0b3200,3efb63c1
3f0b34b3,3efb5a3d
3f0b3766,3efb50bb
3f0b3a19,3efb4737
3f0b3ccc,3efb3db5
3f0b3f80,3efb342d
3f0b4233,3efb2aab
3f0b44e6,3efb212a
3f0b4799,3efb17a8
3f0b4a4c,3efb0e26
3f0b4d00,3efb04a0
3f0b4fb3,3efafb1f
3f0b5266,3efaf19d
3f0b5519,3efae81e
3f0b57cc,3efade9c
3f0b5a80,3efad519
3f0b5d33,3efacb98
3f0b5fe6,3efac218
3f0b6299,3efab899
3f0b654c,3efaaf1a
3f0b6800,3efaa597
3f0b6ab3,3efa9c18
3f0b6d66,3efa9299
3f0b7019,3efa891c
3f0b72cc,3efa7f9d
3f0b7580,3efa761c
3f0b7833,3efa6c9d
3f0b7ae6,3efa6320
3f0b7d99,3efa59a4
3f0b804c,3efa5027
3f0b8300,3efa46a7
3f0b85b3,3efa3d2a
3f0b8866,3efa33ae
3f0b8b19,3efa2a33
3f0b8dcc,3efa20b7
3f0b9080,3efa1738
3f0b9333,3efa0dbc
3f0b95e6,3efa0442
3f0b9899,3ef9fac8
3f0b9b4c,3ef9f14c
3f0b9e00,3ef9e7ce
3f0ba0b3,3ef9de56
3f0ba366,3ef9d4dc
3f0ba619,3ef9cb62
3f0ba8cc,3ef9c1e8
3f0bab80,3ef9b86c
3f0bae33,3ef9aef2
3f0bb0e6,3ef9a57a
3f0bb399,3ef99c02
3f0bb64c,3ef99289
3f0bb900,3ef98910
3f0bbbb3,3ef97f98
3f0bbe66,3ef97620
3f0bc119,3ef96ca9
3f0bc3cc,3ef96332
3f0bc680,3ef959b8
3f0bc933,3ef95041
3f0bcbe6,3ef946cc
3f0bce99,3ef93d54
3f0bd14c,3ef933e0
3f0bd400,3ef92a66
3f0bd6b3,3ef920f2
3f0bd966,3ef9177c
3f0bdc19,3ef90e08
3f0bdecc,3ef90492
3f0be180,3ef8fb1c
3f0be433,3ef8f1a7
3f0be6e6,3ef8e834
3f0be999,3ef8dec2
3f0bec4c,3ef8d54d
3f0bef00,3ef8cbd6
3f0bf1b3,3ef8c264
3f0bf466,3ef8b8f2
3f0bf719,3ef8af7f
3f0bf9cc,3ef8a60d
3f0bfc80,3ef89c98
3f0bff33,3ef89326
3f0c01e6,3ef889b6
3f0c0499,3ef88044
3f0c074c,3ef876d4
3f0c0a00,3ef86d60
3f0c0cb3,3ef863f0
3f0c0f66,3ef85a80
3f0c1219,3ef85110
3f0c14cc,3ef847a0
3f0c1780,3ef83e2c
3f0c1a33,3ef834bf
3f0c1ce6,3ef82b4f
3f0c1f99,3ef821e1
3f0c224c,3ef81872
3f0c2500,3ef80f00
3f0c27b3,3ef80593
3f0c2a66,3ef7fc25
3f0c2d19,3ef7f2b8
3f0c2fcc,3ef7e94a
3f0c3280,3ef7dfd9
3f0c3533,3ef7d66e
3f0c37e6,3ef7cd01
3f0c3a99,3ef7c394
3f0c3d4c,3ef7ba28
3f0c4000,3ef7b0ba
3f0c42b3,3ef7a74f
3f0c4566,3ef79de2
3f0c4819,3ef79477
3f0c4acc,3ef78b0c
3f0c4d80,3ef781a0
3f0c5033,3ef77835
3f0c52e6,3ef76eca
3f0c5599,3ef76561
3f0c584c,3ef75bf7
3f0c5b00,3ef7528a
3f0c5db3,3ef74922
3f0c6066,3ef73fba
3f0c6319,3ef7364f
3f0c65cc,3ef72ce7
3f0c6880,3ef7237c
3f0c6b33,3ef71a14
3f0c6de6,3ef710ac
3f0c7099,3ef70744
3f0c734c,3ef6fdde
3f0c7600,3ef6f474
3f0c78b3,3ef6eb0c
3f0c7b66,3ef6e1a6
3f0c7e19,3ef6d840
3f0c80cc,3ef6ceda
3f0c8380,3ef6c571
3f0c8633,3ef6bc0b
3f0c88e6,3ef6b2a6
3f0c8b99,3ef6a942
3f0c8e4c,3ef69fdc
3f0c9100,3ef69675
3f0c93b3,3ef68d0f
3f0c9666,3ef683ac
3f0c9919,3ef67a48
3f0c9bcc,3ef670e5
3f0c9e80,3ef6677e
3f0ca133,3ef65e1b
3f0ca3e6,3ef654b8
3f0ca699,3ef64b54
3f0ca94c,3ef641f4
3f0cac00,3ef6388d
3f0caeb3,3ef62f2c
3f0cb166,3ef625cb
3f0cb419,3ef61c68
3f0cb6cc,3ef61307
3f0cb980,3ef609a2
3f0cbc33,3ef60042
3f0cbee6,3ef5f6e1
3f0cc199,3ef5ed80
3f0cc44c,3ef5e422
3f0cc700,3ef5dabe
3f0cc9b3,3ef5d15f
3f0ccc66,3ef5c7ff
3f0ccf19,3ef5bea0
3f0cd1cc,3ef5b542
3f0cd480,3ef5abe0
3f0cd733,3ef5a282
3f0cd9e6,3ef59924
3f0cdc99,3ef58fc6
3f0cdf4c,3ef58668
3f0ce200,3ef57d08
3f0ce4b3,3ef573aa
3f0ce766,3ef56a4e
3f0cea19,3ef560f0
3f0ceccc,3ef55794
3f0cef80,3ef54e35
3f0cf233,3ef544d9
3f0cf4e6,3ef53b7e
3f0cf799,3ef53222
3f0cfa4c,3ef528c6
3f0cfd00,3ef51f69
3f0cffb3,3ef5160e
3f0d0266,3ef50cb2
3f0d0519,3ef50359
3f0d07cc,3ef4fa00
3f0d0a80,3ef4f0a2
3f0d0d33,3ef4e747
3f0d0fe6,3ef4ddee
3f0d1299,3ef4d495
3f0d154c,3ef4cb3c
3f0d1800,3ef4c1e1
3f0d1ab3,3ef4b888
3f0d1d66,3ef4af30
3f0d2019,3ef4a5d9
3f0d22cc,3ef49c82
3f0d2580,3ef49325
3f0d2833,3ef489cf
3f0d2ae6,3ef48078
3f0d2d99,3ef47722
3f0d304c,3ef46dcb
3f0d3300,3ef46471
3f0d35b3,3ef45b1c
3f0d3866,3ef451c6
3f0d3b19,3ef44870
3f0d3dcc,3ef43f1b
3f0d4080,3ef435c3
3f0d4333,3ef42c6d
3f0d45e6,3ef42319
3f0d4899,3ef419c5
3f0d4b4c,3ef41071
3f0d4e00,3ef40719
3f0d50b3,3ef3fdc5
3f0d5366,3ef3f474
3f0d5619,3ef3eb20
3f0d58cc,3ef3e1ce
3f0d5b80,3ef3d876
3f0d5e33,3ef3cf25
3f0d60e6,3ef3c5d3
3f0d6399,3ef3bc80
3f0d664c,3ef3b32e
3f0d6900,3ef3a9db
3f0d6bb3,3ef3a089
3f0d6e66,3ef39738
3f0d7119,3ef38de7
3f0d73cc,3ef38498
3f0d7680,3ef37b42
3f0d7933,3ef371f3
3f0d7be6,3ef368a2
3f0d7e99,3ef35f53
3f0d814c,3ef35604
3f0d8400,3ef34cb2
3f0d86b3,3ef34362
3f0d8966,3ef33a14
3f0d8c19,3ef330c7
3f0d8ecc,3ef32778
3f0d9180,3ef31e26
3f0d9433,3ef314d9
3f0d96e6,3ef30b8c
3f0d9999,3ef3023e
3f0d9c4c,3ef2f8f1
3f0d9f00,3ef2efa1
3f0da1b3,3ef2e655
3f0da466,3ef2dd08
3f0da719,3ef2d3bc
3f0da9cc,3ef2ca72
3f0dac80,3ef2c122
3f0daf33,3ef2b7d8
3f0db1e6,3ef2ae8c
3f0db499,3ef2a542
3f0db74c,3ef29bf6
3f0dba00,3ef292a8
3f0dbcb3,3ef2895e
3f0dbf66,3ef28014
3f0dc219,3ef276ca
3f0dc4cc,3ef26d83
3f0dc780,3ef26435
3f0dca33,3ef25aec
3f0dcce6,3ef251a4
3f0dcf99,3ef2485a
3f0dd24c,3ef23f13
3f0dd500,3ef235c8
3f0dd7b3,3ef22c80
3f0dda66,3ef22339
3f0ddd19,3ef219f2
3f0ddfcc,3ef210ab
3f0de280,3ef20760
3f0de533,3ef1fe18
3f0de7e6,3ef1f4d4
3f0dea99,3ef1eb8c
3f0ded4c,3ef1e248
3f0df000,3ef1d8ff
3f0df2b3,3ef1cfb8
3f0df566,3ef1c673
3f0df819,3ef1bd2e
3f0dfacc,3ef1b3ea
3f0dfd80,3ef1aaa3
3f0e0033,3ef1a15e
3f0e02e6,3ef1981a
3f0e0599,3ef18ed8
3f0e084c,3ef18593
3f0e0b00,3ef17c4d
3f0e0db3,3ef17308
3f0e1066,3ef169c6
3f0e1319,3ef16084
3f0e15cc,3ef15742
3f0e1880,3ef14dfc
3f0e1b33,3ef144ba
3f0e1de6,3ef13b7a
3f0e2099,3ef13238
3f0e234c,3ef128f6
3f0e2600,3ef11fb2
3f0e28b3,3ef11672
3f0e2b66,3ef10d30
3f0e2e19,3ef103f0
3f0e30cc,3ef0fab1
3f0e3380,3ef0f16e
3f0e3633,3ef0e82e
3f0e38e6,3ef0deee
3f0e3b99,3ef0d5b1
3f0e3e4c,3ef0cc72
3f0e4100,3ef0c330
3f0e43b3,3ef0b9f1
3f0e4666,3ef0b0b4
3f0e4919,3ef0a776
3f0e4bcc,3ef09e37
3f0e4e80,3ef094f6
3f0e5133,3ef08bb9
3f0e53e6,3ef0827c
3f0e5699,3ef07941
3f0e594c,3ef07004
3f0e5c00,3ef066c4
3f0e5eb3,3ef05d89
3f0e6166,3ef0544c
3f0e6419,3ef04b11
3f0e66cc,3ef041d6
3f0e6980,3ef03898
3f0e6c33,3ef02f5e
3f0e6ee6,3ef02623
3f0e7199,3ef01ce8
3f0e744c,3ef013ae
3f0e7700,3ef00a70
3f0e79b3,3ef00138
3f0e7c66,3eeff7fd
3f0e7f19,3eefeec5
3f0e81cc,3eefe58b
3f0e8480,3eefdc4f
3f0e8733,3eefd317
3f0e89e6,3eefc9df
3f0e8c99,3eefc0a7
3f0e8f4c,3eefb76f
3f0e9200,3eefae35
3f0e94b3,3eefa4fe
3f0e9766,3eef9bc6
3f0e9a19,3eef9290
3f0e9ccc,3eef8958
3f0e9f80,3eef801f
3f0ea233,3eef76e9
3f0ea4e6,3eef6db4
3f0ea799,3eef647e
3f0eaa4c,3eef5b49
3f0ead00,3eef5210
3f0eafb3,3eef48da
3f0eb266,3eef3fa5
3f0eb519,3eef3672
3f0eb7cc,3eef2d3d
3f0eba80,3eef2406
3f0ebd33,3eef1ad3
3f0ebfe6,3eef11a0
3f0ec299,3eef086b
3f0ec54c,3eeeff38
3f0ec800,3eeef603
3f0ecab3,3eeeecd0
3f0ecd66,3eeee39e
3f0ed019,3eeeda6b
3f0ed2cc,3eeed13a
3f0ed580,3eeec804
3f0ed833,3eeebed4
3f0edae6,3eeeb5a1
3f0edd99,3eeeac70
3f0ee04c,3eeea340
3f0ee300,3eee9a0c
3f0ee5b3,3eee90dc
3f0ee866,3eee87ac
3f0eeb19,3eee7e7d
3f0eedcc,3eee754d
3f0ef080,3eee6c19
3f0ef333,3eee62eb
3f0ef5e6,3eee59bd
3f0ef899,3eee508d
3f0efb4c,3eee475f
3f0efe00,3eee3e2e
3f0f00b3,3eee3500
3f0f0366,3eee2bd2
3f0f0619,3eee22a4
3f0f08cc,3eee1977
3f0f0b80,3eee1047
3f0f0e33,3eee071a
3f0f10e6,3eedfdee
3f0f1399,3eedf4c1
3f0f164c,3eedeb96
3f0f1900,3eede266
3f0f1bb3,3eedd93b
3f0f1e66,3eedd010
3f0f2119,3eedc6e5
3f0f23cc,3eedbdba
3f0f2680,3eedb48a
3f0f2933,3eedab62
3f0f2be6,3eeda236
3f0f2e99,3eed990e
3f0f314c,3eed8fe3
3f0f3400,3eed86b6
3f0f36b3,3eed7d8e
3f0f3966,3eed7465
3f0f3c19,3eed6b3c
3f0f3ecc,3eed6213
3f0f4180,3eed58e7
3f0f4433,3eed4fbe
3f0f46e6,3eed4698
3f0f4999,3eed3d70
3f0f4c4c,3eed3447
3f0f4f00,3eed2b1d
3f0f51b3,3eed21f7
3f0f5466,3eed18d0
3f0f5719,3eed0faa
3f0f59cc,3eed0682
3f0f5c80,3eecfd5a
3f0f5f33,3eecf434
3f0f61e6,3eeceb0e
3f0f6499,3eece1e8
3f0f674c,3eecd8c4
3f0f6a00,3eeccf9b
3f0f6cb3,3eecc677
3f0f6f66,3eecbd54
3f0f7219,3eecb42e
3f0f74cc,3eecab0a
3f0f7780,3eeca1e5
3f0f7a33,3eec98c1
3f0f7ce6,3eec8f9e
3f0f7f99,3eec867a
3f0f824c,3eec7d57
3f0f8500,3eec7432
3f0f87b3,3eec6b0f
3f0f8a66,3eec61ee
3f0f8d19,3eec58cc
3f0f8fcc,3eec4fa9
3f0f9280,3eec4684
3f0f9533,3eec3d63
3f0f97e6,3eec3442
3f0f9a99,3eec2b22
3f0f9d4c,3eec2202
3f0fa000,3eec18de
3f0fa2b3,3eec0fbf
3f0fa566,3eec069e
3f0fa819,3eebfd80
3f0faacc,3eebf45f
3f0fad80,3eebeb3d
3f0fb033,3eebe21e
3f0fb2e6,3eebd900
3f0fb599,3eebcfe2
3f0fb84c,3eebc6c3
3f0fbb00,3eebbda3
3f0fbdb3,3eebb485
3f0fc066,3eebab66
3f0fc319,3eeba24a
3f0fc5cc,3eeb992c
3f0fc880,3eeb900c
3f0fcb33,3eeb86f0
3f0fcde6,3eeb7dd4
3f0fd099,3eeb74b8
3f0fd34c,3eeb6b9d
3f0fd600,3eeb627d
3f0fd8b3,3eeb5962
3f0fdb66,3eeb5048
3f0fde19,3eeb472c
3f0fe0cc,3eeb3e10
3f0fe380,3eeb34f3
3f0fe633,3eeb2bda
3f0fe8e6,3eeb22c0
3f0feb99,3eeb19a5
3f0fee4c,3eeb108c
3f0ff100,3eeb0770
3f0ff3b3,3eeafe57
3f0ff666,3eeaf53e
3f0ff919,3eeaec25
3f0ffbcc,3eeae30e
3f0ffe80,3eead9f1
3f100133,3eead0da
3f1003e6,3eeac7c1
3f100699,3eeabeaa
3f10094c,3eeab593
3f100c00,3eeaac78
3f100eb3,3eeaa362
3f101166,3eea9a4b
3f101419,3eea9134
3f1016cc,3eea8820
3f101980,3eea7f06
3f101c33,3eea75f1
3f101ee6,3eea6cda
3f102199,3eea63c6
3f10244c,3eea5ab2
3f102700,3eea519a
3f1029b3,3eea4884
3f102c66,3eea3f6f
3f102f19,3eea365d
3f1031cc,3eea2d49
3f103480,3eea2431
3f103733,3eea1b1f
3f1039e6,3eea120b
3f103c99,3eea08fa
3f103f4c,3ee9ffe6
3f104200,3ee9f6d0
3f1044b3,3ee9edbe
3f104766,3ee9e4ad
3f104a19,3ee9db9b
3f104ccc,3ee9d28a
3f104f80,3ee9c974
3f105233,3ee9c062
3f1054e6,3ee9b753
3f105799,3ee9ae42
3f105a4c,3ee9a532
3f105d00,3ee99c20
3f105fb3,3ee9930e
3f106266,3ee989ff
3f106519,3ee980f0
3f1067cc,3ee977e1
3f106a80,3ee96ece
3f106d33,3ee965bf
3f106fe6,3ee95cb0
3f107299,3ee953a3
3f10754c,3ee94a94
3f107800,3ee94184
3f107ab3,3ee93875
3f107d66,3ee92f68
3f108019,3ee9265c
3f1082cc,3ee91d4f
3f108580,3ee9143f
3f108833,3ee90b32
3f108ae6,3ee90226
3f108d99,3ee8f91a
3f10904c,3ee8f00f
3f109300,3ee8e6ff
3f1095b3,3ee8ddf5
3f109866,3ee8d4e9
3f109b19,3ee8cbdf
3f109dcc,3ee8c2d4
3f10a080,3ee8b9c7
3f10a333,3ee8b0bd
3f10a5e6,3ee8a7b3
3f10a899,3ee89ea9
3f10ab4c,3ee8959f
3f10ae00,3ee88c94
3f10b0b3,3ee8838a
3f10b366,3ee87a80
3f10b619,3ee87178
3f10b8cc,3ee86871
3f10bb80,3ee85f64
3f10be33,3ee8565c
3f10c0e6,3ee84d55
3f10c399,3ee8444e
3f10c64c,3ee83b46
3f10c900,3ee8323d
3f10cbb3,3ee82936
3f10ce66,3ee8202f
3f10d119,3ee8172a
3f10d3cc,3ee80e22
3f10d680,3ee8051a
3f10d933,3ee7fc15
3f10dbe6,3ee7f310
3f10de99,3ee7ea0b
3f10e14c,3ee7e104
3f10e400,3ee7d7fe
3f10e6b3,3ee7cef9
3f10e966,3ee7c5f4
3f10ec19,3ee7bcf0
3f10eecc,3ee7b3ed
3f10f180,3ee7aae7
3f10f433,3ee7a1e2
3f10f6e6,3ee798e0
3f10f999,3ee78fde
3f10fc4c,3ee786db
3f10ff00,3ee77dd5
3f1101b3,3ee774d3
3f110466,3ee76bd1
3f110719,3ee762cf
3f1109cc,3ee759cc
3f110c80,3ee750c9
3f110f33,3ee747c9
3f1111e6,3ee73ec7
3f111499,3ee735c7
3f11174c,3ee72cc7
3f111a00,3ee723c4
3f111cb3,3ee71ac4
3f111f66,3ee711c4
3f112219,3ee708c5
3f1124cc,3ee6ffc5
3f112780,3ee6f6c2
3f112a33,3ee6edc4
3f112ce6,3ee6e4c5
3f112f99,3ee6dbc8
3f11324c,3ee6d2c8
3f113500,3ee6c9c7
3f1137b3,3ee6c0ca
3f113a66,3ee6b7cd
3f113d19,3ee6aed0
3f113fcc,3ee6a5d3
3f114280,3ee69cd2
3f114533,3ee693d7
3f1147e6,3ee68ada
3f114a99,3ee681df
3f114d4c,3ee678e2
3f115000,3ee66fe4
3f1152b3,3ee666e9
3f115566,3ee65dec
3f115819,3ee654f2
3f115acc,3ee64bf8
3f115d80,3ee642f9
3f116033,3ee63a01
3f1162e6,3ee63106
3f116599,3ee6280c
3f11684c,3ee61f14
3f116b00,3ee61616
3f116db3,3ee60d1d
3f117066,3ee60425
3f117319,3ee5fb2b
3f1175cc,3ee5f233
3f117880,3ee5e937
3f117b33,3ee5e03f
3f117de6,3ee5d748
3f118099,3ee5ce52
3f11834c,3ee5c55a
3f118600,3ee5bc60
3f1188b3,3ee5b368
3f118b66,3ee5aa73
3f118e19,3ee5a17b
3f1190cc,3ee59886
3f119380,3ee58f8c
3f119633,3ee58697
3f1198e6,3ee57da2
3f119b99,3ee574ac
3f119e4c,3ee56bb7
3f11a100,3ee562c0
3f11a3b3,3ee559cb
3f11a666,3ee550d6
3f11a919,3ee547e2
3f11abcc,3ee53eee
3f11ae80,3ee535f6
3f11b133,3ee52d04
3f11b3e6,3ee52411
3f11b699,3ee51b1e
3f11b94c,3ee5122b
3f11bc00,3ee50934
3f11beb3,3ee50044
3f11c166,3ee4f751
3f11c419,3ee4ee5f
3f11c6cc,3ee4e56e
3f11c980,3ee4dc7a
3f11cc33,3ee4d387
3f11cee6,3ee4ca97
3f11d199,3ee4c1a6
3f11d44c,3ee4b8b6
3f11d700,3ee4afc2
3f11d9b3,3ee4a6d2
3f11dc66,3ee49de2
3f11df19,3ee494f4
3f11e1cc,3ee48c04
3f11e480,3ee48312
3f11e733,3ee47a22
3f11e9e6,3ee47134
3f11ec99,3ee46846
3f11ef4c,3ee45f56
3f11f200,3ee45665
3f11f4b3,3ee44d77
3f11f766,3ee4448a
3f11fa19,3ee43b9e
3f11fccc,3ee432b0
3f11ff80,3ee429bf
3f120233,3ee420d4
3f1204e6,3ee417e6
3f120799,3ee40efb
3f120a4c,3ee40610
3f120d00,3ee3fd21
3f120fb3,3ee3f434
3f121266,3ee3eb48
3f121519,3ee3e25d
3f1217cc,3ee3d974
3f121a80,3ee3d086
3f121d33,3ee3c79a
3f121fe6,3ee3beb2
3f122299,3ee3b5c7
3f12254c,3ee3acde
3f122800,3ee3a3f2
3f122ab3,3ee39b07
3f122d66,3ee3921e
3f123019,3ee38936
3f1232cc,3ee3804d
3f123580,3ee37761
3f123833,3ee36e78
3f123ae6,3ee36592
3f123d99,3ee35caa
3f12404c,3ee353c1
3f124300,3ee34ad7
3f1245b3,3ee341f1
3f124866,3ee33909
3f124b19,3ee33023
3f124dcc,3ee3273d
3f125080,3ee31e53
3f125333,3ee3156d
3f1255e6,3ee30c87
3f125899,3ee303a3
3f125b4c,3ee2fabe
3f125e00,3ee2f1d6
3f1260b3,3ee2e8f0
3f126366,3ee2e00d
3f126619,3ee2d727
3f1268cc,3ee2ce44
3f126b80,3ee2c55c
3f126e33,3ee2bc79
3f1270e6,3ee2b396
3f127399,3ee2aab2
3f12764c,3ee2a1cf
3f127900,3ee298ea
3f127bb3,3ee29006
3f127e66,3ee28724
3f128119,3ee27e42
3f1283cc,3ee27561
3f128680,3ee26c7a
3f128933,3ee2639a
3f128be6,3ee25ab9
3f128e99,3ee251d8
3f12914c,3ee248f7
3f129400,3ee24012
3f1296b3,3ee23734
3f129966,3ee22e53
3f129c19,3ee22572
3f129ecc,3ee21c94
3f12a180,3ee213b2
3f12a433,3ee20ad1
3f12a6e6,3ee201f3
3f12a999,3ee1f914
3f12ac4c,3ee1f036
3f12af00,3ee1e754
3f12b1b3,3ee1de76
3f12b466,3ee1d598
3f12b719,3ee1ccba
3f12b9cc,3ee1c3de
3f12bc80,3ee1bafc
3f12bf33,3ee1b220
3f12c1e6,3ee1a942
3f12c499,3ee1a066
3f12c74c,3ee1978a
3f12ca00,3ee18eab
3f12ccb3,3ee185cf
3f12cf66,3ee17cf4
3f12d219,3ee17418
3f12d4cc,3ee16b3c
3f12d780,3ee1625f
3f12da33,3ee15984
3f12dce6,3ee150aa
3f12df99,3ee147cf
3f12e24c,3ee13ef6
3f12e500,3ee13619
3f12e7b3,3ee12d40
3f12ea66,3ee12466
3f12ed19,3ee11b8e
3f12efcc,3ee112b4
3f12f280,3ee109d8
3f12f533,3ee100fe
3f12f7e6,3ee0f828
3f12fa99,3ee0ef4f
3f12fd4c,3ee0e676
3f130000,3ee0dd9c
3f1302b3,3ee0d4c5
3f130566,3ee0cbee
3f130819,3ee0c318
3f130acc,3ee0ba3f
3f130d80,3ee0b167
3f131033,3ee0a890
3f1312e6,3ee09fba
3f131599,3ee096e4
3f13184c,3ee08e10
3f131b00,3ee08535
3f131db3,3ee07c61
3f132066,3ee0738d
3f132319,3ee06ab7
3f1325cc,3ee061e3
3f132880,3ee0590b
3f132b33,3ee05037
3f132de6,3ee04763
3f133099,3ee03e90
3f13334c,3ee035be
3f133600,3ee02ce6
3f1338b3,3ee02414
3f133b66,3ee01b41
3f133e19,3ee0126f
3f1340cc,3ee0099c
3f134380,3ee000c6
3f134633,3edff7f5
3f1348e6,3edfef24
3f134b99,3edfe652
3f134e4c,3edfdd81
3f135100,3edfd4ac
3f1353b3,3edfcbdc
3f135666,3edfc30c
3f135919,3edfba3a
3f135bcc,3edfb16b
3f135e80,3edfa898
3f136133,3edf9fca
3f1363e6,3edf96f9
3f136699,3edf8e2a
3f13694c,3edf855b
3f136c00,3edf7c88
3f136eb3,3edf73ba
3f137166,3edf6aed
3f137419,3edf621e
3f1376cc,3edf5950
3f137980,3edf5080
3f137c33,3edf47b3
3f137ee6,3edf3ee5
3f138199,3edf3618
3f13844c,3edf2d4c
3f138700,3edf247c
3f1389b3,3edf1bb0
3f138c66,3edf12e4
3f138f19,3edf0a18
3f1391cc,3edf014c
3f139480,3edef87e
3f139733,3edeefb2
3f1399e6,3edee6e8
3f139c99,3edede1c
3f139f4c,3eded552
3f13a200,3edecc85
3f13a4b3,3edec3bb
3f13a766,3edebaf2
3f13aa19,3edeb228
3f13accc,3edea95e
3f13af80,3edea091
3f13b233,3ede97c8
3f13b4e6,3ede8f00
3f13b799,3ede8637
3f13ba4c,3ede7d70
3f13bd00,3ede74a5
3f13bfb3,3ede6bdc
3f13c266,3ede6314
3f13c519,3ede5a4d
3f13c7cc,3ede5186
3f13ca80,3ede48bb
3f13cd33,3ede3ff4
3f13cfe6,3ede372e
3f13d299,3ede2e69
3f13d54c,3ede25a2
3f13d800,3ede1cd9
3f13dab3,3ede1412
3f13dd66,3ede0b4e
3f13e019,3ede0289
3f13e2cc,3eddf9c3
3f13e580,3eddf0fc
3f13e833,3edde838
3f13eae6,3edddf74
3f13ed99,3eddd6af
3f13f04c,3eddcdeb
3f13f300,3eddc525
3f13f5b3,3eddbc61
3f13f866,3eddb39c
3f13fb19,3eddaada
3f13fdcc,3edda218
3f140080,3edd9953
3f140333,3edd908f
3f1405e6,3edd87cd
3f140899,3edd7f0b
3f140b4c,3edd7649
3f140e00,3edd6d86
3f1410b3,3edd64c4
3f141366,3edd5c02
3f141619,3edd5342
3f1418cc,3edd4a81
3f141b80,3edd41be
3f141e33,3edd38fe
3f1420e6,3edd303f
3f142399,3edd277e
3f14264c,3edd1ebe
3f142900,3edd15fd
3f142bb3,3edd0d3e
3f142e66,3edd047f
3f143119,3edcfbc0
3f1433cc,3edcf301
3f143680,3edcea40
3f143933,3edce183
3f143be6,3edcd8c4
3f143e99,3edcd007
3f14414c,3edcc74a
3f144400,3edcbe8a
3f1446b3,3edcb5cd
3f144966,3edcad10
3f144c19,3edca454
3f144ecc,3edc9b97
3f145180,3edc92d9
3f145433,3edc8a1c
3f1456e6,3edc8162
3f145999,3edc78a6
3f145c4c,3edc6fec
3f145f00,3edc672d
3f1461b3,3edc5e71
3f146466,3edc55b7
3f146719,3edc4cfd
3f1469cc,3edc4443
3f146c80,3edc3b87
3f146f33,3edc32cd
3f1471e6,3edc2a13
3f147499,3edc215b
3f14774c,3edc18a2
3f147a00,3edc0fe6
3f147cb3,3edc072e
3f147f66,3edbfe74
3f148219,3edbf5bd
3f1484cc,3edbed05
3f148780,3edbe44a
3f148a33,3edbdb92
3f148ce6,3edbd2db
3f148f99,3edbca26
3f14924c,3edbc16e
3f149500,3edbb8b5
3f1497b3,3edbaffe
3f149a66,3edba749
3f149d19,3edb9e92
3f149fcc,3edb95dd
3f14a280,3edb8d24
3f14a533,3edb846f
3f14a7e6,3edb7bba
3f14aa99,3edb7305
3f14ad4c,3edb6a50
3f14b000,3edb619a
3f14b2b3,3edb58e5
3f14b566,3edb5032
3f14b819,3edb477e
3f14bacc,3edb3ecb
3f14bd80,3edb3615
3f14c033,3edb2d60
3f14c2e6,3edb24ae
3f14c599,3edb1bfc
3f14c84c,3edb1349
3f14cb00,3edb0a93
3f14cdb3,3edb01e3
3f14d066,3edaf931
3f14d319,3edaf07f
3f14d5cc,3edae7cf
3f14d880,3edadf19
3f14db33,3edad669
3f14dde6,3edacdb9
3f14e099,3edac507
3f14e34c,3edabc57
3f14e600,3edab3a4
3f14e8b3,3edaaaf4
3f14eb66,3edaa246
3f14ee19,3eda9996
3f14f0cc,3eda90e7
3f14f380,3eda8836
3f14f633,3eda7f86
3f14f8e6,3eda76d9
3f14fb99,3eda6e2a
3f14fe4c,3eda657c
3f150100,3eda5ccb
3f1503b3,3eda541e
3f150666,3eda4b70
3f150919,3eda42c4
3f150bcc,3eda3a16
3f150e80,3eda3166
3f151133,3eda28ba
3f1513e6,3eda200e
3f151699,3eda1761
3f15194c,3eda0eb6
3f151c00,3eda0607
3f151eb3,3ed9fd5a
3f152166,3ed9f4b0
3f152419,3ed9ec05
3f1526cc,3ed9e35b
3f152980,3ed9daac
3f152c33,3ed9d202
3f152ee6,3ed9c95a
3f153199,3ed9c0af
3f15344c,3ed9b805
3f153700,3ed9af58
3f1539b3,3ed9a6b0
3f153c66,3ed99e06
3f153f19,3ed9955e
3f1541cc,3ed98cb6
3f154480,3ed9840a
3f154733,3ed97b62
3f1549e6,3ed972ba
3f154c99,3ed96a12
3f154f4c,3ed9616a
3f155200,3ed958c1
3f1554b3,3ed95019
3f155766,3ed94772
3f155a19,3ed93ecc
3f155ccc,3ed93626
3f155f80,3ed92d7d
3f156233,3ed924d5
3f1564e6,3ed91c30
3f156799,3ed9138a
3f156a4c,3ed90ae5
3f156d00,3ed9023e
3f156fb3,3ed8f999
3f157266,3ed8f0f4
3f157519,3ed8e850
3f1577cc,3ed8dfab
3f157a80,3ed8d704
3f157d33,3ed8ce60
3f157fe6,3ed8c5bc
3f158299,3ed8bd1a
3f15854c,3ed8b477
3f158800,3ed8abd0
3f158ab3,3ed8a32e
3f158d66,3ed89a8b
3f159019,3ed891e8
3f1592cc,3ed88948
3f159580,3ed880a1
3f159833,3ed87801
3f159ae6,3ed86f5e
3f159d99,3ed866be
3f15a04c,3ed85e1e
3f15a300,3ed85579
3f15a5b3,3ed84cd9
3f15a866,3ed84439
3f15ab19,3ed83b99
3f15adcc,3ed832f8
3f15b080,3ed82a55
3f15b333,3ed821b5
3f15b5e6,3ed81917
3f15b899,3ed81077
3f15bb4c,3ed807d9
3f15be00,3ed7ff38
3f15c0b3,3ed7f698
3f15c366,3ed7edfa
3f15c619,3ed7e55c
3f15c8cc,3ed7dcbe
3f15cb80,3ed7d41d
3f15ce33,3ed7cb82
3f15d0e6,3ed7c2e4
3f15d399,3ed7ba47
3f15d64c,3ed7b1aa
3f15d900,3ed7a90a
3f15dbb3,3ed7a06f
3f15de66,3ed797d2
3f15e119,3ed78f37
3f15e3cc,3ed7869c
3f15e680,3ed77dfd
3f15e933,3ed77562
3f15ebe6,3ed76cc7
3f15ee99,3ed7642c
3f15f14c,3ed75b91
3f15f400,3ed752f4
3f15f6b3,3ed74a5a
3f15f966,3ed741c1
3f15fc19,3ed73926
3f15fecc,3ed7308e
3f160180,3ed727f1
3f160433,3ed71f59
3f1606e6,3ed716be
3f160999,3ed70e26
3f160c4c,3ed7058e
3f160f00,3ed6fcf3
3f1611b3,3ed6f45b
3f161466,3ed6ebc3
3f161719,3ed6e32c
3f1619cc,3ed6da94
3f161c80,3ed6d1fa
3f161f33,3ed6c964
3f1621e6,3ed6c0cc
3f162499,3ed6b836
3f16274c,3ed6afa1
3f162a00,3ed6a707
3f162cb3,3ed69e71
3f162f66,3ed695dc
3f163219,3ed68d46
3f1634cc,3ed684b2
3f163780,3ed67c19
3f163a33,3ed67386
3f163ce6,3ed66af0
3f163f99,3ed6625c
3f16424c,3ed659c9
3f164500,3ed65132
3f1647b3,3ed6489d
3f164a66,3ed6400a
3f164d19,3ed63776
3f164fcc,3ed62ee5
3f165280,3ed6264e
3f165533,3ed61dbb
3f1657e6,3ed6152a
3f165a99,3ed60c97
3f165d4c,3ed60406
3f166000,3ed5fb70
3f1662b3,3ed5f2df
3f166566,3ed5ea4e
3f166819,3ed5e1be
3f166acc,3ed5d92d
3f166d80,3ed5d098
3f167033,3ed5c808
3f1672e6,3ed5bf77
3f167599,3ed5b6e7
3f16784c,3ed5ae58
3f167b00,3ed5a5c4
3f167db3,3ed59d36
3f168066,3ed594a8
3f168319,3ed58c18
3f1685cc,3ed5838a
3f168880,3ed57af8
3f168b33,3ed5726a
3f168de6,3ed569dc
3f169099,3ed5614e
3f16934c,3ed558c0
3f169600,3ed55030
3f1698b3,3ed547a2
3f169b66,3ed53f16
3f169e19,3ed53689
3f16a0cc,3ed52dfd
3f16a380,3ed5256e
3f16a633,3ed51ce0
3f16a8e6,3ed51454
3f16ab99,3ed50bc9
3f16ae4c,3ed5033e
3f16b100,3ed4faae
3f16b3b3,3ed4f223
3f16b666,3ed4e99a
3f16b919,3ed4e10f
3f16bbcc,3ed4d884
3f16be80,3ed4cff6
3f16c133,3ed4c76e
3f16c3e6,3ed4bee2
3f16c699,3ed4b65a
3f16c94c,3ed4add0
3f16cc00,3ed4a544
3f16ceb3,3ed49cbb
3f16d166,3ed49432
3f16d419,3ed48baa
3f16d6cc,3ed48321
3f16d980,3ed47a96
3f16dc33,3ed4720e
3f16dee6,3ed46988
3f16e199,3ed460ff
3f16e44c,3ed45878
3f16e700,3ed44fee
3f16e9b3,3ed44768
3f16ec66,3ed43ee2
3f16ef19,3ed4365c
3f16f1cc,3ed42dd6
3f16f480,3ed4254c
3f16f733,3ed41cc6
3f16f9e6,3ed41441
3f16fc99,3ed40bbb
3f16ff4c,3ed40336
3f170200,3ed3faae
3f1704b3,3ed3f22a
3f170766,3ed3e9a4
3f170a19,3ed3e120
3f170ccc,3ed3d89d
3f170f80,3ed3d015
3f171233,3ed3c792
3f1714e6,3ed3bf0e
3f171799,3ed3b68d
3f171a4c,3ed3ae09
3f171d00,3ed3a584
3f171fb3,3ed39d01
3f172266,3ed3947e
3f172519,3ed38bfc
3f1727cc,3ed3837b
3f172a80,3ed37af6
3f172d33,3ed37275
3f172fe6,3ed369f4
3f173299,3ed36171
3f17354c,3ed358f2
3f173800,3ed3506d
3f173ab3,3ed347ec
3f173d66,3ed33f6e
3f174019,3ed336ed
3f1742cc,3ed32e6c
3f174580,3ed325ea
3f174833,3ed31d6b
3f174ae6,3ed314ec
3f174d99,3ed30c6e
3f17504c,3ed303ee
3f175300,3ed2fb6e
3f1755b3,3ed2f2ef
3f175866,3ed2ea71
3f175b19,3ed2e1f2
3f175dcc,3ed2d974
3f176080,3ed2d0f4
3f176333,3ed2c878
3f1765e6,3ed2bffa
3f176899,3ed2b77e
3f176b4c,3ed2af00
3f176e00,3ed2a682
3f1770b3,3ed29e04
3f177366,3ed29589
3f177619,3ed28d0d
3f1778cc,3ed28491
3f177b80,3ed27c14
3f177e33,3ed27398
3f1780e6,3ed26b1f
3f178399,3ed262a3
3f17864c,3ed25a2a
3f178900,3ed251aa
3f178bb3,3ed24931
3f178e66,3ed240b8
3f179119,3ed2383e
3f1793cc,3ed22fc5
3f179680,3ed22748
3f179933,3ed21ecf
3f179be6,3ed21656
3f179e99,3ed20ddf
3f17a14c,3ed20566
3f17a400,3ed1fceb
3f17a6b3,3ed1f472
3f17a966,3ed1ebfc
3f17ac19,3ed1e383
3f17aecc,3ed1db0c
3f17b180,3ed1d292
3f17b433,3ed1ca1b
3f17b6e6,3ed1c1a4
3f17b999,3ed1b92e
3f17bc4c,3ed1b0b8
3f17bf00,3ed1a83f
3f17c1b3,3ed19fc9
3f17c466,3ed19752
3f17c719,3ed18ede
3f17c9cc,3ed18668
3f17cc80,3ed17df0
3f17cf33,3ed1757c
3f17d1e6,3ed16d08
3f17d499,3ed16494
3f17d74c,3ed15c20
3f17da00,3ed153a8
3f17dcb3,3ed14b34
3f17df66,3ed142c0
3f17e219,3ed13a4e
3f17e4cc,3ed131da
3f17e780,3ed12965
3f17ea33,3ed120f2
3f17ece6,3ed11880
3f17ef99,3ed1100e
3f17f24c,3ed1079b
3f17f500,3ed0ff26
3f17f7b3,3ed0f6b4
3f17fa66,3ed0ee43
3f17fd19,3ed0e5d4
3f17ffcc,3ed0dd62
3f180280,3ed0d4ed
3f180533,3ed0cc7e
3f1807e6,3ed0c40d
3f180a99,3ed0bb9c
3f180d4c,3ed0b32d
3f181000,3ed0aaba
3f1812b3,3ed0a24b
3f181566,3ed099dc
3f181819,3ed0916c
3f181acc,3ed088fd
3f181d80,3ed0808c
3f182033,3ed0781e
3f1822e6,3ed06faf
3f182599,3ed06740
3f18284c,3ed05ed4
3f182b00,3ed05664
3f182db3,3ed04df5
3f183066,3ed04589
3f183319,3ed03d1a
3f1835cc,3ed034ae
3f183880,3ed02c3e
3f183b33,3ed023d2
3f183de6,3ed01b66
3f184099,3ed012fa
3f18434c,3ed00a90
3f184600,3ed00220
3f1848b3,3ecff9b4
3f184b66,3ecff14a
3f184e19,3ecfe8de
3f1850cc,3ecfe074
3f185380,3ecfd807
3f185633,3ecfcf9e
3f1858e6,3ecfc734
3f185b99,3ecfbec8
3f185e4c,3ecfb65e
3f186100,3ecfadf3
3f1863b3,3ecfa58a
3f186666,3ecf9d20
3f186919,3ecf94b7
3f186bcc,3ecf8c50
3f186e80,3ecf83e5
3f187133,3ecf7b7c
3f1873e6,3ecf7314
3f187699,3ecf6aae
3f18794c,3ecf6244
3f187c00,3ecf59dc
3f187eb3,3ecf5172
3f188166,3ecf490c
3f188419,3ecf40a7
3f1886cc,3ecf3840
3f188980,3ecf2fd6
3f188c33,3ecf2771
3f188ee6,3ecf1f0a
3f189199,3ecf16a6
3f18944c,3ecf0e3f
3f189700,3ecf05d7
3f1899b3,3ecefd72
3f189c66,3ecef50e
3f189f19,3eceecaa
3f18a1cc,3ecee445
3f18a480,3ecedbdd
3f18a733,3eced379
3f18a9e6,3ececb15
3f18ac99,3ecec2b2
3f18af4c,3eceba4e
3f18b200,3eceb1e9
3f18b4b3,3ecea987
3f18b766,3ecea123
3f18ba19,3ece98c1
3f18bccc,3ece905f
3f18bf80,3ece87fa
3f18c233,3ece7f98
3f18c4e6,3ece7736
3f18c799,3ece6ed4
3f18ca4c,3ece6673
3f18cd00,3ece5e10
3f18cfb3,3ece55ae
3f18d266,3ece4d4f
3f18d519,3ece44ed
3f18d7cc,3ece3c8e
3f18da80,3ece342b
3f18dd33,3ece2bca
3f18dfe6,3ece236a
3f18e299,3ece1b0c
3f18e54c,3ece12ac
3f18e800,3ece0a4a
3f18eab3,3ece01ec
3f18ed66,3ecdf98e
3f18f019,3ecdf12f
3f18f2cc,3ecde8d2
3f18f580,3ecde06f
3f18f833,3ecdd812
3f18fae6,3ecdcfb6
3f18fd99,3ecdc757
3f19004c,3ecdbefa
3f190300,3ecdb69a
3f1905b3,3ecdae3e
3f190866,3ecda5e1
3f190b19,3ecd9d85
3f190dcc,3ecd9528
3f191080,3ecd8cca
3f191333,3ecd846e
3f1915e6,3ecd7c14
3f191899,3ecd73b8
3f191b4c,3ecd6b5e
3f191e00,3ecd6300
3f1920b3,3ecd5aa6
3f192366,3ecd524a
3f192619,3ecd49f0
3f1928cc,3ecd4196
3f192b80,3ecd393a
3f192e33,3ecd30e1
3f1930e6,3ecd2887
3f193399,3ecd202e
3f19364c,3ecd17d6
3f193900,3ecd0f7a
3f193bb3,3ecd0721
3f193e66,3eccfeca
3f194119,3eccf670
3f1943cc,3eccee18
3f194680,3ecce5be
3f194933,3eccdd66
3f194be6,3eccd50f
3f194e99,3eccccb8
3f19514c,3eccc463
3f195400,3eccbc08
3f1956b3,3eccb3b1
3f195966,3eccab5c
3f195c19,3ecca305
3f195ecc,3ecc9ab0
3f196180,3ecc9258
3f196433,3ecc8a02
3f1966e6,3ecc81ac
3f196999,3ecc7957
3f196c4c,3ecc7102
3f196f00,3ecc68ac
3f1971b3,3ecc6058
3f197466,3ecc5803
3f197719,3ecc4faf
3f1979cc,3ecc475c
3f197c80,3ecc3f04
3f197f33,3ecc36b2
3f1981e6,3ecc2e60
3f198499,3ecc260c
3f19874c,3ecc1db9
3f198a00,3ecc1563
3f198cb3,3ecc0d11
3f198f66,3ecc04bf
3f199219,3ecbfc6d
3f1994cc,3ecbf41c
3f199780,3ecbebc8
3f199a33,3ecbe376
3f199ce6,3ecbdb26
3f199f99,3ecbd2d4
3f19a24c,3ecbca85
3f19a500,3ecbc232
3f19a7b3,3ecbb9e0
3f19aa66,3ecbb190
3f19ad19,3ecba941
3f19afcc,3ecba0f2
3f19b280,3ecb989e
3f19b533,3ecb904f
3f19b7e6,3ecb8800
3f19ba99,3ecb7fb2
3f19bd4c,3ecb7763
3f19c000,3ecb6f12
3f19c2b3,3ecb66c3
3f19c566,3ecb5e76
3f19c819,3ecb5629
3f19cacc,3ecb4dda
3f19cd80,3ecb458a
3f19d033,3ecb3d3d
3f19d2e6,3ecb34f0
3f19d599,3ecb2ca4
3f19d84c,3ecb2457
3f19db00,3ecb1c08
3f19ddb3,3ecb13bc
3f19e066,3ecb0b71
3f19e319,3ecb0325
3f19e5cc,3ecafada
3f19e880,3ecaf28c
3f19eb33,3ecaea40
3f19ede6,3ecae1f6
3f19f099,3ecad9ab
3f19f34c,3ecad161
3f19f600,3ecac913
3f19f8b3,3ecac0c9
3f19fb66,3ecab87f
3f19fe19,3ecab037
3f1a00cc,3ecaa7ed
3f1a0380,3eca9fa1
3f1a0633,3eca9758
3f1a08e6,3eca8f10
3f1a0b99,3eca86c6
3f1a0e4c,3eca7e7e
3f1a1100,3eca7633
3f1a13b3,3eca6deb
3f1a1666,3eca65a4
3f1a1919,3eca5d5c
3f1a1bcc,3eca5514
3f1a1e80,3eca4cc9
3f1a2133,3eca4484
3f1a23e6,3eca3c3d
3f1a2699,3eca33f6
3f1a294c,3eca2bb0
3f1a2c00,3eca2367
3f1a2eb3,3eca1b20
3f1a3166,3eca12db
3f1a3419,3eca0a96
3f1a36cc,3eca0251
3f1a3980,3ec9fa08
3f1a3c33,3ec9f1c4
3f1a3ee6,3ec9e97e
3f1a4199,3ec9e13c
3f1a444c,3ec9d8f7
3f1a4700,3ec9d0af
3f1a49b3,3ec9c86c
3f1a4c66,3ec9c028
3f1a4f19,3ec9b7e5
3f1a51cc,3ec9afa2
3f1a5480,3ec9a75c
3f1a5733,3ec99f1a
3f1a59e6,3ec996d6
3f1a5c99,3ec98e93
3f1a5f4c,3ec98651
3f1a6200,3ec97e0d
3f1a64b3,3ec975cb
3f1a6766,3ec96d89
3f1a6a19,3ec96548
3f1a6ccc,3ec95d06
3f1a6f80,3ec954c3
3f1a7233,3ec94c83
3f1a74e6,3ec94441
3f1a7799,3ec93c01
3f1a7a4c,3ec933c2
3f1a7d00,3ec92b7e
3f1a7fb3,3ec9233e
3f1a8266,3ec91aff
3f1a8519,3ec912c1
3f1a87cc,3ec90a82
3f1a8a80,3ec9023e
3f1a8d33,3ec8fa01
3f1a8fe6,3ec8f1c2
3f1a9299,3ec8e984
3f1a954c,3ec8e145
3f1a9800,3ec8d904
3f1a9ab3,3ec8d0c7
3f1a9d66,3ec8c88a
3f1aa019,3ec8c04d
3f1aa2cc,3ec8b810
3f1aa580,3ec8afcf
3f1aa833,3ec8a794
3f1aaae6,3ec89f57
3f1aad99,3ec8971a
3f1ab04c,3ec88ee0
3f1ab300,3ec8869f
3f1ab5b3,3ec87e64
3f1ab866,3ec8762a
3f1abb19,3ec86ded
3f1abdcc,3ec865b2
3f1ac080,3ec85d74
3f1ac333,3ec8553a
3f1ac5e6,3ec84d00
3f1ac899,3ec844c5
3f1acb4c,3ec83c8d
3f1ace00,3ec8344f
3f1ad0b3,3ec82c14
3f1ad366,3ec823dc
3f1ad619,3ec81ba2
3f1ad8cc,3ec8136a
3f1adb80,3ec80b2e
3f1ade33,3ec802f6
3f1ae0e6,3ec7fabd
3f1ae399,3ec7f285
3f1ae64c,3ec7ea4d
3f1ae900,3ec7e214
3f1aebb3,3ec7d9dc
3f1aee66,3ec7d1a4
3f1af119,3ec7c96c
3f1af3cc,3ec7c137
3f1af680,3ec7b8fc
3f1af933,3ec7b0c6
3f1afbe6,3ec7a88f
3f1afe99,3ec7a059
3f1b014c,3ec79824
3f1b0400,3ec78feb
3f1b06b3,3ec787b6
3f1b0966,3ec77f80
3f1b0c19,3ec7774c
3f1b0ecc,3ec76f16
3f1b1180,3ec766e0
3f1b1433,3ec75eaa
3f1b16e6,3ec75676
3f1b1999,3ec74e43
3f1b1c4c,3ec7460e
3f1b1f00,3ec73dd7
3f1b21b3,3ec735a4
3f1b2466,3ec72d72
3f1b2719,3ec7253d
3f1b29cc,3ec71d0b
3f1b2c80,3ec714d6
3f1b2f33,3ec70ca4
3f1b31e6,3ec70472
3f1b3499,3ec6fc3f
3f1b374c,3ec6f40d
3f1b3a00,3ec6ebd8
3f1b3cb3,3ec6e3a6
3f1b3f66,3ec6db76
3f1b4219,3ec6d344
3f1b44cc,3ec6cb14
3f1b4780,3ec6c2e1
3f1b4a33,3ec6bab0
3f1b4ce6,3ec6b280
3f1b4f99,3ec6aa50
3f1b524c,3ec6a220
3f1b5500,3ec699ee
3f1b57b3,3ec691be
3f1b5a66,3ec6898f
3f1b5d19,3ec68160
3f1b5fcc,3ec67932
3f1b6280,3ec67100
3f1b6533,3ec668d2
3f1b67e6,3ec660a4
3f1b6a99,3ec65876
3f1b6d4c,3ec65048
3f1b7000,3ec64818
3f1b72b3,3ec63fea
3f1b7566,3ec637bd
3f1b7819,3ec62f90
3f1b7acc,3ec62764
3f1b7d80,3ec61f34
3f1b8033,3ec61708
3f1b82e6,3ec60edb
3f1b8599,3ec606b0
3f1b884c,3ec5fe84
3f1b8b00,3ec5f656
3f1b8db3,3ec5ee2a
3f1b9066,3ec5e5ff
3f1b9319,3ec5ddd4
3f1b95cc,3ec5d5aa
3f1b9880,3ec5cd7c
3f1b9b33,3ec5c552
3f1b9de6,3ec5bd27
3f1ba099,3ec5b4fe
3f1ba34c,3ec5acd4
3f1ba600,3ec5a4a7
3f1ba8b3,3ec59c7e
3f1bab66,3ec59456
3f1bae19,3ec58c2c
3f1bb0cc,3ec58403
3f1bb380,3ec57bd8
3f1bb633,3ec573b0
3f1bb8e6,3ec56b88
3f1bbb99,3ec56360
3f1bbe4c,3ec55b38
3f1bc100,3ec5530e
3f1bc3b3,3ec54ae7
3f1bc666,3ec542c0
3f1bc919,3ec53a98
3f1bcbcc,3ec53273
3f1bce80,3ec52a48
3f1bd133,3ec52223
3f1bd3e6,3ec519fc
3f1bd699,3ec511d7
3f1bd94c,3ec509b1
3f1bdc00,3ec50189
3f1bdeb3,3ec4f964
3f1be166,3ec4f13e
3f1be419,3ec4e919
3f1be6cc,3ec4e0f5
3f1be980,3ec4d8cd
3f1bec33,3ec4d0a9
3f1beee6,3ec4c885
3f1bf199,3ec4c062
3f1bf44c,3ec4b83e
3f1bf700,3ec4b018
3f1bf9b3,3ec4a7f4
3f1bfc66,3ec49fd2
3f1bff19,3ec497af
3f1c01cc,3ec48f8c
3f1c0480,3ec48767
3f1c0733,3ec47f44
3f1c09e6,3ec47723
3f1c0c99,3ec46f01
3f1c0f4c,3ec466df
3f1c1200,3ec45eba
3f1c14b3,3ec45699
3f1c1766,3ec44e79
3f1c1a19,3ec44658
3f1c1ccc,3ec43e38
3f1c1f80,3ec43614
3f1c2233,3ec42df3
3f1c24e6,3ec425d4
3f1c2799,3ec41db4
3f1c2a4c,3ec41594
3f1c2d00,3ec40d72
3f1c2fb3,3ec40553
3f1c3266,3ec3fd34
3f1c3519,3ec3f515
3f1c37cc,3ec3ecf6
3f1c3a80,3ec3e4d5
3f1c3d33,3ec3dcb7
3f1c3fe6,3ec3d49a
3f1c4299,3ec3cc7b
3f1c454c,3ec3c45e
3f1c4800,3ec3bc3e
3f1c4ab3,3ec3b420
3f1c4d66,3ec3ac04
3f1c5019,3ec3a3e6
3f1c52cc,3ec39bca
3f1c5580,3ec393ab
3f1c5833,3ec38b8f
3f1c5ae6,3ec38373
3f1c5d99,3ec37b57
3f1c604c,3ec3733c
3f1c6300,3ec36b1d
3f1c65b3,3ec36302
3f1c6866,3ec35ae7
3f1c6b19,3ec352cc
3f1c6dcc,3ec34ab2
3f1c7080,3ec34294
3f1c7333,3ec33a7a
3f1c75e6,3ec33261
3f1c7899,3ec32a46
3f1c7b4c,3ec3222d
3f1c7e00,3ec31a10
3f1c80b3,3ec311f8
3f1c8366,3ec309df
3f1c8619,3ec301c6
3f1c88cc,3ec2f9ad
3f1c8b80,3ec2f192
3f1c8e33,3ec2e97a
3f1c90e6,3ec2e162
3f1c9399,3ec2d94b
3f1c964c,3ec2d132
3f1c9900,3ec2c919
3f1c9bb3,3ec2c102
3f1c9e66,3ec2b8eb
3f1ca119,3ec2b0d4
3f1ca3cc,3ec2a8be
3f1ca680,3ec2a0a4
3f1ca933,3ec2988e
3f1cabe6,3ec29078
3f1cae99,3ec28862
3f1cb14c,3ec2804c
3f1cb400,3ec27834
3f1cb6b3,3ec27020
3f1cb966,3ec2680a
3f1cbc19,3ec25ff6
3f1cbecc,3ec257e2
3f1cc180,3ec24fca
3f1cc433,3ec247b6
3f1cc6e6,3ec23fa2
3f1cc999,3ec2378e
3f1ccc4c,3ec22f7b
3f1ccf00,3ec22764
3f1cd1b3,3ec21f51
3f1cd466,3ec2173e
3f1cd719,3ec20f2b
3f1cd9cc,3ec2071a
3f1cdc80,3ec1ff04
3f1cdf33,3ec1f6f1
3f1ce1e6,3ec1eee0
3f1ce499,3ec1e6ce
3f1ce74c,3ec1debc
3f1cea00,3ec1d6a8
3f1cecb3,3ec1ce98
3f1cef66,3ec1c686
3f1cf219,3ec1be76
3f1cf4cc,3ec1b665
3f1cf780,3ec1ae51
3f1cfa33,3ec1a642
3f1cfce6,3ec19e32
3f1cff99,3ec19622
3f1d024c,3ec18e12
3f1d0500,3ec18600
3f1d07b3,3ec17df1
3f1d0a66,3ec175e2
3f1d0d19,3ec16dd4
3f1d0fcc,3ec165c5
3f1d1280,3ec15db4
3f1d1533,3ec155a6
3f1d17e6,3ec14d98
3f1d1a99,3ec1458a
3f1d1d4c,3ec13d7c
3f1d2000,3ec1356c
3f1d22b3,3ec12d5f
3f1d2566,3ec12552
3f1d2819,3ec11d45
3f1d2acc,3ec11538
3f1d2d80,3ec10d2a
3f1d3033,3ec1051d
3f1d32e6,3ec0fd12
3f1d3599,3ec0f506
3f1d384c,3ec0ecfa
3f1d3b00,3ec0e4ec
3f1d3db3,3ec0dce0
3f1d4066,3ec0d4d6
3f1d4319,3ec0cccb
3f1d45cc,3ec0c4c1
3f1d4880,3ec0bcb3
3f1d4b33,3ec0b4aa
3f1d4de6,3ec0aca0
3f1d5099,3ec0a496
3f1d534c,3ec09c8c
3f1d5600,3ec09480
3f1d58b3,3ec08c76
3f1d5b66,3ec0846e
3f1d5e19,3ec07c64
3f1d60cc,3ec0745c
3f1d6380,3ec06c51
3f1d6633,3ec06448
3f1d68e6,3ec05c41
3f1d6b99,3ec05439
3f1d6e4c,3ec04c32
3f1d7100,3ec04427
3f1d73b3,3ec03c20
3f1d7666,3ec03419
3f1d7919,3ec02c13
3f1d7bcc,3ec0240c
3f1d7e80,3ec01c02
3f1d8133,3ec013fc
3f1d83e6,3ec00bf6
3f1d8699,3ec003f1
3f1d894c,3ebffbeb
3f1d8c00,3ebff3e3
3f1d8eb3,3ebfebdd
3f1d9166,3ebfe3d9
3f1d9419,3ebfdbd4
3f1d96cc,3ebfd3d0
3f1d9980,3ebfcbc8
3f1d9c33,3ebfc3c4
3f1d9ee6,3ebfbbc0
3f1da199,3ebfb3bc
3f1da44c,3ebfabb8
3f1da700,3ebfa3b2
3f1da9b3,3ebf9bb0
3f1dac66,3ebf93ac
3f1daf19,3ebf8ba9
3f1db1cc,3ebf83a6
3f1db480,3ebf7ba2
3f1db733,3ebf739f
3f1db9e6,3ebf6b9d
3f1dbc99,3ebf639b
3f1dbf4c,3ebf5b9a
3f1dc200,3ebf5395
3f1dc4b3,3ebf4b94
3f1dc766,3ebf4394
3f1dca19,3ebf3b92
3f1dcccc,3ebf3392
3f1dcf80,3ebf2b8e
3f1dd233,3ebf238e
3f1dd4e6,3ebf1b8f
3f1dd799,3ebf138e
3f1dda4c,3ebf0b8f
3f1ddd00,3ebf038c
3f1ddfb3,3ebefb8d
3f1de266,3ebef38e
3f1de519,3ebeeb90
3f1de7cc,3ebee391
3f1dea80,3ebedb90
3f1ded33,3ebed392
3f1defe6,3ebecb94
3f1df299,3ebec396
3f1df54c,3ebebb98
3f1df800,3ebeb398
3f1dfab3,3ebeab9a
3f1dfd66,3ebea39d
3f1e0019,3ebe9ba1
3f1e02cc,3ebe93a4
3f1e0580,3ebe8ba4
3f1e0833,3ebe83a8
3f1e0ae6,3ebe7bac
3f1e0d99,3ebe73b0
3f1e104c,3ebe6bb4
3f1e1300,3ebe63b6
3f1e15b3,3ebe5bbc
3f1e1866,3ebe53c0
3f1e1b19,3ebe4bc5
3f1e1dcc,3ebe43ca
3f1e2080,3ebe3bce
3f1e2333,3ebe33d2
3f1e25e6,3ebe2bd8
3f1e2899,3ebe23df
3f1e2b4c,3ebe1be5
3f1e2e00,3ebe13e8
3f1e30b3,3ebe0bf0
3f1e3366,3ebe03f6
3f1e3619,3ebdfbfe
3f1e38cc,3ebdf405
3f1e3b80,3ebdec0a
3f1e3e33,3ebde411
3f1e40e6,3ebddc19
3f1e4399,3ebdd422
3f1e464c,3ebdcc29
3f1e4900,3ebdc42f
3f1e4bb3,3ebdbc38
3f1e4e66,3ebdb440
3f1e5119,3ebdac4a
3f1e53cc,3ebda452
3f1e5680,3ebd9c5a
3f1e5933,3ebd9463
3f1e5be6,3ebd8c6d
3f1e5e99,3ebd8477
3f1e614c,3ebd7c81
3f1e6400,3ebd7488
3f1e66b3,3ebd6c94
3f1e6966,3ebd649e
3f1e6c19,3ebd5caa
3f1e6ecc,3ebd54b5
3f1e7180,3ebd4cbc
3f1e7433,3ebd44c9
3f1e76e6,3ebd3cd4
3f1e7999,3ebd34e0
3f1e7c4c,3ebd2ced
3f1e7f00,3ebd24f6
3f1e81b3,3ebd1d02
3f1e8466,3ebd150f
3f1e8719,3ebd0d1d
3f1e89cc,3ebd052a
3f1e8c80,3ebcfd34
3f1e8f33,3ebcf542
3f1e91e6,3ebced50
3f1e9499,3ebce55d
3f1e974c,3ebcdd6c
3f1e9a00,3ebcd578
3f1e9cb3,3ebccd86
3f1e9f66,3ebcc594
3f1ea219,3ebcbda4
3f1ea4cc,3ebcb5b3
3f1ea780,3ebcadc0
3f1eaa33,3ebca5cf
3f1eace6,3ebc9ddf
3f1eaf99,3ebc95ef
3f1eb24c,3ebc8dff
3f1eb500,3ebc860d
3f1eb7b3,3ebc7e1c
3f1eba66,3ebc762d
3f1ebd19,3ebc6e3f
3f1ebfcc,3ebc6650
3f1ec280,3ebc5e5e
3f1ec533,3ebc5670
3f1ec7e6,3ebc4e81
3f1eca99,3ebc4693
3f1ecd4c,3ebc3ea5
3f1ed000,3ebc36b4
3f1ed2b3,3ebc2ec8
3f1ed566,3ebc26da
3f1ed819,3ebc1eed
3f1edacc,3ebc1700
3f1edd80,3ebc0f10
3f1ee033,3ebc0724
3f1ee2e6,3ebbff38
3f1ee599,3ebbf74c
3f1ee84c,3ebbef60
3f1eeb00,3ebbe771
3f1eedb3,3ebbdf86
3f1ef066,3ebbd79a
3f1ef319,3ebbcfaf
3f1ef5cc,3ebbc7c4
3f1ef880,3ebbbfd6
3f1efb33,3ebbb7ec
3f1efde6,3ebbb002
3f1f0099,3ebba817
3f1f034c,3ebba02d
3f1f0600,3ebb9840
3f1f08b3,3ebb9058
3f1f0b66,3ebb886e
3f1f0e19,3ebb8085
3f1f10cc,3ebb789b
3f1f1380,3ebb70b0
3f1f1633,3ebb68c7
3f1f18e6,3ebb60de
3f1f1b99,3ebb58f7
3f1f1e4c,3ebb510e
3f1f2100,3ebb4924
3f1f23b3,3ebb413c
3f1f2666,3ebb3955
3f1f2919,3ebb316e
3f1f2bcc,3ebb2986
3f1f2e80,3ebb219d
3f1f3133,3ebb19b6
3f1f33e6,3ebb11d0
3f1f3699,3ebb09ea
3f1f394c,3ebb0204
3f1f3c00,3ebafa1a
3f1f3eb3,3ebaf236
3f1f4166,3ebaea50
3f1f4419,3ebae26b
3f1f46cc,3ebada85
3f1f4980,3ebad29e
3f1f4c33,3ebacab9
3f1f4ee6,3ebac2d4
3f1f5199,3ebabaf0
3f1f544c,3ebab30c
3f1f5700,3ebaab25
3f1f59b3,3ebaa342
3f1f5c66,3eba9b5e
3f1f5f19,3eba937b
3f1f61cc,3eba8b98
3f1f6480,3eba83b2
3f1f6733,3eba7bce
3f1f69e6,3eba73ec
3f1f6c99,3eba6c0a
3f1f6f4c,3eba6428
3f1f7200,3eba5c42
3f1f74b3,3eba5462
3f1f7766,3eba4c80
3f1f7a19,3eba449e
3f1f7ccc,3eba3cbd
3f1f7f80,3eba34d9
3f1f8233,3eba2cf8
3f1f84e6,3eba2517
3f1f8799,3eba1d38
3f1f8a4c,3eba1557
3f1f8d00,3eba0d74
3f1f8fb3,3eba0594
3f1f9266,3eb9fdb5
3f1f9519,3eb9f5d6
3f1f97cc,3eb9edf6
3f1f9a80,3eb9e614
3f1f9d33,3eb9de35
3f1f9fe6,3eb9d657
3f1fa299,3eb9ce78
3f1fa54c,3eb9c69a
3f1fa800,3eb9beb9
3f1faab3,3eb9b6db
3f1fad66,3eb9aefd
3f1fb019,3eb9a720
3f1fb2cc,3eb99f42
3f1fb580,3eb99763
3f1fb833,3eb98f86
3f1fbae6,3eb987aa
3f1fbd99,3eb97fcd
3f1fc04c,3eb977f0
3f1fc300,3eb97011
3f1fc5b3,3eb96836
3f1fc866,3eb9605a
3f1fcb19,3eb9587e
3f1fcdcc,3eb950a2
3f1fd080,3eb948c4
3f1fd333,3eb940ea
3f1fd5e6,3eb9390f
3f1fd899,3eb93135
3f1fdb4c,3eb9295a
3f1fde00,3eb9217d
3f1fe0b3,3eb919a3
3f1fe366,3eb911c9
3f1fe619,3eb909f0
3f1fe8cc,3eb90216
3f1feb80,3eb8fa3a
3f1fee33,3eb8f261
3f1ff0e6,3eb8ea88
3f1ff399,3eb8e2af
3f1ff64c,3eb8dad8
3f1ff900,3eb8d2fc
3f1ffbb3,3eb8cb24
3f1ffe66,3eb8c34c
3f200119,3eb8bb75
3f2003cc,3eb8b39e
3f200680,3eb8abc2
3f200933,3eb8a3ec
3f200be6,3eb89c15
3f200e99,3eb8943e
3f20114c,3eb88c68
3f201400,3eb8848e
3f2016b3,3eb87cb8
3f201966,3eb874e2
3f201c19,3eb86d0c
3f201ecc,3eb86536
3f202180,3eb85d5f
3f202433,3eb8558a
3f2026e6,3eb84db4
3f202999,3eb845e0
3f202c4c,3eb83e0b
3f202f00,3eb83634
3f2031b3,3eb82e60
3f203466,3eb8268c
3f203719,3eb81eb8
3f2039cc,3eb816e4
3f203c80,3eb80f0e
3f203f33,3eb8073b
3f2041e6,3eb7ff68
3f204499,3eb7f796
3f20474c,3eb7efc2
3f204a00,3eb7e7ee
3f204cb3,3eb7e01c
3f204f66,3eb7d84a
3f205219,3eb7d078
3f2054cc,3eb7c8a6
3f205780,3eb7c0d1
3f205a33,3eb7b900
3f205ce6,3eb7b12f
3f205f99,3eb7a95d
3f20624c,3eb7a18c
3f206500,3eb799b9
3f2067b3,3eb791ea
3f206a66,3eb78a19
3f206d19,3eb7824a
3f206fcc,3eb77a7a
3f207280,3eb772a7
3f207533,3eb76ad8
3f2077e6,3eb76308
3f207a99,3eb75b3a
3f207d4c,3eb7536a
3f208000,3eb74b9a
3f2082b3,3eb743ca
3f208566,3eb73bfc
3f208819,3eb7342e
3f208acc,3eb72c61
3f208d80,3eb72491
3f209033,3eb71cc3
3f2092e6,3eb714f6
3f209599,3eb70d29
3f20984c,3eb7055c
3f209b00,3eb6fd8c
3f209db3,3eb6f5c0
3f20a066,3eb6edf4
3f20a319,3eb6e628
3f20a5cc,3eb6de5c
3f20a880,3eb6d68d
3f20ab33,3eb6cec2
3f20ade6,3eb6c6f6
3f20b099,3eb6bf2b
3f20b34c,3eb6b760
3f20b600,3eb6af93
3f20b8b3,3eb6a7c8
3f20bb66,3eb69ffe
3f20be19,3eb69834
3f20c0cc,3eb6906a
3f20c380,3eb6889d
3f20c633,3eb680d4
3f20c8e6,3eb6790a
3f20cb99,3eb67141
3f20ce4c,3eb66978
3f20d100,3eb661ac
3f20d3b3,3eb659e3
3f20d666,3eb6521c
3f20d919,3eb64a53
3f20dbcc,3eb6428b
3f20de80,3eb63ac0
3f20e133,3eb632f8
3f20e3e6,3eb62b31
3f20e699,3eb6236a
3f20e94c,3eb61ba2
3f20ec00,3eb613d8
3f20eeb3,3eb60c12
3f20f166,3eb6044c
3f20f419,3eb5fc85
3f20f6cc,3eb5f4bf
3f20f980,3eb5ecf6
3f20fc33,3eb5e531
3f20fee6,3eb5dd6b
3f210199,3eb5d5a6
3f21044c,3eb5cde0
3f210700,3eb5c619
3f2109b3,3eb5be54
3f210c66,3eb5b68f
3f210f19,3eb5aeca
3f2111cc,3eb5a707
3f211480,3eb59f40
3f211733,3eb5977c
3f2119e6,3eb58fb9
3f211c99,3eb587f5
3f211f4c,3eb58032
3f212200,3eb5786c
3f2124b3,3eb570a8
3f212766,3eb568e6
3f212a19,3eb56124
3f212ccc,3eb55961
3f212f80,3eb5519c
3f213233,3eb549da
3f2134e6,3eb54219
3f213799,3eb53a57
3f213a4c,3eb53296
3f213d00,3eb52ad2
3f213fb3,3eb52311
3f214266,3eb51b50
3f214519,3eb51390
3f2147cc,3eb50bcf
3f214a80,3eb5040c
3f214d33,3eb4fc4c
3f214fe6,3eb4f48c
3f215299,3eb4eccd
3f21554c,3eb4e50e
3f215800,3eb4dd4c
3f215ab3,3eb4d58c
3f215d66,3eb4cdce
3f216019,3eb4c60e
3f2162cc,3eb4be50
3f216580,3eb4b68e
3f216833,3eb4aed0
3f216ae6,3eb4a714
3f216d99,3eb49f56
3f21704c,3eb49798
3f217300,3eb48fd8
3f2175b3,3eb4881a
3f217866,3eb4805d
3f217b19,3eb478a0
3f217dcc,3eb470e5
3f218080,3eb46926
3f218333,3eb46169
3f2185e6,3eb459ad
3f218899,3eb451f1
3f218b4c,3eb44a35
3f218e00,3eb44277
3f2190b3,3eb43abc
3f219366,3eb43302
3f219619,3eb42b46
3f2198cc,3eb4238c
3f219b80,3eb41bce
3f219e33,3eb41414
3f21a0e6,3eb40c5a
3f21a399,3eb404a0
3f21a64c,3eb3fce6
3f21a900,3eb3f52a
3f21abb3,3eb3ed70
3f21ae66,3eb3e5b7
3f21b119,3eb3ddfe
3f21b3cc,3eb3d646
3f21b680,3eb3ce8a
3f21b933,3eb3c6d2
3f21bbe6,3eb3bf1a
3f21be99,3eb3b762
3f21c14c,3eb3afaa
3f21c400,3eb3a7f0
3f21c6b3,3eb3a038
3f21c966,3eb39881
3f21cc19,3eb390ca
3f21cecc,3eb38912
3f21d180,3eb3815a
3f21d433,3eb379a3
3f21d6e6,3eb371ec
3f21d999,3eb36a36
3f21dc4c,3eb36281
3f21df00,3eb35ac8
3f21e1b3,3eb35312
3f21e466,3eb34b5e
3f21e719,3eb343a8
3f21e9cc,3eb33bf3
3f21ec80,3eb3343c
3f21ef33,3eb32c87
3f21f1e6,3eb324d3
3f21f499,3eb31d1e
3f21f74c,3eb3156b
3f21fa00,3eb30db4
3f21fcb3,3eb30600
3f21ff66,3eb2fe4d
3f220219,3eb2f699
3f2204cc,3eb2eee6
3f220780,3eb2e731
3f220a33,3eb2df7e
3f220ce6,3eb2d7cc
3f220f99,3eb2d01a
3f22124c,3eb2c868
3f221500,3eb2c0b2
3f2217b3,3eb2b900
3f221a66,3eb2b14f
3f221d19,3eb2a99e
3f221fcc,3eb2a1ed
3f222280,3eb29a38
3f222533,3eb29288
3f2227e6,3eb28ad7
3f222a99,3eb28327
3f222d4c,3eb27b77
3f223000,3eb273c4
3f2232b3,3eb26c14
3f223566,3eb26464
3f223819,3eb25cb5
3f223acc,3eb25506
3f223d80,3eb24d54
3f224033,3eb245a5
3f2242e6,3eb23df6
3f224599,3eb23648
3f22484c,3eb22e9a
3f224b00,3eb226e9
3f224db3,3eb21f3b
3f225066,3eb2178d
3f225319,3eb20fdf
3f2255cc,3eb20832
3f225880,3eb20082
3f225b33,3eb1f8d5
3f225de6,3eb1f128
3f226099,3eb1e97b
3f22634c,3eb1e1ce
3f226600,3eb1da20
3f2268b3,3eb1d274
3f226b66,3eb1cac8
3f226e19,3eb1c31d
3f2270cc,3eb1bb72
3f227380,3eb1b3c3
3f227633,3eb1ac18
3f2278e6,3eb1a46c
3f227b99,3eb19cc2
3f227e4c,3eb19517
3f228100,3eb18d6a
3f2283b3,3eb185c0
3f228666,3eb17e16
3f228919,3eb1766c
3f228bcc,3eb16ec3
3f228e80,3eb16717
3f229133,3eb15f6e
3f2293e6,3eb157c4
3f229699,3eb1501b
3f22994c,3eb14872
3f229c00,3eb140c8
3f229eb3,3eb13920
3f22a166,3eb13177
3f22a419,3eb129d0
3f22a6cc,3eb12228
3f22a980,3eb11a7e
3f22ac33,3eb112d6
3f22aee6,3eb10b2f
3f22b199,3eb10388
3f22b44c,3eb0fbe2
3f22b700,3eb0f438
3f22b9b3,3eb0ec92
3f22bc66,3eb0e4ec
3f22bf19,3eb0dd46
3f22c1cc,3eb0d5a0
3f22c480,3eb0cdf7
3f22c733,3eb0c652
3f22c9e6,3eb0beac
3f22cc99,3eb0b707
3f22cf4c,3eb0af62
3f22d200,3eb0a7bb
3f22d4b3,3eb0a016
3f22d766,3eb09872
3f22da19,3eb090ce
3f22dccc,3eb0892a
3f22df80,3eb08184
3f22e233,3eb079e0
3f22e4e6,3eb0723d
3f22e799,3eb06a9a
3f22ea4c,3eb062f6
3f22ed00,3eb05b51
3f22efb3,3eb053ae
3f22f266,3eb04c0c
3f22f519,3eb0446a
3f22f7cc,3eb03cc8
3f22fa80,3eb03523
3f22fd33,3eb02d81
3f22ffe6,3eb025df
3f230299,3eb01e3e
3f23054c,3eb0169e
3f230800,3eb00ef9
3f230ab3,3eb00758
3f230d66,3eafffb8
3f231019,3eaff818
3f2312cc,3eaff078
3f231580,3eafe8d5
3f231833,3eafe135
3f231ae6,3eafd995
3f231d99,3eafd1f6
3f23204c,3eafca56
3f232300,3eafc2b4
3f2325b3,3eafbb16
3f232866,3eafb377
3f232b19,3eafabd9
3f232dcc,3eafa43b
3f233080,3eaf9c99
3f233333,3eaf94fc
3f2335e6,3eaf8d5e
3f233899,3eaf85c0
3f233b4c,3eaf7e24
3f233e00,3eaf7683
3f2340b3,3eaf6ee6
3f234366,3eaf674a
3f234619,3eaf5fad
3f2348cc,3eaf5810
3f234b80,3eaf5071
3f234e33,3eaf48d5
3f2350e6,3eaf4139
3f235399,3eaf399e
3f23564c,3eaf3202
3f235900,3eaf2a64
3f235bb3,3eaf22c8
3f235e66,3eaf1b2e
3f236119,3eaf1393
3f2363cc,3eaf0bf9
3f236680,3eaf045b
3f236933,3eaefcc1
3f236be6,3eaef527
3f236e99,3eaeed8d
3f23714c,3eaee5f4
3f237400,3eaede58
3f2376b3,3eaed6bf
3f237966,3eaecf25
3f237c19,3eaec78c
3f237ecc,3eaebff4
3f238180,3eaeb858
3f238433,3eaeb0c0
3f2386e6,3eaea928
3f238999,3eaea190
3f238c4c,3eae99f8
3f238f00,3eae925e
3f2391b3,3eae8ac7
3f239466,3eae8330
3f239719,3eae7b98
3f2399cc,3eae7402
3f239c80,3eae6c68
3f239f33,3eae64d2
3f23a1e6,3eae5d3b
3f23a499,3eae55a5
3f23a74c,3eae4e10
3f23aa00,3eae4678
3f23acb3,3eae3ee2
3f23af66,3eae374c
3f23b219,3eae2fb7
3f23b4cc,3eae2822
3f23b780,3eae208b
3f23ba33,3eae18f6
3f23bce6,3eae1162
3f23bf99,3eae09cd
3f23c24c,3eae023a
3f23c500,3eadfaa2
3f23c7b3,3eadf30f
3f23ca66,3eadeb7c
3f23cd19,3eade3e8
3f23cfcc,3eaddc55
3f23d280,3eadd4bf
3f23d533,3eadcd2d
3f23d7e6,3eadc59b
3f23da99,3eadbe08
3f23dd4c,3eadb676
3f23e000,3eadaee1
3f23e2b3,3eada750
3f23e566,3ead9fbe
3f23e819,3ead982c
3f23eacc,3ead909b
3f23ed80,3ead8908
3f23f033,3ead8177
3f23f2e6,3ead79e6
3f23f599,3ead7256
3f23f84c,3ead6ac5
3f23fb00,3ead6333
3f23fdb3,3ead5ba2
3f240066,3ead5413
3f240319,3ead4c84
3f2405cc,3ead44f4
3f240880,3ead3d62
3f240b33,3ead35d3
3f240de6,3ead2e44
3f241099,3ead26b6
3f24134c,3ead1f27
3f241600,3ead1796
3f2418b3,3ead1008
3f241b66,3ead087a
3f241e19,3ead00ec
3f2420cc,3eacf95f
3f242380,3eacf1cf
3f242633,3eacea42
3f2428e6,3eace2b4
3f242b99,3eacdb28
3f242e4c,3eacd39b
3f243100,3eaccc0c
3f2433b3,3eacc480
3f243666,3eacbcf4
3f243919,3eacb568
3f243bcc,3eacaddc
3f243e80,3eaca64e
3f244133,3eac9ec3
3f2443e6,3eac9738
3f244699,3eac8fae
3f24494c,3eac8822
3f244c00,3eac8094
3f244eb3,3eac790a
3f245166,3eac7180
3f245419,3eac69f6
3f2456cc,3eac626d
3f245980,3eac5ae0
3f245c33,3eac5358
3f245ee6,3eac4bce
3f246199,3eac4445
3f24644c,3eac3cbc
3f246700,3eac3530
3f2469b3,3eac2da8
3f246c66,3eac2620
3f246f19,3eac1e98
3f2471cc,3eac1710
3f247480,3eac0f85
3f247733,3eac07fe
3f2479e6,3eac0076
3f247c99,3eabf8ef
3f247f4c,3eabf168
3f248200,3eabe9de
3f2484b3,3eabe258
3f248766,3eabdad1
3f248a19,3eabd34b
3f248ccc,3eabcbc5
3f248f80,3eabc43c
3f249233,3eabbcb6
3f2494e6,3eabb531
3f249799,3eabadac
3f249a4c,3eaba626
3f249d00,3eab9e9f
3f249fb3,3eab971a
3f24a266,3eab8f96
3f24a519,3eab8811
3f24a7cc,3eab808d
3f24aa80,3eab7906
3f24ad33,3eab7182
3f24afe6,3eab69fe
3f24b299,3eab627a
3f24b54c,3eab5af7
3f24b800,3eab5372
3f24bab3,3eab4bee
3f24bd66,3eab446c
3f24c019,3eab3ce9
3f24c2cc,3eab3567
3f24c580,3eab2de2
3f24c833,3eab2660
3f24cae6,3eab1ede
3f24cd99,3eab175d
3f24d04c,3eab0fdb
3f24d300,3eab0857
3f24d5b3,3eab00d6
3f24d866,3eaaf956
3f24db19,3eaaf1d4
3f24ddcc,3eaaea54
3f24e080,3eaae2d0
3f24e333,3eaadb51
3f24e5e6,3eaad3d0
3f24e899,3eaacc51
3f24eb4c,3eaac4d1
3f24ee00,3eaabd4f
3f24f0b3,3eaab5d0
3f24f366,3eaaae50
3f24f619,3eaaa6d1
3f24f8cc,3eaa9f53
3f24fb80,3eaa97d2
3f24fe33,3eaa9054
3f2500e6,3eaa88d6
3f250399,3eaa8158
3f25064c,3eaa79da
3f250900,3eaa725a
3f250bb3,3eaa6adc
3f250e66,3eaa635e
3f251119,3eaa5be2
3f2513cc,3eaa5465
3f251680,3eaa4ce6
3f251933,3eaa4569
3f251be6,3eaa3ded
3f251e99,3eaa3670
3f25214c,3eaa2ef4
3f252400,3eaa2776
3f2526b3,3eaa1ffb
3f252966,3eaa187e
3f252c19,3eaa1103
3f252ecc,3eaa0989
3f253180,3eaa020c
3f253433,3ea9fa90
3f2536e6,3ea9f316
3f253999,3ea9eb9c
3f253c4c,3ea9e422
3f253f00,3ea9dca5
3f2541b3,3ea9d52b
3f254466,3ea9cdb2
3f254719,3ea9c639
3f2549cc,3ea9bebf
3f254c80,3ea9b744
3f254f33,3ea9afca
3f2551e6,3ea9a852
3f255499,3ea9a0da
3f25574c,3ea99961
3f255a00,3ea991e7
3f255cb3,3ea98a6e
3f255f66,3ea982f7
3f256219,3ea97b7f
3f2564cc,3ea97408
3f256780,3ea96c8e
3f256a33,3ea96517
3f256ce6,3ea95da0
3f256f99,3ea9562a
3f25724c,3ea94eb3
3f257500,3ea9473a
3f2577b3,3ea93fc5
3f257a66,3ea9384f
3f257d19,3ea930d9
3f257fcc,3ea92964
3f258280,3ea921eb
3f258533,3ea91a76
3f2587e6,3ea91301
3f258a99,3ea90b8c
3f258d4c,3ea90418
3f259000,3ea8fca1
3f2592b3,3ea8f52c
3f259566,3ea8edb8
3f259819,3ea8e645
3f259acc,3ea8ded0
3f259d80,3ea8d75b
3f25a033,3ea8cfe8
3f25a2e6,3ea8c874
3f25a599,3ea8c102
3f25a84c,3ea8b98e
3f25ab00,3ea8b219
3f25adb3,3ea8aaa7
3f25b066,3ea8a334
3f25b319,3ea89bc2
3f25b5cc,3ea89450
3f25b880,3ea88cdc
3f25bb33,3ea8856a
3f25bde6,3ea87dfa
3f25c099,3ea87688
3f25c34c,3ea86f18
3f25c600,3ea867a4
3f25c8b3,3ea86033
3f25cb66,3ea858c3
3f25ce19,3ea85152
3f25d0cc,3ea849e3
3f25d380,3ea84270
3f25d633,3ea83b01
3f25d8e6,3ea83391
3f25db99,3ea82c22
3f25de4c,3ea824b2
3f25e100,3ea81d41
3f25e3b3,3ea815d2
3f25e666,3ea80e64
3f25e919,3ea806f5
3f25ebcc,3ea7ff87
3f25ee80,3ea7f817
3f25f133,3ea7f0a8
3f25f3e6,3ea7e93a
3f25f699,3ea7e1ce
3f25f94c,3ea7da60
3f25fc00,3ea7d2f0
3f25feb3,3ea7cb84
3f260166,3ea7c417
3f260419,3ea7bcaa
3f2606cc,3ea7b53e
3f260980,3ea7adcf
3f260c33,3ea7a663
3f260ee6,3ea79ef7
3f261199,3ea7978c
3f26144c,3ea79020
3f261700,3ea788b2
3f2619b3,3ea78147
3f261c66,3ea779dc
3f261f19,3ea77271
3f2621cc,3ea76b07
3f262480,3ea7639a
3f262733,3ea75c30
3f2629e6,3ea754c6
3f262c99,3ea74d5b
3f262f4c,3ea745f2
3f263200,3ea73e86
3f2634b3,3ea7371d
3f263766,3ea72fb3
3f263a19,3ea7284b
3f263ccc,3ea720e2
3f263f80,3ea71976
3f264233,3ea7120e
3f2644e6,3ea70aa6
3f264799,3ea7033e
3f264a4c,3ea6fbd6
3f264d00,3ea6f46c
3f264fb3,3ea6ed04
3f265266,3ea6e59e
3f265519,3ea6de36
3f2657cc,3ea6d6d0
3f265a80,3ea6cf66
3f265d33,3ea6c7ff
3f265fe6,3ea6c099
3f266299,3ea6b932
3f26654c,3ea6b1cd
3f266800,3ea6aa64
3f266ab3,3ea6a2ff
3f266d66,3ea69b99
3f267019,3ea69434
3f2672cc,3ea68ccf
3f267580,3ea68567
3f267833,3ea67e03
3f267ae6,3ea6769e
3f267d99,3ea66f39
3f26804c,3ea667d5
3f268300,3ea6606f
3f2685b3,3ea6590b
3f268866,3ea651a7
3f268b19,3ea64a44
3f268dcc,3ea642e1
3f269080,3ea63b7b
3f269333,3ea63418
3f2695e6,3ea62cb6
3f269899,3ea62552
3f269b4c,3ea61df0
3f269e00,3ea6168c
3f26a0b3,3ea60f2a
3f26a366,3ea607c7
3f26a619,3ea60066
3f26a8cc,3ea5f904
3f26ab80,3ea5f1a1
3f26ae33,3ea5ea40
3f26b0e6,3ea5e2de
3f26b399,3ea5db7e
3f26b64c,3ea5d41d
3f26b900,3ea5ccba
3f26bbb3,3ea5c55a
3f26be66,3ea5bdfa
3f26c119,3ea5b69a
3f26c3cc,3ea5af3b
3f26c680,3ea5a7d8
3f26c933,3ea5a079
3f26cbe6,3ea5991a
3f26ce99,3ea591bc
3f26d14c,3ea58a5c
3f26d400,3ea582fb
3f26d6b3,3ea57b9c
3f26d966,3ea5743e
3f26dc19,3ea56ce0
3f26decc,3ea56582
3f26e180,3ea55e22
3f26e433,3ea556c5
3f26e6e6,3ea54f67
3f26e999,3ea5480a
3f26ec4c,3ea540ae
3f26ef00,3ea5394e
3f26f1b3,3ea531f1
3f26f466,3ea52a95
3f26f719,3ea52339
3f26f9cc,3ea51bdc
3f26fc80,3ea5147e
3f26ff33,3ea50d23
3f2701e6,3ea505c7
3f270499,3ea4fe6c
3f27074c,3ea4f711
3f270a00,3ea4efb2
3f270cb3,3ea4e858
3f270f66,3ea4e0fe
3f271219,3ea4d9a3
3f2714cc,3ea4d248
3f271780,3ea4caec
3f271a33,3ea4c393
3f271ce6,3ea4bc39
3f271f99,3ea4b4df
3f27224c,3ea4ad86
3f272500,3ea4a62a
3f2727b3,3ea49ed1
3f272a66,3ea49778
3f272d19,3ea49020
3f272fcc,3ea488c7
3f273280,3ea4816c
3f273533,3ea47a14
3f2737e6,3ea472bc
3f273a99,3ea46b65
3f273d4c,3ea4640d
3f274000,3ea45cb4
3f2742b3,3ea4555c
3f274566,3ea44e05
3f274819,3ea446ae
3f274acc,3ea43f58
3f274d80,3ea437fe
3f275033,3ea430a8
3f2752e6,3ea42952
3f275599,3ea421fc
3f27584c,3ea41aa7
3f275b00,3ea4134f
3f275db3,3ea40bfa
3f276066,3ea404a4
3f276319,3ea3fd4f
3f2765cc,3ea3f5fa
3f276880,3ea3eea3
3f276b33,3ea3e74e
3f276de6,3ea3dffa
3f277099,3ea3d8a6
3f27734c,3ea3d152
3f277600,3ea3c9fc
3f2778b3,3ea3c2a8
3f277b66,3ea3bb55
3f277e19,3ea3b402
3f2780cc,3ea3acae
3f278380,3ea3a559
3f278633,3ea39e06
3f2788e6,3ea396b4
3f278b99,3ea38f62
3f278e4c,3ea3880f
3f279100,3ea380bb
3f2793b3,3ea37968
3f279666,3ea37217
3f279919,3ea36ac6
3f279bcc,3ea36374
3f279e80,3ea35c20
3f27a133,3ea354d0
3f27a3e6,3ea34d7f
3f27a699,3ea3462f
3f27a94c,3ea33edf
3f27ac00,3ea3378c
3f27aeb3,3ea3303c
3f27b166,3ea328ec
3f27b419,3ea3219c
3f27b6cc,3ea31a4e
3f27b980,3ea312fb
3f27bc33,3ea30bac
3f27bee6,3ea3045e
3f27c199,3ea2fd0f
3f27c44c,3ea2f5c0
3f27c700,3ea2ee6f
3f27c9b3,3ea2e720
3f27cc66,3ea2dfd3
3f27cf19,3ea2d885
3f27d1cc,3ea2d137
3f27d480,3ea2c9e8
3f27d733,3ea2c29a
3f27d9e6,3ea2bb4d
3f27dc99,3ea2b400
3f27df4c,3ea2acb4
3f27e200,3ea2a564
3f27e4b3,3ea29e18
3f27e766,3ea296cc
3f27ea19,3ea28f80
3f27eccc,3ea28834
3f27ef80,3ea280e5
3f27f233,3ea2799a
3f27f4e6,3ea2724e
3f27f799,3ea26b04
3f27fa4c,3ea263b8
3f27fd00,3ea25c6b
3f27ffb3,3ea25520
3f280266,3ea24dd6
3f280519,3ea2468c
3f2807cc,3ea23f42
3f280a80,3ea237f6
3f280d33,3ea230ac
3f280fe6,3ea22962
3f281299,3ea22219
3f28154c,3ea21ad0
3f281800,3ea21384
3f281ab3,3ea20c3c
3f281d66,3ea204f2
3f282019,3ea1fdaa
3f2822cc,3ea1f662
3f282580,3ea1ef17
3f282833,3ea1e7cf
3f282ae6,3ea1e087
3f282d99,3ea1d940
3f28304c,3ea1d1f8
3f283300,3ea1caae
3f2835b3,3ea1c368
3f283866,3ea1bc21
3f283b19,3ea1b4da
3f283dcc,3ea1ad94
3f284080,3ea1a64b
3f284333,3ea19f04
3f2845e6,3ea197bf
3f284899,3ea19078
3f284b4c,3ea18933
3f284e00,3ea181ec
3f2850b3,3ea17aa6
3f285366,3ea17361
3f285619,3ea16c1c
3f2858cc,3ea164d8
3f285b80,3ea15d90
3f285e33,3ea1564c
3f2860e6,3ea14f08
3f286399,3ea147c4
3f28664c,3ea14080
3f286900,3ea1393a
3f286bb3,3ea131f6
3f286e66,3ea12ab3
3f287119,3ea12370
3f2873cc,3ea11c2d
3f287680,3ea114e8
3f287933,3ea10da5
3f287be6,3ea10662
3f287e99,3ea0ff20
3f28814c,3ea0f7df
3f288400,3ea0f09a
3f2886b3,3ea0e958
3f288966,3ea0e216
3f288c19,3ea0dad5
3f288ecc,3ea0d394
3f289180,3ea0cc50
3f289433,3ea0c510
3f2896e6,3ea0bdd0
3f289999,3ea0b690
3f289c4c,3ea0af4e
3f289f00,3ea0a80c
3f28a1b3,3ea0a0cc
3f28a466,3ea0998c
3f28a719,3ea0924d
3f28a9cc,3ea08b0d
3f28ac80,3ea083cc
3f28af33,3ea07c8c
3f28b1e6,3ea0754e
3f28b499,3ea06e10
3f28b74c,3ea066d1
3f28ba00,3ea05f90
3f28bcb3,3ea05852
3f28bf66,3ea05114
3f28c219,3ea049d6
3f28c4cc,3ea04299
3f28c780,3ea03b58
3f28ca33,3ea0341b
3f28cce6,3ea02cde
3f28cf99,3ea025a1
3f28d24c,3ea01e65
3f28d500,3ea01726
3f28d7b3,3ea00fea
3f28da66,3ea008ad
3f28dd19,3ea00171
3f28dfcc,3e9ffa36
3f28e280,3e9ff2f7
3f28e533,3e9febbc
3f28e7e6,3e9fe481
3f28ea99,3e9fdd45
3f28ed4c,3e9fd60b
3f28f000,3e9fcecd
3f28f2b3,3e9fc792
3f28f566,3e9fc058
3f28f819,3e9fb91e
3f28facc,3e9fb1e4
3f28fd80,3e9faaa8
3f290033,3e9fa36e
3f2902e6,3e9f9c34
3f290599,3e9f94fb
3f29084c,3e9f8dc2
3f290b00,3e9f8686
3f290db3,3e9f7f4e
3f291066,3e9f7815
3f291319,3e9f70dd
3f2915cc,3e9f69a4
3f291880,3e9f626a
3f291b33,3e9f5b32
3f291de6,3e9f53fa
3f292099,3e9f4cc3
3f29234c,3e9f458b
3f292600,3e9f3e51
3f2928b3,3e9f371a
3f292b66,3e9f2fe3
3f292e19,3e9f28ad
3f2930cc,3e9f2176
3f293380,3e9f1a3e
3f293633,3e9f1308
3f2938e6,3e9f0bd1
3f293b99,3e9f049b
3f293e4c,3e9efd66
3f294100,3e9ef62d
3f2943b3,3e9eeef8
3f294666,3e9ee7c4
3f294919,3e9ee08e
3f294bcc,3e9ed95a
3f294e80,3e9ed222
3f295133,3e9ecaee
3f2953e6,3e9ec3ba
3f295699,3e9ebc86
3f29594c,3e9eb552
3f295c00,3e9eae1c
3f295eb3,3e9ea6e8
3f296166,3e9e9fb5
3f296419,3e9e9882
3f2966cc,3e9e914f
3f296980,3e9e8a19
3f296c33,3e9e82e7
3f296ee6,3e9e7bb5
3f297199,3e9e7482
3f29744c,3e9e6d50
3f297700,3e9e661c
3f2979b3,3e9e5eea
3f297c66,3e9e57b8
3f297f19,3e9e5088
3f2981cc,3e9e4956
3f298480,3e9e4222
3f298733,3e9e3af1
3f2989e6,3e9e33c2
3f298c99,3e9e2c91
3f298f4c,3e9e2560
3f299200,3e9e1e2e
3f2994b3,3e9e16fd
3f299766,3e9e0fce
3f299a19,3e9e089e
3f299ccc,3e9e016e
3f299f80,3e9dfa3c
3f29a233,3e9df30e
3f29a4e6,3e9debdf
3f29a799,3e9de4b0
3f29aa4c,3e9ddd81
3f29ad00,3e9dd650
3f29afb3,3e9dcf22
3f29b266,3e9dc7f4
3f29b519,3e9dc0c6
3f29b7cc,3e9db999
3f29ba80,3e9db268
3f29bd33,3e9dab3c
3f29bfe6,3e9da40f
3f29c299,3e9d9ce1
3f29c54c,3e9d95b4
3f29c800,3e9d8e86
3f29cab3,3e9d8759
3f29cd66,3e9d802c
3f29d019,3e9d7901
3f29d2cc,3e9d71d4
3f29d580,3e9d6aa6
3f29d833,3e9d637b
3f29dae6,3e9d5c50
3f29dd99,3e9d5524
3f29e04c,3e9d4df9
3f29e300,3e9d46cc
3f29e5b3,3e9d3fa1
3f29e866,3e9d3877
3f29eb19,3e9d314c
3f29edcc,3e9d2a22
3f29f080,3e9d22f6
3f29f333,3e9d1bcc
3f29f5e6,3e9d14a2
3f29f899,3e9d0d79
3f29fb4c,3e9d064f
3f29fe00,3e9cff24
3f2a00b3,3e9cf7fb
3f2a0366,3e9cf0d2
3f2a0619,3e9ce9aa
3f2a08cc,3e9ce281
3f2a0b80,3e9cdb57
3f2a0e33,3e9cd42e
3f2a10e6,3e9ccd07
3f2a1399,3e9cc5de
3f2a164c,3e9cbeb7
3f2a1900,3e9cb78d
3f2a1bb3,3e9cb066
3f2a1e66,3e9ca940
3f2a2119,3e9ca218
3f2a23cc,3e9c9af2
3f2a2680,3e9c93c8
3f2a2933,3e9c8ca2
3f2a2be6,3e9c857c
3f2a2e99,3e9c7e56
3f2a314c,3e9c7731
3f2a3400,3e9c7008
3f2a36b3,3e9c68e4
3f2a3966,3e9c61be
3f2a3c19,3e9c5a99
3f2a3ecc,3e9c5374
3f2a4180,3e9c4c4d
3f2a4433,3e9c4528
3f2a46e6,3e9c3e04
3f2a4999,3e9c36df
3f2a4c4c,3e9c2fbc
3f2a4f00,3e9c2895
3f2a51b3,3e9c2172
3f2a5466,3e9c1a4e
3f2a5719,3e9c132b
3f2a59cc,3e9c0c08
3f2a5c80,3e9c04e2
3f2a5f33,3e9bfdc0
3f2a61e6,3e9bf69d
3f2a6499,3e9bef7b
3f2a674c,3e9be858
3f2a6a00,3e9be133
3f2a6cb3,3e9bda11
3f2a6f66,3e9bd2f0
3f2a7219,3e9bcbce
3f2a74cc,3e9bc4ad
3f2a7780,3e9bbd88
3f2a7a33,3e9bb668
3f2a7ce6,3e9baf47
3f2a7f99,3e9ba827
3f2a824c,3e9ba106
3f2a8500,3e9b99e3
3f2a87b3,3e9b92c3
3f2a8a66,3e9b8ba3
3f2a8d19,3e9b8483
3f2a8fcc,3e9b7d64
3f2a9280,3e9b7642
3f2a9533,3e9b6f22
3f2a97e6,3e9b6802
3f2a9a99,3e9b60e4
3f2a9d4c,3e9b59c5
3f2aa000,3e9b52a4
3f2aa2b3,3e9b4b86
3f2aa566,3e9b4468
3f2aa819,3e9b3d49
3f2aaacc,3e9b362b
3f2aad80,3e9b2f0b
3f2ab033,3e9b27ee
3f2ab2e6,3e9b20d0
3f2ab599,3e9b19b2
3f2ab84c,3e9b1296
3f2abb00,3e9b0b77
3f2abdb3,3e9b045a
3f2ac066,3e9afd3e
3f2ac319,3e9af622
3f2ac5cc,3e9aef05
3f2ac880,3e9ae7e6
3f2acb33,3e9ae0cb
3f2acde6,3e9ad9af
3f2ad099,3e9ad294
3f2ad34c,3e9acb78
3f2ad600,3e9ac45b
3f2ad8b3,3e9abd40
3f2adb66,3e9ab625
3f2ade19,3e9aaf0b
3f2ae0cc,3e9aa7f0
3f2ae380,3e9aa0d4
3f2ae633,3e9a99ba
3f2ae8e6,3e9a929f
3f2aeb99,3e9a8b85
3f2aee4c,3e9a846c
3f2af100,3e9a7d50
3f2af3b3,3e9a7636
3f2af666,3e9a6f1e
3f2af919,3e9a6804
3f2afbcc,3e9a60ec
3f2afe80,3e9a59d1
3f2b0133,3e9a52b9
3f2b03e6,3e9a4ba0
3f2b0699,3e9a4489
3f2b094c,3e9a3d71
3f2b0c00,3e9a3657
3f2b0eb3,3e9a2f3f
3f2b1166,3e9a2828
3f2b1419,3e9a2111
3f2b16cc,3e9a19fa
3f2b1980,3e9a12e0
3f2b1c33,3e9a0bcb
3f2b1ee6,3e9a04b4
3f2b2199,3e99fd9e
3f2b244c,3e99f688
3f2b2700,3e99ef6f
3f2b29b3,3e99e85a
3f2b2c66,3e99e144
3f2b2f19,3e99da2e
3f2b31cc,3e99d31a
3f2b3480,3e99cc02
3f2b3733,3e99c4ed
3f2b39e6,3e99bdd8
3f2b3c99,3e99b6c4
3f2b3f4c,3e99afaf
3f2b4200,3e99a898
3f2b44b3,3e99a184
3f2b4766,3e999a71
3f2b4a19,3e99935d
3f2b4ccc,3e998c4a
3f2b4f80,3e998534
3f2b5233,3e997e20
3f2b54e6,3e99770e
3f2b5799,3e996ffc
3f2b5a4c,3e9968e9
3f2b5d00,3e9961d4
3f2b5fb3,3e995ac2
3f2b6266,3e9953af
3f2b6519,3e994c9e
3f2b67cc,3e99458c
3f2b6a80,3e993e78
3f2b6d33,3e993766
3f2b6fe6,3e993055
3f2b7299,3e992944
3f2b754c,3e992233
3f2b7800,3e991b20
3f2b7ab3,3e991410
3f2b7d66,3e990cfe
3f2b8019,3e9905ee
3f2b82cc,3e98fedf
3f2b8580,3e98f7cc
3f2b8833,3e98f0bc
3f2b8ae6,3e98e9ae
3f2b8d99,3e98e29e
3f2b904c,3e98db8f
3f2b9300,3e98d47d
3f2b95b3,3e98cd6e
3f2b9866,3e98c660
3f2b9b19,3e98bf52
3f2b9dcc,3e98b844
3f2ba080,3e98b133
3f2ba333,3e98aa24
3f2ba5e6,3e98a317
3f2ba899,3e989c0a
3f2bab4c,3e9894fc
3f2bae00,3e988dec
3f2bb0b3,3e9886df
3f2bb366,3e987fd2
3f2bb619,3e9878c5
3f2bb8cc,3e9871b9
3f2bbb80,3e986aaa
3f2bbe33,3e98639e
3f2bc0e6,3e985c92
3f2bc399,3e985586
3f2bc64c,3e984e7a
3f2bc900,3e98476d
3f2bcbb3,3e984061
3f2bce66,3e983956
3f2bd119,3e98324b
3f2bd3cc,3e982b40
3f2bd680,3e982433
3f2bd933,3e981d28
3f2bdbe6,3e98161e
3f2bde99,3e980f14
3f2be14c,3e98080a
3f2be400,3e9800fe
3f2be6b3,3e97f9f4
3f2be966,3e97f2eb
3f2bec19,3e97ebe2
3f2beecc,3e97e4d8
3f2bf180,3e97ddce
3f2bf433,3e97d6c4
3f2bf6e6,3e97cfbc
3f2bf999,3e97c8b3
3f2bfc4c,3e97c1ab
3f2bff00,3e97baa0
3f2c01b3,3e97b398
3f2c0466,3e97ac90
3f2c0719,3e97a58a
3f2c09cc,3e979e82
3f2c0c80,3e979778
3f2c0f33,3e979072
3f2c11e6,3e97896a
3f2c1499,3e978264
3f2c174c,3e977b5d
3f2c1a00,3e977455
3f2c1cb3,3e976d4e
3f2c1f66,3e976649
3f2c2219,3e975f42
3f2c24cc,3e97583d
3f2c2780,3e975135
3f2c2a33,3e974a30
3f2c2ce6,3e97432b
3f2c2f99,3e973c26
3f2c324c,3e973520
3f2c3500,3e972e1a
3f2c37b3,3e972716
3f2c3a66,3e972011
3f2c3d19,3e97190d
3f2c3fcc,3e971209
3f2c4280,3e970b02
3f2c4533,3e9703ff
3f2c47e6,3e96fcfc
3f2c4a99,3e96f5f8
3f2c4d4c,3e96eef6
3f2c5000,3e96e7f0
3f2c52b3,3e96e0ee
3f2c5566,3e96d9eb
3f2c5819,3e96d2e9
3f2c5acc,3e96cbe6
3f2c5d80,3e96c4e2
3f2c6033,3e96bde0
3f2c62e6,3e96b6de
3f2c6599,3e96afdc
3f2c684c,3e96a8db
3f2c6b00,3e96a1d8
3f2c6db3,3e969ad6
3f2c7066,3e9693d6
3f2c7319,3e968cd6
3f2c75cc,3e9685d4
3f2c7880,3e967ed2
3f2c7b33,3e9677d2
3f2c7de6,3e9670d2
3f2c8099,3e9669d2
3f2c834c,3e9662d2
3f2c8600,3e965bd0
3f2c88b3,3e9654d1
3f2c8b66,3e964dd2
3f2c8e19,3e9646d2
3f2c90cc,3e963fd4
3f2c9380,3e9638d3
3f2c9633,3e9631d4
3f2c98e6,3e962ad6
3f2c9b99,3e9623d8
3f2c9e4c,3e961cda
3f2ca100,3e9615da
3f2ca3b3,3e960edc
3f2ca666,3e9607e0
3f2ca919,3e9600e2
3f2cabcc,3e95f9e5
3f2cae80,3e95f2e6
3f2cb133,3e95ebe9
3f2cb3e6,3e95e4ec
3f2cb699,3e95ddf0
3f2cb94c,3e95d6f4
3f2cbc00,3e95cff5
3f2cbeb3,3e95c8f9
3f2cc166,3e95c1fe
3f2cc419,3e95bb02
3f2cc6cc,3e95b407
3f2cc980,3e95ad09
3f2ccc33,3e95a60e
3f2ccee6,3e959f13
3f2cd199,3e959818
3f2cd44c,3e95911e
3f2cd700,3e958a22
3f2cd9b3,3e958327
3f2cdc66,3e957c2d
3f2cdf19,3e957534
3f2ce1cc,3e956e3a
3f2ce480,3e95673e
3f2ce733,3e956044
3f2ce9e6,3e95594b
3f2cec99,3e955252
3f2cef4c,3e954b59
3f2cf200,3e95445e
3f2cf4b3,3e953d66
3f2cf766,3e95366e
3f2cfa19,3e952f75
3f2cfccc,3e95287e
3f2cff80,3e952184
3f2d0233,3e951a8c
3f2d04e6,3e951394
3f2d0799,3e950c9d
3f2d0a4c,3e9505a6
3f2d0d00,3e94feac
3f2d0fb3,3e94f7b6
3f2d1266,3e94f0c0
3f2d1519,3e94e9c8
3f2d17cc,3e94e2d2
3f2d1a80,3e94dbda
3f2d1d33,3e94d4e4
3f2d1fe6,3e94cdee
3f2d2299,3e94c6fa
3f2d254c,3e94c004
3f2d2800,3e94b90c
3f2d2ab3,3e94b217
3f2d2d66,3e94ab22
3f2d3019,3e94a42e
3f2d32cc,3e949d38
3f2d3580,3e949642
3f2d3833,3e948f4e
3f2d3ae6,3e94885a
3f2d3d99,3e948166
3f2d404c,3e947a72
3f2d4300,3e94737c
3f2d45b3,3e946c8a
3f2d4866,3e946596
3f2d4b19,3e945ea3
3f2d4dcc,3e9457b0
3f2d5080,3e9450ba
3f2d5333,3e9449c8
3f2d55e6,3e9442d6
3f2d5899,3e943be4
3f2d5b4c,3e9434f2
3f2d5e00,3e942dfe
3f2d60b3,3e94270c
3f2d6366,3e94201a
3f2d6619,3e94192a
3f2d68cc,3e941238
3f2d6b80,3e940b44
3f2d6e33,3e940454
3f2d70e6,3e93fd63
3f2d7399,3e93f674
3f2d764c,3e93ef83
3f2d7900,3e93e890
3f2d7bb3,3e93e1a0
3f2d7e66,3e93dab1
3f2d8119,3e93d3c2
3f2d83cc,3e93ccd2
3f2d8680,3e93c5e0
3f2d8933,3e93bef1
3f2d8be6,3e93b802
3f2d8e99,3e93b114
3f2d914c,3e93aa24
3f2d9400,3e93a334
3f2d96b3,3e939c46
3f2d9966,3e939558
3f2d9c19,3e938e6a
3f2d9ecc,3e93877c
3f2da180,3e93808c
3f2da433,3e93799e
3f2da6e6,3e9372b2
3f2da999,3e936bc4
3f2dac4c,3e9364d7
3f2daf00,3e935de8
3f2db1b3,3e9356fc
3f2db466,3e93500f
3f2db719,3e934924
3f2db9cc,3e934237
3f2dbc80,3e933b49
3f2dbf33,3e93345c
3f2dc1e6,3e932d71
3f2dc499,3e932686
3f2dc74c,3e931f9b
3f2dca00,3e9318ad
3f2dccb3,3e9311c3
3f2dcf66,3e930ad8
3f2dd219,3e9303ee
3f2dd4cc,3e92fd03
3f2dd780,3e92f616
3f2dda33,3e92ef2c
3f2ddce6,3e92e842
3f2ddf99,3e92e159
3f2de24c,3e92da70
3f2de500,3e92d384
3f2de7b3,3e92cc9b
3f2dea66,3e92c5b1
3f2ded19,3e92bec9
3f2defcc,3e92b7e0
3f2df280,3e92b0f5
3f2df533,3e92aa0d
3f2df7e6,3e92a325
3f2dfa99,3e929c3d
3f2dfd4c,3e929556
3f2e0000,3e928e6b
3f2e02b3,3e928784
3f2e0566,3e92809c
3f2e0819,3e9279b6
3f2e0acc,3e9272ce
3f2e0d80,3e926be4
3f2e1033,3e9264fe
3f2e12e6,3e925e18
3f2e1599,3e925732
3f2e184c,3e92504c
3f2e1b00,3e924964
3f2e1db3,3e92427e
3f2e2066,3e923b98
3f2e2319,3e9234b2
3f2e25cc,3e922dcd
3f2e2880,3e9226e6
3f2e2b33,3e922001
3f2e2de6,3e92191c
3f2e3099,3e921237
3f2e334c,3e920b53
3f2e3600,3e92046c
3f2e38b3,3e91fd89
3f2e3b66,3e91f6a4
3f2e3e19,3e91efc0
3f2e40cc,3e91e8dd
3f2e4380,3e91e1f7
3f2e4633,3e91db14
3f2e48e6,3e91d431
3f2e4b99,3e91cd4e
3f2e4e4c,3e91c66c
3f2e5100,3e91bf86
3f2e53b3,3e91b8a4
3f2e5666,3e91b1c1
3f2e5919,3e91aae0
3f2e5bcc,3e91a3fe
3f2e5e80,3e919d1a
3f2e6133,3e919638
3f2e63e6,3e918f56
3f2e6699,3e918876
3f2e694c,3e918194
3f2e6c00,3e917ab2
3f2e6eb3,3e9173d0
3f2e7166,3e916cf0
3f2e7419,3e916610
3f2e76cc,3e915f2f
3f2e7980,3e91584c
3f2e7c33,3e91516d
3f2e7ee6,3e914a8d
3f2e8199,3e9143ae
3f2e844c,3e913cce
3f2e8700,3e9135ec
3f2e89b3,3e912f0e
3f2e8c66,3e91282f
3f2e8f19,3e912150
3f2e91cc,3e911a72
3f2e9480,3e911391
3f2e9733,3e910cb3
3f2e99e6,3e9105d4
3f2e9c99,3e90fef7
3f2e9f4c,3e90f81a
3f2ea200,3e90f139
3f2ea4b3,3e90ea5c
3f2ea766,3e90e37e
3f2eaa19,3e90dca2
3f2eaccc,3e90d5c5
3f2eaf80,3e90cee6
3f2eb233,3e90c80a
3f2eb4e6,3e90c12e
3f2eb799,3e90ba51
3f2eba4c,3e90b375
3f2ebd00,3e90ac96
3f2ebfb3,3e90a5bc
3f2ec266,3e909ee0
3f2ec519,3e909805
3f2ec7cc,3e909129
3f2eca80,3e908a4c
3f2ecd33,3e908370
3f2ecfe6,3e907c96
3f2ed299,3e9075bc
3f2ed54c,3e906ee2
3f2ed800,3e906804
3f2edab3,3e90612b
3f2edd66,3e905a51
3f2ee019,3e905378
3f2ee2cc,3e904c9e
3f2ee580,3e9045c2
3f2ee833,3e903ee9
3f2eeae6,3e903810
3f2eed99,3e903138
3f2ef04c,3e902a5e
3f2ef300,3e902384
3f2ef5b3,3e901cac
3f2ef866,3e9015d4
3f2efb19,3e900efc
3f2efdcc,3e900824
3f2f0080,3e900149
3f2f0333,3e8ffa72
3f2f05e6,3e8ff39a
3f2f0899,3e8fecc4
3f2f0b4c,3e8fe5ed
3f2f0e00,3e8fdf14
3f2f10b3,3e8fd83d
3f2f1366,3e8fd166
3f2f1619,3e8fca90
3f2f18cc,3e8fc3ba
3f2f1b80,3e8fbce2
3f2f1e33,3e8fb60c
3f2f20e6,3e8faf36
3f2f2399,3e8fa860
3f2f264c,3e8fa18b
3f2f2900,3e8f9ab4
3f2f2bb3,3e8f93df
3f2f2e66,3e8f8d0a
3f2f3119,3e8f8636
3f2f33cc,3e8f7f61
3f2f3680,3e8f788a
3f2f3933,3e8f71b6
3f2f3be6,3e8f6ae2
3f2f3e99,3e8f640f
3f2f414c,3e8f5d3b
3f2f4400,3e8f5666
3f2f46b3,3e8f4f92
3f2f4966,3e8f48bf
3f2f4c19,3e8f41ec
3f2f4ecc,3e8f3b19
3f2f5180,3e8f3444
3f2f5433,3e8f2d72
3f2f56e6,3e8f269f
3f2f5999,3e8f1fce
3f2f5c4c,3e8f18fb
3f2f5f00,3e8f1227
3f2f61b3,3e8f0b55
3f2f6466,3e8f0484
3f2f6719,3e8efdb3
3f2f69cc,3e8ef6e2
3f2f6c80,3e8ef00e
3f2f6f33,3e8ee93e
3f2f71e6,3e8ee26d
3f2f7499,3e8edb9d
3f2f774c,3e8ed4cc
3f2f7a00,3e8ecdfa
3f2f7cb3,3e8ec72a
3f2f7f66,3e8ec05a
3f2f8219,3e8eb98a
3f2f84cc,3e8eb2bb
3f2f8780,3e8eabea
3f2f8a33,3e8ea51a
3f2f8ce6,3e8e9e4c
3f2f8f99,3e8e977d
3f2f924c,3e8e90ae
3f2f9500,3e8e89dc
3f2f97b3,3e8e830f
3f2f9a66,3e8e7c41
3f2f9d19,3e8e7572
3f2f9fcc,3e8e6ea6
3f2fa280,3e8e67d4
3f2fa533,3e8e6108
3f2fa7e6,3e8e5a3a
3f2faa99,3e8e536e
3f2fad4c,3e8e4ca0
3f2fb000,3e8e45d1
3f2fb2b3,3e8e3f04
3f2fb566,3e8e3838
3f2fb819,3e8e316c
3f2fbacc,3e8e2aa0
3f2fbd80,3e8e23d2
3f2fc033,3e8e1d06
3f2fc2e6,3e8e163a
3f2fc599,3e8e0f6e
3f2fc84c,3e8e08a3
3f2fcb00,3e8e01d6
3f2fcdb3,3e8dfb0a
3f2fd066,3e8df440
3f2fd319,3e8ded76
3f2fd5cc,3e8de6aa
3f2fd880,3e8ddfde
3f2fdb33,3e8dd914
3f2fdde6,3e8dd24a
3f2fe099,3e8dcb80
3f2fe34c,3e8dc4b7
3f2fe600,3e8dbdea
3f2fe8b3,3e8db722
3f2feb66,3e8db058
3f2fee19,3e8da990
3f2ff0cc,3e8da2c7
3f2ff380,3e8d9bfc
3f2ff633,3e8d9534
3f2ff8e6,3e8d8e6b
3f2ffb99,3e8d87a4
3f2ffe4c,3e8d80db
3f300100,3e8d7a10
3f3003b3,3e8d7349
3f300666,3e8d6c82
3f300919,3e8d65ba
3f300bcc,3e8d5ef4
3f300e80,3e8d582a
3f301133,3e8d5164
3f3013e6,3e8d4a9c
3f301699,3e8d43d6
3f30194c,3e8d3d10
3f301c00,3e8d3647
3f301eb3,3e8d2f81
3f302166,3e8d28bb
3f302419,3e8d21f6
3f3026cc,3e8d1b30
3f302980,3e8d1469
3f302c33,3e8d0da4
3f302ee6,3e8d06de
3f303199,3e8d001a
3f30344c,3e8cf956
3f303700,3e8cf28e
3f3039b3,3e8cebca
3f303c66,3e8ce506
3f303f19,3e8cde42
3f3041cc,3e8cd77e
3f304480,3e8cd0b8
3f304733,3e8cc9f5
3f3049e6,3e8cc332
3f304c99,3e8cbc6e
3f304f4c,3e8cb5ab
3f305200,3e8caee6
3f3054b3,3e8ca823
3f305766,3e8ca161
3f305a19,3e8c9a9f
3f305ccc,3e8c93dd
3f305f80,3e8c8d18
3f306233,3e8c8656
3f3064e6,3e8c7f95
3f306799,3e8c78d3
3f306a4c,3e8c7212
3f306d00,3e8c6b4f
3f306fb3,3e8c648d
3f307266,3e8c5dcc
3f307519,3e8c570c
3f3077cc,3e8c504b
3f307a80,3e8c4989
3f307d33,3e8c42c9
3f307fe6,3e8c3c08
3f308299,3e8c3549
3f30854c,3e8c2e8a
3f308800,3e8c27c8
3f308ab3,3e8c2108
3f308d66,3e8c1a48
3f309019,3e8c138a
3f3092cc,3e8c0ccb
3f309580,3e8c0609
3f309833,3e8bff4b
3f309ae6,3e8bf88e
3f309d99,3e8bf1ce
3f30a04c,3e8beb10
3f30a300,3e8be450
3f30a5b3,3e8bdd92
3f30a866,3e8bd6d6
3f30ab19,3e8bd018
3f30adcc,3e8bc95b
3f30b080,3e8bc29b
3f30b333,3e8bbbde
3f30b5e6,3e8bb522
3f30b899,3e8bae66
3f30bb4c,3e8ba7a9
3f30be00,3e8ba0ea
3f30c0b3,3e8b9a2f
3f30c366,3e8b9372
3f30c619,3e8b8cb7
3f30c8cc,3e8b85fb
3f30cb80,3e8b7f3d
3f30ce33,3e8b7882
3f30d0e6,3e8b71c7
3f30d399,3e8b6b0c
3f30d64c,3e8b6451
3f30d900,3e8b5d95
3f30dbb3,3e8b56da
3f30de66,3e8b5020
3f30e119,3e8b4966
3f30e3cc,3e8b42ac
3f30e680,3e8b3bf0
3f30e933,3e8b3536
3f30ebe6,3e8b2e7d
3f30ee99,3e8b27c4
3f30f14c,3e8b210b
3f30f400,3e8b1a50
3f30f6b3,3e8b1396
3f30f966,3e8b0cde
3f30fc19,3e8b0626
3f30fecc,3e8aff6e
3f310180,3e8af8b2
3f310433,3e8af1fc
3f3106e6,3e8aeb43
3f310999,3e8ae48c
3f310c4c,3e8addd4
3f310f00,3e8ad71a
3f3111b3,3e8ad064
3f311466,3e8ac9ac
3f311719,3e8ac2f6
3f3119cc,3e8abc40
3f311c80,3e8ab586
3f311f33,3e8aaed1
3f3121e6,3e8aa81a
3f312499,3e8aa164
3f31274c,3e8a9aaf
3f312a00,3e8a93f7
3f312cb3,3e8a8d41
3f312f66,3e8a868c
3f313219,3e8a7fd6
3f3134cc,3e8a7922
3f313780,3e8a726b
3f313a33,3e8a6bb6
3f313ce6,3e8a6502
3f313f99,3e8a5e4e
3f31424c,3e8a5799
3f314500,3e8a50e2
3f3147b3,3e8a4a30
3f314a66,3e8a437c
3f314d19,3e8a3cc8
3f314fcc,3e8a3614
3f315280,3e8a2f5f
3f315533,3e8a28ac
3f3157e6,3e8a21fa
3f315a99,3e8a1b47
3f315d4c,3e8a1494
3f316000,3e8a0de0
3f3162b3,3e8a072d
3f316566,3e8a007c
3f316819,3e89f9c9
3f316acc,3e89f318
3f316d80,3e89ec64
3f317033,3e89e5b2
3f3172e6,3e89df01
3f317599,3e89d851
3f31784c,3e89d1a0
3f317b00,3e89caed
3f317db3,3e89c43c
3f318066,3e89bd8c
3f318319,3e89b6db
3f3185cc,3e89b02b
3f318880,3e89a979
3f318b33,3e89a2c9
3f318de6,3e899c1a
3f319099,3e89956a
3f31934c,3e898ebc
3f319600,3e89880a
3f3198b3,3e89815c
3f319b66,3e897aad
3f319e19,3e8973fe
3f31a0cc,3e896d50
3f31a380,3e89669e
3f31a633,3e895ff1
3f31a8e6,3e895942
3f31ab99,3e895295
3f31ae4c,3e894be8
3f31b100,3e894538
3f31b3b3,3e893e8b
3f31b666,3e8937de
3f31b919,3e893130
3f31bbcc,3e892a83
3f31be80,3e8923d4
3f31c133,3e891d28
3f31c3e6,3e89167c
3f31c699,3e890fd0
3f31c94c,3e890924
3f31cc00,3e890276
3f31ceb3,3e88fbca
3f31d166,3e88f51f
3f31d419,3e88ee73
3f31d6cc,3e88e7c8
3f31d980,3e88e11b
3f31dc33,3e88da70
3f31dee6,3e88d3c5
3f31e199,3e88cd1b
3f31e44c,3e88c670
3f31e700,3e88bfc4
3f31e9b3,3e88b91a
3f31ec66,3e88b271
3f31ef19,3e88abc6
3f31f1cc,3e88a51e
3f31f480,3e889e72
3f31f733,3e8897c8
3f31f9e6,3e889120
3f31fc99,3e888a76
3f31ff4c,3e8883ce
3f320200,3e887d23
3f3204b3,3e88767b
3f320766,3e886fd2
3f320a19,3e88692a
3f320ccc,3e886283
3f320f80,3e885bd8
3f321233,3e885531
3f3214e6,3e884e89
3f321799,3e8847e2
3f321a4c,3e88413b
3f321d00,3e883a92
3f321fb3,3e8833ec
3f322266,3e882d45
3f322519,3e88269f
3f3227cc,3e881ff8
3f322a80,3e881950
3f322d33,3e8812aa
3f322fe6,3e880c04
3f323299,3e88055e
3f32354c,3e87feb9
3f323800,3e87f812
3f323ab3,3e87f16d
3f323d66,3e87eac8
3f324019,3e87e423
3f3242cc,3e87dd7e
3f324580,3e87d6d8
3f324833,3e87d033
3f324ae6,3e87c98f
3f324d99,3e87c2ec
3f32504c,3e87bc47
3f325300,3e87b5a1
3f3255b3,3e87aefe
3f325866,3e87a85b
3f325b19,3e87a1b8
3f325dcc,3e879b14
3f326080,3e87946f
3f326333,3e878dcd
3f3265e6,3e87872a
3f326899,3e878088
3f326b4c,3e8779e5
3f326e00,3e877342
3f3270b3,3e876ca0
3f327366,3e8765fe
3f327619,3e875f5c
3f3278cc,3e8758ba
3f327b80,3e875217
3f327e33,3e874b76
3f3280e6,3e8744d5
3f328399,3e873e34
3f32864c,3e873794
3f328900,3e8730f2
3f328bb3,3e872a51
3f328e66,3e8723b2
3f329119,3e871d11
3f3293cc,3e871672
3f329680,3e870fd0
3f329933,3e870930
3f329be6,3e870291
3f329e99,3e86fbf2
3f32a14c,3e86f553
3f32a400,3e86eeb2
3f32a6b3,3e86e813
3f32a966,3e86e175
3f32ac19,3e86dad7
3f32aecc,3e86d439
3f32b180,3e86cd98
3f32b433,3e86c6fa
3f32b6e6,3e86c05c
3f32b999,3e86b9c0
3f32bc4c,3e86b322
3f32bf00,3e86ac82
3f32c1b3,3e86a5e6
3f32c466,3e869f49
3f32c719,3e8698ac
3f32c9cc,3e869210
3f32cc80,3e868b71
3f32cf33,3e8684d4
3f32d1e6,3e867e39
3f32d499,3e86779c
3f32d74c,3e867101
3f32da00,3e866a64
3f32dcb3,3e8663c8
3f32df66,3e865d2d
3f32e219,3e865692
3f32e4cc,3e864ff6
3f32e780,3e86495a
3f32ea33,3e8642c0
3f32ece6,3e863c25
3f32ef99,3e86358b
3f32f24c,3e862ef1
3f32f500,3e862855
3f32f7b3,3e8621bb
3f32fa66,3e861b21
3f32fd19,3e861488
3f32ffcc,3e860def
3f330280,3e860754
3f330533,3e8600ba
3f3307e6,3e85fa22
3f330a99,3e85f389
3f330d4c,3e85ecf0
3f331000,3e85e656
3f3312b3,3e85dfbe
3f331566,3e85d926
3f331819,3e85d28e
3f331acc,3e85cbf6
3f331d80,3e85c55c
3f332033,3e85bec6
3f3322e6,3e85b82e
3f332599,3e85b198
3f33284c,3e85ab00
3f332b00,3e85a467
3f332db3,3e859dd1
3f333066,3e85973a
3f333319,3e8590a4
3f3335cc,3e858a0e
3f333880,3e858376
3f333b33,3e857ce0
3f333de6,3e85764b
3f334099,3e856fb5
3f33434c,3e856921
3f334600,3e856289
3f3348b3,3e855bf4
3f334b66,3e85555f
3f334e19,3e854eca
3f3350cc,3e854836
3f335380,3e85419f
3f335633,3e853b0b
3f3358e6,3e853478
3f335b99,3e852de4
3f335e4c,3e852750
3f336100,3e8520ba
3f3363b3,3e851a27
3f336666,3e851394
3f336919,3e850d01
3f336bcc,3e85066e
3f336e80,3e84ffd9
3f337133,3e84f947
3f3373e6,3e84f2b4
3f337699,3e84ec23
3f33794c,3e84e590
3f337c00,3e84defc
3f337eb3,3e84d86a
3f338166,3e84d1d9
3f338419,3e84cb48
3f3386cc,3e84c4b7
3f338980,3e84be23
3f338c33,3e84b793
3f338ee6,3e84b102
3f339199,3e84aa71
3f33944c,3e84a3e1
3f339700,3e849d4e
3f3399b3,3e8496be
3f339c66,3e84902e
3f339f19,3e84899e
3f33a1cc,3e84830f
3f33a480,3e847c7d
3f33a733,3e8475ee
3f33a9e6,3e846f5f
3f33ac99,3e8468d0
3f33af4c,3e846242
3f33b200,3e845bb0
3f33b4b3,3e845522
3f33b766,3e844e94
3f33ba19,3e844806
3f33bccc,3e844178
3f33bf80,3e843ae7
3f33c233,3e84345a
3f33c4e6,3e842dcc
3f33c799,3e84273f
3f33ca4c,3e8420b2
3f33cd00,3e841a23
3f33cfb3,3e841396
3f33d266,3e840d08
3f33d519,3e84067c
3f33d7cc,3e83fff0
3f33da80,3e83f962
3f33dd33,3e83f2d6
3f33dfe6,3e83ec4a
3f33e299,3e83e5be
3f33e54c,3e83df32
3f33e800,3e83d8a4
3f33eab3,3e83d219
3f33ed66,3e83cb8e
3f33f019,3e83c504
3f33f2cc,3e83be79
3f33f580,3e83b7ec
3f33f833,3e83b161
3f33fae6,3e83aad7
3f33fd99,3e83a44c
3f34004c,3e839dc3
3f340300,3e839737
3f3405b3,3e8390ad
3f340866,3e838a24
3f340b19,3e83839a
3f340dcc,3e837d11
3f341080,3e837686
3f341333,3e836ffc
3f3415e6,3e836974
3f341899,3e8362ec
3f341b4c,3e835c64
3f341e00,3e8355d9
3f3420b3,3e834f51
3f342366,3e8348c9
3f342619,3e834242
3f3428cc,3e833bba
3f342b80,3e833530
3f342e33,3e832ea9
3f3430e6,3e832822
3f343399,3e83219b
3f34364c,3e831b14
3f343900,3e83148a
3f343bb3,3e830e04
3f343e66,3e83077f
3f344119,3e8300f8
3f3443cc,3e82fa72
3f344680,3e82f3ea
3f344933,3e82ed64
3f344be6,3e82e6df
3f344e99,3e82e05a
3f34514c,3e82d9d5
3f345400,3e82d34e
3f3456b3,3e82ccc8
3f345966,3e82c644
3f345c19,3e82bfbf
3f345ecc,3e82b93b
3f346180,3e82b2b4
3f346433,3e82ac30
3f3466e6,3e82a5ac
3f346999,3e829f28
3f346c4c,3e8298a5
3f346f00,3e82921f
3f3471b3,3e828b9c
3f347466,3e828519
3f347719,3e827e96
3f3479cc,3e827813
3f347c80,3e82718e
3f347f33,3e826b0c
3f3481e6,3e82648a
3f348499,3e825e08
3f34874c,3e825786
3f348a00,3e825102
3f348cb3,3e824a80
3f348f66,3e8243ff
3f349219,3e823d7d
3f3494cc,3e8236fc
3f349780,3e823078
3f349a33,3e8229f8
3f349ce6,3e822377
3f349f99,3e821cf6
3f34a24c,3e821676
3f34a500,3e820ff3
3f34a7b3,3e820974
3f34aa66,3e8202f3
3f34ad19,3e81fc74
3f34afcc,3e81f5f4
3f34b280,3e81ef72
3f34b533,3e81e8f3
3f34b7e6,3e81e274
3f34ba99,3e81dbf5
3f34bd4c,3e81d577
3f34c000,3e81cef5
3f34c2b3,3e81c877
3f34c566,3e81c1f9
3f34c819,3e81bb7b
3f34cacc,3e81b4fd
3f34cd80,3e81ae7c
3f34d033,3e81a7fe
3f34d2e6,3e81a182
3f34d599,3e819b04
3f34d84c,3e819487
3f34db00,3e818e08
3f34ddb3,3e81878b
3f34e066,3e81810e
3f34e319,3e817a92
3f34e5cc,3e817415
3f34e880,3e816d96
3f34eb33,3e81671a
3f34ede6,3e81609e
3f34f099,3e815a23
3f34f34c,3e8153a8
3f34f600,3e814d2a
3f34f8b3,3e8146ae
3f34fb66,3e814033
3f34fe19,3e8139b8
3f3500cc,3e81333d
3f350380,3e812cc0
3f350633,3e812645
3f3508e6,3e811fcc
3f350b99,3e811952
3f350e4c,3e8112d8
3f351100,3e810c5b
3f3513b3,3e8105e1
3f351666,3e80ff68
3f351919,3e80f8ef
3f351bcc,3e80f275
3f351e80,3e80ebfa
3f352133,3e80e582
3f3523e6,3e80df08
3f352699,3e80d890
3f35294c,3e80d217
3f352c00,3e80cb9d
3f352eb3,3e80c524
3f353166,3e80beac
3f353419,3e80b835
3f3536cc,3e80b1bd
3f353980,3e80ab43
3f353c33,3e80a4cc
3f353ee6,3e809e55
3f354199,3e8097de
3f35444c,3e809167
3f354700,3e808aee
3f3549b3,3e808478
3f354c66,3e807e02
3f354f19,3e80778b
3f3551cc,3e807115
3f355480,3e806a9d
3f355733,3e806427
3f3559e6,3e805db2
3f355c99,3e80573c
3f355f4c,3e8050c8
3f356200,3e804a50
3f3564b3,3e8043db
3f356766,3e803d66
3f356a19,3e8036f1
3f356ccc,3e80307d
3f356f80,3e802a06
3f357233,3e802392
3f3574e6,3e801d1e
3f357799,3e8016aa
3f357a4c,3e801036
3f357d00,3e8009c1
3f357fb3,3e80034e
3f358266,3e7ff9b4
3f358519,3e7fecce
3f3587cc,3e7fdfe8
3f358a80,3e7fd2ff
3f358d33,3e7fc61a
3f358fe6,3e7fb934
3f359299,3e7fac51
3f35954c,3e7f9f6c
3f359800,3e7f9283
3f359ab3,3e7f85a0
3f359d66,3e7f78bd
3f35a019,3e7f6bda
3f35a2cc,3e7f5ef8
3f35a580,3e7f5210
3f35a833,3e7f452f
3f35aae6,3e7f384c
3f35ad99,3e7f2b6c
3f35b04c,3e7f1e8a
3f35b300,3e7f11a4
3f35b5b3,3e7f04c4
3f35b866,3e7ef7e4
3f35bb19,3e7eeb06
3f35bdcc,3e7ede26
3f35c080,3e7ed141
3f35c333,3e7ec463
3f35c5e6,3e7eb784
3f35c899,3e7eaaa6
3f35cb4c,3e7e9dc8
3f35ce00,3e7e90e6
3f35d0b3,3e7e8408
3f35d366,3e7e772c
3f35d619,3e7e6a50
3f35d8cc,3e7e5d73
3f35db80,3e7e5093
3f35de33,3e7e43b6
3f35e0e6,3e7e36dc
3f35e399,3e7e2a01
3f35e64c,3e7e1d26
3f35e900,3e7e1046
3f35ebb3,3e7e036c
3f35ee66,3e7df694
3f35f119,3e7de9ba
3f35f3cc,3e7ddce2
3f35f680,3e7dd002
3f35f933,3e7dc32a
3f35fbe6,3e7db652
3f35fe99,3e7da97b
3f36014c,3e7d9ca3
3f360400,3e7d8fc6
3f3606b3,3e7d82f0
3f360966,3e7d7619
3f360c19,3e7d6944
3f360ecc,3e7d5c6c
3f361180,3e7d4f92
3f361433,3e7d42bd
3f3616e6,3e7d35e8
3f361999,3e7d2914
3f361c4c,3e7d1c3f
3f361f00,3e7d0f67
3f3621b3,3e7d0292
3f362466,3e7cf5c0
3f362719,3e7ce8ed
3f3629cc,3e7cdc19
3f362c80,3e7ccf42
3f362f33,3e7cc270
3f3631e6,3e7cb59f
3f363499,3e7ca8ce
3f36374c,3e7c9bfc
3f363a00,3e7c8f26
3f363cb3,3e7c8255
3f363f66,3e7c7585
3f364219,3e7c68b6
3f3644cc,3e7c5be6
3f364780,3e7c4f12
3f364a33,3e7c4242
3f364ce6,3e7c3573
3f364f99,3e7c28a6
3f36524c,3e7c1bd7
3f365500,3e7c0f05
3f3657b3,3e7c0236
3f365a66,3e7bf56a
3f365d19,3e7be89d
3f365fcc,3e7bdbd0
3f366280,3e7bcf01
3f366533,3e7bc234
3f3667e6,3e7bb568
3f366a99,3e7ba89e
3f366d4c,3e7b9bd2
3f367000,3e7b8f02
3f3672b3,3e7b8238
3f367566,3e7b756e
3f367819,3e7b68a5
3f367acc,3e7b5bdb
3f367d80,3e7b4f0c
3f368033,3e7b4245
3f3682e6,3e7b357c
3f368599,3e7b28b4
3f36884c,3e7b1bed
3f368b00,3e7b0f21
3f368db3,3e7b0258
3f369066,3e7af593
3f369319,3e7ae8cc
3f3695cc,3e7adc05
3f369880,3e7acf3c
3f369b33,3e7ac275
3f369de6,3e7ab5b0
3f36a099,3e7aa8ea
3f36a34c,3e7a9c26
3f36a600,3e7a8f5c
3f36a8b3,3e7a8298
3f36ab66,3e7a75d4
3f36ae19,3e7a6912
3f36b0cc,3e7a5c4e
3f36b380,3e7a4f87
3f36b633,3e7a42c4
3f36b8e6,3e7a3602
3f36bb99,3e7a2940
3f36be4c,3e7a1c7f
3f36c100,3e7a0fb9
3f36c3b3,3e7a02f8
3f36c666,3e79f638
3f36c919,3e79e977
3f36cbcc,3e79dcb6
3f36ce80,3e79cff2
3f36d133,3e79c333
3f36d3e6,3e79b674
3f36d699,3e79a9b6
3f36d94c,3e799cf8
3f36dc00,3e799034
3f36deb3,3e798376
3f36e166,3e7976b9
3f36e419,3e7969fb
3f36e6cc,3e795d3f
3f36e980,3e79507e
3f36ec33,3e7943c2
3f36eee6,3e793706
3f36f199,3e792a4a
3f36f44c,3e791d8f
3f36f700,3e7910ce
3f36f9b3,3e790414
3f36fc66,3e78f759
3f36ff19,3e78eaa0
3f3701cc,3e78dde6
3f370480,3e78d128
3f370733,3e78c470
3f3709e6,3e78b7b6
3f370c99,3e78aafe
3f370f4c,3e789e45
3f371200,3e789189
3f3714b3,3e7884d0
3f371766,3e78781a
3f371a19,3e786b64
3f371ccc,3e785eac
3f371f80,3e7851f2
3f372233,3e78453c
3f3724e6,3e783886
3f372799,3e782bd0
3f372a4c,3e781f1c
3f372d00,3e781261
3f372fb3,3e7805ae
3f373266,3e77f8fa
3f373519,3e77ec44
3f3737cc,3e77df91
3f373a80,3e77d2db
3f373d33,3e77c627
3f373fe6,3e77b974
3f374299,3e77acc3
3f37454c,3e77a010
3f374800,3e77935a
3f374ab3,3e7786a9
3f374d66,3e7779f6
3f375019,3e776d46
3f3752cc,3e776096
3f375580,3e7753e2
3f375833,3e774732
3f375ae6,3e773a84
3f375d99,3e772dd3
3f37604c,3e772126
3f376300,3e771472
3f3765b3,3e7707c2
3f376866,3e76fb14
3f376b19,3e76ee67
3f376dcc,3e76e1bb
3f377080,3e76d508
3f377333,3e76c85d
3f3775e6,3e76bbb0
3f377899,3e76af04
3f377b4c,3e76a257
3f377e00,3e7695a7
3f3780b3,3e7688fc
3f378366,3e767c51
3f378619,3e766fa8
3f3788cc,3e7662fe
3f378b80,3e765650
3f378e33,3e7649a5
3f3790e6,3e763cfd
3f379399,3e763052
3f37964c,3e7623aa
3f379900,3e7616fd
3f379bb3,3e760a55
3f379e66,3e75fdaf
3f37a119,3e75f107
3f37a3cc,3e75e45f
3f37a680,3e75d7b4
3f37a933,3e75cb0e
3f37abe6,3e75be67
3f37ae99,3e75b1c2
3f37b14c,3e75a51c
3f37b400,3e759872
3f37b6b3,3e758bce
3f37b966,3e757f29
3f37bc19,3e757284
3f37becc,3e7565e1
3f37c180,3e755939
3f37c433,3e754c94
3f37c6e6,3e753ff2
3f37c999,3e75334f
3f37cc4c,3e7526ac
3f37cf00,3e751a05
3f37d1b3,3e750d65
3f37d466,3e7500c2
3f37d719,3e74f422
3f37d9cc,3e74e780
3f37dc80,3e74dadb
3f37df33,3e74ce3c
3f37e1e6,3e74c19c
3f37e499,3e74b4fc
3f37e74c,3e74a85c
3f37ea00,3e749bba
3f37ecb3,3e748f1a
3f37ef66,3e74827b
3f37f219,3e7475de
3f37f4cc,3e746940
3f37f780,3e745c9e
3f37fa33,3e745001
3f37fce6,3e744364
3f37ff99,3e7436c7
3f38024c,3e742a2b
3f380500,3e741d8b
3f3807b3,3e7410ee
3f380a66,3e740454
3f380d19,3e73f7b8
3f380fcc,3e73eb1d
3f381280,3e73de7e
3f381533,3e73d1e4
3f3817e6,3e73c54c
3f381a99,3e73b8b2
3f381d4c,3e73ac18
3f382000,3e739f7c
3f3822b3,3e7392e2
3f382566,3e73864a
3f382819,3e7379b2
3f382acc,3e736d1b
3f382d80,3e73607f
3f383033,3e7353e8
3f3832e6,3e734750
3f383599,3e733abc
3f38384c,3e732e24
3f383b00,3e73218a
3f383db3,3e7314f6
3f384066,3e73085f
3f384319,3e72fbca
3f3845cc,3e72ef36
3f384880,3e72e29f
3f384b33,3e72d60a
3f384de6,3e72c976
3f385099,3e72bce4
3f38534c,3e72b050
3f385600,3e72a3b9
3f3858b3,3e729727
3f385b66,3e728a95
3f385e19,3e727e04
3f3860cc,3e727172
3f386380,3e7264db
3f386633,3e72584c
3f3868e6,3e724bba
3f386b99,3e723f2b
3f386e4c,3e72329a
3f387100,3e722606
3f3873b3,3e721977
3f387666,3e720ce8
3f387919,3e720059
3f387bcc,3e71f3ca
3f387e80,3e71e739
3f388133,3e71daaa
3f3883e6,3e71ce1e
3f388699,3e71c192
3f38894c,3e71b503
3f388c00,3e71a872
3f388eb3,3e719be6
3f389166,3e718f5a
3f389419,3e7182d0
3f3896cc,3e717644
3f389980,3e7169b5
3f389c33,3e715d29
3f389ee6,3e7150a0
3f38a199,3e714414
3f38a44c,3e71378b
3f38a700,3e712afe
3f38a9b3,3e711e76
3f38ac66,3e7111ec
3f38af19,3e710563
3f38b1cc,3e70f8da
3f38b480,3e70ec4e
3f38b733,3e70dfc8
3f38b9e6,3e70d33f
3f38bc99,3e70c6b8
3f38bf4c,3e70ba32
3f38c200,3e70ada8
3f38c4b3,3e70a122
3f38c766,3e70949c
3f38ca19,3e708816
3f38cccc,3e707b92
3f38cf80,3e706f08
3f38d233,3e706282
3f38d4e6,3e7055ff
3f38d799,3e70497b
3f38da4c,3e703cf8
3f38dd00,3e703071
3f38dfb3,3e7023ee
3f38e266,3e70176a
3f38e519,3e700ae9
3f38e7cc,3e6ffe66
3f38ea80,3e6ff1e0
3f38ed33,3e6fe55f
3f38efe6,3e6fd8de
3f38f299,3e6fcc5d
3f38f54c,3e6fbfdc
3f38f800,3e6fb356
3f38fab3,3e6fa6d8
3f38fd66,3e6f9a57
3f390019,3e6f8dd9
3f3902cc,3e6f8159
3f390580,3e6f74d6
3f390833,3e6f6858
3f390ae6,3e6f5bda
3f390d99,3e6f4f5c
3f39104c,3e6f42e0
3f391300,3e6f365d
3f3915b3,3e6f29e1
3f391866,3e6f1d64
3f391b19,3e6f10e8
3f391dcc,3e6f046d
3f392080,3e6ef7ec
3f392333,3e6eeb71
3f3925e6,3e6edef6
3f392899,3e6ed27b
3f392b4c,3e6ec600
3f392e00,3e6eb982
3f3930b3,3e6ead07
3f393366,3e6ea08e
3f393619,3e6e9416
3f3938cc,3e6e879e
3f393b80,3e6e7b20
3f393e33,3e6e6ea8
3f3940e6,3e6e6230
3f394399,3e6e55b8
3f39464c,3e6e4941
3f394900,3e6e3cc4
3f394bb3,3e6e304e
3f394e66,3e6e23d8
3f395119,3e6e1763
3f3953cc,3e6e0aed
3f395680,3e6dfe72
3f395933,3e6df1fd
3f395be6,3e6de588
3f395e99,3e6dd914
3f39614c,3e6dcc9f
3f396400,3e6dc028
3f3966b3,3e6db3b4
3f396966,3e6da73f
3f396c19,3e6d9acc
3f396ecc,3e6d8e5a
3f397180,3e6d81e4
3f397433,3e6d7572
3f3976e6,3e6d68ff
3f397999,3e6d5c8e
3f397c4c,3e6d501c
3f397f00,3e6d43a7
3f3981b3,3e6d3737
3f398466,3e6d2ac7
3f398719,3e6d1e57
3f3989cc,3e6d11e7
3f398c80,3e6d0572
3f398f33,3e6cf905
3f3991e6,3e6cec95
3f399499,3e6ce028
3f39974c,3e6cd3b8
3f399a00,3e6cc746
3f399cb3,3e6cbad8
3f399f66,3e6cae6c
3f39a219,3e6ca1fe
3f39a4cc,3e6c9592
3f39a780,3e6c8922
3f39aa33,3e6c7cb5
3f39ace6,3e6c704a
3f39af99,3e6c63e0
3f39b24c,3e6c5773
3f39b500,3e6c4b04
3f39b7b3,3e6c3e99
3f39ba66,3e6c322f
3f39bd19,3e6c25c7
3f39bfcc,3e6c195d
3f39c280,3e6c0cee
3f39c533,3e6c0086
3f39c7e6,3e6bf41c
3f39ca99,3e6be7b4
3f39cd4c,3e6bdb4d
3f39d000,3e6bcee0
3f39d2b3,3e6bc278
3f39d566,3e6bb611
3f39d819,3e6ba9ac
3f39dacc,3e6b9d45
3f39dd80,3e6b90da
3f39e033,3e6b8474
3f39e2e6,3e6b780e
3f39e599,3e6b6baa
3f39e84c,3e6b5f45
3f39eb00,3e6b52db
3f39edb3,3e6b4677
3f39f066,3e6b3a12
3f39f319,3e6b2dae
3f39f5cc,3e6b214c
3f39f880,3e6b14e4
3f39fb33,3e6b0880
3f39fde6,3e6afc1e
3f3a0099,3e6aefbc
3f3a034c,3e6ae35a
3f3a0600,3e6ad6f3
3f3a08b3,3e6aca92
3f3a0b66,3e6abe32
3f3a0e19,3e6ab1d1
3f3a10cc,3e6aa571
3f3a1380,3e6a990b
3f3a1633,3e6a8cac
3f3a18e6,3e6a804c
3f3a1b99,3e6a73ee
3f3a1e4c,3e6a678e
3f3a2100,3e6a5b2a
3f3a23b3,3e6a4ece
3f3a2666,3e6a426f
3f3a2919,3e6a3612
3f3a2bcc,3e6a29b4
3f3a2e80,3e6a1d53
3f3a3133,3e6a10f6
3f3a33e6,3e6a049a
3f3a3699,3e69f83e
3f3a394c,3e69ebe2
3f3a3c00,3e69df80
3f3a3eb3,3e69d326
3f3a4166,3e69c6cb
3f3a4419,3e69ba71
3f3a46cc,3e69ae16
3f3a4980,3e69a1b7
3f3a4c33,3e69955e
3f3a4ee6,3e698904
3f3a5199,3e697caa
3f3a544c,3e697054
3f3a5700,3e6963f5
3f3a59b3,3e69579e
3f3a5c66,3e694b45
3f3a5f19,3e693eef
3f3a61cc,3e693296
3f3a6480,3e69263c
3f3a6733,3e6919e3
3f3a69e6,3e690d8f
3f3a6c99,3e690138
3f3a6f4c,3e68f4e2
3f3a7200,3e68e889
3f3a74b3,3e68dc33
3f3a7766,3e68cfde
3f3a7a19,3e68c389
3f3a7ccc,3e68b735
3f3a7f80,3e68aadc
3f3a8233,3e689e88
3f3a84e6,3e689237
3f3a8799,3e6885e3
3f3a8a4c,3e687990
3f3a8d00,3e686d39
3f3a8fb3,3e6860e6
3f3a9266,3e685495
3f3a9519,3e684844
3f3a97cc,3e683bf3
3f3a9a80,3e682f9d
3f3a9d33,3e68234c
3f3a9fe6,3e6816fc
3f3aa299,3e680aac
3f3aa54c,3e67fe5c
3f3aa800,3e67f208
3f3aaab3,3e67e5b8
3f3aad66,3e67d96a
3f3ab019,3e67cd1c
3f3ab2cc,3e67c0ce
3f3ab580,3e67b47a
3f3ab833,3e67a82d
3f3abae6,3e679be1
3f3abd99,3e678f93
3f3ac04c,3e678348
3f3ac300,3e6776f5
3f3ac5b3,3e676aa9
3f3ac866,3e675e5e
3f3acb19,3e675212
3f3acdcc,3e6745c7
3f3ad080,3e673977
3f3ad333,3e672d2e
3f3ad5e6,3e6720e3
3f3ad899,3e671498
3f3adb4c,3e67084f
3f3ade00,3e66fc02
3f3ae0b3,3e66efb9
3f3ae366,3e66e371
3f3ae619,3e66d726
3f3ae8cc,3e66cae0
3f3aeb80,3e66be92
3f3aee33,3e66b24a
3f3af0e6,3e66a604
3f3af399,3e6699bc
3f3af64c,3e668d76
3f3af900,3e66812c
3f3afbb3,3e6674e6
3f3afe66,3e6668a0
3f3b0119,3e665c5b
3f3b03cc,3e665015
3f3b0680,3e6643cb
3f3b0933,3e663788
3f3b0be6,3e662b42
3f3b0e99,3e661eff
3f3b114c,3e6612bc
3f3b1400,3e660674
3f3b16b3,3e65fa31
3f3b1966,3e65edef
3f3b1c19,3e65e1ac
3f3b1ecc,3e65d56a
3f3b2180,3e65c924
3f3b2433,3e65bce2
3f3b26e6,3e65b0a1
3f3b2999,3e65a45f
3f3b2c4c,3e65981f
3f3b2f00,3e658bda
3f3b31b3,3e657f9a
3f3b3466,3e65735a
3f3b3719,3e65671a
3f3b39cc,3e655adc
3f3b3c80,3e654e98
3f3b3f33,3e65425a
3f3b41e6,3e65361b
3f3b4499,3e6529de
3f3b474c,3e651da0
3f3b4a00,3e65115e
3f3b4cb3,3e650521
3f3b4f66,3e64f8e4
3f3b5219,3e64eca9
3f3b54cc,3e64e06c
3f3b5780,3e64d42c
3f3b5a33,3e64c7f0
3f3b5ce6,3e64bbb5
3f3b5f99,3e64af7a
3f3b624c,3e64a340
3f3b6500,3e649701
3f3b67b3,3e648ac7
3f3b6a66,3e647e8c
3f3b6d19,3e647252
3f3b6fcc,3e64661a
3f3b7280,3e6459de
3f3b7533,3e644da4
3f3b77e6,3e64416c
3f3b7a99,3e643535
3f3b7d4c,3e6428fd
3f3b8000,3e641cc1
3f3b82b3,3e64108a
3f3b8566,3e640454
3f3b8819,3e63f81d
3f3b8acc,3e63ebe6
3f3b8d80,3e63dfac
3f3b9033,3e63d377
3f3b92e6,3e63c742
3f3b9599,3e63bb0e
3f3b984c,3e63aed9
3f3b9b00,3e63a2a0
3f3b9db3,3e63966b
3f3ba066,3e638a39
3f3ba319,3e637e04
3f3ba5cc,3e6371d2
3f3ba880,3e63659b
3f3bab33,3e635967
3f3bade6,3e634d36
3f3bb099,3e634104
3f3bb34c,3e6334d2
3f3bb600,3e63289d
3f3bb8b3,3e631c6c
3f3bbb66,3e63103a
3f3bbe19,3e63040b
3f3bc0cc,3e62f7da
3f3bc380,3e62eba5
3f3bc633,3e62df76
3f3bc8e6,3e62d347
3f3bcb99,3e62c718
3f3bce4c,3e62bae9
3f3bd100,3e62aeb8
3f3bd3b3,3e62a289
3f3bd666,3e62965c
3f3bd919,3e628a2e
3f3bdbcc,3e627e02
3f3bde80,3e6271d0
3f3be133,3e6265a4
3f3be3e6,3e625978
3f3be699,3e624d4c
3f3be94c,3e624120
3f3bec00,3e6234ee
3f3beeb3,3e6228c5
3f3bf166,3e621c99
3f3bf419,3e621070
3f3bf6cc,3e620446
3f3bf980,3e61f818
3f3bfc33,3e61ebee
3f3bfee6,3e61dfc5
3f3c0199,3e61d39c
3f3c044c,3e61c773
3f3c0700,3e61bb47
3f3c09b3,3e61af1e
3f3c0c66,3e61a2f7
3f3c0f19,3e6196ce
3f3c11cc,3e618aa8
3f3c1480,3e617e7c
3f3c1733,3e617256
3f3c19e6,3e61662f
3f3c1c99,3e615a0b
3f3c1f4c,3e614de4
3f3c2200,3e6141bc
3f3c24b3,3e613595
3f3c2766,3e612972
3f3c2a19,3e611d4c
3f3c2ccc,3e611128
3f3c2f80,3e6104ff
3f3c3233,3e60f8de
3f3c34e6,3e60ecba
3f3c3799,3e60e096
3f3c3a4c,3e60d473
3f3c3d00,3e60c84d
3f3c3fb3,3e60bc2c
3f3c4266,3e60b009
3f3c4519,3e60a3e8
3f3c47cc,3e6097c7
3f3c4a80,3e608ba1
3f3c4d33,3e607f80
3f3c4fe6,3e607360
3f3c5299,3e606742
3f3c554c,3e605b21
3f3c5800,3e604efe
3f3c5ab3,3e6042df
3f3c5d66,3e6036bf
3f3c6019,3e602aa1
3f3c62cc,3e601e83
3f3c6580,3e601260
3f3c6833,3e600642
3f3c6ae6,3e5ffa26
3f3c6d99,3e5fee09
3f3c704c,3e5fe1ed
3f3c7300,3e5fd5ca
3f3c75b3,3e5fc9af
3f3c7866,3e5fbd94
3f3c7b19,3e5fb179
3f3c7dcc,3e5fa55e
3f3c8080,3e5f993e
3f3c8333,3e5f8d22
3f3c85e6,3e5f8108
3f3c8899,3e5f74ef
3f3c8b4c,3e5f68d4
3f3c8e00,3e5f5cb6
3f3c90b3,3e5f509e
3f3c9366,3e5f4486
3f3c9619,3e5f386e
3f3c98cc,3e5f2c55
3f3c9b80,3e5f2038
3f3c9e33,3e5f1420
3f3ca0e6,3e5f080a
3f3ca399,3e5efbf2
3f3ca64c,3e5eefdc
3f3ca900,3e5ee3c2
3f3cabb3,3e5ed7ac
3f3cae66,3e5ecb94
3f3cb119,3e5ebf7f
3f3cb3cc,3e5eb369
3f3cb680,3e5ea751
3f3cb933,3e5e9b3c
3f3cbbe6,3e5e8f29
3f3cbe99,3e5e8314
3f3cc14c,3e5e7701
3f3cc400,3e5e6ae9
3f3cc6b3,3e5e5ed6
3f3cc966,3e5e52c2
3f3ccc19,3e5e46af
3f3ccecc,3e5e3a9e
3f3cd180,3e5e2e87
3f3cd433,3e5e2275
3f3cd6e6,3e5e1664
3f3cd999,3e5e0a52
3f3cdc4c,3e5dfe42
3f3cdf00,3e5df22e
3f3ce1b3,3e5de61e
3f3ce466,3e5dda0e
3f3ce719,3e5dcdfe
3f3ce9cc,3e5dc1ee
3f3cec80,3e5db5dc
3f3cef33,3e5da9cc
3f3cf1e6,3e5d9dbf
3f3cf499,3e5d91b0
3f3cf74c,3e5d85a2
3f3cfa00,3e5d7990
3f3cfcb3,3e5d6d84
3f3cff66,3e5d6176
3f3d0219,3e5d556a
3f3d04cc,3e5d495d
3f3d0780,3e5d3d4e
3f3d0a33,3e5d3141
3f3d0ce6,3e5d2536
3f3d0f99,3e5d192a
3f3d124c,3e5d0d20
3f3d1500,3e5d0110
3f3d17b3,3e5cf506
3f3d1a66,3e5ce8fc
3f3d1d19,3e5cdcf2
3f3d1fcc,3e5cd0ea
3f3d2280,3e5cc4dc
3f3d2533,3e5cb8d4
3f3d27e6,3e5cacca
3f3d2a99,3e5ca0c3
3f3d2d4c,3e5c94bc
3f3d3000,3e5c88af
3f3d32b3,3e5c7ca8
3f3d3566,3e5c70a0
3f3d3819,3e5c649a
3f3d3acc,3e5c5895
3f3d3d80,3e5c4c89
3f3d4033,3e5c4084
3f3d42e6,3e5c347f
3f3d4599,3e5c2878
3f3d484c,3e5c1c74
3f3d4b00,3e5c106a
3f3d4db3,3e5c0466
3f3d5066,3e5bf862
3f3d5319,3e5bec60
3f3d55cc,3e5be05c
3f3d5880,3e5bd454
3f3d5b33,3e5bc850
3f3d5de6,3e5bbc4f
3f3d6099,3e5bb04d
3f3d634c,3e5ba44c
3f3d6600,3e5b9845
3f3d68b3,3e5b8c44
3f3d6b66,3e5b8042
3f3d6e19,3e5b7440
3f3d70cc,3e5b6842
3f3d7380,3e5b5c3e
3f3d7633,3e5b503c
3f3d78e6,3e5b443d
3f3d7b99,3e5b383e
3f3d7e4c,3e5b2c40
3f3d8100,3e5b203c
3f3d83b3,3e5b143d
3f3d8666,3e5b083e
3f3d8919,3e5afc42
3f3d8bcc,3e5af044
3f3d8e80,3e5ae442
3f3d9133,3e5ad844
3f3d93e6,3e5acc48
3f3d9699,3e5ac04c
3f3d994c,3e5ab450
3f3d9c00,3e5aa850
3f3d9eb3,3e5a9c54
3f3da166,3e5a905a
3f3da419,3e5a845f
3f3da6cc,3e5a7865
3f3da980,3e5a6c65
3f3dac33,3e5a606c
3f3daee6,3e5a5472
3f3db199,3e5a4879
3f3db44c,3e5a3c80
3f3db700,3e5a3082
3f3db9b3,3e5a2489
3f3dbc66,3e5a1892
3f3dbf19,3e5a0c9a
3f3dc1cc,3e5a00a3
3f3dc480,3e59f4a6
3f3dc733,3e59e8af
3f3dc9e6,3e59dcb9
3f3dcc99,3e59d0c2
3f3dcf4c,3e59c4cc
3f3dd200,3e59b8d2
3f3dd4b3,3e59acde
3f3dd766,3e59a0e8
3f3dda19,3e5994f2
3f3ddccc,3e5988fe
3f3ddf80,3e597d06
3f3de233,3e597112
3f3de4e6,3e59651c
3f3de799,3e595929
3f3dea4c,3e594d36
3f3ded00,3e594140
3f3defb3,3e59354c
3f3df266,3e59295a
3f3df519,3e591d68
3f3df7cc,3e591176
3f3dfa80,3e590580
3f3dfd33,3e58f98f
3f3dffe6,3e58ed9e
3f3e0299,3e58e1ae
3f3e054c,3e58d5be
3f3e0800,3e58c9ca
3f3e0ab3,3e58bdda
3f3e0d66,3e58b1ea
3f3e1019,3e58a5fc
3f3e12cc,3e589a0c
3f3e1580,3e588e1b
3f3e1833,3e58822b
3f3e1ae6,3e58763e
3f3e1d99,3e586a50
3f3e204c,3e585e62
3f3e2300,3e585272
3f3e25b3,3e584684
3f3e2866,3e583a99
3f3e2b19,3e582eac
3f3e2dcc,3e5822c1
3f3e3080,3e5816d1
3f3e3333,3e580ae6
3f3e35e6,3e57fefb
3f3e3899,3e57f310
3f3e3b4c,3e57e726
3f3e3e00,3e57db36
3f3e40b3,3e57cf4e
3f3e4366,3e57c363
3f3e4619,3e57b77b
3f3e48cc,3e57ab90
3f3e4b80,3e579fa6
3f3e4e33,3e5793bc
3f3e50e6,3e5787d4
3f3e5399,3e577bec
3f3e564c,3e577006
3f3e5900,3e57641a
3f3e5bb3,3e575834
3f3e5e66,3e574c4c
3f3e6119,3e574066
3f3e63cc,3e573480
3f3e6680,3e572897
3f3e6933,3e571cb0
3f3e6be6,3e5710cb
3f3e6e99,3e5704e8
3f3e714c,3e56f903
3f3e7400,3e56ed19
3f3e76b3,3e56e136
3f3e7966,3e56d552
3f3e7c19,3e56c96f
3f3e7ecc,3e56bd8c
3f3e8180,3e56b1a5
3f3e8433,3e56a5c3
3f3e86e6,3e5699e1
3f3e8999,3e568dff
3f3e8c4c,3e56821c
3f3e8f00,3e567638
3f3e91b3,3e566a56
3f3e9466,3e565e76
3f3e9719,3e565296
3f3e99cc,3e5646b5
3f3e9c80,3e563ad0
3f3e9f33,3e562ef1
3f3ea1e6,3e562312
3f3ea499,3e561734
3f3ea74c,3e560b55
3f3eaa00,3e55ff73
3f3eacb3,3e55f394
3f3eaf66,3e55e7b7
3f3eb219,3e55dbd8
3f3eb4cc,3e55cffc
3f3eb780,3e55c41a
3f3eba33,3e55b83d
3f3ebce6,3e55ac61
3f3ebf99,3e55a086
3f3ec24c,3e5594aa
3f3ec500,3e5588cb
3f3ec7b3,3e557cef
3f3eca66,3e557115
3f3ecd19,3e556539
3f3ecfcc,3e55595f
3f3ed280,3e554d80
3f3ed533,3e5541a6
3f3ed7e6,3e5535cf
3f3eda99,3e5529f6
3f3edd4c,3e551e1c
3f3ee000,3e551240
3f3ee2b3,3e550666
3f3ee566,3e54fa90
3f3ee819,3e54eeb8
3f3eeacc,3e54e2e1
3f3eed80,3e54d706
3f3ef033,3e54cb2e
3f3ef2e6,3e54bf58
3f3ef599,3e54b382
3f3ef84c,3e54a7ac
3f3efb00,3e549bd1
3f3efdb3,3e548ffd
3f3f0066,3e548426
3f3f0319,3e547852
3f3f05cc,3e546c7e
3f3f0880,3e5460a5
3f3f0b33,3e5454d2
3f3f0de6,3e544900
3f3f1099,3e543d2c
3f3f134c,3e543158
3f3f1600,3e542581
3f3f18b3,3e5419b0
3f3f1b66,3e540ddc
3f3f1e19,3e54020b
3f3f20cc,3e53f63a
3f3f2380,3e53ea64
3f3f2633,3e53de92
3f3f28e6,3e53d2c2
3f3f2b99,3e53c6f3
3f3f2e4c,3e53bb22
3f3f3100,3e53af4e
3f3f33b3,3e53a380
3f3f3666,3e5397af
3f3f3919,3e538be0
3f3f3bcc,3e538012
3f3f3e80,3e53743f
3f3f4133,3e536871
3f3f43e6,3e535ca5
3f3f4699,3e5350d7
3f3f494c,3e534509
3f3f4c00,3e533938
3f3f4eb3,3e532d6c
3f3f5166,3e53219f
3f3f5419,3e5315d3
3f3f56cc,3e530a08
3f3f5980,3e52fe37
3f3f5c33,3e52f26e
3f3f5ee6,3e52e6a2
3f3f6199,3e52dad8
3f3f644c,3e52cf0e
3f3f6700,3e52c33e
3f3f69b3,3e52b776
3f3f6c66,3e52abad
3f3f6f19,3e529fe4
3f3f71cc,3e52941c
3f3f7480,3e52884e
3f3f7733,3e527c86
3f3f79e6,3e5270bd
3f3f7c99,3e5264f7
3f3f7f4c,3e52592e
3f3f8200,3e524d64
3f3f84b3,3e52419e
3f3f8766,3e5235d6
3f3f8a19,3e522a10
3f3f8ccc,3e521e4a
3f3f8f80,3e521282
3f3f9233,3e5206bc
3f3f94e6,3e51faf6
3f3f9799,3e51ef31
3f3f9a4c,3e51e36e
3f3f9d00,3e51d7a6
3f3f9fb3,3e51cbe0
3f3fa266,3e51c01d
3f3fa519,3e51b45a
3f3fa7cc,3e51a898
3f3faa80,3e519cd0
3f3fad33,3e51910f
3f3fafe6,3e51854c
3f3fb299,3e51798a
3f3fb54c,3e516dc9
3f3fb800,3e516204
3f3fbab3,3e515642
3f3fbd66,3e514a82
3f3fc019,3e513ec2
3f3fc2cc,3e513302
3f3fc580,3e51273c
3f3fc833,3e511b7e
3f3fcae6,3e510fbf
3f3fcd99,3e5103ff
3f3fd04c,3e50f842
3f3fd300,3e50ec7f
3f3fd5b3,3e50e0c0
3f3fd866,3e50d502
3f3fdb19,3e50c945
3f3fddcc,3e50bd88
3f3fe080,3e50b1c6
3f3fe333,3e50a60b
3f3fe5e6,3e509a4e
3f3fe899,3e508e92
3f3feb4c,3e5082d6
3f3fee00,3e507717
3f3ff0b3,3e506b5a
3f3ff366,3e505fa0
3f3ff619,3e5053e6
3f3ff8cc,3e50482c
3f3ffb80,3e503c6e
3f3ffe33,3e5030b4
3f4000e6,3e5024fa
3f400399,3e501942
3f40064c,3e500d88
3f4008ff,3e5001d1
3f400bb3,3e4ff614
3f400e66,3e4fea5c
3f401119,3e4fdea5
3f4013cc,3e4fd2ee
3f40167f,3e4fc736
3f401933,3e4fbb7a
3f401be6,3e4fafc5
3f401e99,3e4fa40e
3f40214c,3e4f9859
3f4023ff,3e4f8ca2
3f4026b3,3e4f80e8
3f402966,3e4f7534
3f402c19,3e4f697f
3f402ecc,3e4f5dca
3f40317f,3e4f5216
3f403433,3e4f465e
3f4036e6,3e4f3aaa
3f403999,3e4f2ef8
3f403c4c,3e4f2344
3f403eff,3e4f1792
3f4041b3,3e4f0bdc
3f404466,3e4f002a
3f404719,3e4ef478
3f4049cc,3e4ee8c6
3f404c7f,3e4edd14
3f404f33,3e4ed15e
3f4051e6,3e4ec5ae
3f405499,3e4eb9fe
3f40574c,3e4eae4e
3f4059ff,3e4ea29d
3f405cb3,3e4e96e9
3f405f66,3e4e8b3a
3f406219,3e4e7f8b
3f4064cc,3e4e73dc
3f40677f,3e4e682e
3f406a33,3e4e5c7c
3f406ce6,3e4e50ce
3f406f99,3e4e4521
3f40724c,3e4e3972
3f4074ff,3e4e2dc6
3f4077b3,3e4e2216
3f407a66,3e4e1669
3f407d19,3e4e0abd
3f407fcc,3e4dff12
3f40827f,3e4df366
3f408533,3e4de7b7
3f4087e6,3e4ddc0b
3f408a99,3e4dd062
3f408d4c,3e4dc4b6
3f408fff,3e4db90c
3f4092b3,3e4dad5e
3f409566,3e4da1b5
3f409819,3e4d960c
3f409acc,3e4d8a63
3f409d7f,3e4d7eba
3f40a033,3e4d730e
3f40a2e6,3e4d6766
3f40a599,3e4d5bbe
3f40a84c,3e4d5016
3f40aaff,3e4d4470
3f40adb3,3e4d38c4
3f40b066,3e4d2d1e
3f40b319,3e4d2178
3f40b5cc,3e4d15d1
3f40b87f,3e4d0a2b
3f40bb33,3e4cfe82
3f40bde6,3e4cf2dc
3f40c099,3e4ce736
3f40c34c,3e4cdb92
3f40c5ff,3e4ccfef
3f40c8b3,3e4cc446
3f40cb66,3e4cb8a3
3f40ce19,3e4cad00
3f40d0cc,3e4ca15c
3f40d37f,3e4c95b9
3f40d633,3e4c8a13
3f40d8e6,3e4c7e70
3f40db99,3e4c72cd
3f40de4c,3e4c672c
3f40e0ff,3e4c5b8b
3f40e3b3,3e4c4fe6
3f40e666,3e4c4445
3f40e919,3e4c38a4
3f40ebcc,3e4c2d04
3f40ee7f,3e4c2164
3f40f133,3e4c15c0
3f40f3e6,3e4c0a20
3f40f699,3e4bfe80
3f40f94c,3e4bf2e2
3f40fbff,3e4be744
3f40feb3,3e4bdba1
3f410166,3e4bd004
3f410419,3e4bc466
3f4106cc,3e4bb8c8
3f41097f,3e4bad2b
3f410c33,3e4ba18a
3f410ee6,3e4b95ed
3f411199,3e4b8a50
3f41144c,3e4b7eb4
3f4116ff,3e4b731a
3f4119b3,3e4b677a
3f411c66,3e4b5bdf
3f411f19,3e4b5044
3f4121cc,3e4b44aa
3f41247f,3e4b390e
3f412733,3e4b2d71
3f4129e6,3e4b21d7
3f412c99,3e4b163c
3f412f4c,3e4b0aa4
3f4131ff,3e4aff0c
3f4134b3,3e4af36f
3f413766,3e4ae7d7
3f413a19,3e4adc3f
3f413ccc,3e4ad0a7
3f413f7f,3e4ac510
3f414233,3e4ab974
3f4144e6,3e4aaddd
3f414799,3e4aa248
3f414a4c,3e4a96b0
3f414cff,3e4a8b1b
3f414fb3,3e4a7f80
3f415266,3e4a73ec
3f415519,3e4a6856
3f4157cc,3e4a5cc2
3f415a7f,3e4a512c
3f415d33,3e4a4595
3f415fe6,3e4a3a00
3f416299,3e4a2e6e
3f41654c,3e4a22d9
3f4167ff,3e4a1746
3f416ab3,3e4a0baf
3f416d66,3e4a001d
3f417019,3e49f48a
3f4172cc,3e49e8f8
3f41757f,3e49dd66
3f417833,3e49d1d2
3f417ae6,3e49c640
3f417d99,3e49bab0
3f41804c,3e49af1e
3f4182ff,3e49a38e
3f4185b3,3e4997fa
3f418866,3e498c6b
3f418b19,3e4980dc
3f418dcc,3e49754c
3f41907f,3e4969bd
3f419333,3e495e2b
3f4195e6,3e49529c
3f419899,3e49470f
3f419b4c,3e493b80
3f419dff,3e492ff4
3f41a0b3,3e492462
3f41a366,3e4918d6
3f41a619,3e490d49
3f41a8cc,3e4901bd
3f41ab7f,3e48f630
3f41ae33,3e48eaa1
3f41b0e6,3e48df15
3f41b399,3e48d389
3f41b64c,3e48c7ff
3f41b8ff,3e48bc75
3f41bbb3,3e48b0e6
3f41be66,3e48a55d
3f41c119,3e4899d4
3f41c3cc,3e488e4a
3f41c67f,3e4882c0
3f41c933,3e487734
3f41cbe6,3e486bab
3f41ce99,3e486022
3f41d14c,3e48549a
3f41d3ff,3e484914
3f41d6b3,3e483d88
3f41d966,3e483201
3f41dc19,3e48267a
3f41decc,3e481af4
3f41e17f,3e480f6d
3f41e433,3e4803e2
3f41e6e6,3e47f85d
3f41e999,3e47ecd7
3f41ec4c,3e47e152
3f41eeff,3e47d5cc
3f41f1b3,3e47ca46
3f41f466,3e47bec0
3f41f719,3e47b33c
3f41f9cc,3e47a7b8
3f41fc7f,3e479c36
3f41ff33,3e4790ae
3f4201e6,3e47852a
3f420499,3e4779a8
3f42074c,3e476e25
3f4209ff,3e4762a4
3f420cb3,3e47571e
3f420f66,3e474b9c
3f421219,3e47401c
3f4214cc,3e47349b
3f42177f,3e47291a
3f421a33,3e471d96
3f421ce6,3e471216
3f421f99,3e470697
3f42224c,3e46fb16
3f4224ff,3e46ef98
3f4227b3,3e46e415
3f422a66,3e46d896
3f422d19,3e46cd18
3f422fcc,3e46c19a
3f42327f,3e46b61c
3f423533,3e46aa9a
3f4237e6,3e469f1e
3f423a99,3e4693a0
3f423d4c,3e468824
3f423fff,3e467ca7
3f4242b3,3e467126
3f424566,3e4665ac
3f424819,3e465a30
3f424acc,3e464eb5
3f424d7f,3e46433a
3f425033,3e4637bc
3f4252e6,3e462c41
3f425599,3e4620c8
3f42584c,3e46154d
3f425aff,3e4609d4
3f425db3,3e45fe57
3f426066,3e45f2de
3f426319,3e45e766
3f4265cc,3e45dbee
3f42687f,3e45d076
3f426b33,3e45c4f8
3f426de6,3e45b982
3f427099,3e45ae0a
3f42734c,3e45a292
3f4275ff,3e45971d
3f4278b3,3e458ba2
3f427b66,3e45802c
3f427e19,3e4574b7
3f4280cc,3e456942
3f42837f,3e455dcc
3f428633,3e455254
3f4288e6,3e4546df
3f428b99,3e453b6a
3f428e4c,3e452ff6
3f4290ff,3e452482
3f4293b3,3e45190a
3f429666,3e450d97
3f429919,3e450224
3f429bcc,3e44f6b2
3f429e7f,3e44eb3f
3f42a133,3e44dfca
3f42a3e6,3e44d458
3f42a699,3e44c8e5
3f42a94c,3e44bd75
3f42abff,3e44b203
3f42aeb3,3e44a68e
3f42b166,3e449b1e
3f42b419,3e448fae
3f42b6cc,3e44843e
3f42b97f,3e4478cf
3f42bc33,3e446d5c
3f42bee6,3e4461ed
3f42c199,3e44567e
3f42c44c,3e444b10
3f42c6ff,3e443fa1
3f42c9b3,3e44342f
3f42cc66,3e4428c2
3f42cf19,3e441d55
3f42d1cc,3e4411e8
3f42d47f,3e44067c
3f42d733,3e43fb0a
3f42d9e6,3e43ef9f
3f42dc99,3e43e432
3f42df4c,3e43d8c6
3f42e1ff,3e43cd5c
3f42e4b3,3e43c1ec
3f42e766,3e43b682
3f42ea19,3e43ab18
3f42eccc,3e439fac
3f42ef7f,3e439444
3f42f233,3e4388d6
3f42f4e6,3e437d6c
3f42f799,3e437204
3f42fa4c,3e43669b
3f42fcff,3e435b33
3f42ffb3,3e434fc7
3f430266,3e43445e
3f430519,3e4338f6
3f4307cc,3e432d8f
3f430a7f,3e432228
3f430d33,3e4316be
3f430fe6,3e430b57
3f431299,3e42fff0
3f43154c,3e42f48a
3f4317ff,3e42e925
3f431ab3,3e42ddbc
3f431d66,3e42d257
3f432019,3e42c6f1
3f4322cc,3e42bb8c
3f43257f,3e42b028
3f432833,3e42a4c1
3f432ae6,3e42995d
3f432d99,3e428dfa
3f43304c,3e428298
3f4332ff,3e427734
3f4335b3,3e426bcd
3f433866,3e42606c
3f433b19,3e42550a
3f433dcc,3e4249a6
3f43407f,3e423e46
3f434333,3e4232e1
3f4345e6,3e422780
3f434899,3e421c1f
3f434b4c,3e4210c0
3f434dff,3e42055f
3f4350b3,3e41f9fb
3f435366,3e41ee9c
3f435619,3e41e33c
3f4358cc,3e41d7de
3f435b7f,3e41cc7f
3f435e33,3e41c11e
3f4360e6,3e41b5bf
3f436399,3e41aa61
3f43664c,3e419f03
3f4368ff,3e4193a7
3f436bb3,3e418846
3f436e66,3e417ce8
3f437119,3e41718c
3f4373cc,3e416631
3f43767f,3e415ad5
3f437933,3e414f74
3f437be6,3e414419
3f437e99,3e4138c0
3f43814c,3e412d64
3f4383ff,3e41220a
3f4386b3,3e4116ab
3f438966,3e410b52
3f438c19,3e40fffa
3f438ecc,3e40f49e
3f43917f,3e40e946
3f439433,3e40ddea
3f4396e6,3e40d292
3f439999,3e40c739
3f439c4c,3e40bbe1
3f439eff,3e40b08a
3f43a1b3,3e40a52f
3f43a466,3e4099d7
3f43a719,3e408e81
3f43a9cc,3e40832b
3f43ac7f,3e4077d5
3f43af33,3e406c7a
3f43b1e6,3e406125
3f43b499,3e4055cf
3f43b74c,3e404a7a
3f43b9ff,3e403f26
3f43bcb3,3e4033ce
3f43bf66,3e402878
3f43c219,3e401d26
3f43c4cc,3e4011d2
3f43c77f,3e40067d
3f43ca33,3e3ffb27
3f43cce6,3e3fefd4
3f43cf99,3e3fe482
3f43d24c,3e3fd92f
3f43d4ff,3e3fcdde
3f43d7b3,3e3fc287
3f43da66,3e3fb736
3f43dd19,3e3fabe6
3f43dfcc,3e3fa094
3f43e27f,3e3f9544
3f43e533,3e3f89ef
3f43e7e6,3e3f7e9f
3f43ea99,3e3f7351
3f43ed4c,3e3f6801
3f43efff,3e3f5cb2
3f43f2b3,3e3f515f
3f43f566,3e3f460f
3f43f819,3e3f3ac2
3f43facc,3e3f2f74
3f43fd7f,3e3f2427
3f440033,3e3f18d5
3f4402e6,3e3f0d88
3f440599,3e3f023b
3f44084c,3e3ef6ee
3f440aff,3e3eeba1
3f440db3,3e3ee051
3f441066,3e3ed506
3f441319,3e3ec9ba
3f4415cc,3e3ebe6f
3f44187f,3e3eb325
3f441b33,3e3ea7d6
3f441de6,3e3e9c8b
3f442099,3e3e9141
3f44234c,3e3e85f7
3f4425ff,3e3e7aad
3f4428b3,3e3e6f60
3f442b66,3e3e6418
3f442e19,3e3e58ce
3f4430cc,3e3e4d87
3f44337f,3e3e423f
3f443633,3e3e36f3
3f4438e6,3e3e2bac
3f443b99,3e3e2064
3f443e4c,3e3e151d
3f4440ff,3e3e09d6
3f4443b3,3e3dfe8c
3f444666,3e3df345
3f444919,3e3de800
3f444bcc,3e3ddcb9
3f444e7f,3e3dd174
3f445133,3e3dc62b
3f4453e6,3e3dbae6
3f445699,3e3dafa2
3f44594c,3e3da45e
3f445bff,3e3d9919
3f445eb3,3e3d8dd2
3f446166,3e3d828e
3f446419,3e3d774c
3f4466cc,3e3d6c0a
3f44697f,3e3d60c6
3f446c33,3e3d557f
3f446ee6,3e3d4a3e
3f447199,3e3d3efc
3f44744c,3e3d33ba
3f4476ff,3e3d2879
3f4479b3,3e3d1d34
3f447c66,3e3d11f4
3f447f19,3e3d06b4
3f4481cc,3e3cfb73
3f44847f,3e3cf034
3f448733,3e3ce4f0
3f4489e6,3e3cd9b2
3f448c99,3e3cce73
3f448f4c,3e3cc334
3f4491ff,3e3cb7f6
3f4494b3,3e3cacb4
3f449766,3e3ca176
3f449a19,3e3c963a
3f449ccc,3e3c8afb
3f449f7f,3e3c7fbf
3f44a233,3e3c747e
3f44a4e6,3e3c6942
3f44a799,3e3c5e04
3f44aa4c,3e3c52c8
3f44acff,3e3c478e
3f44afb3,3e3c3c4e
3f44b266,3e3c3112
3f44b519,3e3c25d9
3f44b7cc,3e3c1a9e
3f44ba7f,3e3c0f64
3f44bd33,3e3c0426
3f44bfe6,3e3bf8ed
3f44c299,3e3bedb4
3f44c54c,3e3be27b
3f44c7ff,3e3bd742
3f44cab3,3e3bcc04
3f44cd66,3e3bc0cc
3f44d019,3e3bb596
3f44d2cc,3e3baa5d
3f44d57f,3e3b9f26
3f44d833,3e3b93eb
3f44dae6,3e3b88b3
3f44dd99,3e3b7d7d
3f44e04c,3e3b7246
3f44e2ff,3e3b6710
3f44e5b3,3e3b5bd8
3f44e866,3e3b50a2
3f44eb19,3e3b456c
3f44edcc,3e3b3a38
3f44f07f,3e3b2f03
3f44f333,3e3b23ca
3f44f5e6,3e3b1897
3f44f899,3e3b0d64
3f44fb4c,3e3b0230
3f44fdff,3e3af6fe
3f4500b3,3e3aebc6
3f450366,3e3ae092
3f450619,3e3ad560
3f4508cc,3e3aca2f
3f450b7f,3e3abefc
3f450e33,3e3ab3c6
3f4510e6,3e3aa896
3f451399,3e3a9d66
3f45164c,3e3a9235
3f4518ff,3e3a8703
3f451bb3,3e3a7bd0
3f451e66,3e3a70a0
3f452119,3e3a6570
3f4523cc,3e3a5a42
3f45267f,3e3a4f12
3f452933,3e3a43df
3f452be6,3e3a38b2
3f452e99,3e3a2d82
3f45314c,3e3a2254
3f4533ff,3e3a1727
3f4536b3,3e3a0bf5
3f453966,3e3a00c8
3f453c19,3e39f59c
3f453ecc,3e39ea6f
3f45417f,3e39df42
3f454433,3e39d412
3f4546e6,3e39c8e8
3f454999,3e39bdbb
3f454c4c,3e39b290
3f454eff,3e39a766
3f4551b3,3e399c36
3f455466,3e39910e
3f455719,3e3985e4
3f4559cc,3e397ab9
3f455c7f,3e396f8f
3f455f33,3e396462
3f4561e6,3e39593a
3f456499,3e394e10
3f45674c,3e3942e8
3f4569ff,3e3937c1
3f456cb3,3e392c94
3f456f66,3e39216c
3f457219,3e391645
3f4574cc,3e390b1e
3f45777f,3e38fff8
3f457a33,3e38f4ce
3f457ce6,3e38e9a8
3f457f99,3e38de82
3f45824c,3e38d35c
3f4584ff,3e38c836
3f4587b3,3e38bd0d
3f458a66,3e38b1e8
3f458d19,3e38a6c4
3f458fcc,3e389ba1
3f45927f,3e38907c
3f459533,3e388556
3f4597e6,3e387a31
3f459a99,3e386f0f
3f459d4c,3e3863eb
3f459fff,3e3858c9
3f45a2b3,3e384da2
3f45a566,3e384280
3f45a819,3e38375e
3f45aacc,3e382c3d
3f45ad7f,3e38211b
3f45b033,3e3815f7
3f45b2e6,3e380ad8
3f45b599,3e37ffb6
3f45b84c,3e37f497
3f45baff,3e37e976
3f45bdb3,3e37de54
3f45c066,3e37d333
3f45c319,3e37c814
3f45c5cc,3e37bcf5
3f45c87f,3e37b1d8
3f45cb33,3e37a6b5
3f45cde6,3e379b98
3f45d099,3e37907a
3f45d34c,3e37855e
3f45d5ff,3e377a3f
3f45d8b3,3e376f1e
3f45db66,3e376402
3f45de19,3e3758e6
3f45e0cc,3e374dca
3f45e37f,3e3742ae
3f45e633,3e373790
3f45e8e6,3e372c74
3f45eb99,3e37215a
3f45ee4c,3e37163e
3f45f0ff,3e370b25
3f45f3b3,3e370007
3f45f666,3e36f4ee
3f45f919,3e36e9d4
3f45fbcc,3e36debc
3f45fe7f,3e36d3a2
3f460133,3e36c884
3f4603e6,3e36bd6c
3f460699,3e36b255
3f46094c,3e36a73c
3f460bff,3e369c26
3f460eb3,3e36910a
3f461166,3e3685f4
3f461419,3e367adc
3f4616cc,3e366fc5
3f46197f,3e3664af
3f461c33,3e365996
3f461ee6,3e364e80
3f462199,3e36436a
3f46244c,3e363856
3f4626ff,3e362d41
3f4629b3,3e362228
3f462c66,3e361715
3f462f19,3e360c01
3f4631cc,3e3600ee
3f46347f,3e35f5da
3f463733,3e35eac2
3f4639e6,3e35dfb0
3f463c99,3e35d49e
3f463f4c,3e35c98c
3f4641ff,3e35be78
3f4644b3,3e35b363
3f464766,3e35a852
3f464a19,3e359d42
3f464ccc,3e359231
3f464f7f,3e35871e
3f465233,3e357c0b
3f4654e6,3e3570fb
3f465799,3e3565eb
3f465a4c,3e355adb
3f465cff,3e354fcd
3f465fb3,3e3544ba
3f466266,3e3539aa
3f466519,3e352e9c
3f4667cc,3e35238e
3f466a7f,3e351881
3f466d33,3e350d6e
3f466fe6,3e350261
3f467299,3e34f754
3f46754c,3e34ec48
3f4677ff,3e34e13c
3f467ab3,3e34d62c
3f467d66,3e34cb1e
3f468019,3e34c014
3f4682cc,3e34b509
3f46857f,3e34a9fc
3f468833,3e349eee
3f468ae6,3e3493e4
3f468d99,3e3488da
3f46904c,3e347dcf
3f4692ff,3e3472c5
3f4695b3,3e3467b8
3f469866,3e345cb0
3f469b19,3e3451a6
3f469dcc,3e34469e
3f46a07f,3e343b96
3f46a333,3e343089
3f46a5e6,3e342582
3f46a899,3e341a7a
3f46ab4c,3e340f72
3f46adff,3e34046a
3f46b0b3,3e33f960
3f46b366,3e33ee5b
3f46b619,3e33e354
3f46b8cc,3e33d84f
3f46bb7f,3e33cd48
3f46be33,3e33c240
3f46c0e6,3e33b73b
3f46c399,3e33ac34
3f46c64c,3e33a132
3f46c8ff,3e33962d
3f46cbb3,3e338b24
3f46ce66,3e338021
3f46d119,3e33751d
3f46d3cc,3e336a1a
3f46d67f,3e335f18
3f46d933,3e335412
3f46dbe6,3e334910
3f46de99,3e333e0c
3f46e14c,3e33330c
3f46e3ff,3e33280a
3f46e6b3,3e331d04
3f46e966,3e331204
3f46ec19,3e330702
3f46eecc,3e32fc03
3f46f17f,3e32f102
3f46f433,3e32e5fe
3f46f6e6,3e32dafe
3f46f999,3e32d000
3f46fc4c,3e32c500
3f46feff,3e32ba02
3f4701b3,3e32af00
3f470466,3e32a401
3f470719,3e329902
3f4709cc,3e328e06
3f470c7f,3e328307
3f470f33,3e327806
3f4711e6,3e326d0a
3f471499,3e32620e
3f47174c,3e325712
3f4719ff,3e324c16
3f471cb3,3e324114
3f471f66,3e323618
3f472219,3e322b1f
3f4724cc,3e322023
3f47277f,3e32152a
3f472a33,3e320a2b
3f472ce6,3e31ff30
3f472f99,3e31f436
3f47324c,3e31e93d
3f4734ff,3e31de44
3f4737b3,3e31d346
3f473a66,3e31c84d
3f473d19,3e31bd56
3f473fcc,3e31b25d
3f47427f,3e31a764
3f474533,3e319c69
3f4747e6,3e319172
3f474a99,3e31867c
3f474d4c,3e317b84
3f474fff,3e31708d
3f4752b3,3e316594
3f475566,3e315a9e
3f475819,3e314fa8
3f475acc,3e3144b2
3f475d7f,3e3139be
3f476033,3e312ec4
3f4762e6,3e3123cf
3f476599,3e3118da
3f47684c,3e310de7
3f476aff,3e3102f4
3f476db3,3e30f7fb
3f477066,3e30ed08
3f477319,3e30e216
3f4775cc,3e30d722
3f47787f,3e30cc30
3f477b33,3e30c13a
3f477de6,3e30b648
3f478099,3e30ab56
3f47834c,3e30a066
3f4785ff,3e309574
3f4788b3,3e308a7f
3f478b66,3e307f8f
3f478e19,3e30749e
3f4790cc,3e3069ae
3f47937f,3e305ebf
3f479633,3e3053cb
3f4798e6,3e3048dc
3f479b99,3e303ded
3f479e4c,3e3032fe
3f47a0ff,3e302810
3f47a3b3,3e301d1e
3f47a666,3e301230
3f47a919,3e300742
3f47abcc,3e2ffc55
3f47ae7f,3e2ff168
3f47b133,3e2fe678
3f47b3e6,3e2fdb8a
3f47b699,3e2fd09e
3f47b94c,3e2fc5b2
3f47bbff,3e2fbac8
3f47beb3,3e2fafd8
3f47c166,3e2fa4ed
3f47c419,3e2f9a02
3f47c6cc,3e2f8f18
3f47c97f,3e2f842d
3f47cc33,3e2f793f
3f47cee6,3e2f6e56
3f47d199,3e2f636b
3f47d44c,3e2f5882
3f47d6ff,3e2f4d9a
3f47d9b3,3e2f42ad
3f47dc66,3e2f37c4
3f47df19,3e2f2cdc
3f47e1cc,3e2f21f5
3f47e47f,3e2f170d
3f47e733,3e2f0c22
3f47e9e6,3e2f013b
3f47ec99,3e2ef654
3f47ef4c,3e2eeb6e
3f47f1ff,3e2ee087
3f47f4b3,3e2ed59d
3f47f766,3e2ecab8
3f47fa19,3e2ebfd2
3f47fccc,3e2eb4ed
3f47ff7f,3e2eaa08
3f480233,3e2e9f20
3f4804e6,3e2e943b
3f480799,3e2e8958
3f480a4c,3e2e7e73
3f480cff,3e2e7390
3f480fb3,3e2e68a9
3f481266,3e2e5dc6
3f481519,3e2e52e4
3f4817cc,3e2e4801
3f481a7f,3e2e3d1e
3f481d33,3e2e3239
3f481fe6,3e2e2757
3f482299,3e2e1c76
3f48254c,3e2e1194
3f4827ff,3e2e06b4
3f482ab3,3e2dfbd0
3f482d66,3e2df0ef
3f483019,3e2de60f
3f4832cc,3e2ddb30
3f48357f,3e2dd051
3f483833,3e2dc56d
3f483ae6,3e2dba8e
3f483d99,3e2dafb0
3f48404c,3e2da4d2
3f4842ff,3e2d99f4
3f4845b3,3e2d8f11
3f484866,3e2d8434
3f484b19,3e2d7957
3f484dcc,3e2d6e7a
3f48507f,3e2d639d
3f485333,3e2d58bd
3f4855e6,3e2d4de1
3f485899,3e2d4304
3f485b4c,3e2d3829
3f485dff,3e2d2d4e
3f4860b3,3e2d226e
3f486366,3e2d1794
3f486619,3e2d0cb9
3f4868cc,3e2d01de
3f486b7f,3e2cf705
3f486e33,3e2cec27
3f4870e6,3e2ce14e
3f487399,3e2cd674
3f48764c,3e2ccb9c
3f4878ff,3e2cc0c2
3f487bb3,3e2cb5e7
3f487e66,3e2cab0f
3f488119,3e2ca036
3f4883cc,3e2c9560
3f48867f,3e2c8a88
3f488933,3e2c7fad
3f488be6,3e2c74d6
3f488e99,3e2c6a00
3f48914c,3e2c5f2a
3f4893ff,3e2c5454
3f4896b3,3e2c497a
3f489966,3e2c3ea5
3f489c19,3e2c33cf
3f489ecc,3e2c28fa
3f48a17f,3e2c1e26
3f48a433,3e2c134e
3f48a6e6,3e2c087a
3f48a999,3e2bfda6
3f48ac4c,3e2bf2d3
3f48aeff,3e2be800
3f48b1b3,3e2bdd28
3f48b466,3e2bd255
3f48b719,3e2bc783
3f48b9cc,3e2bbcb2
3f48bc7f,3e2bb1de
3f48bf33,3e2ba70a
3f48c1e6,3e2b9c38
3f48c499,3e2b9166
3f48c74c,3e2b8696
3f48c9ff,3e2b7bc6
3f48ccb3,3e2b70f2
3f48cf66,3e2b6621
3f48d219,3e2b5b52
3f48d4cc,3e2b5082
3f48d77f,3e2b45b3
3f48da33,3e2b3ae0
3f48dce6,3e2b3011
3f48df99,3e2b2544
3f48e24c,3e2b1a75
3f48e4ff,3e2b0fa7
3f48e7b3,3e2b04d6
3f48ea66,3e2afa08
3f48ed19,3e2aef3b
3f48efcc,3e2ae46f
3f48f27f,3e2ad9a2
3f48f533,3e2aced2
3f48f7e6,3e2ac406
3f48fa99,3e2ab93a
3f48fd4c,3e2aae6f
3f48ffff,3e2aa3a4
3f4902b3,3e2a98d5
3f490566,3e2a8e0a
3f490819,3e2a8340
3f490acc,3e2a7876
3f490d7f,3e2a6dac
3f491033,3e2a62de
3f4912e6,3e2a5815
3f491599,3e2a4d4c
3f49184c,3e2a4284
3f491aff,3e2a37bb
3f491db3,3e2a2cef
3f492066,3e2a2226
3f492319,3e2a175f
3f4925cc,3e2a0c98
3f49287f,3e2a01d1
3f492b33,3e29f706
3f492de6,3e29ec40
3f493099,3e29e179
3f49334c,3e29d6b3
3f4935ff,3e29cbed
3f4938b3,3e29c124
3f493b66,3e29b65e
3f493e19,3e29ab9a
3f4940cc,3e29a0d5
3f49437f,3e299610
3f494633,3e298b49
3f4948e6,3e298084
3f494b99,3e2975c1
3f494e4c,3e296afe
3f4950ff,3e29603b
3f4953b3,3e295574
3f495666,3e294ab2
3f495919,3e293ff0
3f495bcc,3e29352d
3f495e7f,3e292a6b
3f496133,3e291fa6
3f4963e6,3e2914e5
3f496699,3e290a24
3f49694c,3e28ff63
3f496bff,3e28f4a3
3f496eb3,3e28e9de
3f497166,3e28df20
3f497419,3e28d460
3f4976cc,3e28c9a0
3f49797f,3e28bee2
3f497c33,3e28b41f
3f497ee6,3e28a960
3f498199,3e289ea1
3f49844c,3e2893e4
3f4986ff,3e288926
3f4989b3,3e287e65
3f498c66,3e2873a8
3f498f19,3e2868ea
3f4991cc,3e285e2e
3f49947f,3e285372
3f499733,3e2848b1
3f4999e6,3e283df6
3f499c99,3e28333a
3f499f4c,3e28287f
3f49a1ff,3e281dc4
3f49a4b3,3e281306
3f49a766,3e28084b
3f49aa19,3e27fd91
3f49accc,3e27f2d7
3f49af7f,3e27e81e
3f49b233,3e27dd60
3f49b4e6,3e27d2a6
3f49b799,3e27c7ee
3f49ba4c,3e27bd36
3f49bcff,3e27b27d
3f49bfb3,3e27a7c1
3f49c266,3e279d0a
3f49c519,3e279252
3f49c7cc,3e27879a
3f49ca7f,3e277ce3
3f49cd33,3e277229
3f49cfe6,3e276772
3f49d299,3e275cbc
3f49d54c,3e275207
3f49d7ff,3e274751
3f49dab3,3e273c97
3f49dd66,3e2731e2
3f49e019,3e27272e
3f49e2cc,3e271c79
3f49e57f,3e2711c4
3f49e833,3e27070c
3f49eae6,3e26fc59
3f49ed99,3e26f1a6
3f49f04c,3e26e6f2
3f49f2ff,3e26dc3f
3f49f5b3,3e26d188
3f49f866,3e26c6d6
3f49fb19,3e26bc24
3f49fdcc,3e26b172
3f4a007f,3e26a6c0
3f4a0333,3e269c0a
3f4a05e6,3e26915a
3f4a0899,3e2686a8
3f4a0b4c,3e267bf8
3f4a0dff,3e267148
3f4a10b3,3e266694
3f4a1366,3e265be5
3f4a1619,3e265135
3f4a18cc,3e264686
3f4a1b7f,3e263bd7
3f4a1e33,3e263124
3f4a20e6,3e262676
3f4a2399,3e261bc7
3f4a264c,3e26111a
3f4a28ff,3e26066c
3f4a2bb3,3e25fbbb
3f4a2e66,3e25f10e
3f4a3119,3e25e661
3f4a33cc,3e25dbb5
3f4a367f,3e25d108
3f4a3933,3e25c658
3f4a3be6,3e25bbac
3f4a3e99,3e25b100
3f4a414c,3e25a656
3f4a43ff,3e259bab
3f4a46b3,3e2590fc
3f4a4966,3e258652
3f4a4c19,3e257ba7
3f4a4ecc,3e2570fe
3f4a517f,3e256654
3f4a5433,3e255ba7
3f4a56e6,3e2550fe
3f4a5999,3e254655
3f4a5c4c,3e253bac
3f4a5eff,3e253104
3f4a61b3,3e252658
3f4a6466,3e251bb0
3f4a6719,3e251109
3f4a69cc,3e250662
3f4a6c7f,3e24fbba
3f4a6f33,3e24f110
3f4a71e6,3e24e66a
3f4a7499,3e24dbc4
3f4a774c,3e24d11e
3f4a79ff,3e24c678
3f4a7cb3,3e24bbce
3f4a7f66,3e24b12a
3f4a8219,3e24a685
3f4a84cc,3e249be0
3f4a877f,3e24913c
3f4a8a33,3e248694
3f4a8ce6,3e247bf0
3f4a8f99,3e24714c
3f4a924c,3e2466a9
3f4a94ff,3e245c06
3f4a97b3,3e245160
3f4a9a66,3e2446be
3f4a9d19,3e243c1c
3f4a9fcc,3e24317a
3f4aa27f,3e2426d8
3f4aa533,3e241c33
3f4aa7e6,3e241192
3f4aaa99,3e2406f1
3f4aad4c,3e23fc50
3f4aafff,3e23f1b0
3f4ab2b3,3e23e70c
3f4ab566,3e23dc6c
3f4ab819,3e23d1cd
3f4abacc,3e23c72d
3f4abd7f,3e23bc8e
3f4ac033,3e23b1ec
3f4ac2e6,3e23a74d
3f4ac599,3e239cb0
3f4ac84c,3e239211
3f4acaff,3e238774
3f4acdb3,3e237cd3
3f4ad066,3e237236
3f4ad319,3e236798
3f4ad5cc,3e235cfc
3f4ad87f,3e235260
3f4adb33,3e2347c0
3f4adde6,3e233d24
3f4ae099,3e233288
3f4ae34c,3e2327ee
3f4ae5ff,3e231d52
3f4ae8b3,3e2312b4
3f4aeb66,3e23081a
3f4aee19,3e22fd7f
3f4af0cc,3e22f2e5
3f4af37f,3e22e84b
3f4af633,3e22ddae
3f4af8e6,3e22d316
3f4afb99,3e22c87c
3f4afe4c,3e22bde4
3f4b00ff,3e22b34b
3f4b03b3,3e22a8b0
3f4b0666,3e229e17
3f4b0919,3e229380
3f4b0bcc,3e2288e8
3f4b0e7f,3e227e52
3f4b1133,3e2273b7
3f4b13e6,3e226921
3f4b1699,3e225e8a
3f4b194c,3e2253f4
3f4b1bff,3e224960
3f4b1eb3,3e223ec6
3f4b2166,3e223430
3f4b2419,3e22299c
3f4b26cc,3e221f07
3f4b297f,3e221473
3f4b2c33,3e2209da
3f4b2ee6,3e21ff48
3f4b3199,3e21f4b3
3f4b344c,3e21ea20
3f4b36ff,3e21df8e
3f4b39b3,3e21d4f6
3f4b3c66,3e21ca64
3f4b3f19,3e21bfd2
3f4b41cc,3e21b540
3f4b447f,3e21aaae
3f4b4733,3e21a018
3f4b49e6,3e219588
3f4b4c99,3e218af7
3f4b4f4c,3e218066
3f4b51ff,3e2175d6
3f4b54b3,3e216b42
3f4b5766,3e2160b2
3f4b5a19,3e215623
3f4b5ccc,3e214b93
3f4b5f7f,3e214104
3f4b6233,3e213672
3f4b64e6,3e212be3
3f4b6799,3e212155
3f4b6a4c,3e2116c6
3f4b6cff,3e210c39
3f4b6fb3,3e2101a8
3f4b7266,3e20f71b
3f4b7519,3e20ec8e
3f4b77cc,3e20e201
3f4b7a7f,3e20d774
3f4b7d33,3e20cce4
3f4b7fe6,3e20c259
3f4b8299,3e20b7cd
3f4b854c,3e20ad42
3f4b87ff,3e20a2b6
3f4b8ab3,3e209828
3f4b8d66,3e208d9e
3f4b9019,3e208314
3f4b92cc,3e20788a
3f4b957f,3e206e00
3f4b9833,3e206372
3f4b9ae6,3e2058e9
3f4b9d99,3e204e60
3f4ba04c,3e2043d7
3f4ba2ff,3e20394f
3f4ba5b3,3e202ec2
3f4ba866,3e20243b
3f4bab19,3e2019b4
3f4badcc,3e200f2b
3f4bb07f,3e2004a5
3f4bb333,3e1ffa1a
3f4bb5e6,3e1fef93
3f4bb899,3e1fe50d
3f4bbb4c,3e1fda88
3f4bbdff,3e1fd002
3f4bc0b3,3e1fc578
3f4bc366,3e1fbaf2
3f4bc619,3e1fb06e
3f4bc8cc,3e1fa5e8
3f4bcb7f,3e1f9b64
3f4bce33,3e1f90dc
3f4bd0e6,3e1f8658
3f4bd399,3e1f7bd5
3f4bd64c,3e1f7151
3f4bd8ff,3e1f66ce
3f4bdbb3,3e1f5c48
3f4bde66,3e1f51c4
3f4be119,3e1f4742
3f4be3cc,3e1f3cc0
3f4be67f,3e1f323f
3f4be933,3e1f27b8
3f4bebe6,3e1f1d37
3f4bee99,3e1f12b7
3f4bf14c,3e1f0836
3f4bf3ff,3e1efdb6
3f4bf6b3,3e1ef331
3f4bf966,3e1ee8b1
3f4bfc19,3e1ede31
3f4bfecc,3e1ed3b2
3f4c017f,3e1ec933
3f4c0433,3e1ebeb0
3f4c06e6,3e1eb432
3f4c0999,3e1ea9b4
3f4c0c4c,3e1e9f35
3f4c0eff,3e1e94b7
3f4c11b3,3e1e8a36
3f4c1466,3e1e7fb8
3f4c1719,3e1e753b
3f4c19cc,3e1e6abe
3f4c1c7f,3e1e6042
3f4c1f33,3e1e55c2
3f4c21e6,3e1e4b46
3f4c2499,3e1e40c9
3f4c274c,3e1e364e
3f4c29ff,3e1e2bd2
3f4c2cb3,3e1e2154
3f4c2f66,3e1e16d9
3f4c3219,3e1e0c5f
3f4c34cc,3e1e01e5
3f4c377f,3e1df76b
3f4c3a33,3e1deced
3f4c3ce6,3e1de273
3f4c3f99,3e1dd7fa
3f4c424c,3e1dcd82
3f4c44ff,3e1dc30a
3f4c47b3,3e1db88d
3f4c4a66,3e1dae15
3f4c4d19,3e1da39e
3f4c4fcc,3e1d9925
3f4c527f,3e1d8eae
3f4c5533,3e1d8433
3f4c57e6,3e1d79bc
3f4c5a99,3e1d6f46
3f4c5d4c,3e1d64d0
3f4c5fff,3e1d5a5a
3f4c62b3,3e1d4fe0
3f4c6566,3e1d456b
3f4c6819,3e1d3af5
3f4c6acc,3e1d3081
3f4c6d7f,3e1d260c
3f4c7033,3e1d1b94
3f4c72e6,3e1d1120
3f4c7599,3e1d06ac
3f4c784c,3e1cfc38
3f4c7aff,3e1cf1c4
3f4c7db3,3e1ce74e
3f4c8066,3e1cdcdb
3f4c8319,3e1cd268
3f4c85cc,3e1cc7f6
3f4c887f,3e1cbd84
3f4c8b33,3e1cb30e
3f4c8de6,3e1ca89d
3f4c9099,3e1c9e2c
3f4c934c,3e1c93bb
3f4c95ff,3e1c894a
3f4c98b3,3e1c7ed5
3f4c9b66,3e1c7465
3f4c9e19,3e1c69f6
3f4ca0cc,3e1c5f86
3f4ca37f,3e1c5516
3f4ca633,3e1c4aa3
3f4ca8e6,3e1c4034
3f4cab99,3e1c35c6
3f4cae4c,3e1c2b58
3f4cb0ff,3e1c20ea
3f4cb3b3,3e1c1678
3f4cb666,3e1c0c09
3f4cb919,3e1c019c
3f4cbbcc,3e1bf730
3f4cbe7f,3e1becc3
3f4cc133,3e1be252
3f4cc3e6,3e1bd7e6
3f4cc699,3e1bcd7a
3f4cc94c,3e1bc30e
3f4ccbff,3e1bb8a2
3f4cceb3,3e1bae33
3f4cd166,3e1ba3c9
3f4cd419,3e1b995e
3f4cd6cc,3e1b8ef3
3f4cd97f,3e1b8489
3f4cdc33,3e1b7a1c
3f4cdee6,3e1b6fb2
3f4ce199,3e1b6549
3f4ce44c,3e1b5adf
3f4ce6ff,3e1b5077
3f4ce9b3,3e1b460a
3f4cec66,3e1b3ba1
3f4cef19,3e1b313a
3f4cf1cc,3e1b26d2
3f4cf47f,3e1b1c6a
3f4cf733,3e1b11ff
3f4cf9e6,3e1b0798
3f4cfc99,3e1afd31
3f4cff4c,3e1af2ca
3f4d01ff,3e1ae864
3f4d04b3,3e1addfa
3f4d0766,3e1ad395
3f4d0a19,3e1ac92f
3f4d0ccc,3e1abeca
3f4d0f7f,3e1ab464
3f4d1233,3e1aa9fc
3f4d14e6,3e1a9f98
3f4d1799,3e1a9534
3f4d1a4c,3e1a8ad0
3f4d1cff,3e1a806d
3f4d1fb3,3e1a7605
3f4d2266,3e1a6ba2
3f4d2519,3e1a613f
3f4d27cc,3e1a56dc
3f4d2a7f,3e1a4c7a
3f4d2d33,3e1a4215
3f4d2fe6,3e1a37b2
3f4d3299,3e1a2d52
3f4d354c,3e1a22ef
3f4d37ff,3e1a188e
3f4d3ab3,3e1a0e2a
3f4d3d66,3e1a03ca
3f4d4019,3e19f969
3f4d42cc,3e19ef0a
3f4d457f,3e19e4aa
3f4d4833,3e19da46
3f4d4ae6,3e19cfe7
3f4d4d99,3e19c588
3f4d504c,3e19bb2a
3f4d52ff,3e19b0cb
3f4d55b3,3e19a66a
3f4d5866,3e199c0b
3f4d5b19,3e1991ae
3f4d5dcc,3e198750
3f4d607f,3e197cf3
3f4d6333,3e197292
3f4d65e6,3e196836
3f4d6899,3e195dd9
3f4d6b4c,3e19537d
3f4d6dff,3e194922
3f4d70b3,3e193ec2
3f4d7366,3e193466
3f4d7619,3e192a0b
3f4d78cc,3e191fb1
3f4d7b7f,3e191556
3f4d7e33,3e190af9
3f4d80e6,3e19009e
3f4d8399,3e18f644
3f4d864c,3e18ebeb
3f4d88ff,3e18e192
3f4d8bb3,3e18d735
3f4d8e66,3e18ccdd
3f4d9119,3e18c284
3f4d93cc,3e18b82c
3f4d967f,3e18add4
3f4d9933,3e18a378
3f4d9be6,3e189920
3f4d9e99,3e188eca
3f4da14c,3e188473
3f4da3ff,3e187a1c
3f4da6b3,3e186fc2
3f4da966,3e18656c
3f4dac19,3e185b16
3f4daecc,3e1850c1
3f4db17f,3e18466c
3f4db433,3e183c12
3f4db6e6,3e1831be
3f4db999,3e18276a
3f4dbc4c,3e181d14
3f4dbeff,3e1812c1
3f4dc1b3,3e180869
3f4dc466,3e17fe16
3f4dc719,3e17f3c3
3f4dc9cc,3e17e970
3f4dcc7f,3e17df1d
3f4dcf33,3e17d4c7
3f4dd1e6,3e17ca75
3f4dd499,3e17c022
3f4dd74c,3e17b5d1
3f4dd9ff,3e17ab80
3f4ddcb3,3e17a12b
3f4ddf66,3e1796d9
3f4de219,3e178c8a
3f4de4cc,3e178239
3f4de77f,3e1777e8
3f4dea33,3e176d95
3f4dece6,3e176346
3f4def99,3e1758f6
3f4df24c,3e174ea7
3f4df4ff,3e174458
3f4df7b3,3e173a06
3f4dfa66,3e172fb7
3f4dfd19,3e172569
3f4dffcc,3e171b1b
3f4e027f,3e1710ce
3f4e0533,3e17067d
3f4e07e6,3e16fc30
3f4e0a99,3e16f1e3
3f4e0d4c,3e16e797
3f4e0fff,3e16dd4a
3f4e12b3,3e16d2fa
3f4e1566,3e16c8af
3f4e1819,3e16be63
3f4e1acc,3e16b418
3f4e1d7f,3e16a9ce
3f4e2033,3e169f7f
3f4e22e6,3e169535
3f4e2599,3e168aea
3f4e284c,3e1680a1
3f4e2aff,3e167658
3f4e2db3,3e166c0a
3f4e3066,3e1661c1
3f4e3319,3e165778
3f4e35cc,3e164d30
3f4e387f,3e1642e6
3f4e3b33,3e16389b
3f4e3de6,3e162e53
3f4e4099,3e16240c
3f4e434c,3e1619c4
3f4e45ff,3e160f7e
3f4e48b3,3e160533
3f4e4b66,3e15faec
3f4e4e19,3e15f0a6
3f4e50cc,3e15e660
3f4e537f,3e15dc1a
3f4e5633,3e15d1d1
3f4e58e6,3e15c78c
3f4e5b99,3e15bd47
3f4e5e4c,3e15b302
3f4e60ff,3e15a8bd
3f4e63b3,3e159e76
3f4e6666,3e159432
3f4e6919,3e1589ee
3f4e6bcc,3e157fab
3f4e6e7f,3e157568
3f4e7133,3e156b21
3f4e73e6,3e1560de
3f4e7699,3e15569c
3f4e794c,3e154c59
3f4e7bff,3e154218
3f4e7eb3,3e1537d2
3f4e8166,3e152d91
3f4e8419,3e152350
3f4e86cc,3e151910
3f4e897f,3e150ecf
3f4e8c33,3e15048b
3f4e8ee6,3e14fa4a
3f4e9199,3e14f00b
3f4e944c,3e14e5cb
3f4e96ff,3e14db8c
3f4e99b3,3e14d149
3f4e9c66,3e14c70a
3f4e9f19,3e14bccc
3f4ea1cc,3e14b28d
3f4ea47f,3e14a850
3f4ea733,3e149e0e
3f4ea9e6,3e1493d0
3f4eac99,3e148993
3f4eaf4c,3e147f57
3f4eb1ff,3e14751a
3f4eb4b3,3e146ada
3f4eb766,3e14609e
3f4eba19,3e145661
3f4ebccc,3e144c26
3f4ebf7f,3e1441ea
3f4ec233,3e1437ac
3f4ec4e6,3e142d70
3f4ec799,3e142336
3f4eca4c,3e1418fc
3f4eccff,3e140ec2
3f4ecfb3,3e140484
3f4ed266,3e13fa4a
3f4ed519,3e13f011
3f4ed7cc,3e13e5d8
3f4eda7f,3e13db9f
3f4edd33,3e13d163
3f4edfe6,3e13c72a
3f4ee299,3e13bcf2
3f4ee54c,3e13b2ba
3f4ee7ff,3e13a883
3f4eeab3,3e139e48
3f4eed66,3e139411
3f4ef019,3e1389da
3f4ef2cc,3e137fa4
3f4ef57f,3e13756d
3f4ef833,3e136b33
3f4efae6,3e1360fe
3f4efd99,3e1356c8
3f4f004c,3e134c94
3f4f02ff,3e13425f
3f4f05b3,3e133826
3f4f0866,3e132df2
3f4f0b19,3e1323bd
3f4f0dcc,3e13198a
3f4f107f,3e130f55
3f4f1333,3e13051e
3f4f15e6,3e12faeb
3f4f1899,3e12f0b9
3f4f1b4c,3e12e686
3f4f1dff,3e12dc54
3f4f20b3,3e12d21d
3f4f2366,3e12c7ec
3f4f2619,3e12bdba
3f4f28cc,3e12b389
3f4f2b7f,3e12a958
3f4f2e33,3e129f23
3f4f30e6,3e1294f2
3f4f3399,3e128ac2
3f4f364c,3e128092
3f4f38ff,3e127662
3f4f3bb3,3e126c2e
3f4f3e66,3e126200
3f4f4119,3e1257d0
3f4f43cc,3e124da2
3f4f467f,3e124373
3f4f4933,3e123941
3f4f4be6,3e122f13
3f4f4e99,3e1224e6
3f4f514c,3e121ab8
3f4f53ff,3e12108b
3f4f56b3,3e12065a
3f4f5966,3e11fc2d
3f4f5c19,3e11f201
3f4f5ecc,3e11e7d5
3f4f617f,3e11dda8
3f4f6433,3e11d37a
3f4f66e6,3e11c94e
3f4f6999,3e11bf22
3f4f6c4c,3e11b4f8
3f4f6eff,3e11aacd
3f4f71b3,3e11a09f
3f4f7466,3e119675
3f4f7719,3e118c4a
3f4f79cc,3e118222
3f4f7c7f,3e1177f8
3f4f7f33,3e116dca
3f4f81e6,3e1163a2
3f4f8499,3e115979
3f4f874c,3e114f51
3f4f89ff,3e114529
3f4f8cb3,3e113afd
3f4f8f66,3e1130d6
3f4f9219,3e1126ae
3f4f94cc,3e111c87
3f4f977f,3e111260
3f4f9a33,3e110836
3f4f9ce6,3e10fe10
3f4f9f99,3e10f3ea
3f4fa24c,3e10e9c4
3f4fa4ff,3e10df9e
3f4fa7b3,3e10d575
3f4faa66,3e10cb50
3f4fad19,3e10c12c
3f4fafcc,3e10b708
3f4fb27f,3e10ace3
3f4fb533,3e10a2bb
3f4fb7e6,3e109898
3f4fba99,3e108e74
3f4fbd4c,3e108450
3f4fbfff,3e107a2e
3f4fc2b3,3e107007
3f4fc566,3e1065e5
3f4fc819,3e105bc2
3f4fcacc,3e1051a1
3f4fcd7f,3e10477f
3f4fd033,3e103d5a
3f4fd2e6,3e103338
3f4fd599,3e102917
3f4fd84c,3e101ef7
3f4fdaff,3e1014d6
3f4fddb3,3e100ab2
3f4fe066,3e100092
3f4fe319,3e0ff673
3f4fe5cc,3e0fec54
3f4fe87f,3e0fe235
3f4feb33,3e0fd812
3f4fede6,3e0fcdf3
3f4ff099,3e0fc3d4
3f4ff34c,3e0fb9b7
3f4ff5ff,3e0faf99
3f4ff8b3,3e0fa578
3f4ffb66,3e0f9b5a
3f4ffe19,3e0f913c
3f5000cc,3e0f8721
3f50037f,3e0f7d04
3f500633,3e0f72e3
3f5008e6,3e0f68c8
3f500b99,3e0f5eac
3f500e4c,3e0f5490
3f5010ff,3e0f4a75
3f5013b3,3e0f4056
3f501666,3e0f363c
3f501919,3e0f2c21
3f501bcc,3e0f2206
3f501e7f,3e0f17ec
3f502133,3e0f0dcf
3f5023e6,3e0f03b6
3f502699,3e0ef99c
3f50294c,3e0eef83
3f502bff,3e0ee56a
3f502eb3,3e0edb4e
3f503166,3e0ed136
3f503419,3e0ec71e
3f5036cc,3e0ebd06
3f50397f,3e0eb2ef
3f503c33,3e0ea8d4
3f503ee6,3e0e9ebc
3f504199,3e0e94a7
3f50444c,3e0e8a90
3f5046ff,3e0e807a
3f5049b3,3e0e7660
3f504c66,3e0e6c4a
3f504f19,3e0e6234
3f5051cc,3e0e5820
3f50547f,3e0e4e0a
3f505733,3e0e43f2
3f5059e6,3e0e39de
3f505c99,3e0e2fca
3f505f4c,3e0e25b6
3f5061ff,3e0e1ba2
3f5064b3,3e0e118c
3f506766,3e0e0778
3f506a19,3e0dfd65
3f506ccc,3e0df352
3f506f7f,3e0de940
3f507233,3e0ddf2a
3f5074e6,3e0dd518
3f507799,3e0dcb07
3f507a4c,3e0dc0f6
3f507cff,3e0db6e4
3f507fb3,3e0dacd0
3f508266,3e0da2c0
3f508519,3e0d98af
3f5087cc,3e0d8e9f
3f508a7f,3e0d848f
3f508d33,3e0d7a7c
3f508fe6,3e0d706c
3f509299,3e0d665e
3f50954c,3e0d5c4e
3f5097ff,3e0d5240
3f509ab3,3e0d482e
3f509d66,3e0d3e20
3f50a019,3e0d3412
3f50a2cc,3e0d2a05
3f50a57f,3e0d1ff7
3f50a833,3e0d15e6
3f50aae6,3e0d0bda
3f50ad99,3e0d01cd
3f50b04c,3e0cf7c2
3f50b2ff,3e0cedb5
3f50b5b3,3e0ce3a6
3f50b866,3e0cd99a
3f50bb19,3e0ccf8f
3f50bdcc,3e0cc584
3f50c07f,3e0cbb79
3f50c333,3e0cb16c
3f50c5e6,3e0ca760
3f50c899,3e0c9d57
3f50cb4c,3e0c934d
3f50cdff,3e0c8943
3f50d0b3,3e0c7f37
3f50d366,3e0c752e
3f50d619,3e0c6b25
3f50d8cc,3e0c611d
3f50db7f,3e0c5714
3f50de33,3e0c4d09
3f50e0e6,3e0c4302
3f50e399,3e0c38fa
3f50e64c,3e0c2ef3
3f50e8ff,3e0c24ec
3f50ebb3,3e0c1ae1
3f50ee66,3e0c10db
3f50f119,3e0c06d4
3f50f3cc,3e0bfccf
3f50f67f,3e0bf2ca
3f50f933,3e0be8c0
3f50fbe6,3e0bdebb
3f50fe99,3e0bd4b6
3f51014c,3e0bcab2
3f5103ff,3e0bc0ad
3f5106b3,3e0bb6a5
3f510966,3e0baca1
3f510c19,3e0ba29e
3f510ecc,3e0b989a
3f51117f,3e0b8e97
3f511433,3e0b8491
3f5116e6,3e0b7a8e
3f511999,3e0b708c
3f511c4c,3e0b6689
3f511eff,3e0b5c88
3f5121b3,3e0b5282
3f512466,3e0b4881
3f512719,3e0b3e80
3f5129cc,3e0b3480
3f512c7f,3e0b2a7f
3f512f33,3e0b207a
3f5131e6,3e0b167b
3f513499,3e0b0c7b
3f51374c,3e0b027b
3f5139ff,3e0af87c
3f513cb3,3e0aee7a
3f513f66,3e0ae47a
3f514219,3e0ada7c
3f5144cc,3e0ad07d
3f51477f,3e0ac67f
3f514a33,3e0abc7e
3f514ce6,3e0ab280
3f514f99,3e0aa883
3f51524c,3e0a9e86
3f5154ff,3e0a9489
3f5157b3,3e0a8a89
3f515a66,3e0a808c
3f515d19,3e0a7690
3f515fcc,3e0a6c95
3f51627f,3e0a6299
3f516533,3e0a589a
3f5167e6,3e0a4ea0
3f516a99,3e0a44a4
3f516d4c,3e0a3aaa
3f516fff,3e0a30b0
3f5172b3,3e0a26b3
3f517566,3e0a1cb8
3f517819,3e0a12bf
3f517acc,3e0a08c6
3f517d7f,3e09fece
3f518033,3e09f4d0
3f5182e6,3e09ead8
3f518599,3e09e0e0
3f51884c,3e09d6e8
3f518aff,3e09ccf0
3f518db3,3e09c2f5
3f519066,3e09b8fe
3f519319,3e09af07
3f5195cc,3e09a510
3f51987f,3e099b1a
3f519b33,3e099120
3f519de6,3e09872a
3f51a099,3e097d34
3f51a34c,3e09733f
3f51a5ff,3e096949
3f51a8b3,3e095f50
3f51ab66,3e09555d
3f51ae19,3e094b68
3f51b0cc,3e094173
3f51b37f,3e093780
3f51b633,3e092d88
3f51b8e6,3e092395
3f51bb99,3e0919a2
3f51be4c,3e090fb0
3f51c0ff,3e0905bc
3f51c3b3,3e08fbc6
3f51c666,3e08f1d4
3f51c919,3e08e7e2
3f51cbcc,3e08ddf0
3f51ce7f,3e08d3ff
3f51d133,3e08ca0a
3f51d3e6,3e08c01a
3f51d699,3e08b629
3f51d94c,3e08ac39
3f51dbff,3e08a248
3f51deb3,3e089854
3f51e166,3e088e65
3f51e419,3e088476
3f51e6cc,3e087a86
3f51e97f,3e087098
3f51ec33,3e0866a6
3f51eee6,3e085cb6
3f51f199,3e0852c9
3f51f44c,3e0848dc
3f51f6ff,3e083eed
3f51f9b3,3e0834fc
3f51fc66,3e082b0f
3f51ff19,3e082122
3f5201cc,3e081736
3f52047f,3e080d4a
3f520733,3e08035a
3f5209e6,3e07f96e
3f520c99,3e07ef82
3f520f4c,3e07e596
3f5211ff,3e07dbac
3f5214b3,3e07d1bd
3f521766,3e07c7d3
3f521a19,3e07bde8
3f521ccc,3e07b3fe
3f521f7f,3e07aa14
3f522233,3e07a026
3f5224e6,3e07963e
3f522799,3e078c54
3f522a4c,3e07826c
3f522cff,3e077884
3f522fb3,3e076e97
3f523266,3e0764af
3f523519,3e075ac8
3f5237cc,3e0750e0
3f523a7f,3e0746f9
3f523d33,3e073d0e
3f523fe6,3e073327
3f524299,3e072940
3f52454c,3e071f5a
3f5247ff,3e071574
3f524ab3,3e070b8a
3f524d66,3e0701a5
3f525019,3e06f7c0
3f5252cc,3e06eddb
3f52557f,3e06e3f5
3f525833,3e06da0e
3f525ae6,3e06d029
3f525d99,3e06c645
3f52604c,3e06bc62
3f5262ff,3e06b27e
3f5265b3,3e06a896
3f526866,3e069eb4
3f526b19,3e0694d0
3f526dcc,3e068aee
3f52707f,3e06810c
3f527333,3e067726
3f5275e6,3e066d45
3f527899,3e066363
3f527b4c,3e065982
3f527dff,3e064fa0
3f5280b3,3e0645bc
3f528366,3e063bdc
3f528619,3e0631fc
3f5288cc,3e06281c
3f528b7f,3e061e3c
3f528e33,3e061458
3f5290e6,3e060a7a
3f529399,3e06009a
3f52964c,3e05f6bb
3f5298ff,3e05ecdc
3f529bb3,3e05e2fb
3f529e66,3e05d91d
3f52a119,3e05cf40
3f52a3cc,3e05c561
3f52a67f,3e05bb84
3f52a933,3e05b1a3
3f52abe6,3e05a7c7
3f52ae99,3e059dea
3f52b14c,3e05940e
3f52b3ff,3e058a32
3f52b6b3,3e058052
3f52b966,3e057676
3f52bc19,3e056c9b
3f52becc,3e0562c1
3f52c17f,3e0558e6
3f52c433,3e054f08
3f52c6e6,3e05452d
3f52c999,3e053b53
3f52cc4c,3e053179
3f52ceff,3e0527a0
3f52d1b3,3e051dc4
3f52d466,3e0513ea
3f52d719,3e050a11
3f52d9cc,3e050039
3f52dc7f,3e04f660
3f52df33,3e04ec85
3f52e1e6,3e04e2ae
3f52e499,3e04d8d6
3f52e74c,3e04cefe
3f52e9ff,3e04c527
3f52ecb3,3e04bb4e
3f52ef66,3e04b176
3f52f219,3e04a7a0
3f52f4cc,3e049dca
3f52f77f,3e0493f4
3f52fa33,3e048a1c
3f52fce6,3e048046
3f52ff99,3e047671
3f53024c,3e046c9c
3f5304ff,3e0462c8
3f5307b3,3e0458f0
3f530a66,3e044f1c
3f530d19,3e044548
3f530fcc,3e043b74
3f53127f,3e0431a2
3f531533,3e0427cb
3f5317e6,3e041df8
3f531a99,3e041426
3f531d4c,3e040a53
3f531fff,3e040082
3f5322b3,3e03f6ac
3f532566,3e03ecda
3f532819,3e03e309
3f532acc,3e03d938
3f532d7f,3e03cf67
3f533033,3e03c593
3f5332e6,3e03bbc4
3f533599,3e03b1f2
3f53384c,3e03a823
3f533aff,3e039e53
3f533db3,3e039481
3f534066,3e038ab2
3f534319,3e0380e3
3f5345cc,3e037715
3f53487f,3e036d46
3f534b33,3e036375
3f534de6,3e0359a7
3f535099,3e034fd9
3f53534c,3e03460c
3f5355ff,3e033c3f
3f5358b3,3e03326f
3f535b66,3e0328a2
3f535e19,3e031ed6
3f5360cc,3e03150a
3f53637f,3e030b3e
3f536633,3e03016e
3f5368e6,3e02f7a4
3f536b99,3e02edd8
3f536e4c,3e02e40e
3f5370ff,3e02da43
3f5373b3,3e02d076
3f537666,3e02c6ab
3f537919,3e02bce1
3f537bcc,3e02b318
3f537e7f,3e02a94f
3f538133,3e029f82
3f5383e6,3e0295b9
3f538699,3e028bf1
3f53894c,3e028229
3f538bff,3e027860
3f538eb3,3e026e95
3f539166,3e0264ce
3f539419,3e025b06
3f5396cc,3e02513f
3f53997f,3e024778
3f539c33,3e023dae
3f539ee6,3e0233e8
3f53a199,3e022a22
3f53a44c,3e02205c
3f53a6ff,3e021696
3f53a9b3,3e020ccd
3f53ac66,3e020309
3f53af19,3e01f944
3f53b1cc,3e01ef7f
3f53b47f,3e01e5bb
3f53b733,3e01dbf4
3f53b9e6,3e01d230
3f53bc99,3e01c86c
3f53bf4c,3e01bea8
3f53c1ff,3e01b4e6
3f53c4b3,3e01ab1f
3f53c766,3e01a15c
3f53ca19,3e01979a
3f53cccc,3e018dd8
3f53cf7f,3e018416
3f53d233,3e017a51
3f53d4e6,3e017090
3f53d799,3e0166ce
3f53da4c,3e015d0e
3f53dcff,3e01534d
3f53dfb3,3e01498a
3f53e266,3e013fc9
3f53e519,3e01360a
3f53e7cc,3e012c4a
3f53ea7f,3e01228b
3f53ed33,3e0118c8
3f53efe6,3e010f09
3f53f299,3e01054b
3f53f54c,3e00fb8c
3f53f7ff,3e00f1ce
3f53fab3,3e00e80d
3f53fd66,3e00de4f
3f540019,3e00d492
3f5402cc,3e00cad5
3f54057f,3e00c118
3f540833,3e00b758
3f540ae6,3e00ad9b
3f540d99,3e00a3df
3f54104c,3e009a24
3f5412ff,3e009068
3f5415b3,3e0086a9
3f541866,3e007cee
3f541b19,3e007334
3f541dcc,3e006979
3f54207f,3e005fbe
3f542333,3e005600
3f5425e6,3e004c46
3f542899,3e00428d
3f542b4c,3e0038d4
3f542dff,3e002f1b
3f5430b3,3e00255e
3f543366,3e001ba6
3f543619,3e0011ed
3f5438cc,3e000835
3f543b7f,3dfffcfa
3f543e33,3dffe984
3f5440e6,3dffd614
3f544399,3dffc2a7
3f54464c,3dffaf38
3f5448ff,3dff9bcc
3f544bb3,3dff8857
3f544e66,3dff74eb
3f545119,3dff617e
3f5453cc,3dff4e14
3f54567f,3dff3aa8
3f545933,3dff2737
3f545be6,3dff13ce
3f545e99,3dff0064
3f54614c,3dfeecfd
3f5463ff,3dfed994
3f5466b3,3dfec625
3f546966,3dfeb2bc
3f546c19,3dfe9f56
3f546ecc,3dfe8bf0
3f54717f,3dfe788b
3f547433,3dfe651e
3f5476e6,3dfe51ba
3f547999,3dfe3e54
3f547c4c,3dfe2af0
3f547eff,3dfe178c
3f5481b3,3dfe0424
3f548466,3dfdf0c1
3f548719,3dfddd60
3f5489cc,3dfdc9fd
3f548c7f,3dfdb69c
3f548f33,3dfda334
3f5491e6,3dfd8fd6
3f549499,3dfd7c76
3f54974c,3dfd6918
3f5499ff,3dfd55b8
3f549cb3,3dfd4252
3f549f66,3dfd2ef5
3f54a219,3dfd1b9a
3f54a4cc,3dfd083d
3f54a77f,3dfcf4e0
3f54aa33,3dfce17e
3f54ace6,3dfcce23
3f54af99,3dfcbac8
3f54b24c,3dfca76e
3f54b4ff,3dfc9416
3f54b7b3,3dfc80b4
3f54ba66,3dfc6d5c
3f54bd19,3dfc5a04
3f54bfcc,3dfc46ad
3f54c27f,3dfc3356
3f54c533,3dfc1ff9
3f54c7e6,3dfc0ca2
3f54ca99,3dfbf94d
3f54cd4c,3dfbe5f8
3f54cfff,3dfbd2a4
3f54d2b3,3dfbbf48
3f54d566,3dfbabf4
3f54d819,3dfb98a2
3f54dacc,3dfb8550
3f54dd7f,3dfb71fc
3f54e033,3dfb5ea5
3f54e2e6,3dfb4b54
3f54e599,3dfb3802
3f54e84c,3dfb24b2
3f54eaff,3dfb1162
3f54edb3,3dfafe0c
3f54f066,3dfaeabe
3f54f319,3dfad76f
3f54f5cc,3dfac423
3f54f87f,3dfab0d5
3f54fb33,3dfa9d82
3f54fde6,3dfa8a36
3f550099,3dfa76ea
3f55034c,3dfa639e
3f5505ff,3dfa5054
3f5508b3,3dfa3d03
3f550b66,3dfa29b8
3f550e19,3dfa166f
3f5510cc,3dfa0326
3f55137f,3df9efde
3f551633,3df9dc90
3f5518e6,3df9c948
3f551b99,3df9b602
3f551e4c,3df9a2ba
3f5520ff,3df98f75
3f5523b3,3df97c2a
3f552666,3df968e4
3f552919,3df955a0
3f552bcc,3df9425c
3f552e7f,3df92f1a
3f553133,3df91bd0
3f5533e6,3df9088d
3f553699,3df8f54b
3f55394c,3df8e20b
3f553bff,3df8cec9
3f553eb3,3df8bb82
3f554166,3df8a842
3f554419,3df89502
3f5546cc,3df881c3
3f55497f,3df86e86
3f554c33,3df85b42
3f554ee6,3df84802
3f555199,3df834c6
3f55544c,3df8218a
3f5556ff,3df80e4d
3f5559b3,3df7fb0b
3f555c66,3df7e7d2
3f555f19,3df7d496
3f5561cc,3df7c15c
3f55647f,3df7ae22
3f556733,3df79ae4
3f5569e6,3df787aa
3f556c99,3df77471
3f556f4c,3df7613a
3f5571ff,3df74e04
3f5574b3,3df73ac6
3f557766,3df7278f
3f557a19,3df7145b
3f557ccc,3df70125
3f557f7f,3df6edf1
3f558233,3df6dab6
3f5584e6,3df6c782
3f558799,3df6b44f
3f558a4c,3df6a11c
3f558cff,3df68deb
3f558fb3,3df67ab2
3f559266,3df66782
3f559519,3df65451
3f5597cc,3df64120
3f559a7f,3df62df0
3f559d33,3df61aba
3f559fe6,3df6078b
3f55a299,3df5f45d
3f55a54c,3df5e130
3f55a7ff,3df5ce02
3f55aab3,3df5bacf
3f55ad66,3df5a7a2
3f55b019,3df59478
3f55b2cc,3df5814c
3f55b57f,3df56e22
3f55b833,3df55af0
3f55bae6,3df547c6
3f55bd99,3df5349e
3f55c04c,3df52174
3f55c2ff,3df50e4c
3f55c5b3,3df4fb1d
3f55c866,3df4e7f5
3f55cb19,3df4d4d0
3f55cdcc,3df4c1a9
3f55d07f,3df4ae84
3f55d333,3df49b58
3f55d5e6,3df48831
3f55d899,3df4750c
3f55db4c,3df461ea
3f55ddff,3df44ec6
3f55e0b3,3df43b9c
3f55e366,3df4287b
3f55e619,3df41559
3f55e8cc,3df40238
3f55eb7f,3df3ef16
3f55ee33,3df3dbee
3f55f0e6,3df3c8ce
3f55f399,3df3b5b0
3f55f64c,3df3a28f
3f55f8ff,3df38f70
3f55fbb3,3df37c4d
3f55fe66,3df3692e
3f560119,3df35612
3f5603cc,3df342f5
3f56067f,3df32fd9
3f560933,3df31cb8
3f560be6,3df3099d
3f560e99,3df2f682
3f56114c,3df2e368
3f5613ff,3df2d04e
3f5616b3,3df2bd2e
3f561966,3df2aa15
3f561c19,3df296fc
3f561ecc,3df283e6
3f56217f,3df270ce
3f562433,3df25db1
3f5626e6,3df24a9b
3f562999,3df23786
3f562c4c,3df22470
3f562eff,3df2115b
3f5631b3,3df1fe40
3f563466,3df1eb2b
3f563719,3df1d819
3f5639cc,3df1c506
3f563c7f,3df1b1f4
3f563f33,3df19edc
3f5641e6,3df18bca
3f564499,3df178ba
3f56474c,3df165a8
3f5649ff,3df15298
3f564cb3,3df13f84
3f564f66,3df12c74
3f565219,3df11965
3f5654cc,3df10658
3f56577f,3df0f34c
3f565a33,3df0e038
3f565ce6,3df0cd2b
3f565f99,3df0ba1e
3f56624c,3df0a712
3f5664ff,3df09409
3f5667b3,3df080f8
3f566a66,3df06dee
3f566d19,3df05ae4
3f566fcc,3df047db
3f56727f,3df034d2
3f567533,3df021c3
3f5677e6,3df00ebc
3f567a99,3deffbb4
3f567d4c,3defe8ae
3f567fff,3defd5a9
3f5682b3,3defc29c
3f568566,3defaf98
3f568819,3def9c92
3f568acc,3def898e
3f568d7f,3def768a
3f569033,3def6380
3f5692e6,3def507e
3f569599,3def3d7b
3f56984c,3def2a7a
3f569aff,3def177a
3f569db3,3def0472
3f56a066,3deef171
3f56a319,3deede71
3f56a5cc,3deecb73
3f56a87f,3deeb873
3f56ab33,3deea56e
3f56ade6,3dee9270
3f56b099,3dee7f73
3f56b34c,3dee6c76
3f56b5ff,3dee597b
3f56b8b3,3dee4678
3f56bb66,3dee337c
3f56be19,3dee2081
3f56c0cc,3dee0d87
3f56c37f,3dedfa8c
3f56c633,3dede78d
3f56c8e6,3dedd495
3f56cb99,3dedc19b
3f56ce4c,3dedaea4
3f56d0ff,3ded9bac
3f56d3b3,3ded88b0
3f56d666,3ded75b8
3f56d919,3ded62c2
3f56dbcc,3ded4fcc
3f56de7f,3ded3cd8
3f56e133,3ded29dc
3f56e3e6,3ded16e8
3f56e699,3ded03f6
3f56e94c,3decf102
3f56ebff,3decde10
3f56eeb3,3deccb17
3f56f166,3decb826
3f56f419,3deca534
3f56f6cc,3dec9243
3f56f97f,3dec7f52
3f56fc33,3dec6c5c
3f56fee6,3dec596d
3f570199,3dec467e
3f57044c,3dec3390
3f5706ff,3dec20a2
3f5709b3,3dec0dae
3f570c66,3debfac2
3f570f19,3debe7d5
3f5711cc,3debd4ea
3f57147f,3debc1fe
3f571733,3debaf0e
3f5719e6,3deb9c22
3f571c99,3deb893a
3f571f4c,3deb764f
3f5721ff,3deb6366
3f5724b3,3deb5076
3f572766,3deb3d90
3f572a19,3deb2aa8
3f572ccc,3deb17c0
3f572f7f,3deb04da
3f573233,3deaf1ee
3f5734e6,3deadf08
3f573799,3deacc23
3f573a4c,3deab940
3f573cff,3deaa65b
3f573fb3,3dea9371
3f574266,3dea808e
3f574519,3dea6dac
3f5747cc,3dea5aca
3f574a7f,3dea47e8
3f574d33,3dea3500
3f574fe6,3dea221e
3f575299,3dea0f3f
3f57554c,3de9fc5f
3f5757ff,3de9e980
3f575ab3,3de9d69c
3f575d66,3de9c3bd
3f576019,3de9b0e0
3f5762cc,3de99e01
3f57657f,3de98b25
3f576833,3de97843
3f576ae6,3de96567
3f576d99,3de9528b
3f57704c,3de93fb1
3f5772ff,3de92cd6
3f5775b3,3de919f6
3f577866,3de9071d
3f577b19,3de8f444
3f577dcc,3de8e16b
3f57807f,3de8ce94
3f578333,3de8bbb4
3f5785e6,3de8a8de
3f578899,3de89607
3f578b4c,3de88331
3f578dff,3de8705d
3f5790b3,3de85d80
3f579366,3de84aac
3f579619,3de837d8
3f5798cc,3de82506
3f579b7f,3de81232
3f579e33,3de7ff58
3f57a0e6,3de7ec87
3f57a399,3de7d9b4
3f57a64c,3de7c6e4
3f57a8ff,3de7b413
3f57abb3,3de7a13c
3f57ae66,3de78e6e
3f57b119,3de77b9e
3f57b3cc,3de768d0
3f57b67f,3de75600
3f57b933,3de7432b
3f57bbe6,3de7305e
3f57be99,3de71d93
3f57c14c,3de70ac6
3f57c3ff,3de6f7f9
3f57c6b3,3de6e527
3f57c966,3de6d25d
3f57cc19,3de6bf92
3f57cecc,3de6acc8
3f57d17f,3de69a00
3f57d433,3de68730
3f57d6e6,3de67468
3f57d999,3de661a0
3f57dc4c,3de64ed9
3f57deff,3de63c12
3f57e1b3,3de62944
3f57e466,3de6167f
3f57e719,3de603b8
3f57e9cc,3de5f0f4
3f57ec7f,3de5de30
3f57ef33,3de5cb64
3f57f1e6,3de5b8a2
3f57f499,3de5a5de
3f57f74c,3de5931c
3f57f9ff,3de58059
3f57fcb3,3de56d90
3f57ff66,3de55acf
3f580219,3de54810
3f5804cc,3de5354f
3f58077f,3de5228e
3f580a33,3de50fc8
3f580ce6,3de4fd0a
3f580f99,3de4ea4c
3f58124c,3de4d78e
3f5814ff,3de4c4d2
3f5817b3,3de4b20c
3f581a66,3de49f51
3f581d19,3de48c96
3f581fcc,3de479da
3f58227f,3de46720
3f582533,3de4545d
3f5827e6,3de441a4
3f582a99,3de42eea
3f582d4c,3de41c32
3f582fff,3de40979
3f5832b3,3de3f6ba
3f583566,3de3e404
3f583819,3de3d14c
3f583acc,3de3be96
3f583d7f,3de3abdf
3f584033,3de39922
3f5842e6,3de3866d
3f584599,3de373ba
3f58484c,3de36106
3f584aff,3de34e53
3f584db3,3de33b97
3f585066,3de328e5
3f585319,3de31632
3f5855cc,3de30381
3f58587f,3de2f0d1
3f585b33,3de2de18
3f585de6,3de2cb68
3f586099,3de2b8b9
3f58634c,3de2a60a
3f5865ff,3de2935b
3f5868b3,3de280a4
3f586b66,3de26df8
3f586e19,3de25b4a
3f5870cc,3de2489d
3f58737f,3de235f1
3f587633,3de2233e
3f5878e6,3de21094
3f587b99,3de1fde8
3f587e4c,3de1eb3c
3f5880ff,3de1d893
3f5883b3,3de1c5e2
3f588666,3de1b339
3f588919,3de1a090
3f588bcc,3de18dea
3f588e7f,3de17b41
3f589133,3de16894
3f5893e6,3de155ed
3f589699,3de14347
3f58994c,3de130a1
3f589bff,3de11dfc
3f589eb3,3de10b50
3f58a166,3de0f8ad
3f58a419,3de0e608
3f58a6cc,3de0d365
3f58a97f,3de0c0c2
3f58ac33,3de0ae1a
3f58aee6,3de09b77
3f58b199,3de088d7
3f58b44c,3de07636
3f58b6ff,3de06396
3f58b9b3,3de050ef
3f58bc66,3de03e4f
3f58bf19,3de02bb0
3f58c1cc,3de01912
3f58c47f,3de00675
3f58c733,3ddff3d0
3f58c9e6,3ddfe133
3f58cc99,3ddfce96
3f58cf4c,3ddfbbfa
3f58d1ff,3ddfa95f
3f58d4b3,3ddf96bc
3f58d766,3ddf8422
3f58da19,3ddf7187
3f58dccc,3ddf5eee
3f58df7f,3ddf4c56
3f58e233,3ddf39b5
3f58e4e6,3ddf271e
3f58e799,3ddf1486
3f58ea4c,3ddf01ee
3f58ecff,3ddeef56
3f58efb3,3ddedcba
3f58f266,3ddeca24
3f58f519,3ddeb790
3f58f7cc,3ddea4fb
3f58fa7f,3dde9265
3f58fd33,3dde7fcc
3f58ffe6,3dde6d38
3f590299,3dde5aa4
3f59054c,3dde4813
3f5907ff,3dde3580
3f590ab3,3dde22e8
3f590d66,3dde1056
3f591019,3dddfdc6
3f5912cc,3dddeb37
3f59157f,3dddd8a7
3f591833,3dddc611
3f591ae6,3dddb383
3f591d99,3ddda0f5
3f59204c,3ddd8e67
3f5922ff,3ddd7bda
3f5925b3,3ddd6946
3f592866,3ddd56ba
3f592b19,3ddd442e
3f592dcc,3ddd31a3
3f59307f,3ddd1f18
3f593333,3ddd0c86
3f5935e6,3ddcf9fc
3f593899,3ddce774
3f593b4c,3ddcd4ec
3f593dff,3ddcc262
3f5940b3,3ddcafd4
3f594366,3ddc9d4c
3f594619,3ddc8ac5
3f5948cc,3ddc783e
3f594b7f,3ddc65b8
3f594e33,3ddc532c
3f5950e6,3ddc40a8
3f595399,3ddc2e22
3f59564c,3ddc1b9e
3f5958ff,3ddc091c
3f595bb3,3ddbf690
3f595e66,3ddbe40e
3f596119,3ddbd18c
3f5963cc,3ddbbf0a
3f59667f,3ddbac89
3f596933,3ddb9a02
3f596be6,3ddb8781
3f596e99,3ddb7502
3f59714c,3ddb6283
3f5973ff,3ddb5004
3f5976b3,3ddb3d7e
3f597966,3ddb2b00
3f597c19,3ddb1883
3f597ecc,3ddb0605
3f59817f,3ddaf389
3f598433,3ddae106
3f5986e6,3ddace8a
3f598999,3ddabc11
3f598c4c,3ddaa996
3f598eff,3dda971d
3f5991b3,3dda849c
3f599466,3dda7222
3f599719,3dda5fa9
3f5999cc,3dda4d32
3f599c7f,3dda3aba
3f599f33,3dda283c
3f59a1e6,3dda15c4
3f59a499,3dda034f
3f59a74c,3dd9f0d9
3f59a9ff,3dd9de64
3f59acb3,3dd9cbe9
3f59af66,3dd9b974
3f59b219,3dd9a700
3f59b4cc,3dd9948c
3f59b77f,3dd98219
3f59ba33,3dd96fa1
3f59bce6,3dd95d2f
3f59bf99,3dd94abc
3f59c24c,3dd9384c
3f59c4ff,3dd925dc
3f59c7b3,3dd91366
3f59ca66,3dd900f6
3f59cd19,3dd8ee86
3f59cfcc,3dd8dc17
3f59d27f,3dd8c9aa
3f59d533,3dd8b736
3f59d7e6,3dd8a4c7
3f59da99,3dd8925a
3f59dd4c,3dd87fee
3f59dfff,3dd86d84
3f59e2b3,3dd85b10
3f59e566,3dd848a6
3f59e819,3dd8363c
3f59eacc,3dd823d3
3f59ed7f,3dd8116a
3f59f033,3dd7fef9
3f59f2e6,3dd7ec92
3f59f599,3dd7da28
3f59f84c,3dd7c7c2
3f59faff,3dd7b55b
3f59fdb3,3dd7a2ed
3f5a0066,3dd79087
3f5a0319,3dd77e21
3f5a05cc,3dd76bbd
3f5a087f,3dd75957
3f5a0b33,3dd746ec
3f5a0de6,3dd73488
3f5a1099,3dd72225
3f5a134c,3dd70fc4
3f5a15ff,3dd6fd61
3f5a18b3,3dd6eaf8
3f5a1b66,3dd6d898
3f5a1e19,3dd6c637
3f5a20cc,3dd6b3d7
3f5a237f,3dd6a177
3f5a2633,3dd68f0f
3f5a28e6,3dd67cb1
3f5a2b99,3dd66a54
3f5a2e4c,3dd657f4
3f5a30ff,3dd64597
3f5a33b3,3dd63334
3f5a3666,3dd620d7
3f5a3919,3dd60e7c
3f5a3bcc,3dd5fc1f
3f5a3e7f,3dd5e9c4
3f5a4133,3dd5d763
3f5a43e6,3dd5c508
3f5a4699,3dd5b2ae
3f5a494c,3dd5a056
3f5a4bff,3dd58dfc
3f5a4eb3,3dd57b9e
3f5a5166,3dd56946
3f5a5419,3dd556ef
3f5a56cc,3dd54498
3f5a597f,3dd53243
3f5a5c33,3dd51fe4
3f5a5ee6,3dd50d90
3f5a6199,3dd4fb3c
3f5a644c,3dd4e8e7
3f5a66ff,3dd4d693
3f5a69b3,3dd4c437
3f5a6c66,3dd4b1e6
3f5a6f19,3dd49f92
3f5a71cc,3dd48d40
3f5a747f,3dd47aef
3f5a7733,3dd46896
3f5a79e6,3dd45647
3f5a7c99,3dd443f6
3f5a7f4c,3dd431a6
3f5a81ff,3dd41f57
3f5a84b3,3dd40d02
3f5a8766,3dd3fab3
3f5a8a19,3dd3e865
3f5a8ccc,3dd3d619
3f5a8f7f,3dd3c3cc
3f5a9233,3dd3b178
3f5a94e6,3dd39f2d
3f5a9799,3dd38ce2
3f5a9a4c,3dd37a96
3f5a9cff,3dd3684c
3f5a9fb3,3dd355fc
3f5aa266,3dd343b1
3f5aa519,3dd33168
3f5aa7cc,3dd31f20
3f5aaa7f,3dd30cd8
3f5aad33,3dd2fa88
3f5aafe6,3dd2e843
3f5ab299,3dd2d5fb
3f5ab54c,3dd2c3b6
3f5ab7ff,3dd2b170
3f5abab3,3dd29f24
3f5abd66,3dd28cdf
3f5ac019,3dd27a9a
3f5ac2cc,3dd26857
3f5ac57f,3dd25613
3f5ac833,3dd243c9
3f5acae6,3dd23187
3f5acd99,3dd21f45
3f5ad04c,3dd20d03
3f5ad2ff,3dd1fac3
3f5ad5b3,3dd1e87a
3f5ad866,3dd1d63b
3f5adb19,3dd1c3fc
3f5addcc,3dd1b1bc
3f5ae07f,3dd19f7e
3f5ae333,3dd18d3a
3f5ae5e6,3dd17afb
3f5ae899,3dd168be
3f5aeb4c,3dd15680
3f5aedff,3dd14444
3f5af0b3,3dd13203
3f5af366,3dd11fc7
3f5af619,3dd10d8c
3f5af8cc,3dd0fb52
3f5afb7f,3dd0e919
3f5afe33,3dd0d6d8
3f5b00e6,3dd0c4a0
3f5b0399,3dd0b266
3f5b064c,3dd0a02e
3f5b08ff,3dd08df8
3f5b0bb3,3dd07bba
3f5b0e66,3dd06982
3f5b1119,3dd0574c
3f5b13cc,3dd04516
3f5b167f,3dd032e2
3f5b1933,3dd020a5
3f5b1be6,3dd00e72
3f5b1e99,3dcffc3f
3f5b214c,3dcfea0c
3f5b23ff,3dcfd7d9
3f5b26b3,3dcfc59f
3f5b2966,3dcfb36c
3f5b2c19,3dcfa13c
3f5b2ecc,3dcf8f0a
3f5b317f,3dcf7cda
3f5b3433,3dcf6aa4
3f5b36e6,3dcf5874
3f5b3999,3dcf4645
3f5b3c4c,3dcf3416
3f5b3eff,3dcf21e8
3f5b41b3,3dcf0fb4
3f5b4466,3dcefd87
3f5b4719,3dceeb5a
3f5b49cc,3dced92e
3f5b4c7f,3dcec701
3f5b4f33,3dceb4cf
3f5b51e6,3dcea2a5
3f5b5499,3dce907b
3f5b574c,3dce7e52
3f5b59ff,3dce6c28
3f5b5cb3,3dce59f7
3f5b5f66,3dce47d0
3f5b6219,3dce35a6
3f5b64cc,3dce2380
3f5b677f,3dce1159
3f5b6a33,3dcdff2b
3f5b6ce6,3dcded06
3f5b6f99,3dcddae0
3f5b724c,3dcdc8bc
3f5b74ff,3dcdb696
3f5b77b3,3dcda46a
3f5b7a66,3dcd9247
3f5b7d19,3dcd8025
3f5b7fcc,3dcd6e02
3f5b827f,3dcd5bde
3f5b8533,3dcd49b6
3f5b87e6,3dcd3795
3f5b8a99,3dcd2574
3f5b8d4c,3dcd1354
3f5b8fff,3dcd0134
3f5b92b3,3dccef0e
3f5b9566,3dccdcee
3f5b9819,3dcccad0
3f5b9acc,3dccb8b2
3f5b9d7f,3dcca694
3f5ba033,3dcc9470
3f5ba2e6,3dcc8254
3f5ba599,3dcc7037
3f5ba84c,3dcc5e1c
3f5baaff,3dcc4c02
3f5badb3,3dcc39e0
3f5bb066,3dcc27c5
3f5bb319,3dcc15ab
3f5bb5cc,3dcc0392
3f5bb87f,3dcbf178
3f5bbb33,3dcbdf5a
3f5bbde6,3dcbcd42
3f5bc099,3dcbbb2a
3f5bc34c,3dcba913
3f5bc5ff,3dcb96fc
3f5bc8b3,3dcb84df
3f5bcb66,3dcb72ca
3f5bce19,3dcb60b6
3f5bd0cc,3dcb4ea1
3f5bd37f,3dcb3c8d
3f5bd633,3dcb2a71
3f5bd8e6,3dcb185f
3f5bdb99,3dcb064b
3f5bde4c,3dcaf43a
3f5be0ff,3dcae228
3f5be3b3,3dcad00f
3f5be666,3dcabdfe
3f5be919,3dcaabef
3f5bebcc,3dca99de
3f5bee7f,3dca87cf
3f5bf133,3dca75b9
3f5bf3e6,3dca63aa
3f5bf699,3dca519c
3f5bf94c,3dca3f8e
3f5bfbff,3dca2d82
3f5bfeb3,3dca1b6d
3f5c0166,3dca0962
3f5c0419,3dc9f756
3f5c06cc,3dc9e54a
3f5c097f,3dc9d340
3f5c0c33,3dc9c12f
3f5c0ee6,3dc9af24
3f5c1199,3dc99d1c
3f5c144c,3dc98b13
3f5c16ff,3dc9790b
3f5c19b3,3dc966fb
3f5c1c66,3dc954f3
3f5c1f19,3dc942ed
3f5c21cc,3dc930e6
3f5c247f,3dc91ee0
3f5c2733,3dc90cd3
3f5c29e6,3dc8face
3f5c2c99,3dc8e8cb
3f5c2f4c,3dc8d6c6
3f5c31ff,3dc8c4c1
3f5c34b3,3dc8b2b7
3f5c3766,3dc8a0b5
3f5c3a19,3dc88eb2
3f5c3ccc,3dc87cb0
3f5c3f7f,3dc86aaf
3f5c4233,3dc858a8
3f5c44e6,3dc846a8
3f5c4799,3dc834a8
3f5c4a4c,3dc822a7
3f5c4cff,3dc810a8
3f5c4fb3,3dc7fea4
3f5c5266,3dc7eca5
3f5c5519,3dc7daa8
3f5c57cc,3dc7c8aa
3f5c5a7f,3dc7b6ae
3f5c5d33,3dc7a4aa
3f5c5fe6,3dc792b0
3f5c6299,3dc780b4
3f5c654c,3dc76eb8
3f5c67ff,3dc75cbf
3f5c6ab3,3dc74abe
3f5c6d66,3dc738c5
3f5c7019,3dc726cc
3f5c72cc,3dc714d3
3f5c757f,3dc702da
3f5c7833,3dc6f0dc
3f5c7ae6,3dc6dee6
3f5c7d99,3dc6ccf0
3f5c804c,3dc6baf8
3f5c82ff,3dc6a904
3f5c85b3,3dc69706
3f5c8866,3dc68513
3f5c8b19,3dc6731e
3f5c8dcc,3dc6612a
3f5c907f,3dc64f37
3f5c9333,3dc63d3d
3f5c95e6,3dc62b4a
3f5c9899,3dc6195a
3f5c9b4c,3dc60767
3f5c9dff,3dc5f576
3f5ca0b3,3dc5e37f
3f5ca366,3dc5d18f
3f5ca619,3dc5bfa0
3f5ca8cc,3dc5adb0
3f5cab7f,3dc59bc0
3f5cae33,3dc589cc
3f5cb0e6,3dc577de
3f5cb399,3dc565f1
3f5cb64c,3dc55404
3f5cb8ff,3dc54218
3f5cbbb3,3dc53026
3f5cbe66,3dc51e3a
3f5cc119,3dc50c4f
3f5cc3cc,3dc4fa65
3f5cc67f,3dc4e87b
3f5cc933,3dc4d68a
3f5ccbe6,3dc4c4a1
3f5cce99,3dc4b2b9
3f5cd14c,3dc4a0d0
3f5cd3ff,3dc48ee9
3f5cd6b3,3dc47cfa
3f5cd966,3dc46b14
3f5cdc19,3dc4592d
3f5cdecc,3dc44749
3f5ce17f,3dc43562
3f5ce433,3dc42377
3f5ce6e6,3dc41193
3f5ce999,3dc3ffaf
3f5cec4c,3dc3edcc
3f5ceeff,3dc3dbe8
3f5cf1b3,3dc3c9ff
3f5cf466,3dc3b81c
3f5cf719,3dc3a63b
3f5cf9cc,3dc3945a
3f5cfc7f,3dc3827a
3f5cff33,3dc37092
3f5d01e6,3dc35eb4
3f5d0499,3dc34cd3
3f5d074c,3dc33af5
3f5d09ff,3dc32915
3f5d0cb3,3dc31732
3f5d0f66,3dc30554
3f5d1219,3dc2f377
3f5d14cc,3dc2e19a
3f5d177f,3dc2cfbf
3f5d1a33,3dc2bddd
3f5d1ce6,3dc2ac02
3f5d1f99,3dc29a27
3f5d224c,3dc2884d
3f5d24ff,3dc27672
3f5d27b3,3dc26493
3f5d2a66,3dc252b9
3f5d2d19,3dc240e1
3f5d2fcc,3dc22f0a
3f5d327f,3dc21d32
3f5d3533,3dc20b56
3f5d37e6,3dc1f97e
3f5d3a99,3dc1e7a8
3f5d3d4c,3dc1d5d2
3f5d3fff,3dc1c3fe
3f5d42b3,3dc1b222
3f5d4566,3dc1a04e
3f5d4819,3dc18e7c
3f5d4acc,3dc17ca8
3f5d4d7f,3dc16ad6
3f5d5033,3dc158fc
3f5d52e6,3dc1472b
3f5d5599,3dc1355a
3f5d584c,3dc12388
3f5d5aff,3dc111b7
3f5d5db3,3dc0ffe1
3f5d6066,3dc0ee12
3f5d6319,3dc0dc42
3f5d65cc,3dc0ca74
3f5d687f,3dc0b8a5
3f5d6b33,3dc0a6d2
3f5d6de6,3dc09504
3f5d7099,3dc08338
3f5d734c,3dc0716c
3f5d75ff,3dc05f9f
3f5d78b3,3dc04dce
3f5d7b66,3dc03c03
3f5d7e19,3dc02a38
3f5d80cc,3dc0186f
3f5d837f,3dc006a4
3f5d8633,3dbff4d7
3f5d88e6,3dbfe30c
3f5d8b99,3dbfd146
3f5d8e4c,3dbfbf7e
3f5d90ff,3dbfadb6
3f5d93b3,3dbf9bea
3f5d9666,3dbf8a24
3f5d9919,3dbf785e
3f5d9bcc,3dbf6697
3f5d9e7f,3dbf54d4
3f5da133,3dbf4308
3f5da3e6,3dbf3145
3f5da699,3dbf1f81
3f5da94c,3dbf0dbe
3f5dabff,3dbefbfc
3f5daeb3,3dbeea32
3f5db166,3dbed872
3f5db419,3dbec6b1
3f5db6cc,3dbeb4ef
3f5db97f,3dbea330
3f5dbc33,3dbe9169
3f5dbee6,3dbe7faa
3f5dc199,3dbe6deb
3f5dc44c,3dbe5c2e
3f5dc6ff,3dbe4a70
3f5dc9b3,3dbe38ac
3f5dcc66,3dbe26f0
3f5dcf19,3dbe1531
3f5dd1cc,3dbe0375
3f5dd47f,3dbdf1bb
3f5dd733,3dbddff8
3f5dd9e6,3dbdce3f
3f5ddc99,3dbdbc84
3f5ddf4c,3dbdaaca
3f5de1ff,3dbd9911
3f5de4b3,3dbd8753
3f5de766,3dbd759a
3f5dea19,3dbd63e2
3f5deccc,3dbd522b
3f5def7f,3dbd4073
3f5df233,3dbd2eb8
3f5df4e6,3dbd1d02
3f5df799,3dbd0b4c
3f5dfa4c,3dbcf996
3f5dfcff,3dbce7e3
3f5dffb3,3dbcd626
3f5e0266,3dbcc473
3f5e0519,3dbcb2c0
3f5e07cc,3dbca10e
3f5e0a7f,3dbc8f5a
3f5e0d33,3dbc7da3
3f5e0fe6,3dbc6bf3
3f5e1299,3dbc5a40
3f5e154c,3dbc4890
3f5e17ff,3dbc36e0
3f5e1ab3,3dbc252c
3f5e1d66,3dbc137c
3f5e2019,3dbc01cc
3f5e22cc,3dbbf020
3f5e257f,3dbbde70
3f5e2833,3dbbccbe
3f5e2ae6,3dbbbb12
3f5e2d99,3dbba965
3f5e304c,3dbb97b8
3f5e32ff,3dbb860e
3f5e35b3,3dbb745d
3f5e3866,3dbb62b1
3f5e3b19,3dbb5107
3f5e3dcc,3dbb3f5e
3f5e407f,3dbb2db6
3f5e4333,3dbb1c06
3f5e45e6,3dbb0a5e
3f5e4899,3dbaf8b8
3f5e4b4c,3dbae70f
3f5e4dff,3dbad568
3f5e50b3,3dbac3bc
3f5e5366,3dbab216
3f5e5619,3dbaa072
3f5e58cc,3dba8ecc
3f5e5b7f,3dba7d28
3f5e5e33,3dba6b7d
3f5e60e6,3dba59da
3f5e6399,3dba4836
3f5e664c,3dba3695
3f5e68ff,3dba24f2
3f5e6bb3,3dba134a
3f5e6e66,3dba01a9
3f5e7119,3db9f008
3f5e73cc,3db9de68
3f5e767f,3db9ccc8
3f5e7933,3db9bb22
3f5e7be6,3db9a984
3f5e7e99,3db997e4
3f5e814c,3db98647
3f5e83ff,3db974aa
3f5e86b3,3db96307
3f5e8966,3db9516a
3f5e8c19,3db93fcf
3f5e8ecc,3db92e32
3f5e917f,3db91c98
3f5e9433,3db90af6
3f5e96e6,3db8f95b
3f5e9999,3db8e7c1
3f5e9c4c,3db8d629
3f5e9eff,3db8c48f
3f5ea1b3,3db8b2f0
3f5ea466,3db8a158
3f5ea719,3db88fc1
3f5ea9cc,3db87e2a
3f5eac7f,3db86c93
3f5eaf33,3db85af7
3f5eb1e6,3db84962
3f5eb499,3db837ce
3f5eb74c,3db82637
3f5eb9ff,3db814a3
3f5ebcb3,3db8030a
3f5ebf66,3db7f176
3f5ec219,3db7dfe4
3f5ec4cc,3db7ce50
3f5ec77f,3db7bcbf
3f5eca33,3db7ab26
3f5ecce6,3db79995
3f5ecf99,3db78806
3f5ed24c,3db77675
3f5ed4ff,3db764e6
3f5ed7b3,3db75351
3f5eda66,3db741c0
3f5edd19,3db73032
3f5edfcc,3db71ea4
3f5ee27f,3db70d18
3f5ee533,3db6fb86
3f5ee7e6,3db6e9f8
3f5eea99,3db6d86c
3f5eed4c,3db6c6e2
3f5eefff,3db6b556
3f5ef2b3,3db6a3c4
3f5ef566,3db6923c
3f5ef819,3db680b1
3f5efacc,3db66f28
3f5efd7f,3db65d9e
3f5f0033,3db64c11
3f5f02e6,3db63a89
3f5f0599,3db62901
3f5f084c,3db6177a
3f5f0aff,3db605f4
3f5f0db3,3db5f468
3f5f1066,3db5e2e2
3f5f1319,3db5d15e
3f5f15cc,3db5bfd8
3f5f187f,3db5ae54
3f5f1b33,3db59cca
3f5f1de6,3db58b48
3f5f2099,3db579c4
3f5f234c,3db56842
3f5f25ff,3db556c0
3f5f28b3,3db54538
3f5f2b66,3db533b7
3f5f2e19,3db52236
3f5f30cc,3db510b6
3f5f337f,3db4ff38
3f5f3633,3db4edb2
3f5f38e6,3db4dc32
3f5f3b99,3db4cab4
3f5f3e4c,3db4b938
3f5f40ff,3db4a7ba
3f5f43b3,3db49636
3f5f4666,3db484ba
3f5f4919,3db4733e
3f5f4bcc,3db461c2
3f5f4e7f,3db45049
3f5f5133,3db43ec6
3f5f53e6,3db42d4e
3f5f5699,3db41bd4
3f5f594c,3db40a5a
3f5f5bff,3db3f8e1
3f5f5eb3,3db3e763
3f5f6166,3db3d5eb
3f5f6419,3db3c475
3f5f66cc,3db3b2fd
3f5f697f,3db3a187
3f5f6c33,3db3900c
3f5f6ee6,3db37e96
3f5f7199,3db36d21
3f5f744c,3db35bac
3f5f76ff,3db34a38
3f5f79b3,3db338be
3f5f7c66,3db3274a
3f5f7f19,3db315d7
3f5f81cc,3db30467
3f5f847f,3db2f2f4
3f5f8733,3db2e17d
3f5f89e6,3db2d00b
3f5f8c99,3db2be9c
3f5f8f4c,3db2ad2c
3f5f91ff,3db29bbc
3f5f94b3,3db28a46
3f5f9766,3db278d8
3f5f9a19,3db2676a
3f5f9ccc,3db255fc
3f5f9f7f,3db2448e
3f5fa233,3db2331c
3f5fa4e6,3db221b0
3f5fa799,3db21044
3f5faa4c,3db1fed8
3f5facff,3db1ed6e
3f5fafb3,3db1dbfd
3f5fb266,3db1ca93
3f5fb519,3db1b92a
3f5fb7cc,3db1a7c0
3f5fba7f,3db19658
3f5fbd33,3db184e9
3f5fbfe6,3db17380
3f5fc299,3db1621a
3f5fc54c,3db150b4
3f5fc7ff,3db13f4d
3f5fcab3,3db12de0
3f5fcd66,3db11c7a
3f5fd019,3db10b16
3f5fd2cc,3db0f9b0
3f5fd57f,3db0e84d
3f5fd833,3db0d6e4
3f5fdae6,3db0c581
3f5fdd99,3db0b41e
3f5fe04c,3db0a2bb
3f5fe2ff,3db0915a
3f5fe5b3,3db07ff2
3f5fe866,3db06e90
3f5feb19,3db05d30
3f5fedcc,3db04bd0
3f5ff07f,3db03a72
3f5ff333,3db0290b
3f5ff5e6,3db017ae
3f5ff899,3db0064e
3f5ffb4c,3daff4f1
3f5ffdff,3dafe394
3f6000b3,3dafd232
3f600366,3dafc0d5
3f600619,3dafaf78
3f6008cc,3daf9e1e
3f600b7f,3daf8cc4
3f600e33,3daf7b62
3f6010e6,3daf6a08
3f601399,3daf58ae
3f60164c,3daf4754
3f6018ff,3daf35fd
3f601bb3,3daf249e
3f601e66,3daf1348
3f602119,3daf01f0
3f6023cc,3daef09a
3f60267f,3daedf43
3f602933,3daecde7
3f602be6,3daebc90
3f602e99,3daeab3c
3f60314c,3dae99e6
3f6033ff,3dae8892
3f6036b3,3dae773a
3f603966,3dae65e6
3f603c19,3dae5492
3f603ecc,3dae4341
3f60417f,3dae31f0
3f604433,3dae2098
3f6046e6,3dae0f47
3f604999,3dadfdf6
3f604c4c,3dadeca6
3f604eff,3daddb58
3f6051b3,3dadca02
3f605466,3dadb8b2
3f605719,3dada764
3f6059cc,3dad9617
3f605c7f,3dad84c9
3f605f33,3dad7376
3f6061e6,3dad622b
3f606499,3dad50de
3f60674c,3dad3f94
3f6069ff,3dad2e49
3f606cb3,3dad1cf7
3f606f66,3dad0bae
3f607219,3dacfa64
3f6074cc,3dace91a
3f60777f,3dacd7d2
3f607a33,3dacc683
3f607ce6,3dacb53c
3f607f99,3daca3f4
3f60824c,3dac92ad
3f6084ff,3dac8168
3f6087b3,3dac701c
3f608a66,3dac5ed4
3f608d19,3dac4d90
3f608fcc,3dac3c4c
3f60927f,3dac2b07
3f609533,3dac19be
3f6097e6,3dac087c
3f609a99,3dabf738
3f609d4c,3dabe5f6
3f609fff,3dabd4b4
3f60a2b3,3dabc36c
3f60a566,3dabb22b
3f60a819,3daba0ec
3f60aacc,3dab8fab
3f60ad7f,3dab7e6c
3f60b033,3dab6d26
3f60b2e6,3dab5be8
3f60b599,3dab4aaa
3f60b84c,3dab396b
3f60baff,3dab282d
3f60bdb3,3dab16ea
3f60c066,3dab05af
3f60c319,3daaf473
3f60c5cc,3daae338
3f60c87f,3daad1fd
3f60cb33,3daac0ba
3f60cde6,3daaaf82
3f60d099,3daa9e47
3f60d34c,3daa8d0e
3f60d5ff,3daa7bd6
3f60d8b3,3daa6a96
3f60db66,3daa595e
3f60de19,3daa4826
3f60e0cc,3daa36f1
3f60e37f,3daa25ba
3f60e633,3daa147d
3f60e8e6,3daa0348
3f60eb99,3da9f212
3f60ee4c,3da9e0de
3f60f0ff,3da9cfab
3f60f3b3,3da9be71
3f60f666,3da9ad3c
3f60f919,3da99c0a
3f60fbcc,3da98ad8
3f60fe7f,3da979a6
3f610133,3da9686d
3f6103e6,3da9573d
3f610699,3da9460c
3f61094c,3da934dc
3f610bff,3da923ad
3f610eb3,3da91277
3f611166,3da90148
3f611419,3da8f01a
3f6116cc,3da8deed
3f61197f,3da8cdbe
3f611c33,3da8bc8b
3f611ee6,3da8ab5f
3f612199,3da89a33
3f61244c,3da88907
3f6126ff,3da877dc
3f6129b3,3da866ab
3f612c66,3da85582
3f612f19,3da84456
3f6131cc,3da8332e
3f61347f,3da82205
3f613733,3da810d7
3f6139e6,3da7ffae
3f613c99,3da7ee86
3f613f4c,3da7dd60
3f6141ff,3da7cc3a
3f6144b3,3da7bb0d
3f614766,3da7a9e7
3f614a19,3da798c2
3f614ccc,3da7879c
3f614f7f,3da77679
3f615233,3da7654f
3f6154e6,3da7542c
3f615799,3da74309
3f615a4c,3da731e6
3f615cff,3da720c4
3f615fb3,3da70f9d
3f616266,3da6fe7a
3f616519,3da6ed5a
3f6167cc,3da6dc39
3f616a7f,3da6cb19
3f616d33,3da6b9f4
3f616fe6,3da6a8d5
3f617299,3da697b6
3f61754c,3da68699
3f6177ff,3da6757c
3f617ab3,3da66458
3f617d66,3da6533c
3f618019,3da64220
3f6182cc,3da63103
3f61857f,3da61fe7
3f618833,3da60ec6
3f618ae6,3da5fdac
3f618d99,3da5ec93
3f61904c,3da5db7a
3f6192ff,3da5ca60
3f6195b3,3da5b942
3f619866,3da5a829
3f619b19,3da59712
3f619dcc,3da585fa
3f61a07f,3da574e3
3f61a333,3da563c8
3f61a5e6,3da552b2
3f61a899,3da5419c
3f61ab4c,3da53088
3f61adff,3da51f72
3f61b0b3,3da50e58
3f61b366,3da4fd44
3f61b619,3da4ec31
3f61b8cc,3da4db1e
3f61bb7f,3da4ca0d
3f61be33,3da4b8f5
3f61c0e6,3da4a7e2
3f61c399,3da496d2
3f61c64c,3da485c2
3f61c8ff,3da474b2
3f61cbb3,3da4639c
3f61ce66,3da4528d
3f61d119,3da4417e
3f61d3cc,3da43070
3f61d67f,3da41f62
3f61d933,3da40e4e
3f61dbe6,3da3fd41
3f61de99,3da3ec34
3f61e14c,3da3db2a
3f61e3ff,3da3ca1d
3f61e6b3,3da3b90c
3f61e966,3da3a802
3f61ec19,3da396f8
3f61eecc,3da385ef
3f61f17f,3da374e5
3f61f433,3da363d6
3f61f6e6,3da352ce
3f61f999,3da341c6
3f61fc4c,3da330be
3f61feff,3da31fb8
3f6201b3,3da30eab
3f620466,3da2fda4
3f620719,3da2ec9f
3f6209cc,3da2db9a
3f620c7f,3da2ca96
3f620f33,3da2b98a
3f6211e6,3da2a886
3f621499,3da29784
3f62174c,3da28680
3f6219ff,3da2757e
3f621cb3,3da26476
3f621f66,3da25374
3f622219,3da24273
3f6224cc,3da23172
3f62277f,3da22072
3f622a33,3da20f6c
3f622ce6,3da1fe6d
3f622f99,3da1ed6e
3f62324c,3da1dc70
3f6234ff,3da1cb72
3f6237b3,3da1ba6e
3f623a66,3da1a971
3f623d19,3da19875
3f623fcc,3da18778
3f62427f,3da1767c
3f624533,3da1657a
3f6247e6,3da15480
3f624a99,3da14386
3f624d4c,3da1328c
3f624fff,3da12192
3f6252b3,3da11093
3f625566,3da0ff9b
3f625819,3da0eea2
3f625acc,3da0ddab
3f625d7f,3da0ccb4
3f626033,3da0bbb7
3f6262e6,3da0aac0
3f626599,3da099ca
3f62684c,3da088d6
3f626aff,3da077e0
3f626db3,3da066e5
3f627066,3da055f1
3f627319,3da044fe
3f6275cc,3da0340b
3f62787f,3da02318
3f627b33,3da01220
3f627de6,3da0012e
3f628099,3d9ff03c
3f62834c,3d9fdf4c
3f6285ff,3d9fce5a
3f6288b3,3d9fbd64
3f628b66,3d9fac75
3f628e19,3d9f9b85
3f6290cc,3d9f8a97
3f62937f,3d9f79a9
3f629633,3d9f68b4
3f6298e6,3d9f57c8
3f629b99,3d9f46db
3f629e4c,3d9f35ee
3f62a0ff,3d9f2502
3f62a3b3,3d9f1410
3f62a666,3d9f0326
3f62a919,3d9ef23b
3f62abcc,3d9ee151
3f62ae7f,3d9ed067
3f62b133,3d9ebf78
3f62b3e6,3d9eae8e
3f62b699,3d9e9da6
3f62b94c,3d9e8cbe
3f62bbff,3d9e7bd6
3f62beb3,3d9e6aea
3f62c166,3d9e5a03
3f62c419,3d9e491d
3f62c6cc,3d9e3838
3f62c97f,3d9e2752
3f62cc33,3d9e1666
3f62cee6,3d9e0583
3f62d199,3d9df49f
3f62d44c,3d9de3bb
3f62d6ff,3d9dd2d8
3f62d9b3,3d9dc1ef
3f62dc66,3d9db10d
3f62df19,3d9da02c
3f62e1cc,3d9d8f4a
3f62e47f,3d9d7e6a
3f62e733,3d9d6d83
3f62e9e6,3d9d5ca3
3f62ec99,3d9d4bc4
3f62ef4c,3d9d3ae5
3f62f1ff,3d9d2a06
3f62f4b3,3d9d1922
3f62f766,3d9d0844
3f62fa19,3d9cf767
3f62fccc,3d9ce68a
3f62ff7f,3d9cd5ae
3f630233,3d9cc4cc
3f6304e6,3d9cb3f1
3f630799,3d9ca316
3f630a4c,3d9c923c
3f630cff,3d9c8161
3f630fb3,3d9c7082
3f631266,3d9c5fa8
3f631519,3d9c4ed0
3f6317cc,3d9c3df7
3f631a7f,3d9c2d20
3f631d33,3d9c1c42
3f631fe6,3d9c0b6b
3f632299,3d9bfa95
3f63254c,3d9be9be
3f6327ff,3d9bd8e9
3f632ab3,3d9bc80e
3f632d66,3d9bb739
3f633019,3d9ba665
3f6332cc,3d9b9591
3f63357f,3d9b84be
3f633833,3d9b73e5
3f633ae6,3d9b6312
3f633d99,3d9b5240
3f63404c,3d9b416f
3f6342ff,3d9b309d
3f6345b3,3d9b1fc7
3f634866,3d9b0ef6
3f634b19,3d9afe27
3f634dcc,3d9aed58
3f63507f,3d9adc89
3f635333,3d9acbb4
3f6355e6,3d9abae6
3f635899,3d9aaa18
3f635b4c,3d9a994c
3f635dff,3d9a887e
3f6360b3,3d9a77ac
3f636366,3d9a66e1
3f636619,3d9a5615
3f6368cc,3d9a454a
3f636b7f,3d9a3480
3f636e33,3d9a23b0
3f6370e6,3d9a12e6
3f637399,3d9a021e
3f63764c,3d99f155
3f6378ff,3d99e08c
3f637bb3,3d99cfbe
3f637e66,3d99bef7
3f638119,3d99ae31
3f6383cc,3d999d6b
3f63867f,3d998ca5
3f638933,3d997bd9
3f638be6,3d996b14
3f638e99,3d995a4f
3f63914c,3d99498b
3f6393ff,3d9938c7
3f6396b3,3d9927fe
3f639966,3d99173b
3f639c19,3d990678
3f639ecc,3d98f5b7
3f63a17f,3d98e4f6
3f63a433,3d98d42e
3f63a6e6,3d98c36e
3f63a999,3d98b2ad
3f63ac4c,3d98a1ee
3f63aeff,3d98912f
3f63b1b3,3d988069
3f63b466,3d986fab
3f63b719,3d985eed
3f63b9cc,3d984e30
3f63bc7f,3d983d73
3f63bf33,3d982cb0
3f63c1e6,3d981bf4
3f63c499,3d980b38
3f63c74c,3d97fa7d
3f63c9ff,3d97e9c2
3f63ccb3,3d97d902
3f63cf66,3d97c848
3f63d219,3d97b78f
3f63d4cc,3d97a6d6
3f63d77f,3d97961d
3f63da33,3d97855f
3f63dce6,3d9774a7
3f63df99,3d9763ef
3f63e24c,3d975339
3f63e4ff,3d974282
3f63e7b3,3d9731c7
3f63ea66,3d972110
3f63ed19,3d97105c
3f63efcc,3d96ffa8
3f63f27f,3d96eef3
3f63f533,3d96de3a
3f63f7e6,3d96cd86
3f63fa99,3d96bcd3
3f63fd4c,3d96ac21
3f63ffff,3d969b6f
3f6402b3,3d968ab7
3f640566,3d967a07
3f640819,3d966956
3f640acc,3d9658a6
3f640d7f,3d9647f6
3f641033,3d963741
3f6412e6,3d962692
3f641599,3d9615e4
3f64184c,3d960536
3f641aff,3d95f489
3f641db3,3d95e3d6
3f642066,3d95d328
3f642319,3d95c27c
3f6425cc,3d95b1d1
3f64287f,3d95a126
3f642b33,3d959075
3f642de6,3d957fcb
3f643099,3d956f21
3f64334c,3d955e77
3f6435ff,3d954dce
3f6438b3,3d953d20
3f643b66,3d952c77
3f643e19,3d951bd0
3f6440cc,3d950b29
3f64437f,3d94fa82
3f644633,3d94e9d5
3f6448e6,3d94d930
3f644b99,3d94c88a
3f644e4c,3d94b7e4
3f6450ff,3d94a740
3f6453b3,3d949696
3f645666,3d9485f2
3f645919,3d94754f
3f645bcc,3d9464ac
3f645e7f,3d94540a
3f646133,3d944362
3f6463e6,3d9432c0
3f646699,3d942220
3f64694c,3d94117f
3f646bff,3d9400e0
3f646eb3,3d93f039
3f647166,3d93df9a
3f647419,3d93cefc
3f6476cc,3d93be5c
3f64797f,3d93adbf
3f647c33,3d939d1b
3f647ee6,3d938c7e
3f648199,3d937be2
3f64844c,3d936b46
3f6486ff,3d935aaa
3f6489b3,3d934a08
3f648c66,3d93396e
3f648f19,3d9328d4
3f6491cc,3d93183a
3f64947f,3d9307a0
3f649733,3d92f701
3f6499e6,3d92e668
3f649c99,3d92d5d1
3f649f4c,3d92c539
3f64a1ff,3d92b4a2
3f64a4b3,3d92a404
3f64a766,3d92936e
3f64aa19,3d9282d8
3f64accc,3d927242
3f64af7f,3d9261ae
3f64b233,3d925113
3f64b4e6,3d92407f
3f64b799,3d922fea
3f64ba4c,3d921f58
3f64bcff,3d920ec5
3f64bfb3,3d91fe2c
3f64c266,3d91ed9a
3f64c519,3d91dd09
3f64c7cc,3d91cc78
3f64ca7f,3d91bbe7
3f64cd33,3d91ab51
3f64cfe6,3d919ac1
3f64d299,3d918a32
3f64d54c,3d9179a3
3f64d7ff,3d916915
3f64dab3,3d915880
3f64dd66,3d9147f4
3f64e019,3d913766
3f64e2cc,3d9126d9
3f64e57f,3d91164e
3f64e833,3d9105bb
3f64eae6,3d90f530
3f64ed99,3d90e4a5
3f64f04c,3d90d41b
3f64f2ff,3d90c390
3f64f5b3,3d90b301
3f64f866,3d90a278
3f64fb19,3d9091ef
3f64fdcc,3d908167
3f65007f,3d9070e0
3f650333,3d906052
3f6505e6,3d904fcb
3f650899,3d903f44
3f650b4c,3d902ebf
3f650dff,3d901e39
3f6510b3,3d900dae
3f651366,3d8ffd29
3f651619,3d8feca6
3f6518cc,3d8fdc21
3f651b7f,3d8fcb9e
3f651e33,3d8fbb15
3f6520e6,3d8faa92
3f652399,3d8f9a10
3f65264c,3d8f898e
3f6528ff,3d8f790e
3f652bb3,3d8f6886
3f652e66,3d8f5806
3f653119,3d8f4787
3f6533cc,3d8f3708
3f65367f,3d8f2688
3f653933,3d8f1604
3f653be6,3d8f0586
3f653e99,3d8ef508
3f65414c,3d8ee48b
3f6543ff,3d8ed40e
3f6546b3,3d8ec38c
3f654966,3d8eb310
3f654c19,3d8ea295
3f654ecc,3d8e921a
3f65517f,3d8e819f
3f655433,3d8e711f
3f6556e6,3d8e60a5
3f655999,3d8e502c
3f655c4c,3d8e3fb4
3f655eff,3d8e2f3c
3f6561b3,3d8e1ebd
3f656466,3d8e0e46
3f656719,3d8dfdcf
3f6569cc,3d8ded58
3f656c7f,3d8ddce2
3f656f33,3d8dcc66
3f6571e6,3d8dbbf1
3f657499,3d8dab7c
3f65774c,3d8d9b08
3f6579ff,3d8d8a94
3f657cb3,3d8d7a1a
3f657f66,3d8d69a8
3f658219,3d8d5935
3f6584cc,3d8d48c3
3f65877f,3d8d3851
3f658a33,3d8d27da
3f658ce6,3d8d1769
3f658f99,3d8d06f8
3f65924c,3d8cf688
3f6594ff,3d8ce619
3f6597b3,3d8cd5a4
3f659a66,3d8cc536
3f659d19,3d8cb4c7
3f659fcc,3d8ca459
3f65a27f,3d8c93ec
3f65a533,3d8c837a
3f65a7e6,3d8c730c
3f65aa99,3d8c62a1
3f65ad4c,3d8c5235
3f65afff,3d8c41ca
3f65b2b3,3d8c3159
3f65b566,3d8c20ee
3f65b819,3d8c1086
3f65bacc,3d8c001c
3f65bd7f,3d8befb3
3f65c033,3d8bdf44
3f65c2e6,3d8bcedd
3f65c599,3d8bbe74
3f65c84c,3d8bae0e
3f65caff,3d8b9da7
3f65cdb3,3d8b8d3b
3f65d066,3d8b7cd5
3f65d319,3d8b6c70
3f65d5cc,3d8b5c0a
3f65d87f,3d8b4ba6
3f65db33,3d8b3b3c
3f65dde6,3d8b2ad8
3f65e099,3d8b1a76
3f65e34c,3d8b0a13
3f65e5ff,3d8af9b0
3f65e8b3,3d8ae948
3f65eb66,3d8ad8e6
3f65ee19,3d8ac886
3f65f0cc,3d8ab826
3f65f37f,3d8aa7c4
3f65f633,3d8a975f
3f65f8e6,3d8a8700
3f65fb99,3d8a76a1
3f65fe4c,3d8a6643
3f6600ff,3d8a55e5
3f6603b3,3d8a4581
3f660666,3d8a3524
3f660919,3d8a24c8
3f660bcc,3d8a146c
3f660e7f,3d8a0410
3f661133,3d89f3ae
3f6613e6,3d89e353
3f661699,3d89d2fa
3f66194c,3d89c29f
3f661bff,3d89b246
3f661eb3,3d89a1e6
3f662166,3d89918e
3f662419,3d898136
3f6626cc,3d8970de
3f66297f,3d896087
3f662c33,3d89502a
3f662ee6,3d893fd3
3f663199,3d892f7e
3f66344c,3d891f28
3f6636ff,3d890ed2
3f6639b3,3d88fe78
3f663c66,3d88ee23
3f663f19,3d88ddd0
3f6641cc,3d88cd7c
3f66447f,3d88bd29
3f664733,3d88acd0
3f6649e6,3d889c7f
3f664c99,3d888c2d
3f664f4c,3d887bdc
3f6651ff,3d886b8a
3f6654b3,3d885b34
3f665766,3d884ae4
3f665a19,3d883a96
3f665ccc,3d882a46
3f665f7f,3d8819f8
3f666233,3d8809a3
3f6664e6,3d87f956
3f666799,3d87e908
3f666a4c,3d87d8bc
3f666cff,3d87c86f
3f666fb3,3d87b81d
3f667266,3d87a7d2
3f667519,3d879786
3f6677cc,3d87873c
3f667a7f,3d8776f2
3f667d33,3d8766a2
3f667fe6,3d875658
3f668299,3d874610
3f66854c,3d8735c8
3f6687ff,3d87257f
3f668ab3,3d871532
3f668d66,3d8704eb
3f669019,3d86f4a4
3f6692cc,3d86e45e
3f66957f,3d86d418
3f669833,3d86c3cc
3f669ae6,3d86b388
3f669d99,3d86a343
3f66a04c,3d8692ff
3f66a2ff,3d8682bb
3f66a5b3,3d867272
3f66a866,3d86622f
3f66ab19,3d8651ed
3f66adcc,3d8641ab
3f66b07f,3d86316a
3f66b333,3d862122
3f66b5e6,3d8610e2
3f66b899,3d8600a2
3f66bb4c,3d85f062
3f66bdff,3d85e022
3f66c0b3,3d85cfde
3f66c366,3d85bfa0
3f66c619,3d85af62
3f66c8cc,3d859f24
3f66cb7f,3d858ee7
3f66ce33,3d857ea4
3f66d0e6,3d856e68
3f66d399,3d855e2c
3f66d64c,3d854df1
3f66d8ff,3d853db6
3f66dbb3,3d852d76
3f66de66,3d851d3c
3f66e119,3d850d02
3f66e3cc,3d84fcc9
3f66e67f,3d84ec90
3f66e933,3d84dc52
3f66ebe6,3d84cc1a
3f66ee99,3d84bbe3
3f66f14c,3d84abac
3f66f3ff,3d849b75
3f66f6b3,3d848b39
3f66f966,3d847b04
3f66fc19,3d846ace
3f66fecc,3d845a99
3f67017f,3d844a65
3f670433,3d843a2b
3f6706e6,3d8429f8
3f670999,3d8419c4
3f670c4c,3d840992
3f670eff,3d83f960
3f6711b3,3d83e928
3f671466,3d83d8f7
3f671719,3d83c8c6
3f6719cc,3d83b896
3f671c7f,3d83a866
3f671f33,3d839830
3f6721e6,3d838801
3f672499,3d8377d2
3f67274c,3d8367a4
3f6729ff,3d835776
3f672cb3,3d834743
3f672f66,3d833716
3f673219,3d8326e9
3f6734cc,3d8316bd
3f67377f,3d830692
3f673a33,3d82f660
3f673ce6,3d82e636
3f673f99,3d82d60c
3f67424c,3d82c5e1
3f6744ff,3d82b5b8
3f6747b3,3d82a589
3f674a66,3d829560
3f674d19,3d828538
3f674fcc,3d827510
3f67527f,3d8264e9
3f675533,3d8254bc
3f6757e6,3d824496
3f675a99,3d823470
3f675d4c,3d82244a
3f675fff,3d821425
3f6762b3,3d8203fb
3f676566,3d81f3d7
3f676819,3d81e3b3
3f676acc,3d81d38f
3f676d7f,3d81c36d
3f677033,3d81b344
3f6772e6,3d81a322
3f677599,3d819300
3f67784c,3d8182df
3f677aff,3d8172be
3f677db3,3d816298
3f678066,3d815278
3f678319,3d814259
3f6785cc,3d81323a
3f67887f,3d81221b
3f678b33,3d8111f7
3f678de6,3d8101d9
3f679099,3d80f1bc
3f67934c,3d80e19f
3f6795ff,3d80d182
3f6798b3,3d80c161
3f679b66,3d80b145
3f679e19,3d80a12a
3f67a0cc,3d80910f
3f67a37f,3d8080f5
3f67a633,3d8070d5
3f67a8e6,3d8060bc
3f67ab99,3d8050a3
3f67ae4c,3d80408b
3f67b0ff,3d803073
3f67b3b3,3d802055
3f67b666,3d80103e
3f67b919,3d800027
3f67bbcc,3d7fe022
3f67be7f,3d7fbff6
3f67c133,3d7f9fbf
3f67c3e6,3d7f7f95
3f67c699,3d7f5f6c
3f67c94c,3d7f3f43
3f67cbff,3d7f1f1c
3f67ceb3,3d7efee9
3f67d166,3d7edec4
3f67d419,3d7ebe9f
3f67d6cc,3d7e9e7b
3f67d97f,3d7e7e58
3f67dc33,3d7e5e2a
3f67dee6,3d7e3e08
3f67e199,3d7e1de8
3f67e44c,3d7dfdc8
3f67e6ff,3d7dddaa
3f67e9b3,3d7dbd80
3f67ec66,3d7d9d62
3f67ef19,3d7d7d46
3f67f1cc,3d7d5d2b
3f67f47f,3d7d3d11
3f67f733,3d7d1ceb
3f67f9e6,3d7cfcd2
3f67fc99,3d7cdcba
3f67ff4c,3d7cbca3
3f6801ff,3d7c9c8d
3f6804b3,3d7c7c6c
3f680766,3d7c5c58
3f680a19,3d7c3c44
3f680ccc,3d7c1c32
3f680f7f,3d7bfc20
3f681233,3d7bdc03
3f6814e6,3d7bbbf3
3f681799,3d7b9be4
3f681a4c,3d7b7bd5
3f681cff,3d7b5bc8
3f681fb3,3d7b3bb0
3f682266,3d7b1ba4
3f682519,3d7afb99
3f6827cc,3d7adb90
3f682a7f,3d7abb86
3f682d33,3d7a9b72
3f682fe6,3d7a7b6a
3f683299,3d7a5b64
3f68354c,3d7a3b5e
3f6837ff,3d7a1b5a
3f683ab3,3d79fb4a
3f683d66,3d79db47
3f684019,3d79bb45
3f6842cc,3d799b43
3f68457f,3d797b43
3f684833,3d795b38
3f684ae6,3d793b38
3f684d99,3d791b3b
3f68504c,3d78fb3e
3f6852ff,3d78db42
3f6855b3,3d78bb3a
3f685866,3d789b40
3f685b19,3d787b46
3f685dcc,3d785b4e
3f68607f,3d783b56
3f686333,3d781b54
3f6865e6,3d77fb5d
3f686899,3d77db68
3f686b4c,3d77bb74
3f686dff,3d779b80
3f6870b3,3d777b82
3f687366,3d775b90
3f687619,3d773ba0
3f6878cc,3d771bb0
3f687b7f,3d76fbc0
3f687e33,3d76dbc6
3f6880e6,3d76bbd8
3f688399,3d769bec
3f68864c,3d767c00
3f6888ff,3d765c15
3f688bb3,3d763c20
3f688e66,3d761c36
3f689119,3d75fc4e
3f6893cc,3d75dc66
3f68967f,3d75bc80
3f689933,3d759c8f
3f689be6,3d757caa
3f689e99,3d755cc6
3f68a14c,3d753ce3
3f68a3ff,3d751d01
3f68a6b3,3d74fd14
3f68a966,3d74dd33
3f68ac19,3d74bd53
3f68aecc,3d749d75
3f68b17f,3d747d96
3f68b433,3d745dae
3f68b6e6,3d743dd2
3f68b999,3d741df6
3f68bc4c,3d73fe1c
3f68beff,3d73de42
3f68c1b3,3d73be5e
3f68c466,3d739e86
3f68c719,3d737eaf
3f68c9cc,3d735ed8
3f68cc7f,3d733f04
3f68cf33,3d731f24
3f68d1e6,3d72ff50
3f68d499,3d72df7d
3f68d74c,3d72bfab
3f68d9ff,3d729fdb
3f68dcb3,3d727ffe
3f68df66,3d726030
3f68e219,3d724061
3f68e4cc,3d722094
3f68e77f,3d7200c7
3f68ea33,3d71e0f0
3f68ece6,3d71c124
3f68ef99,3d71a15a
3f68f24c,3d718191
3f68f4ff,3d7161c9
3f68f7b3,3d7141f5
3f68fa66,3d71222f
3f68fd19,3d710269
3f68ffcc,3d70e2a4
3f69027f,3d70c2e0
3f690533,3d70a312
3f6907e6,3d70834f
3f690a99,3d70638e
3f690d4c,3d7043cd
3f690fff,3d70240d
3f6912b3,3d700442
3f691566,3d6fe484
3f691819,3d6fc4c7
3f691acc,3d6fa50b
3f691d7f,3d6f8550
3f692033,3d6f6589
3f6922e6,3d6f45d0
3f692599,3d6f2617
3f69284c,3d6f065f
3f692aff,3d6ee6a8
3f692db3,3d6ec6e6
3f693066,3d6ea730
3f693319,3d6e877c
3f6935cc,3d6e67c8
3f69387f,3d6e4815
3f693b33,3d6e2858
3f693de6,3d6e08a6
3f694099,3d6de8f6
3f69434c,3d6dc947
3f6945ff,3d6da998
3f6948b3,3d6d89df
3f694b66,3d6d6a32
3f694e19,3d6d4a86
3f6950cc,3d6d2adb
3f69537f,3d6d0b30
3f695633,3d6ceb7c
3f6958e6,3d6ccbd3
3f695b99,3d6cac2b
3f695e4c,3d6c8c84
3f6960ff,3d6c6cdf
3f6963b3,3d6c4d2e
3f696666,3d6c2d8a
3f696919,3d6c0de6
3f696bcc,3d6bee44
3f696e7f,3d6bcea2
3f697133,3d6baef6
3f6973e6,3d6b8f56
3f697699,3d6b6fb7
3f69794c,3d6b5018
3f697bff,3d6b307b
3f697eb3,3d6b10d3
3f698166,3d6af138
3f698419,3d6ad19c
3f6986cc,3d6ab203
3f69897f,3d6a926a
3f698c33,3d6a72c6
3f698ee6,3d6a532e
3f699199,3d6a3398
3f69944c,3d6a1402
3f6996ff,3d69f46e
3f6999b3,3d69d4ce
3f699c66,3d69b53b
3f699f19,3d6995a9
3f69a1cc,3d697617
3f69a47f,3d695687
3f69a733,3d6936ec
3f69a9e6,3d69175d
3f69ac99,3d68f7cf
3f69af4c,3d68d842
3f69b1ff,3d68b8b6
3f69b4b3,3d68991f
3f69b766,3d687994
3f69ba19,3d685a0a
3f69bccc,3d683a82
3f69bf7f,3d681afa
3f69c233,3d67fb67
3f69c4e6,3d67dbe1
3f69c799,3d67bc5c
3f69ca4c,3d679cd7
3f69ccff,3d677d53
3f69cfb3,3d675dc5
3f69d266,3d673e43
3f69d519,3d671ec2
3f69d7cc,3d66ff42
3f69da7f,3d66dfc3
3f69dd33,3d66c038
3f69dfe6,3d66a0bb
3f69e299,3d66813e
3f69e54c,3d6661c2
3f69e7ff,3d664247
3f69eab3,3d6622c1
3f69ed66,3d660348
3f69f019,3d65e3d0
3f69f2cc,3d65c458
3f69f57f,3d65a4e1
3f69f833,3d65855f
3f69fae6,3d6565ea
3f69fd99,3d654676
3f6a004c,3d652703
3f6a02ff,3d650790
3f6a05b3,3d64e813
3f6a0866,3d64c8a2
3f6a0b19,3d64a932
3f6a0dcc,3d6489c3
3f6a107f,3d646a55
3f6a1333,3d644adc
3f6a15e6,3d642b70
3f6a1899,3d640c04
3f6a1b4c,3d63ec99
3f6a1dff,3d63cd2f
3f6a20b3,3d63adbb
3f6a2366,3d638e52
3f6a2619,3d636eeb
3f6a28cc,3d634f84
3f6a2b7f,3d63301f
3f6a2e33,3d6310ae
3f6a30e6,3d62f14a
3f6a3399,3d62d1e7
3f6a364c,3d62b285
3f6a38ff,3d629324
3f6a3bb3,3d6273b7
3f6a3e66,3d625458
3f6a4119,3d6234f9
3f6a43cc,3d62159b
3f6a467f,3d61f63e
3f6a4933,3d61d6d6
3f6a4be6,3d61b77a
3f6a4e99,3d619820
3f6a514c,3d6178c6
3f6a53ff,3d61596d
3f6a56b3,3d613a0a
3f6a5966,3d611ab2
3f6a5c19,3d60fb5c
3f6a5ecc,3d60dc07
3f6a617f,3d60bcb2
3f6a6433,3d609d53
3f6a66e6,3d607e00
3f6a6999,3d605eae
3f6a6c4c,3d603f5d
3f6a6eff,3d60200d
3f6a71b3,3d6000b1
3f6a7466,3d5fe162
3f6a7719,3d5fc215
3f6a79cc,3d5fa2c8
3f6a7c7f,3d5f837c
3f6a7f33,3d5f6425
3f6a81e6,3d5f44db
3f6a8499,3d5f2592
3f6a874c,3d5f0649
3f6a89ff,3d5ee701
3f6a8cb3,3d5ec7ae
3f6a8f66,3d5ea868
3f6a9219,3d5e8923
3f6a94cc,3d5e69df
3f6a977f,3d5e4a9c
3f6a9a33,3d5e2b4d
3f6a9ce6,3d5e0c0b
3f6a9f99,3d5decca
3f6aa24c,3d5dcd8a
3f6aa4ff,3d5dae4b
3f6aa7b3,3d5d8f01
3f6aaa66,3d5d6fc4
3f6aad19,3d5d5087
3f6aafcc,3d5d314b
3f6ab27f,3d5d1210
3f6ab533,3d5cf2ca
3f6ab7e6,3d5cd391
3f6aba99,3d5cb458
3f6abd4c,3d5c9520
3f6abfff,3d5c75ea
3f6ac2b3,3d5c56a9
3f6ac566,3d5c3773
3f6ac819,3d5c183f
3f6acacc,3d5bf90c
3f6acd7f,3d5bd9d9
3f6ad033,3d5bba9c
3f6ad2e6,3d5b9b6c
3f6ad599,3d5b7c3c
3f6ad84c,3d5b5d0d
3f6adaff,3d5b3dde
3f6addb3,3d5b1ea6
3f6ae066,3d5aff79
3f6ae319,3d5ae04d
3f6ae5cc,3d5ac122
3f6ae87f,3d5aa1f8
3f6aeb33,3d5a82c4
3f6aede6,3d5a639c
3f6af099,3d5a4474
3f6af34c,3d5a254e
3f6af5ff,3d5a0628
3f6af8b3,3d59e6f7
3f6afb66,3d59c7d3
3f6afe19,3d59a8b0
3f6b00cc,3d59898e
3f6b037f,3d596a6c
3f6b0633,3d594b40
3f6b08e6,3d592c20
3f6b0b99,3d590d02
3f6b0e4c,3d58ede4
3f6b10ff,3d58cec6
3f6b13b3,3d58af9e
3f6b1666,3d589083
3f6b1919,3d587168
3f6b1bcc,3d58524e
3f6b1e7f,3d583336
3f6b2133,3d581412
3f6b23e6,3d57f4fa
3f6b2699,3d57d5e4
3f6b294c,3d57b6ce
3f6b2bff,3d5797ba
3f6b2eb3,3d57789a
3f6b3166,3d575988
3f6b3419,3d573a75
3f6b36cc,3d571b64
3f6b397f,3d56fc53
3f6b3c33,3d56dd38
3f6b3ee6,3d56be29
3f6b4199,3d569f1b
3f6b444c,3d56800e
3f6b46ff,3d566102
3f6b49b3,3d5641eb
3f6b4c66,3d5622e1
3f6b4f19,3d5603d7
3f6b51cc,3d55e4ce
3f6b547f,3d55c5c6
3f6b5733,3d55a6b4
3f6b59e6,3d5587ad
3f6b5c99,3d5568a8
3f6b5f4c,3d5549a3
3f6b61ff,3d552a9f
3f6b64b3,3d550b91
3f6b6766,3d54ec8f
3f6b6a19,3d54cd8e
3f6b6ccc,3d54ae8e
3f6b6f7f,3d548f8e
3f6b7233,3d547084
3f6b74e6,3d545186
3f6b7799,3d543289
3f6b7a4c,3d54138d
3f6b7cff,3d53f492
3f6b7fb3,3d53d58c
3f6b8266,3d53b692
3f6b8519,3d53979a
3f6b87cc,3d5378a1
3f6b8a7f,3d5359aa
3f6b8d33,3d533aa9
3f6b8fe6,3d531bb3
3f6b9299,3d52fcbf
3f6b954c,3d52ddcb
3f6b97ff,3d52bed8
3f6b9ab3,3d529fdb
3f6b9d66,3d5280ea
3f6ba019,3d5261fa
3f6ba2cc,3d52430a
3f6ba57f,3d52241c
3f6ba833,3d520522
3f6baae6,3d51e636
3f6bad99,3d51c74a
3f6bb04c,3d51a85e
3f6bb2ff,3d518974
3f6bb5b3,3d516a7f
3f6bb866,3d514b97
3f6bbb19,3d512caf
3f6bbdcc,3d510dc8
3f6bc07f,3d50eee1
3f6bc333,3d50cff1
3f6bc5e6,3d50b10c
3f6bc899,3d509229
3f6bcb4c,3d507346
3f6bcdff,3d505464
3f6bd0b3,3d503578
3f6bd366,3d501698
3f6bd619,3d4ff7b8
3f6bd8cc,3d4fd8da
3f6bdb7f,3d4fb9fc
3f6bde33,3d4f9b14
3f6be0e6,3d4f7c38
3f6be399,3d4f5d5d
3f6be64c,3d4f3e83
3f6be8ff,3d4f1faa
3f6bebb3,3d4f00c5
3f6bee66,3d4ee1ee
3f6bf119,3d4ec317
3f6bf3cc,3d4ea440
3f6bf67f,3d4e856c
3f6bf933,3d4e668c
3f6bfbe6,3d4e47b8
3f6bfe99,3d4e28e6
3f6c014c,3d4e0a14
3f6c03ff,3d4deb43
3f6c06b3,3d4dcc67
3f6c0966,3d4dad98
3f6c0c19,3d4d8eca
3f6c0ecc,3d4d6ffc
3f6c117f,3d4d512f
3f6c1433,3d4d3258
3f6c16e6,3d4d138d
3f6c1999,3d4cf4c3
3f6c1c4c,3d4cd5f9
3f6c1eff,3d4cb731
3f6c21b3,3d4c985e
3f6c2466,3d4c7997
3f6c2719,3d4c5ad1
3f6c29cc,3d4c3c0c
3f6c2c7f,3d4c1d47
3f6c2f33,3d4bfe79
3f6c31e6,3d4bdfb6
3f6c3499,3d4bc0f4
3f6c374c,3d4ba233
3f6c39ff,3d4b8373
3f6c3cb3,3d4b64a9
3f6c3f66,3d4b45ea
3f6c4219,3d4b272c
3f6c44cc,3d4b0870
3f6c477f,3d4ae9b4
3f6c4a33,3d4acaee
3f6c4ce6,3d4aac34
3f6c4f99,3d4a8d7a
3f6c524c,3d4a6ec2
3f6c54ff,3d4a500a
3f6c57b3,3d4a3148
3f6c5a66,3d4a1292
3f6c5d19,3d49f3dd
3f6c5fcc,3d49d528
3f6c627f,3d49b675
3f6c6533,3d4997b7
3f6c67e6,3d497905
3f6c6a99,3d495a54
3f6c6d4c,3d493ba4
3f6c6fff,3d491cf6
3f6c72b3,3d48fe3c
3f6c7566,3d48df8e
3f6c7819,3d48c0e1
3f6c7acc,3d48a235
3f6c7d7f,3d48838a
3f6c8033,3d4864d5
3f6c82e6,3d48462c
3f6c8599,3d482783
3f6c884c,3d4808dc
3f6c8aff,3d47ea35
3f6c8db3,3d47cb83
3f6c9066,3d47acde
3f6c9319,3d478e3a
3f6c95cc,3d476f96
3f6c987f,3d4750f4
3f6c9b33,3d473247
3f6c9de6,3d4713a6
3f6ca099,3d46f506
3f6ca34c,3d46d666
3f6ca5ff,3d46b7c8
3f6ca8b3,3d469920
3f6cab66,3d467a83
3f6cae19,3d465be7
3f6cb0cc,3d463d4c
3f6cb37f,3d461eb2
3f6cb633,3d46000d
3f6cb8e6,3d45e175
3f6cbb99,3d45c2dd
3f6cbe4c,3d45a446
3f6cc0ff,3d4585b0
3f6cc3b3,3d456710
3f6cc666,3d45487b
3f6cc919,3d4529e8
3f6ccbcc,3d450b55
3f6cce7f,3d44ecc4
3f6cd133,3d44ce28
3f6cd3e6,3d44af97
3f6cd699,3d449108
3f6cd94c,3d44727a
3f6cdbff,3d4453ec
3f6cdeb3,3d443554
3f6ce166,3d4416c8
3f6ce419,3d43f83d
3f6ce6cc,3d43d9b3
3f6ce97f,3d43bb2a
3f6cec33,3d439c96
3f6ceee6,3d437e0e
3f6cf199,3d435f87
3f6cf44c,3d434101
3f6cf6ff,3d43227c
3f6cf9b3,3d4303ec
3f6cfc66,3d42e569
3f6cff19,3d42c6e6
3f6d01cc,3d42a864
3f6d047f,3d4289e4
3f6d0733,3d426b58
3f6d09e6,3d424cd9
3f6d0c99,3d422e5a
3f6d0f4c,3d420fdd
3f6d11ff,3d41f160
3f6d14b3,3d41d2d9
3f6d1766,3d41b45e
3f6d1a19,3d4195e3
3f6d1ccc,3d41776a
3f6d1f7f,3d4158f2
3f6d2233,3d413a6e
3f6d24e6,3d411bf8
3f6d2799,3d40fd82
3f6d2a4c,3d40df0c
3f6d2cff,3d40c098
3f6d2fb3,3d40a219
3f6d3266,3d4083a6
3f6d3519,3d406534
3f6d37cc,3d4046c4
3f6d3a7f,3d402853
3f6d3d33,3d4009d8
3f6d3fe6,3d3feb6a
3f6d4299,3d3fccfc
3f6d454c,3d3fae90
3f6d47ff,3d3f9024
3f6d4ab3,3d3f71ad
3f6d4d66,3d3f5343
3f6d5019,3d3f34d9
3f6d52cc,3d3f1671
3f6d557f,3d3ef809
3f6d5833,3d3ed996
3f6d5ae6,3d3ebb31
3f6d5d99,3d3e9ccc
3f6d604c,3d3e7e67
3f6d62ff,3d3e6003
3f6d65b3,3d3e4196
3f6d6866,3d3e2333
3f6d6b19,3d3e04d2
3f6d6dcc,3d3de672
3f6d707f,3d3dc812
3f6d7333,3d3da9a9
3f6d75e6,3d3d8b4b
3f6d7899,3d3d6cee
3f6d7b4c,3d3d4e92
3f6d7dff,3d3d3037
3f6d80b3,3d3d11d1
3f6d8366,3d3cf378
3f6d8619,3d3cd51e
3f6d88cc,3d3cb6c6
3f6d8b7f,3d3c9870
3f6d8e33,3d3c7a0e
3f6d90e6,3d3c5bb9
3f6d9399,3d3c3d64
3f6d964c,3d3c1f10
3f6d98ff,3d3c00be
3f6d9bb3,3d3be260
3f6d9e66,3d3bc410
3f6da119,3d3ba5bf
3f6da3cc,3d3b876f
3f6da67f,3d3b6920
3f6da933,3d3b4ac8
3f6dabe6,3d3b2c7b
3f6dae99,3d3b0e2e
3f6db14c,3d3aefe3
3f6db3ff,3d3ad198
3f6db6b3,3d3ab344
3f6db966,3d3a94fb
3f6dbc19,3d3a76b3
3f6dbecc,3d3a586c
3f6dc17f,3d3a3a25
3f6dc433,3d3a1bd4
3f6dc6e6,3d39fd90
3f6dc999,3d39df4c
3f6dcc4c,3d39c109
3f6dceff,3d39a2c7
3f6dd1b3,3d39847a
3f6dd466,3d39663a
3f6dd719,3d3947fa
3f6dd9cc,3d3929bb
3f6ddc7f,3d390b7e
3f6ddf33,3d38ed35
3f6de1e6,3d38cef9
3f6de499,3d38b0bd
3f6de74c,3d389282
3f6de9ff,3d387449
3f6decb3,3d385605
3f6def66,3d3837cc
3f6df219,3d381995
3f6df4cc,3d37fb5f
3f6df77f,3d37dd29
3f6dfa33,3d37bee9
3f6dfce6,3d37a0b5
3f6dff99,3d378282
3f6e024c,3d376450
3f6e04ff,3d37461e
3f6e07b3,3d3727e2
3f6e0a66,3d3709b3
3f6e0d19,3d36eb84
3f6e0fcc,3d36cd56
3f6e127f,3d36af28
3f6e1533,3d3690f0
3f6e17e6,3d3672c5
3f6e1a99,3d36549a
3f6e1d4c,3d363670
3f6e1fff,3d361847
3f6e22b3,3d35fa14
3f6e2566,3d35dbec
3f6e2819,3d35bdc6
3f6e2acc,3d359fa0
3f6e2d7f,3d35817b
3f6e3033,3d35634c
3f6e32e6,3d354528
3f6e3599,3d352706
3f6e384c,3d3508e4
3f6e3aff,3d34eac4
3f6e3db3,3d34cc98
3f6e4066,3d34ae79
3f6e4319,3d34905b
3f6e45cc,3d34723d
3f6e487f,3d345421
3f6e4b33,3d3435fa
3f6e4de6,3d3417de
3f6e5099,3d33f9c5
3f6e534c,3d33dbac
3f6e55ff,3d33bd93
3f6e58b3,3d339f70
3f6e5b66,3d338159
3f6e5e19,3d336344
3f6e60cc,3d33452e
3f6e637f,3d33271a
3f6e6633,3d3308fc
3f6e68e6,3d32eae9
3f6e6b99,3d32ccd7
3f6e6e4c,3d32aec6
3f6e70ff,3d3290b6
3f6e73b3,3d32729c
3f6e7666,3d32548d
3f6e7919,3d32367f
3f6e7bcc,3d321872
3f6e7e7f,3d31fa66
3f6e8133,3d31dc50
3f6e83e6,3d31be46
3f6e8699,3d31a03c
3f6e894c,3d318234
3f6e8bff,3d31642c
3f6e8eb3,3d31461a
3f6e9166,3d312814
3f6e9419,3d310a0e
3f6e96cc,3d30ec0a
3f6e997f,3d30ce06
3f6e9c33,3d30aff8
3f6e9ee6,3d3091f6
3f6ea199,3d3073f5
3f6ea44c,3d3055f5
3f6ea6ff,3d3037f5
3f6ea9b3,3d3019ec
3f6eac66,3d2ffbee
3f6eaf19,3d2fddf0
3f6eb1cc,3d2fbff4
3f6eb47f,3d2fa1f9
3f6eb733,3d2f83f3
3f6eb9e6,3d2f65fa
3f6ebc99,3d2f4801
3f6ebf4c,3d2f2a08
3f6ec1ff,3d2f0c12
3f6ec4b3,3d2eee10
3f6ec766,3d2ed01b
3f6eca19,3d2eb226
3f6ecccc,3d2e9432
3f6ecf7f,3d2e763f
3f6ed233,3d2e5842
3f6ed4e6,3d2e3a50
3f6ed799,3d2e1c60
3f6eda4c,3d2dfe70
3f6edcff,3d2de081
3f6edfb3,3d2dc288
3f6ee266,3d2da49a
3f6ee519,3d2d86ae
3f6ee7cc,3d2d68c2
3f6eea7f,3d2d4ad8
3f6eed33,3d2d2ce3
3f6eefe6,3d2d0efa
3f6ef299,3d2cf112
3f6ef54c,3d2cd32a
3f6ef7ff,3d2cb543
3f6efab3,3d2c9752
3f6efd66,3d2c796e
3f6f0019,3d2c5b8a
3f6f02cc,3d2c3da6
3f6f057f,3d2c1fc4
3f6f0833,3d2c01d7
3f6f0ae6,3d2be3f6
3f6f0d99,3d2bc616
3f6f104c,3d2ba837
3f6f12ff,3d2b8a58
3f6f15b3,3d2b6c70
3f6f1866,3d2b4e94
3f6f1b19,3d2b30b8
3f6f1dcc,3d2b12dd
3f6f207f,3d2af502
3f6f2333,3d2ad71e
3f6f25e6,3d2ab946
3f6f2899,3d2a9b6e
3f6f2b4c,3d2a7d97
3f6f2dff,3d2a5fc1
3f6f30b3,3d2a41e1
3f6f3366,3d2a240c
3f6f3619,3d2a0639
3f6f38cc,3d29e866
3f6f3b7f,3d29ca94
3f6f3e33,3d29acb8
3f6f40e6,3d298ee8
3f6f4399,3d297118
3f6f464c,3d29534a
3f6f48ff,3d29357c
3f6f4bb3,3d2917a4
3f6f4e66,3d28f9d8
3f6f5119,3d28dc0d
3f6f53cc,3d28be42
3f6f567f,3d28a079
3f6f5933,3d2882a5
3f6f5be6,3d2864dd
3f6f5e99,3d284716
3f6f614c,3d282950
3f6f63ff,3d280b8a
3f6f66b3,3d27edba
3f6f6966,3d27cff6
3f6f6c19,3d27b234
3f6f6ecc,3d279472
3f6f717f,3d2776b0
3f6f7433,3d2758e5
3f6f76e6,3d273b25
3f6f7999,3d271d66
3f6f7c4c,3d26ffa8
3f6f7eff,3d26e1ea
3f6f81b3,3d26c424
3f6f8466,3d26a668
3f6f8719,3d2688ad
3f6f89cc,3d266af3
3f6f8c7f,3d264d3a
3f6f8f33,3d262f77
3f6f91e6,3d2611bf
3f6f9499,3d25f408
3f6f974c,3d25d653
3f6f99ff,3d25b89e
3f6f9cb3,3d259adf
3f6f9f66,3d257d2c
3f6fa219,3d255f79
3f6fa4cc,3d2541c7
3f6fa77f,3d252416
3f6faa33,3d25065c
3f6face6,3d24e8ad
3f6faf99,3d24cafe
3f6fb24c,3d24ad51
3f6fb4ff,3d248fa4
3f6fb7b3,3d2471ed
3f6fba66,3d245442
3f6fbd19,3d243698
3f6fbfcc,3d2418ee
3f6fc27f,3d23fb46
3f6fc533,3d23dd93
3f6fc7e6,3d23bfec
3f6fca99,3d23a246
3f6fcd4c,3d2384a1
3f6fcfff,3d2366fc
3f6fd2b3,3d23494e
3f6fd566,3d232bab
3f6fd819,3d230e09
3f6fdacc,3d22f068
3f6fdd7f,3d22d2c8
3f6fe033,3d22b51d
3f6fe2e6,3d22977e
3f6fe599,3d2279e1
3f6fe84c,3d225c44
3f6feaff,3d223ea8
3f6fedb3,3d222101
3f6ff066,3d220367
3f6ff319,3d21e5cd
3f6ff5cc,3d21c834
3f6ff87f,3d21aa9c
3f6ffb33,3d218cfa
3f6ffde6,3d216f63
3f700099,3d2151ce
3f70034c,3d213439
3f7005ff,3d2116a5
3f7008b3,3d20f907
3f700b66,3d20db74
3f700e19,3d20bde3
3f7010cc,3d20a052
3f70137f,3d2082c3
3f701633,3d206529
3f7018e6,3d20479a
3f701b99,3d202a0d
3f701e4c,3d200c80
3f7020ff,3d1feef5
3f7023b3,3d1fd15f
3f702666,3d1fb3d5
3f702919,3d1f964c
3f702bcc,3d1f78c4
3f702e7f,3d1f5b3c
3f703133,3d1f3daa
3f7033e6,3d1f2024
3f703699,3d1f029f
3f70394c,3d1ee51a
3f703bff,3d1ec797
3f703eb3,3d1eaa0a
3f704166,3d1e8c88
3f704419,3d1e6f07
3f7046cc,3d1e5186
3f70497f,3d1e3407
3f704c33,3d1e167e
3f704ee6,3d1df900
3f705199,3d1ddb83
3f70544c,3d1dbe07
3f7056ff,3d1da08c
3f7059b3,3d1d8306
3f705c66,3d1d658d
3f705f19,3d1d4814
3f7061cc,3d1d2a9c
3f70647f,3d1d0d25
3f706733,3d1cefa4
3f7069e6,3d1cd22e
3f706c99,3d1cb4ba
3f706f4c,3d1c9746
3f7071ff,3d1c79d3
3f7074b3,3d1c5c56
3f707766,3d1c3ee4
3f707a19,3d1c2173
3f707ccc,3d1c0404
3f707f7f,3d1be695
3f708233,3d1bc91c
3f7084e6,3d1babaf
3f708799,3d1b8e42
3f708a4c,3d1b70d6
3f708cff,3d1b536c
3f708fb3,3d1b35f7
3f709266,3d1b188e
3f709519,3d1afb25
3f7097cc,3d1addbe
3f709a7f,3d1ac057
3f709d33,3d1aa2e6
3f709fe6,3d1a8581
3f70a299,3d1a681d
3f70a54c,3d1a4ab9
3f70a7ff,3d1a2d57
3f70aab3,3d1a0fea
3f70ad66,3d19f289
3f70b019,3d19d529
3f70b2cc,3d19b7ca
3f70b57f,3d199a6b
3f70b833,3d197d03
3f70bae6,3d195fa6
3f70bd99,3d19424a
3f70c04c,3d1924ee
3f70c2ff,3d190794
3f70c5b3,3d18ea2f
3f70c866,3d18ccd7
3f70cb19,3d18af7f
3f70cdcc,3d189228
3f70d07f,3d1874d1
3f70d333,3d185771
3f70d5e6,3d183a1c
3f70d899,3d181cc9
3f70db4c,3d17ff75
3f70ddff,3d17e223
3f70e0b3,3d17c4c7
3f70e366,3d17a776
3f70e619,3d178a27
3f70e8cc,3d176cd8
3f70eb7f,3d174f89
3f70ee33,3d173232
3f70f0e6,3d1714e5
3f70f399,3d16f799
3f70f64c,3d16da4e
3f70f8ff,3d16bd04
3f70fbb3,3d169fb0
3f70fe66,3d168268
3f710119,3d166520
3f7103cc,3d1647da
3f71067f,3d162a94
3f710933,3d160d44
3f710be6,3d15f000
3f710e99,3d15d2bc
3f71114c,3d15b57a
3f7113ff,3d159838
3f7116b3,3d157aec
3f711966,3d155dac
3f711c19,3d15406c
3f711ecc,3d15232e
3f71217f,3d1505f0
3f712433,3d14e8a8
3f7126e6,3d14cb6c
3f712999,3d14ae31
3f712c4c,3d1490f6
3f712eff,3d1473bd
3f7131b3,3d145679
3f713466,3d143941
3f713719,3d141c0a
3f7139cc,3d13fed3
3f713c7f,3d13e19e
3f713f33,3d13c45e
3f7141e6,3d13a72a
3f714499,3d1389f7
3f71474c,3d136cc5
3f7149ff,3d134f94
3f714cb3,3d133258
3f714f66,3d131528
3f715219,3d12f7f9
3f7154cc,3d12dacb
3f71577f,3d12bd9e
3f715a33,3d12a066
3f715ce6,3d12833b
3f715f99,3d126610
3f71624c,3d1248e6
3f7164ff,3d122bbc
3f7167b3,3d120e89
3f716a66,3d11f161
3f716d19,3d11d43a
3f716fcc,3d11b714
3f71727f,3d1199ef
3f717533,3d117cc0
3f7177e6,3d115f9c
3f717a99,3d11427a
3f717d4c,3d112558
3f717fff,3d110837
3f7182b3,3d10eb0c
3f718566,3d10cdec
3f718819,3d10b0cd
3f718acc,3d1093b0
3f718d7f,3d107692
3f719033,3d10596b
3f7192e6,3d103c50
3f719599,3d101f35
3f71984c,3d10021c
3f719aff,3d0fe502
3f719db3,3d0fc7e0
3f71a066,3d0faac8
3f71a319,3d0f8db2
3f71a5cc,3d0f709c
3f71a87f,3d0f5387
3f71ab33,3d0f3668
3f71ade6,3d0f1955
3f71b099,3d0efc43
3f71b34c,3d0edf31
3f71b5ff,3d0ec220
3f71b8b3,3d0ea506
3f71bb66,3d0e87f6
3f71be19,3d0e6ae8
3f71c0cc,3d0e4dda
3f71c37f,3d0e30ce
3f71c633,3d0e13b7
3f71c8e6,3d0df6ac
3f71cb99,3d0dd9a2
3f71ce4c,3d0dbc98
3f71d0ff,3d0d9f90
3f71d3b3,3d0d827d
3f71d666,3d0d6576
3f71d919,3d0d4870
3f71dbcc,3d0d2b6a
3f71de7f,3d0d0e66
3f71e133,3d0cf157
3f71e3e6,3d0cd454
3f71e699,3d0cb752
3f71e94c,3d0c9a51
3f71ebff,3d0c7d50
3f71eeb3,3d0c6046
3f71f166,3d0c4347
3f71f419,3d0c2649
3f71f6cc,3d0c094c
3f71f97f,3d0bec4f
3f71fc33,3d0bcf49
3f71fee6,3d0bb24e
3f720199,3d0b9554
3f72044c,3d0b785b
3f7206ff,3d0b5b62
3f7209b3,3d0b3e60
3f720c66,3d0b2169
3f720f19,3d0b0473
3f7211cc,3d0ae77e
3f72147f,3d0aca8a
3f721733,3d0aad8c
3f7219e6,3d0a9099
3f721c99,3d0a73a7
3f721f4c,3d0a56b6
3f7221ff,3d0a39c6
3f7224b3,3d0a1ccc
3f722766,3d09ffdd
3f722a19,3d09e2ef
3f722ccc,3d09c602
3f722f7f,3d09a916
3f723233,3d098c20
3f7234e6,3d096f36
3f723799,3d09524c
3f723a4c,3d093563
3f723cff,3d09187b
3f723fb3,3d08fb89
3f724266,3d08dea2
3f724519,3d08c1bd
3f7247cc,3d08a4d8
3f724a7f,3d0887f4
3f724d33,3d086b06
3f724fe6,3d084e23
3f725299,3d083142
3f72554c,3d081461
3f7257ff,3d07f781
3f725ab3,3d07da97
3f725d66,3d07bdb9
3f726019,3d07a0db
3f7262cc,3d0783fe
3f72657f,3d076722
3f726833,3d074a3d
3f726ae6,3d072d62
3f726d99,3d071089
3f72704c,3d06f3b0
3f7272ff,3d06d6d8
3f7275b3,3d06b9f7
3f727866,3d069d20
3f727b19,3d06804b
3f727dcc,3d066376
3f72807f,3d0646a2
3f728333,3d0629c5
3f7285e6,3d060cf3
3f728899,3d05f021
3f728b4c,3d05d351
3f728dff,3d05b681
3f7290b3,3d0599a8
3f729366,3d057cd9
3f729619,3d05600c
3f7298cc,3d05433f
3f729b7f,3d052674
3f729e33,3d05099e
3f72a0e6,3d04ecd4
3f72a399,3d04d00b
3f72a64c,3d04b342
3f72a8ff,3d04967b
3f72abb3,3d0479a9
3f72ae66,3d045ce3
3f72b119,3d04401e
3f72b3cc,3d04235a
3f72b67f,3d040696
3f72b933,3d03e9c9
3f72bbe6,3d03cd07
3f72be99,3d03b046
3f72c14c,3d039385
3f72c3ff,3d0376c6
3f72c6b3,3d0359fc
3f72c966,3d033d3e
3f72cc19,3d032081
3f72cecc,3d0303c5
3f72d17f,3d02e709
3f72d433,3d02ca44
3f72d6e6,3d02ad8a
3f72d999,3d0290d1
3f72dc4c,3d027419
3f72deff,3d025761
3f72e1b3,3d023aa0
3f72e466,3d021dea
3f72e719,3d020136
3f72e9cc,3d01e481
3f72ec7f,3d01c7ce
3f72ef33,3d01ab11
3f72f1e6,3d018e5f
3f72f499,3d0171ae
3f72f74c,3d0154fe
3f72f9ff,3d01384e
3f72fcb3,3d011b95
3f72ff66,3d00fee7
3f730219,3d00e23a
3f7304cc,3d00c58e
3f73077f,3d00a8e3
3f730a33,3d008c2e
3f730ce6,3d006f84
3f730f99,3d0052db
3f73124c,3d003633
3f7314ff,3d00198c
3f7317b3,3cfff9b6
3f731a66,3cffc06b
3f731d19,3cff8721
3f731fcc,3cff4dd9
3f73227f,3cff1493
3f732533,3cfedb38
3f7327e6,3cfea1f5
3f732a99,3cfe68b4
3f732d4c,3cfe2f74
3f732fff,3cfdf636
3f7332b3,3cfdbce4
3f733566,3cfd83a8
3f733819,3cfd4a6f
3f733acc,3cfd1137
3f733d7f,3cfcd801
3f734033,3cfc9eb7
3f7342e6,3cfc6584
3f734599,3cfc2c52
3f73484c,3cfbf323
3f734aff,3cfbb9f4
3f734db3,3cfb80b3
3f735066,3cfb4788
3f735319,3cfb0e5e
3f7355cc,3cfad537
3f73587f,3cfa9c10
3f735b33,3cfa62d7
3f735de6,3cfa29b4
3f736099,3cf9f093
3f73634c,3cf9b773
3f7365ff,3cf97e55
3f7368b3,3cf94523
3f736b66,3cf90c08
3f736e19,3cf8d2f0
3f7370cc,3cf899d8
3f73737f,3cf860c2
3f737633,3cf82798
3f7378e6,3cf7ee86
3f737b99,3cf7b575
3f737e4c,3cf77c65
3f7380ff,3cf74357
3f7383b3,3cf70a36
3f738666,3cf6d12b
3f738919,3cf69822
3f738bcc,3cf65f1a
3f738e7f,3cf62615
3f739133,3cf5ecfb
3f7393e6,3cf5b3f8
3f739699,3cf57af8
3f73994c,3cf541f8
3f739bff,3cf508fa
3f739eb3,3cf4cfe9
3f73a166,3cf496ee
3f73a419,3cf45df6
3f73a6cc,3cf424fe
3f73a97f,3cf3ec08
3f73ac33,3cf3b300
3f73aee6,3cf37a0d
3f73b199,3cf3411c
3f73b44c,3cf3082d
3f73b6ff,3cf2cf3f
3f73b9b3,3cf2963e
3f73bc66,3cf25d53
3f73bf19,3cf2246a
3f73c1cc,3cf1eb83
3f73c47f,3cf1b29e
3f73c733,3cf179a4
3f73c9e6,3cf140c2
3f73cc99,3cf107e2
3f73cf4c,3cf0cf02
3f73d1ff,3cf09624
3f73d4b3,3cf05d34
3f73d766,3cf02459
3f73da19,3cefeb80
3f73dccc,3cefb2a9
3f73df7f,3cef79d4
3f73e233,3cef40eb
3f73e4e6,3cef0818
3f73e799,3ceecf48
3f73ea4c,3cee9679
3f73ecff,3cee5dab
3f73efb3,3cee24ca
3f73f266,3cedec00
3f73f519,3cedb338
3f73f7cc,3ced7a70
3f73fa7f,3ced41ab
3f73fd33,3ced08d2
3f73ffe6,3cecd010
3f740299,3cec9750
3f74054c,3cec5e90
3f7407ff,3cec25d3
3f740ab3,3cebed02
3f740d66,3cebb448
3f741019,3ceb7b8f
3f7412cc,3ceb42d8
3f74157f,3ceb0a23
3f741833,3cead15a
3f741ae6,3cea98a8
3f741d99,3cea5ff8
3f74204c,3cea2749
3f7422ff,3ce9ee9c
3f7425b3,3ce9b5da
3f742866,3ce97d30
3f742b19,3ce94488
3f742dcc,3ce90be1
3f74307f,3ce8d33c
3f743333,3ce89a83
3f7435e6,3ce861e1
3f743899,3ce82941
3f743b4c,3ce7f0a2
3f743dff,3ce7b804
3f7440b3,3ce77f54
3f744366,3ce746ba
3f744619,3ce70e22
3f7448cc,3ce6d58b
3f744b7f,3ce69cf5
3f744e33,3ce6644d
3f7450e6,3ce62bbb
3f745399,3ce5f32a
3f74564c,3ce5ba9c
3f7458ff,3ce5820e
3f745bb3,3ce5496e
3f745e66,3ce510e4
3f746119,3ce4d85b
3f7463cc,3ce49fd5
3f74667f,3ce4674f
3f746933,3ce42eb7
3f746be6,3ce3f635
3f746e99,3ce3bdb5
3f74714c,3ce38536
3f7473ff,3ce34cb9
3f7476b3,3ce31428
3f747966,3ce2dbae
3f747c19,3ce2a336
3f747ecc,3ce26abf
3f74817f,3ce2324a
3f748433,3ce1f9c2
3f7486e6,3ce1c150
3f748999,3ce188df
3f748c4c,3ce15071
3f748eff,3ce11804
3f7491b3,3ce0df83
3f749466,3ce0a719
3f749719,3ce06eb1
3f7499cc,3ce0364a
3f749c7f,3cdffde5
3f749f33,3cdfc56d
3f74a1e6,3cdf8d0a
3f74a499,3cdf54aa
3f74a74c,3cdf1c4c
3f74a9ff,3cdee3ee
3f74acb3,3cdeab7e
3f74af66,3cde7324
3f74b219,3cde3acc
3f74b4cc,3cde0275
3f74b77f,3cddca20
3f74ba33,3cdd91b8
3f74bce6,3cdd5966
3f74bf99,3cdd2116
3f74c24c,3cdce8c7
3f74c4ff,3cdcb07a
3f74c7b3,3cdc781a
3f74ca66,3cdc3fd0
3f74cd19,3cdc0787
3f74cfcc,3cdbcf40
3f74d27f,3cdb96fc
3f74d533,3cdb5ea3
3f74d7e6,3cdb2661
3f74da99,3cdaee21
3f74dd4c,3cdab5e2
3f74dfff,3cda7da5
3f74e2b3,3cda4555
3f74e566,3cda0d1b
3f74e819,3cd9d4e2
3f74eacc,3cd99cac
3f74ed7f,3cd96477
3f74f033,3cd92c2e
3f74f2e6,3cd8f3fc
3f74f599,3cd8bbcc
3f74f84c,3cd8839e
3f74faff,3cd84b70
3f74fdb3,3cd81330
3f750066,3cd7db06
3f750319,3cd7a2de
3f7505cc,3cd76ab7
3f75087f,3cd73292
3f750b33,3cd6fa5a
3f750de6,3cd6c238
3f751099,3cd68a18
3f75134c,3cd651f9
3f7515ff,3cd619dc
3f7518b3,3cd5e1ac
3f751b66,3cd5a992
3f751e19,3cd57179
3f7520cc,3cd53962
3f75237f,3cd5014d
3f752633,3cd4c925
3f7528e6,3cd49113
3f752b99,3cd45903
3f752e4c,3cd420f4
3f7530ff,3cd3e8e7
3f7533b3,3cd3b0c6
3f753666,3cd378bd
3f753919,3cd340b4
3f753bcc,3cd308ae
3f753e7f,3cd2d0a8
3f754133,3cd29890
3f7543e6,3cd2608e
3f754699,3cd2288e
3f75494c,3cd1f08f
3f754bff,3cd1b892
3f754eb3,3cd18081
3f755166,3cd14888
3f755419,3cd1108f
3f7556cc,3cd0d898
3f75597f,3cd0a0a3
3f755c33,3cd0689b
3f755ee6,3cd030a8
3f756199,3ccff8b8
3f75644c,3ccfc0c9
3f7566ff,3ccf88dc
3f7569b3,3ccf50dc
3f756c66,3ccf18f2
3f756f19,3ccee109
3f7571cc,3ccea922
3f75747f,3cce713d
3f757733,3cce3945
3f7579e6,3cce0163
3f757c99,3ccdc982
3f757f4c,3ccd91a4
3f7581ff,3ccd59c6
3f7584b3,3ccd21d6
3f758766,3ccce9fc
3f758a19,3cccb223
3f758ccc,3ccc7a4c
3f758f7f,3ccc4277
3f759233,3ccc0a8e
3f7594e6,3ccbd2bc
3f759799,3ccb9aec
3f759a4c,3ccb631d
3f759cff,3ccb2b4f
3f759fb3,3ccaf36f
3f75a266,3ccabba4
3f75a519,3cca83dc
3f75a7cc,3cca4c15
3f75aa7f,3cca1450
3f75ad33,3cc9dc77
3f75afe6,3cc9a4b5
3f75b299,3cc96cf4
3f75b54c,3cc93536
3f75b7ff,3cc8fd78
3f75bab3,3cc8c5a7
3f75bd66,3cc88ded
3f75c019,3cc85634
3f75c2cc,3cc81e7e
3f75c57f,3cc7e6c8
3f75c833,3cc7aeff
3f75cae6,3cc7774d
3f75cd99,3cc73f9c
3f75d04c,3cc707ed
3f75d2ff,3cc6d040
3f75d5b3,3cc6987f
3f75d866,3cc660d4
3f75db19,3cc6292c
3f75ddcc,3cc5f184
3f75e07f,3cc5b9df
3f75e333,3cc58226
3f75e5e6,3cc54a84
3f75e899,3cc512e4
3f75eb4c,3cc4db44
3f75edff,3cc4a3a6
3f75f0b3,3cc46bf6
3f75f366,3cc4345b
3f75f619,3cc3fcc2
3f75f8cc,3cc3c52b
3f75fb7f,3cc38d96
3f75fe33,3cc355ed
3f7600e6,3cc31e5a
3f760399,3cc2e6ca
3f76064c,3cc2af3a
3f7608ff,3cc277ac
3f760bb3,3cc2400c
3f760e66,3cc20881
3f761119,3cc1d0f8
3f7613cc,3cc19970
3f76167f,3cc161eb
3f761933,3cc12a52
3f761be6,3cc0f2d0
3f761e99,3cc0bb4e
3f76214c,3cc083cf
3f7623ff,3cc04c51
3f7626b3,3cc014c0
3f762966,3cbfdd46
3f762c19,3cbfa5cc
3f762ecc,3cbf6e55
3f76317f,3cbf36df
3f763433,3cbeff56
3f7636e6,3cbec7e4
3f763999,3cbe9072
3f763c4c,3cbe5903
3f763eff,3cbe2194
3f7641b3,3cbdea14
3f764466,3cbdb2a9
3f764719,3cbd7b40
3f7649cc,3cbd43d8
3f764c7f,3cbd0c72
3f764f33,3cbcd4f9
3f7651e6,3cbc9d96
3f765499,3cbc6635
3f76574c,3cbc2ed5
3f7659ff,3cbbf777
3f765cb3,3cbbc006
3f765f66,3cbb88ab
3f766219,3cbb5152
3f7664cc,3cbb19fa
3f76677f,3cbae2a4
3f766a33,3cbaab3a
3f766ce6,3cba73e8
3f766f99,3cba3c96
3f76724c,3cba0546
3f7674ff,3cb9cdf8
3f7677b3,3cb99696
3f767a66,3cb95f4c
3f767d19,3cb92802
3f767fcc,3cb8f0ba
3f76827f,3cb8b974
3f768533,3cb8821a
3f7687e6,3cb84ad7
3f768a99,3cb81396
3f768d4c,3cb7dc56
3f768fff,3cb7a517
3f7692b3,3cb76dc6
3f769566,3cb7368a
3f769819,3cb6ff51
3f769acc,3cb6c818
3f769d7f,3cb690e2
3f76a033,3cb65999
3f76a2e6,3cb62266
3f76a599,3cb5eb34
3f76a84c,3cb5b404
3f76aaff,3cb57cd5
3f76adb3,3cb54593
3f76b066,3cb50e68
3f76b319,3cb4d73e
3f76b5cc,3cb4a016
3f76b87f,3cb468ef
3f76bb33,3cb431b6
3f76bde6,3cb3fa92
3f76c099,3cb3c370
3f76c34c,3cb38c50
3f76c5ff,3cb35531
3f76c8b3,3cb31dff
3f76cb66,3cb2e6e4
3f76ce19,3cb2afca
3f76d0cc,3cb278b1
3f76d37f,3cb2419a
3f76d633,3cb20a70
3f76d8e6,3cb1d35d
3f76db99,3cb19c4a
3f76de4c,3cb1653a
3f76e0ff,3cb12e2b
3f76e3b3,3cb0f709
3f76e666,3cb0bffd
3f76e919,3cb088f3
3f76ebcc,3cb051ea
3f76ee7f,3cb01ae3
3f76f133,3cafe3c9
3f76f3e6,3cafacc6
3f76f699,3caf75c3
3f76f94c,3caf3ec2
3f76fbff,3caf07c3
3f76feb3,3caed0b1
3f770166,3cae99b5
3f770419,3cae62bb
3f7706cc,3cae2bc2
3f77097f,3cadf4ca
3f770c33,3cadbdc1
3f770ee6,3cad86cc
3f771199,3cad4fda
3f77144c,3cad18e9
3f7716ff,3cace1fa
3f7719b3,3cacaaf7
3f771c66,3cac740b
3f771f19,3cac3d21
3f7721cc,3cac0638
3f77247f,3cabcf50
3f772733,3cab9856
3f7729e6,3cab6171
3f772c99,3cab2a8f
3f772f4c,3caaf3ae
3f7731ff,3caabcce
3f7734b3,3caa85db
3f773766,3caa4eff
3f773a19,3caa1824
3f773ccc,3ca9e14b
3f773f7f,3ca9aa73
3f774233,3ca97388
3f7744e6,3ca93cb4
3f774799,3ca905e1
3f774a4c,3ca8cf10
3f774cff,3ca89840
3f774fb3,3ca8615d
3f775266,3ca82a90
3f775519,3ca7f3c5
3f7757cc,3ca7bcfc
3f775a7f,3ca78634
3f775d33,3ca74f59
3f775fe6,3ca71894
3f776299,3ca6e1d1
3f77654c,3ca6ab10
3f7767ff,3ca6744f
3f776ab3,3ca63d7d
3f776d66,3ca606c0
3f777019,3ca5d004
3f7772cc,3ca5994b
3f77757f,3ca56292
3f777833,3ca52bc8
3f777ae6,3ca4f512
3f777d99,3ca4be5f
3f77804c,3ca487ad
3f7782ff,3ca450fd
3f7785b3,3ca41a3a
3f778866,3ca3e38c
3f778b19,3ca3ace1
3f778dcc,3ca37637
3f77907f,3ca33f8e
3f779333,3ca308d3
3f7795e6,3ca2d22e
3f779899,3ca29b8a
3f779b4c,3ca264e8
3f779dff,3ca22e48
3f77a0b3,3ca1f794
3f77a366,3ca1c0f7
3f77a619,3ca18a5b
3f77a8cc,3ca153c1
3f77ab7f,3ca11d28
3f77ae33,3ca0e67c
3f77b0e6,3ca0afe7
3f77b399,3ca07953
3f77b64c,3ca042c0
3f77b8ff,3ca00c30
3f77bbb3,3c9fd58c
3f77be66,3c9f9efe
3f77c119,3c9f6872
3f77c3cc,3c9f31e8
3f77c67f,3c9efb5f
3f77c933,3c9ec4c3
3f77cbe6,3c9e8e3d
3f77ce99,3c9e57b9
3f77d14c,3c9e2136
3f77d3ff,3c9deab5
3f77d6b3,3c9db422
3f77d966,3c9d7da3
3f77dc19,3c9d4727
3f77decc,3c9d10ac
3f77e17f,3c9cda33
3f77e433,3c9ca3a7
3f77e6e6,3c9c6d31
3f77e999,3c9c36bc
3f77ec4c,3c9c0049
3f77eeff,3c9bc9d8
3f77f1b3,3c9b9354
3f77f466,3c9b5ce6
3f77f719,3c9b2679
3f77f9cc,3c9af00e
3f77fc7f,3c9ab9a4
3f77ff33,3c9a8328
3f7801e6,3c9a4cc2
3f780499,3c9a165d
3f78074c,3c99dff9
3f7809ff,3c99a998
3f780cb3,3c997323
3f780f66,3c993cc5
3f781219,3c990668
3f7814cc,3c98d00c
3f78177f,3c9899b2
3f781a33,3c986346
3f781ce6,3c982cef
3f781f99,3c97f69a
3f78224c,3c97c046
3f7824ff,3c9789f4
3f7827b3,3c975390
3f782a66,3c971d41
3f782d19,3c96e6f4
3f782fcc,3c96b0a8
3f78327f,3c967a5e
3f783533,3c964401
3f7837e6,3c960dba
3f783a99,3c95d774
3f783d4c,3c95a130
3f783fff,3c956aee
3f7842b3,3c953499
3f784566,3c94fe5a
3f784819,3c94c81c
3f784acc,3c9491e0
3f784d7f,3c945ba6
3f785033,3c942559
3f7852e6,3c93ef21
3f785599,3c93b8ec
3f78584c,3c9382b7
3f785aff,3c934c85
3f785db3,3c931640
3f786066,3c92e010
3f786319,3c92a9e2
3f7865cc,3c9273b6
3f78687f,3c923d8b
3f786b33,3c92074d
3f786de6,3c91d126
3f787099,3c919b00
3f78734c,3c9164db
3f7875ff,3c912eb8
3f7878b3,3c90f882
3f787b66,3c90c262
3f787e19,3c908c44
3f7880cc,3c905627
3f78837f,3c90200c
3f788633,3c8fe9de
3f7888e6,3c8fb3c6
3f788b99,3c8f7db0
3f788e4c,3c8f479b
3f7890ff,3c8f1188
3f7893b3,3c8edb62
3f789666,3c8ea552
3f789919,3c8e6f43
3f789bcc,3c8e3936
3f789e7f,3c8e032a
3f78a133,3c8dcd0c
3f78a3e6,3c8d9704
3f78a699,3c8d60fd
3f78a94c,3c8d2af8
3f78abff,3c8cf4f4
3f78aeb3,3c8cbede
3f78b166,3c8c88dd
3f78b419,3c8c52de
3f78b6cc,3c8c1ce1
3f78b97f,3c8be6e5
3f78bc33,3c8bb0d6
3f78bee6,3c8b7ade
3f78c199,3c8b44e7
3f78c44c,3c8b0ef1
3f78c6ff,3c8ad8fd
3f78c9b3,3c8aa2f6
3f78cc66,3c8a6d05
3f78cf19,3c8a3716
3f78d1cc,3c8a0128
3f78d47f,3c89cb3c
3f78d733,3c89953d
3f78d9e6,3c895f54
3f78dc99,3c89296c
3f78df4c,3c88f386
3f78e1ff,3c88bda2
3f78e4b3,3c8887ab
3f78e766,3c8851ca
3f78ea19,3c881bea
3f78eccc,3c87e60c
3f78ef7f,3c87b02f
3f78f233,3c877a40
3f78f4e6,3c874466
3f78f799,3c870e8e
3f78fa4c,3c86d8b8
3f78fcff,3c86a2e3
3f78ffb3,3c866cfc
3f790266,3c86372a
3f790519,3c86015a
3f7907cc,3c85cb8c
3f790a7f,3c8595be
3f790d33,3c855fdf
3f790fe6,3c852a15
3f791299,3c84f44d
3f79154c,3c84be86
3f7917ff,3c8488c1
3f791ab3,3c8452e9
3f791d66,3c841d27
3f792019,3c83e766
3f7922cc,3c83b1a7
3f79257f,3c837bea
3f792833,3c83461a
3f792ae6,3c831060
3f792d99,3c82daa7
3f79304c,3c82a4f0
3f7932ff,3c826f3a
3f7935b3,3c823972
3f793866,3c8203c0
3f793b19,3c81ce0f
3f793dcc,3c81985f
3f79407f,3c8162b1
3f794333,3c812cf1
3f7945e6,3c80f746
3f794899,3c80c19d
3f794b4c,3c808bf6
3f794dff,3c805650
3f7950b3,3c802097
3f795366,3c7fd5e8
3f795619,3c7f6aa6
3f7958cc,3c7eff66
3f795b7f,3c7e9429
3f795e33,3c7e28c8
3f7960e6,3c7dbd92
3f796399,3c7d525e
3f79664c,3c7ce72e
3f7968ff,3c7c7c02
3f796bb3,3c7c10b0
3f796e66,3c7ba589
3f797119,3c7b3a65
3f7973cc,3c7acf45
3f79767f,3c7a6427
3f797933,3c79f8e5
3f797be6,3c798dce
3f797e99,3c7922ba
3f79814c,3c78b7a9
3f7983ff,3c784c9b
3f7986b3,3c77e169
3f798966,3c777662
3f798c19,3c770b5d
3f798ecc,3c76a05c
3f79917f,3c76355d
3f799433,3c75ca3a
3f7996e6,3c755f42
3f799999,3c74f44d
3f799c4c,3c74895b
3f799eff,3c741e6c
3f79a1b3,3c73b35a
3f79a466,3c734871
3f79a719,3c72dd8b
3f79a9cc,3c7272a9
3f79ac7f,3c7207ca
3f79af33,3c719cc6
3f79b1e6,3c7131ed
3f79b499,3c70c717
3f79b74c,3c705c44
3f79b9ff,3c6ff175
3f79bcb3,3c6f8681
3f79bf66,3c6f1bb7
3f79c219,3c6eb0f1
3f79c4cc,3c6e462e
3f79c77f,3c6ddb6e
3f79ca33,3c6d7089
3f79cce6,3c6d05cf
3f79cf99,3c6c9b18
3f79d24c,3c6c3065
3f79d4ff,3c6bc5b4
3f79d7b3,3c6b5adf
3f79da66,3c6af035
3f79dd19,3c6a858e
3f79dfcc,3c6a1ae9
3f79e27f,3c69b048
3f79e533,3c694582
3f79e7e6,3c68dae8
3f79ea99,3c687050
3f79ed4c,3c6805bb
3f79efff,3c679b2a
3f79f2b3,3c673074
3f79f566,3c66c5e9
3f79f819,3c665b60
3f79facc,3c65f0db
3f79fd7f,3c658659
3f7a0033,3c651bb3
3f7a02e6,3c64b137
3f7a0599,3c6446be
3f7a084c,3c63dc49
3f7a0aff,3c6371d6
3f7a0db3,3c630740
3f7a1066,3c629cd3
3f7a1319,3c62326a
3f7a15cc,3c61c804
3f7a187f,3c615da1
3f7a1b33,3c60f31a
3f7a1de6,3c6088bd
3f7a2099,3c601e63
3f7a234c,3c5fb40c
3f7a25ff,3c5f49b9
3f7a28b3,3c5edf41
3f7a2b66,3c5e74f4
3f7a2e19,3c5e0aaa
3f7a30cc,3c5da062
3f7a337f,3c5d361f
3f7a3633,3c5ccbb6
3f7a38e6,3c5c6178
3f7a3b99,3c5bf73e
3f7a3e4c,3c5b8d06
3f7a40ff,3c5b22d2
3f7a43b3,3c5ab879
3f7a4666,3c5a4e4b
3f7a4919,3c59e420
3f7a4bcc,3c5979f8
3f7a4e7f,3c590fd2
3f7a5133,3c58a589
3f7a53e6,3c583b6a
3f7a5699,3c57d14f
3f7a594c,3c576736
3f7a5bff,3c56fd21
3f7a5eb3,3c5692e7
3f7a6166,3c5628d7
3f7a6419,3c55becb
3f7a66cc,3c5554c2
3f7a697f,3c54eabc
3f7a6c33,3c548092
3f7a6ee6,3c541692
3f7a7199,3c53ac95
3f7a744c,3c53429c
3f7a76ff,3c52d8a5
3f7a79b3,3c526e8a
3f7a7c66,3c52049a
3f7a7f19,3c519aac
3f7a81cc,3c5130c2
3f7a847f,3c50c6dc
3f7a8733,3c505cd0
3f7a89e6,3c4ff2ef
3f7a8c99,3c4f8912
3f7a8f4c,3c4f1f37
3f7a91ff,3c4eb55f
3f7a94b3,3c4e4b63
3f7a9766,3c4de192
3f7a9a19,3c4d77c4
3f7a9ccc,3c4d0df8
3f7a9f7f,3c4ca430
3f7aa233,3c4c3a44
3f7aa4e6,3c4bd082
3f7aa799,3c4b66c3
3f7aaa4c,3c4afd07
3f7aacff,3c4a934e
3f7aafb3,3c4a2972
3f7ab266,3c49bfbf
3f7ab519,3c495610
3f7ab7cc,3c48ec64
3f7aba7f,3c4882ba
3f7abd33,3c4818ed
3f7abfe6,3c47af4a
3f7ac299,3c4745aa
3f7ac54c,3c46dc0d
3f7ac7ff,3c467273
3f7acab3,3c4608b5
3f7acd66,3c459f22
3f7ad019,3c453591
3f7ad2cc,3c44cc04
3f7ad57f,3c446279
3f7ad833,3c43f8cb
3f7adae6,3c438f47
3f7add99,3c4325c6
3f7ae04c,3c42bc47
3f7ae2ff,3c4252cd
3f7ae5b3,3c41e92e
3f7ae866,3c417fb9
3f7aeb19,3c411647
3f7aedcc,3c40acd8
3f7af07f,3c40436d
3f7af333,3c3fd9de
3f7af5e6,3c3f7078
3f7af899,3c3f0716
3f7afb4c,3c3e9db7
3f7afdff,3c3e345b
3f7b00b3,3c3dcadb
3f7b0366,3c3d6185
3f7b0619,3c3cf832
3f7b08cc,3c3c8ee2
3f7b0b7f,3c3c2596
3f7b0e33,3c3bbc25
3f7b10e6,3c3b52df
3f7b1399,3c3ae99b
3f7b164c,3c3a805b
3f7b18ff,3c3a171e
3f7b1bb3,3c39adbd
3f7b1e66,3c394486
3f7b2119,3c38db52
3f7b23cc,3c387221
3f7b267f,3c3808f3
3f7b2933,3c379fa1
3f7b2be6,3c37367a
3f7b2e99,3c36cd55
3f7b314c,3c366433
3f7b33ff,3c35fb15
3f7b36b3,3c3591d3
3f7b3966,3c3528ba
3f7b3c19,3c34bfa5
3f7b3ecc,3c345693
3f7b417f,3c33ed84
3f7b4433,3c338452
3f7b46e6,3c331b49
3f7b4999,3c32b243
3f7b4c4c,3c324940
3f7b4eff,3c31e041
3f7b51b3,3c31771d
3f7b5466,3c310e24
3f7b5719,3c30a52d
3f7b59cc,3c303c3a
3f7b5c7f,3c2fd34a
3f7b5f33,3c2f6a36
3f7b61e6,3c2f014c
3f7b6499,3c2e9865
3f7b674c,3c2e2f81
3f7b69ff,3c2dc6a0
3f7b6cb3,3c2d5d9c
3f7b6f66,3c2cf4c1
3f7b7219,3c2c8be9
3f7b74cc,3c2c2315
3f7b777f,3c2bba44
3f7b7a33,3c2b514e
3f7b7ce6,3c2ae883
3f7b7f99,3c2a7fbb
3f7b824c,3c2a16f6
3f7b84ff,3c29ae34
3f7b87b3,3c29454e
3f7b8a66,3c28dc92
3f7b8d19,3c2873d9
3f7b8fcc,3c280b23
3f7b927f,3c27a271
3f7b9533,3c27399a
3f7b97e6,3c26d0ee
3f7b9a99,3c266844
3f7b9d4c,3c25ff9e
3f7b9fff,3c2596fa
3f7ba2b3,3c252e34
3f7ba566,3c24c596
3f7ba819,3c245cfc
3f7baacc,3c23f465
3f7bad7f,3c238bd1
3f7bb033,3c23231a
3f7bb2e6,3c22ba8c
3f7bb599,3c225201
3f7bb84c,3c21e97a
3f7bbaff,3c2180f5
3f7bbdb3,3c21184d
3f7bc066,3c20afce
3f7bc319,3c204753
3f7bc5cc,3c1fdedb
3f7bc87f,3c1f7665
3f7bcb33,3c1f0dcd
3f7bcde6,3c1ea55e
3f7bd099,3c1e3cf2
3f7bd34c,3c1dd489
3f7bd5ff,3c1d6c23
3f7bd8b3,3c1d0399
3f7bdb66,3c1c9b3a
3f7bde19,3c1c32dd
3f7be0cc,3c1bca83
3f7be37f,3c1b622d
3f7be633,3c1af9b3
3f7be8e6,3c1a9162
3f7beb99,3c1a2915
3f7bee4c,3c19c0cb
3f7bf0ff,3c195884
3f7bf3b3,3c18f019
3f7bf666,3c1887d8
3f7bf919,3c181f9a
3f7bfbcc,3c17b75f
3f7bfe7f,3c174f27
3f7c0133,3c16e6cc
3f7c03e6,3c167e9a
3f7c0699,3c16166b
3f7c094c,3c15ae40
3f7c0bff,3c154617
3f7c0eb3,3c14ddcb
3f7c1166,3c1475a9
3f7c1419,3c140d8a
3f7c16cc,3c13a56d
3f7c197f,3c133d54
3f7c1c33,3c12d518
3f7c1ee6,3c126d04
3f7c2199,3c1204f4
3f7c244c,3c119ce8
3f7c26ff,3c1134de
3f7c29b3,3c10ccb0
3f7c2c66,3c1064ad
3f7c2f19,3c0ffcac
3f7c31cc,3c0f94ae
3f7c347f,3c0f2cb4
3f7c3733,3c0ec496
3f7c39e6,3c0e5ca1
3f7c3c99,3c0df4b0
3f7c3f4c,3c0d8cc2
3f7c41ff,3c0d24d7
3f7c44b3,3c0cbcc8
3f7c4766,3c0c54e3
3f7c4a19,3c0bed01
3f7c4ccc,3c0b8522
3f7c4f7f,3c0b1d46
3f7c5233,3c0ab547
3f7c54e6,3c0a4d71
3f7c5799,3c09e59e
3f7c5a4c,3c097dce
3f7c5cff,3c091602
3f7c5fb3,3c08ae12
3f7c6266,3c08464c
3f7c6519,3c07de88
3f7c67cc,3c0776c8
3f7c6a7f,3c070f0a
3f7c6d33,3c06a72a
3f7c6fe6,3c063f72
3f7c7299,3c05d7be
3f7c754c,3c05700d
3f7c77ff,3c05085f
3f7c7ab3,3c04a08e
3f7c7d66,3c0438e6
3f7c8019,3c03d141
3f7c82cc,3c03699f
3f7c857f,3c030201
3f7c8833,3c029a3f
3f7c8ae6,3c0232a6
3f7c8d99,3c01cb10
3f7c904c,3c01637e
3f7c92ff,3c00fbef
3f7c95b3,3c00943c
3f7c9866,3c002cb2
3f7c9b19,3bff8a58
3f7c9dcc,3bfebb52
3f7ca07f,3bfdec52
3f7ca333,3bfd1d0b
3f7ca5e6,3bfc4e17
3f7ca899,3bfb7f28
3f7cab4c,3bfab041
3f7cadff,3bf9e15f
3f7cb0b3,3bf91237
3f7cb366,3bf84361
3f7cb619,3bf77492
3f7cb8cc,3bf6a5c9
3f7cbb7f,3bf5d705
3f7cbe33,3bf507fc
3f7cc0e6,3bf43945
3f7cc399,3bf36a94
3f7cc64c,3bf29be9
3f7cc8ff,3bf1cd44
3f7ccbb3,3bf0fe5a
3f7cce66,3bf02fc1
3f7cd119,3bef612f
3f7cd3cc,3bee92a2
3f7cd67f,3bedc41c
3f7cd933,3becf550
3f7cdbe6,3bec26d6
3f7cde99,3beb5862
3f7ce14c,3bea89f4
3f7ce3ff,3be9bb8d
3f7ce6b3,3be8ecdf
3f7ce966,3be81e83
3f7cec19,3be7502e
3f7ceecc,3be681df
3f7cf17f,3be5b396
3f7cf433,3be4e506
3f7cf6e6,3be416ca
3f7cf999,3be34892
3f7cfc4c,3be27a62
3f7cfeff,3be1ac37
3f7d01b3,3be0ddc6
3f7d0466,3be00fa8
3f7d0719,3bdf4190
3f7d09cc,3bde737d
3f7d0c7f,3bdda571
3f7d0f33,3bdcd71f
3f7d11e6,3bdc091f
3f7d1499,3bdb3b25
3f7d174c,3bda6d31
3f7d19ff,3bd99f44
3f7d1cb3,3bd8d110
3f7d1f66,3bd8032e
3f7d2219,3bd73553
3f7d24cc,3bd6677e
3f7d277f,3bd599af
3f7d2a33,3bd4cb99
3f7d2ce6,3bd3fdd6
3f7d2f99,3bd33019
3f7d324c,3bd26263
3f7d34ff,3bd194b2
3f7d37b3,3bd0c6bb
3f7d3a66,3bcff916
3f7d3d19,3bcf2b78
3f7d3fcc,3bce5de0
3f7d427f,3bcd904d
3f7d4533,3bccc275
3f7d47e6,3bcbf4ef
3f7d4a99,3bcb276f
3f7d4d4c,3bca59f5
3f7d4fff,3bc98c81
3f7d52b3,3bc8bec7
3f7d5566,3bc7f160
3f7d5819,3bc723fe
3f7d5acc,3bc656a3
3f7d5d7f,3bc5894d
3f7d6033,3bc4bbb2
3f7d62e6,3bc3ee69
3f7d6599,3bc32126
3f7d684c,3bc253e8
3f7d6aff,3bc186b2
3f7d6db3,3bc0b935
3f7d7066,3bbfec0a
3f7d7319,3bbf1ee5
3f7d75cc,3bbe51c6
3f7d787f,3bbd84ae
3f7d7b33,3bbcb750
3f7d7de6,3bbbea43
3f7d8099,3bbb1d3d
3f7d834c,3bba503d
3f7d85ff,3bb98343
3f7d88b3,3bb8b602
3f7d8b66,3bb7e914
3f7d8e19,3bb71c2d
3f7d90cc,3bb64f4b
3f7d937f,3bb5826f
3f7d9633,3bb4b54d
3f7d98e6,3bb3e87e
3f7d9b99,3bb31bb4
3f7d9e4c,3bb24ef1
3f7da0ff,3bb18234
3f7da3b3,3bb0b530
3f7da666,3bafe87f
3f7da919,3baf1bd4
3f7dabcc,3bae4f2f
3f7dae7f,3bad8290
3f7db133,3bacb5ab
3f7db3e6,3babe919
3f7db699,3bab1c8c
3f7db94c,3baa5005
3f7dbbff,3ba98384
3f7dbeb3,3ba8b6be
3f7dc166,3ba7ea4a
3f7dc419,3ba71ddb
3f7dc6cc,3ba65173
3f7dc97f,3ba58511
3f7dcc33,3ba4b869
3f7dcee6,3ba3ec13
3f7dd199,3ba31fc2
3f7dd44c,3ba25379
3f7dd6ff,3ba18735
3f7dd9b3,3ba0baab
3f7ddc66,3b9fee73
3f7ddf19,3b9f2242
3f7de1cc,3b9e5616
3f7de47f,3b9d89f0
3f7de733,3b9cbd85
3f7de9e6,3b9bf16c
3f7dec99,3b9b2559
3f7def4c,3b9a594b
3f7df1ff,3b998d44
3f7df4b3,3b98c0f7
3f7df766,3b97f4fc
3f7dfa19,3b972907
3f7dfccc,3b965d18
3f7dff7f,3b95912f
3f7e0233,3b94c501
3f7e04e6,3b93f924
3f7e0799,3b932d4d
3f7e0a4c,3b92617d
3f7e0cff,3b9195b2
3f7e0fb3,3b90c9a2
3f7e1266,3b8ffde4
3f7e1519,3b8f322b
3f7e17cc,3b8e6679
3f7e1a7f,3b8d9acc
3f7e1d33,3b8ccedb
3f7e1fe6,3b8c033b
3f7e2299,3b8b37a0
3f7e254c,3b8a6c0c
3f7e27ff,3b89a07e
3f7e2ab3,3b88d4ab
3f7e2d66,3b880929
3f7e3019,3b873dad
3f7e32cc,3b867238
3f7e357f,3b85a6c8
3f7e3833,3b84db13
3f7e3ae6,3b840faf
3f7e3d99,3b834452
3f7e404c,3b8278fa
3f7e42ff,3b81ada9
3f7e45b3,3b80e212
3f7e4866,3b8016cd
3f7e4b19,3b7e971b
3f7e4dcc,3b7d00a8
3f7e507f,3b7b6a42
3f7e5333,3b79d351
3f7e55e6,3b783d03
3f7e5899,3b76a6c1
3f7e5b4c,3b75108b
3f7e5dff,3b737a61
3f7e60b3,3b71e3ad
3f7e6366,3b704d9c
3f7e6619,3b6eb796
3f7e68cc,3b6d219c
3f7e6b7f,3b6b8baf
3f7e6e33,3b69f538
3f7e70e6,3b685f62
3f7e7399,3b66c99a
3f7e764c,3b6533dc
3f7e78ff,3b639e2c
3f7e7bb3,3b6207f0
3f7e7e66,3b607258
3f7e8119,3b5edccb
3f7e83cc,3b5d474b
3f7e867f,3b5bb1d6
3f7e8933,3b5a1bd8
3f7e8be6,3b58867c
3f7e8e99,3b56f12c
3f7e914c,3b555be7
3f7e93ff,3b53c6af
3f7e96b3,3b5230ed
3f7e9966,3b509bce
3f7e9c19,3b4f06ba
3f7e9ecc,3b4d71b2
3f7ea17f,3b4bdcb7
3f7ea433,3b4a4731
3f7ea6e6,3b48b24e
3f7ea999,3b471d77
3f7eac4c,3b4588ab
3f7eaeff,3b43f3ec
3f7eb1b3,3b425ea3
3f7eb466,3b40c9fc
3f7eb719,3b3f3561
3f7eb9cc,3b3da0d2
3f7ebc7f,3b3c0c50
3f7ebf33,3b3a7743
3f7ec1e6,3b38e2d9
3f7ec499,3b374e7a
3f7ec74c,3b35ba28
3f7ec9ff,3b3425e1
3f7eccb3,3b329111
3f7ecf66,3b30fce3
3f7ed219,3b2f68c1
3f7ed4cc,3b2dd4ab
3f7ed77f,3b2c40a1
3f7eda33,3b2aac0d
3f7edce6,3b29181b
3f7edf99,3b278435
3f7ee24c,3b25f05c
3f7ee4ff,3b245c8e
3f7ee7b3,3b22c837
3f7eea66,3b213481
3f7eed19,3b1fa0d8
3f7eefcc,3b1e0d3a
3f7ef27f,3b1c79a9
3f7ef533,3b1ae58e
3f7ef7e6,3b195215
3f7efa99,3b17bea8
3f7efd4c,3b162b46
3f7effff,3b1497f1
3f7f02b3,3b130413
3f7f0566,3b1170d6
3f7f0819,3b0fdda5
3f7f0acc,3b0e4a80
3f7f0d7f,3b0cb767
3f7f1033,3b0b23c5
3f7f12e6,3b0990c4
3f7f1599,3b07fdd0
3f7f184c,3b066ae7
3f7f1aff,3b04d80b
3f7f1db3,3b0344a5
3f7f2066,3b01b1e1
3f7f2319,3b001f28
3f7f25cc,3afd18f8
3f7f287f,3af9f3b7
3f7f2b33,3af6cd64
3f7f2de6,3af3a854
3f7f3099,3af0835b
3f7f334c,3aed5e7b
3f7f35ff,3aea39b3
3f7f38b3,3ae713d9
3f7f3b66,3ae3ef41
3f7f3e19,3ae0cac1
3f7f40cc,3adda659
3f7f437f,3ada8209
3f7f4633,3ad75ca8
3f7f48e6,3ad43888
3f7f4b99,3ad11480
3f7f4e4c,3acdf091
3f7f50ff,3acaccba
3f7f53b3,3ac7a7d0
3f7f5666,3ac48429
3f7f5919,3ac1609a
3f7f5bcc,3abe3d23
3f7f5e7f,3abb19c4
3f7f6133,3ab7f553
3f7f63e6,3ab4d224
3f7f6699,3ab1af0e
3f7f694c,3aae8c0f
3f7f6bff,3aab6928
3f7f6eb3,3aa84530
3f7f7166,3aa52279
3f7f7419,3aa1ffda
3f7f76cc,3a9edd54
3f7f797f,3a9bbae6
3f7f7c33,3a989766
3f7f7ee6,3a957528
3f7f8199,3a925301
3f7f844c,3a8f30f3
3f7f86ff,3a8c0efc
3f7f89b3,3a88ebf5
3f7f8c66,3a85ca2f
3f7f8f19,3a82a881
3f7f91cc,3a7f0dd6
3f7f947f,3a78cad9
3f7f9733,3a7285bc
3f7f99e6,3a6c4320
3f7f9c99,3a6600b4
3f7f9f4c,3a5fbe77
3f7fa1ff,3a597c6c
3f7fa4b3,3a53383e
3f7fa766,3a4cf693
3f7faa19,3a46b517
3f7faccc,3a4073cb
3f7faf7f,3a3a32b0
3f7fb233,3a33ef73
3f7fb4e6,3a2daeb8
3f7fb799,3a276e2c
3f7fba4c,3a212dd1
3f7fbcff,3a1aeda5
3f7fbfb3,3a14ab59
3f7fc266,3a0e6b8e
3f7fc519,3a082bf2
3f7fc7cc,3a01ec87
3f7fca7f,39f75a97
3f7fcd33,39ead7e0
3f7fcfe6,39de5a29
3f7fd299,39d1dcd2
3f7fd54c,39c55fdc
3f7fd7ff,39b8e345
3f7fdab3,39ac626e
3f7fdd66,399fe697
3f7fe019,39936b21
3f7fe2cc,3986f00a
3f7fe57f,3974eaa6
3f7fe833,395becba
3f7feae6,3942f8cc
3f7fed99,392a059e
3f7ff04c,39111330
3f7ff2ff,38f04304
3f7ff5b3,38be4ead
3f7ff866,388c6e51
3f7ffb19,38351ee7
3f7ffdcc,37a2c859
3f80007f,b7129c10
3f800333,b86c5641
3f8005e6,b8d9d7d1
3f800899,b91ebf42
3f800b4c,b9508f9c
3f800dff,b9812e7c
3f8010b3,b99a1ce4
3f801366,b9b30092
3f801619,b9cbe2c2
3f8018cc,b9e4c373
3f801b7f,b9fda2a4
3f801e33,ba0b44c6
3f8020e6,ba17b2e0
3f802399,ba24203a
3f80264c,ba308cd4
3f8028ff,ba3cf8b0
3f802bb3,ba496865
3f802e66,ba55d2c1
3f803119,ba623c5e
3f8033cc,ba6ea53b
3f80367f,ba7b0d59
3f803933,ba83bca8
3f803be6,ba89eff8
3f803e99,ba9022e8
3f80414c,ba965578
3f8043ff,ba9c87a9
3f8046b3,baa2bbc6
3f804966,baa8ed37
3f804c19,baaf1e49
3f804ecc,bab54efb
3f80517f,babb7f4e
3f805433,bac1b18c
3f8056e6,bac7e120
3f805999,bace1054
3f805c4c,bad43f28
3f805eff,bada6d9e
3f8061b3,bae09dfd
3f806466,bae6cbb3
3f806719,baecf90a
3f8069cc,baf32601
3f806c7f,baf95299
3f806f33,baff811b
3f8071e6,bb02d67a
3f807499,bb05ec36
3f80774c,bb0901c3
3f8079ff,bb0c1721
3f807cb3,bb0f2d73
3f807f66,bb124270
3f808219,bb15573f
3f8084cc,bb186bde
3f80877f,bb1b804c
3f808a33,bb1e95b0
3f808ce6,bb21a9bf
3f808f99,bb24bd9f
3f80924c,bb27d150
3f8094ff,bb2ae4d0
3f8097b3,bb2df945
3f809a66,bb310c66
3f809d19,bb341f58
3f809fcc,bb37321a
3f80a27f,bb3a44ad
3f80a533,bb3d5833
3f80a7e6,bb406a66
3f80aa99,bb437c6a
3f80ad4c,bb468e3e
3f80afff,bb499fe2
3f80b2b3,bb4cb27a
3f80b566,bb4fc3c0
3f80b819,bb52d4d6
3f80bacc,bb55e5bc
3f80bd7f,bb58f673
3f80c033,bb5c081c
3f80c2e6,bb5f1874
3f80c599,bb62289c
3f80c84c,bb653895
3f80caff,bb68485e
3f80cdb3,bb6b5919
3f80d066,bb6e6884
3f80d319,bb7177be
3f80d5cc,bb7486c9
3f80d87f,bb7795a4
3f80db33,bb7aa572
3f80dde6,bb7db3ef
3f80e099,bb80611e
3f80e34c,bb81e82c
3f80e5ff,bb836f24
3f80e8b3,bb84f694
3f80eb66,bb867d5b
3f80ee19,bb88040b
3f80f0cc,bb898aa3
3f80f37f,bb8b1124
3f80f633,bb8c981d
3f80f8e6,bb8e1e6e
3f80fb99,bb8fa4a7
3f80fe4c,bb912ac9
3f8100ff,bb92b0d2
3f8103b3,bb943755
3f810666,bb95bd30
3f810919,bb9742f2
3f810bcc,bb98c89d
3f810e7f,bb9a4e31
3f811133,bb9bd43c
3f8113e6,bb9d59a0
3f811699,bb9edeed
3f81194c,bba06421
3f811bff,bba1e93e
3f811eb3,bba36ed4
3f812166,bba4f3c1
3f812419,bba67897
3f8126cc,bba7fd55
3f81297f,bba981fc
3f812c33,bbab071b
3f812ee6,bbac8b92
3f813199,bbae0ff2
3f81344c,bbaf9439
3f8136ff,bbb1186a
3f8139b3,bbb29d12
3f813c66,bbb42113
3f813f19,bbb5a4fc
3f8141cc,bbb728ce
3f81447f,bbb8ac88
3f814733,bbba30ba
3f8149e6,bbbbb445
3f814c99,bbbd37b8
3f814f4c,bbbebb14
3f8151ff,bbc03e58
3f8154b3,bbc1c213
3f815766,bbc34528
3f815a19,bbc4c825
3f815ccc,bbc64b0b
3f815f7f,bbc7cdd8
3f816233,bbc9511e
3f8164e6,bbcad3bd
3f816799,bbcc5644
3f816a4c,bbcdd8b3
3f816cff,bbcf5b0b
3f816fb3,bbd0ddda
3f817266,bbd26003
3f817519,bbd3e214
3f8177cc,bbd5640e
3f817a7f,bbd6e5f0
3f817d33,bbd86849
3f817fe6,bbd9e9fc
3f818299,bbdb6b97
3f81854c,bbdced1a
3f8187ff,bbde6e87
3f818ab3,bbdff06a
3f818d66,bbe171a7
3f819019,bbe2f2cc
3f8192cc,bbe473da
3f81957f,bbe5f4d0
3f819833,bbe7763d
3f819ae6,bbe8f705
3f819d99,bbea77b4
3f81a04c,bbebf84c
3f81a2ff,bbed78cd
3f81a5b3,bbeef9c4
3f81a866,bbf07a16
3f81ab19,bbf1fa50
3f81adcc,bbf37a72
3f81b07f,bbf4fa7d
3f81b333,bbf67afe
3f81b5e6,bbf7fada
3f81b899,bbf97a9f
3f81bb4c,bbfafa4c
3f81bdff,bbfc79e1
3f81c0b3,bbfdf9ed
3f81c366,bbff7953
3f81c619,bc007c51
3f81c8cc,bc013bed
3f81cb7f,bc01fb7d
3f81ce33,bc02bb48
3f81d0e6,bc037ac0
3f81d399,bc043a2d
3f81d64c,bc04f98e
3f81d8ff,bc05b8e3
3f81dbb3,bc067873
3f81de66,bc0737b1
3f81e119,bc07f6e3
3f81e3cc,bc08b609
3f81e67f,bc097524
3f81e933,bc0a3479
3f81ebe6,bc0af37c
3f81ee99,bc0bb274
3f81f14c,bc0c715f
3f81f3ff,bc0d303f
3f81f6b3,bc0def5a
3f81f966,bc0eae22
3f81fc19,bc0f6cdf
3f81fecc,bc102b90
3f82017f,bc10ea35
3f820433,bc11a915
3f8206e6,bc1267a3
3f820999,bc132625
3f820c4c,bc13e49b
3f820eff,bc14a306
3f8211b3,bc1561ab
3f821466,bc161fff
3f821719,bc16de46
3f8219cc,bc179c82
3f821c7f,bc185ab2
3f821f33,bc19191d
3f8221e6,bc19d736
3f822499,bc1a9542
3f82274c,bc1b5344
3f8229ff,bc1c1139
3f822cb3,bc1ccf6a
3f822f66,bc1d8d48
3f823219,bc1e4b1a
3f8234cc,bc1f08e1
3f82377f,bc1fc69c
3f823a33,bc208492
3f823ce6,bc214236
3f823f99,bc21ffce
3f82424c,bc22bd5a
3f8244ff,bc237adb
3f8247b3,bc243896
3f824a66,bc24f5ff
3f824d19,bc25b35d
3f824fcc,bc2670af
3f82527f,bc272df5
3f825533,bc27eb76
3f8257e6,bc28a8a5
3f825a99,bc2965c8
3f825d4c,bc2a22df
3f825fff,bc2adfeb
3f8262b3,bc2b9d32
3f826566,bc2c5a26
3f826819,bc2d170f
3f826acc,bc2dd3ec
3f826d7f,bc2e90be
3f827033,bc2f4dc9
3f8272e6,bc300a84
3f827599,bc30c732
3f82784c,bc3183d5
3f827aff,bc32406c
3f827db3,bc32fd3e
3f828066,bc33b9be
3f828319,bc347632
3f8285cc,bc35329a
3f82887f,bc35eef8
3f828b33,bc36ab8e
3f828de6,bc3767d4
3f829099,bc38240e
3f82934c,bc38e03d
3f8295ff,bc399c5f
3f8298b3,bc3a58bc
3f829b66,bc3b14c8
3f829e19,bc3bd0c7
3f82a0cc,bc3c8cbb
3f82a37f,bc3d48a4
3f82a633,bc3e04c6
3f82a8e6,bc3ec098
3f82ab99,bc3f7c5d
3f82ae4c,bc403817
3f82b0ff,bc40f3c6
3f82b3b3,bc41afae
3f82b666,bc426b45
3f82b919,bc4326d0
3f82bbcc,bc43e250
3f82be7f,bc449dc4
3f82c133,bc455972
3f82c3e6,bc4614cf
3f82c699,bc46d021
3f82c94c,bc478b66
3f82cbff,bc4846a0
3f82ceb3,bc490214
3f82d166,bc49bd37
3f82d419,bc4a784e
3f82d6cc,bc4b335a
3f82d97f,bc4bee5a
3f82dc33,bc4ca994
3f82dee6,bc4d647d
3f82e199,bc4e1f5a
3f82e44c,bc4eda2c
3f82e6ff,bc4f94f2
3f82e9b3,bc504ff1
3f82ec66,bc510aa0
3f82ef19,bc51c543
3f82f1cc,bc527fdb
3f82f47f,bc533a67
3f82f733,bc53f52c
3f82f9e6,bc54afa1
3f82fc99,bc556a0a
3f82ff4c,bc562468
3f8301ff,bc56deba
3f8304b3,bc579945
3f830766,bc585380
3f830a19,bc590db0
3f830ccc,bc59c7d3
3f830f7f,bc5a81eb
3f831233,bc5b3c3d
3f8314e6,bc5bf63e
3f831799,bc5cb033
3f831a4c,bc5d6a1d
3f831cff,bc5e23fb
3f831fb3,bc5ede12
3f832266,bc5f97da
3f832519,bc605195
3f8327cc,bc610b45
3f832a7f,bc61c4e9
3f832d33,bc627ec7
3f832fe6,bc633854
3f833299,bc63f1d6
3f83354c,bc64ab4c
3f8337ff,bc6564b6
3f833ab3,bc661e5a
3f833d66,bc66d7ae
3f834019,bc6790f5
3f8342cc,bc684a32
3f83457f,bc690362
3f834833,bc69bccc
3f834ae6,bc6a75e6
3f834d99,bc6b2ef4
3f83504c,bc6be7f6
3f8352ff,bc6ca0ed
3f8355b3,bc6d5a1d
3f835866,bc6e12fd
3f835b19,bc6ecbd1
3f835dcc,bc6f849a
3f83607f,bc703d57
3f836333,bc70f64d
3f8365e6,bc71aef4
3f836899,bc72678e
3f836b4c,bc73201d
3f836dff,bc73d8a1
3f8370b3,bc74915d
3f837366,bc7549ca
3f837619,bc76022a
3f8378cc,bc76ba80
3f837b7f,bc7772ca
3f837e33,bc782b4c
3f8380e6,bc78e37f
3f838399,bc799ba6
3f83864c,bc7a53c2
3f8388ff,bc7b0bd2
3f838bb3,bc7bc41c
3f838e66,bc7c7c15
3f839119,bc7d3402
3f8393cc,bc7debe4
3f83967f,bc7ea3bb
3f839933,bc7f5bca
3f839be6,bc8009c5
3f839e99,bc80659f
3f83a14c,bc80c173
3f83a3ff,bc811d42
3f83a6b3,bc81792d
3f83a966,bc81d4f0
3f83ac19,bc8230ad
3f83aecc,bc828c64
3f83b17f,bc82e816
3f83b433,bc8343e4
3f83b6e6,bc839f8a
3f83b999,bc83fb2b
3f83bc4c,bc8456c6
3f83beff,bc84b25b
3f83c1b3,bc850e0c
3f83c466,bc856996
3f83c719,bc85c519
3f83c9cc,bc862098
3f83cc7f,bc867c10
3f83cf33,bc86d7a4
3f83d1e6,bc873311
3f83d499,bc878e78
3f83d74c,bc87e9d9
3f83d9ff,bc884535
3f83dcb3,bc88a0ad
3f83df66,bc88fbfd
3f83e219,bc895747
3f83e4cc,bc89b28c
3f83e77f,bc8a0dcb
3f83ea33,bc8a6926
3f83ece6,bc8ac459
3f83ef99,bc8b1f87
3f83f24c,bc8b7aaf
3f83f4ff,bc8bd5d1
3f83f7b3,bc8c310f
3f83fa66,bc8c8c26
3f83fd19,bc8ce737
3f83ffcc,bc8d4242
3f84027f,bc8d9d48
3f840533,bc8df869
3f8407e6,bc8e5363
3f840a99,bc8eae58
3f840d4c,bc8f0946
3f840fff,bc8f642f
3f8412b3,bc8fbf34
3f841566,bc901a11
3f841819,bc9074e9
3f841acc,bc90cfbb
3f841d7f,bc912a87
3f842033,bc918570
3f8422e6,bc91e030
3f842599,bc923aeb
3f84284c,bc9295a1
3f842aff,bc92f051
3f842db3,bc934b1c
3f843066,bc93a5c0
3f843319,bc94005f
3f8435cc,bc945af8
3f84387f,bc94b58b
3f843b33,bc95103a
3f843de6,bc956ac1
3f844099,bc95c543
3f84434c,bc961fbf
3f8445ff,bc967a36
3f8448b3,bc96d4c8
3f844b66,bc972f33
3f844e19,bc978998
3f8450cc,bc97e3f8
3f84537f,bc983e52
3f845633,bc9898c8
3f8458e6,bc98f316
3f845b99,bc994d5f
3f845e4c,bc99a7a2
3f8460ff,bc9a01df
3f8463b3,bc9a5c38
3f846666,bc9ab66a
3f846919,bc9b1096
3f846bcc,bc9b6abd
3f846e7f,bc9bc4de
3f847133,bc9c1f1a
3f8473e6,bc9c7930
3f847699,bc9cd340
3f84794c,bc9d2d4a
3f847bff,bc9d874e
3f847eb3,bc9de16e
3f848166,bc9e3b67
3f848419,bc9e955a
3f8486cc,bc9eef47
3f84897f,bc9f492f
3f848c33,bc9fa333
3f848ee6,bc9ffd0f
3f849199,bca056e6
3f84944c,bca0b0b7
3f8496ff,bca10a82
3f8499b3,bca16469
3f849c66,bca1be29
3f849f19,bca217e3
3f84a1cc,bca27198
3f84a47f,bca2cb47
3f84a733,bca32511
3f84a9e6,bca37eb5
3f84ac99,bca3d852
3f84af4c,bca431ea
3f84b1ff,bca48b7d
3f84b4b3,bca4e52b
3f84b766,bca53eb2
3f84ba19,bca59833
3f84bccc,bca5f1af
3f84bf7f,bca64b25
3f84c233,bca6a4b6
3f84c4e6,bca6fe21
3f84c799,bca75786
3f84ca4c,bca7b0e5
3f84ccff,bca80a3f
3f84cfb3,bca863b4
3f84d266,bca8bd02
3f84d519,bca9164a
3f84d7cc,bca96f8d
3f84da7f,bca9c8ca
3f84dd33,bcaa2223
3f84dfe6,bcaa7b55
3f84e299,bcaad481
3f84e54c,bcab2da8
3f84e7ff,bcab86c8
3f84eab3,bcabe004
3f84ed66,bcac391a
3f84f019,bcac922a
3f84f2cc,bcaceb34
3f84f57f,bcad4438
3f84f833,bcad9d58
3f84fae6,bcadf651
3f84fd99,bcae4f44
3f85004c,bcaea832
3f8502ff,bcaf011a
3f8505b3,bcaf5a1d
3f850866,bcafb2fa
3f850b19,bcb00bd1
3f850dcc,bcb064a3
3f85107f,bcb0bd6e
3f851333,bcb11655
3f8515e6,bcb16f16
3f851899,bcb1c7d0
3f851b4c,bcb22086
3f851dff,bcb27935
3f8520b3,bcb2d200
3f852366,bcb32aa4
3f852619,bcb38342
3f8528cc,bcb3dbdb
3f852b7f,bcb4346e
3f852e33,bcb48d1c
3f8530e6,bcb4e5a4
3f853399,bcb53e26
3f85364c,bcb596a3
3f8538ff,bcb5ef1a
3f853bb3,bcb647ab
3f853e66,bcb6a017
3f854119,bcb6f87d
3f8543cc,bcb750dd
3f85467f,bcb7a938
3f854933,bcb801ad
3f854be6,bcb859fc
3f854e99,bcb8b246
3f85514c,bcb90a8a
3f8553ff,bcb962c8
3f8556b3,bcb9bb22
3f855966,bcba1355
3f855c19,bcba6b82
3f855ecc,bcbac3aa
3f85617f,bcbb1bcc
3f856433,bcbb7409
3f8566e6,bcbbcc20
3f856999,bcbc2431
3f856c4c,bcbc7c3c
3f856eff,bcbcd442
3f8571b3,bcbd2c63
3f857466,bcbd845e
3f857719,bcbddc52
3f8579cc,bcbe3442
3f857c7f,bcbe8c2b
3f857f33,bcbee430
3f8581e6,bcbf3c0e
3f858499,bcbf93e7
3f85874c,bcbfebba
3f8589ff,bcc04387
3f858cb3,bcc09b70
3f858f66,bcc0f332
3f859219,bcc14aee
3f8594cc,bcc1a2a5
3f85977f,bcc1fa57
3f859a33,bcc25223
3f859ce6,bcc2a9c9
3f859f99,bcc30169
3f85a24c,bcc35904
3f85a4ff,bcc3b099
3f85a7b3,bcc40849
3f85aa66,bcc45fd3
3f85ad19,bcc4b757
3f85afcc,bcc50ed6
3f85b27f,bcc5664f
3f85b533,bcc5bde2
3f85b7e6,bcc61550
3f85ba99,bcc66cb8
3f85bd4c,bcc6c41a
3f85bfff,bcc71b78
3f85c2b3,bcc772ef
3f85c566,bcc7ca41
3f85c819,bcc8218d
3f85cacc,bcc878d3
3f85cd7f,bcc8d014
3f85d033,bcc9276f
3f85d2e6,bcc97ea5
3f85d599,bcc9d5d5
3f85d84c,bcca2cff
3f85daff,bcca8423
3f85ddb3,bccadb63
3f85e066,bccb327c
3f85e319,bccb8990
3f85e5cc,bccbe09e
3f85e87f,bccc37a7
3f85eb33,bccc8eca
3f85ede6,bccce5c7
3f85f099,bccd3cbf
3f85f34c,bccd93b1
3f85f5ff,bccdea9e
3f85f8b3,bcce41a5
3f85fb66,bcce9886
3f85fe19,bcceef62
3f8600cc,bccf4638
3f86037f,bccf9d08
3f860633,bccff3f3
3f8608e6,bcd04ab8
3f860b99,bcd0a178
3f860e4c,bcd0f832
3f8610ff,bcd14ee7
3f8613b3,bcd1a5b6
3f861666,bcd1fc5f
3f861919,bcd25302
3f861bcc,bcd2a9a0
3f861e7f,bcd30039
3f862133,bcd356ec
3f8623e6,bcd3ad79
3f862699,bcd40401
3f86294c,bcd45a83
3f862bff,bcd4b0ff
3f862eb3,bcd50796
3f863166,bcd55e07
3f863419,bcd5b473
3f8636cc,bcd60ad9
3f86397f,bcd66139
3f863c33,bcd6b7b4
3f863ee6,bcd70e09
3f864199,bcd76459
3f86444c,bcd7baa3
3f8646ff,bcd810e8
3f8649b3,bcd86746
3f864c66,bcd8bd80
3f864f19,bcd913b3
3f8651cc,bcd969e1
3f86547f,bcd9c00a
3f865733,bcda164d
3f8659e6,bcda6c6a
3f865c99,bcdac282
3f865f4c,bcdb1894
3f8661ff,bcdb6ea1
3f8664b3,bcdbc4c8
3f866766,bcdc1ac9
3f866a19,bcdc70c5
3f866ccc,bcdcc6bb
3f866f7f,bcdd1cac
3f867233,bcdd72b7
3f8674e6,bcddc89c
3f867799,bcde1e7c
3f867a4c,bcde7457
3f867cff,bcdeca2b
3f867fb3,bcdf201a
3f868266,bcdf75e4
3f868519,bcdfcba8
3f8687cc,bce02167
3f868a7f,bce0771f
3f868d33,bce0ccf2
3f868fe6,bce122a0
3f869299,bce17848
3f86954c,bce1cdeb
3f8697ff,bce22388
3f869ab3,bce2793f
3f869d66,bce2ced1
3f86a019,bce3245d
3f86a2cc,bce379e4
3f86a57f,bce3cf65
3f86a833,bce42500
3f86aae6,bce47a76
3f86ad99,bce4cfe7
3f86b04c,bce52552
3f86b2ff,bce57ab7
3f86b5b3,bce5d036
3f86b866,bce62591
3f86bb19,bce67ae5
3f86bdcc,bce6d034
3f86c07f,bce7257e
3f86c333,bce77ae2
3f86c5e6,bce7d020
3f86c899,bce82559
3f86cb4c,bce87a8c
3f86cdff,bce8cfba
3f86d0b3,bce92501
3f86d366,bce97a24
3f86d619,bce9cf41
3f86d8cc,bcea2458
3f86db7f,bcea796a
3f86de33,bceace96
3f86e0e6,bceb239d
3f86e399,bceb789e
3f86e64c,bcebcd9a
3f86e8ff,bcec2290
3f86ebb3,bcec77a0
3f86ee66,bceccc8b
3f86f119,bced2170
3f86f3cc,bced7650
3f86f67f,bcedcb2b
3f86f933,bcee201f
3f86fbe6,bcee74ee
3f86fe99,bceec9b8
3f87014c,bcef1e7c
3f8703ff,bcef733b
3f8706b3,bcefc813
3f870966,bcf01cc7
3f870c19,bcf07175
3f870ecc,bcf0c61d
3f87117f,bcf11ac0
3f871433,bcf16f7d
3f8716e6,bcf1c414
3f871999,bcf218a7
3f871c4c,bcf26d33
3f871eff,bcf2c1bb
3f8721b3,bcf3165c
3f872466,bcf36ad8
3f872719,bcf3bf4e
3f8729cc,bcf413bf
3f872c7f,bcf4682b
3f872f33,bcf4bcb0
3f8731e6,bcf51110
3f873499,bcf5656b
3f87374c,bcf5b9c0
3f8739ff,bcf60e10
3f873cb3,bcf6627a
3f873f66,bcf6b6bf
3f874219,bcf70afe
3f8744cc,bcf75f37
3f87477f,bcf7b36c
3f874a33,bcf807b9
3f874ce6,bcf85be2
3f874f99,bcf8b006
3f87524c,bcf90424
3f8754ff,bcf9583c
3f8757b3,bcf9ac6e
3f875a66,bcfa007c
3f875d19,bcfa5484
3f875fcc,bcfaa886
3f87627f,bcfafc83
3f876533,bcfb509a
3f8767e6,bcfba48b
3f876a99,bcfbf877
3f876d4c,bcfc4c5e
3f876fff,bcfca03f
3f8772b3,bcfcf43a
3f877566,bcfd4810
3f877819,bcfd9be1
3f877acc,bcfdefac
3f877d7f,bcfe4372
3f878033,bcfe9751
3f8782e6,bcfeeb0c
3f878599,bcff3ec1
3f87884c,bcff9270
3f878aff,bcffe61a
3f878db3,bd001cef
3f879066,bd0046be
3f879319,bd00708b
3f8795cc,bd009a55
3f87987f,bd00c41c
3f879b33,bd00edf0
3f879de6,bd0117b2
3f87a099,bd014171
3f87a34c,bd016b2d
3f87a5ff,bd0194e7
3f87a8b3,bd01bead
3f87ab66,bd01e861
3f87ae19,bd021212
3f87b0cc,bd023bc0
3f87b37f,bd02656c
3f87b633,bd028f24
3f87b8e6,bd02b8ca
3f87bb99,bd02e26e
3f87be4c,bd030c0e
3f87c0ff,bd0335ac
3f87c3b3,bd035f57
3f87c666,bd0388ef
3f87c919,bd03b285
3f87cbcc,bd03dc18
3f87ce7f,bd0405a8
3f87d133,bd042f45
3f87d3e6,bd0458d0
3f87d699,bd048257
3f87d94c,bd04abdd
3f87dbff,bd04d55f
3f87deb3,bd04feee
3f87e166,bd05286b
3f87e419,bd0551e5
3f87e6cc,bd057b5d
3f87e97f,bd05a4d1
3f87ec33,bd05ce52
3f87eee6,bd05f7c2
3f87f199,bd06212e
3f87f44c,bd064a98
3f87f6ff,bd0673ff
3f87f9b3,bd069d72
3f87fc66,bd06c6d4
3f87ff19,bd06f032
3f8801cc,bd07198e
3f88047f,bd0742e8
3f880733,bd076c4d
3f8809e6,bd0795a1
3f880c99,bd07bef2
3f880f4c,bd07e840
3f8811ff,bd08118c
3f8814b3,bd083ae4
3f881766,bd08642a
3f881a19,bd088d6d
3f881ccc,bd08b6ae
3f881f7f,bd08dfeb
3f882233,bd090936
3f8824e6,bd09326e
3f882799,bd095ba4
3f882a4c,bd0984d6
3f882cff,bd09ae06
3f882fb3,bd09d743
3f883266,bd0a006e
3f883519,bd0a2996
3f8837cc,bd0a52bb
3f883a7f,bd0a7bdd
3f883d33,bd0aa50c
3f883fe6,bd0ace29
3f884299,bd0af743
3f88454c,bd0b205a
3f8847ff,bd0b496f
3f884ab3,bd0b7290
3f884d66,bd0b9ba0
3f885019,bd0bc4ac
3f8852cc,bd0bedb6
3f88557f,bd0c16bd
3f885833,bd0c3fd0
3f885ae6,bd0c68d2
3f885d99,bd0c91d1
3f88604c,bd0cbacd
3f8862ff,bd0ce3c6
3f8865b3,bd0d0ccc
3f886866,bd0d35c0
3f886b19,bd0d5eb1
3f886dcc,bd0d879f
3f88707f,bd0db08b
3f887333,bd0dd983
3f8875e6,bd0e0269
3f887899,bd0e2b4d
3f887b4c,bd0e542e
3f887dff,bd0e7d0c
3f8880b3,bd0ea5f6
3f888366,bd0ececf
3f888619,bd0ef7a4
3f8888cc,bd0f2078
3f888b7f,bd0f4948
3f888e33,bd0f7225
3f8890e6,bd0f9af0
3f889399,bd0fc3b8
3f88964c,bd0fec7d
3f8898ff,bd101540
3f889bb3,bd103e0f
3f889e66,bd1066cc
3f88a119,bd108f87
3f88a3cc,bd10b83f
3f88a67f,bd10e0f4
3f88a933,bd1109b5
3f88abe6,bd113265
3f88ae99,bd115b12
3f88b14c,bd1183bc
3f88b3ff,bd11ac63
3f88b6b3,bd11d517
3f88b966,bd11fdb9
3f88bc19,bd122659
3f88becc,bd124ef5
3f88c17f,bd12778f
3f88c433,bd12a035
3f88c6e6,bd12c8ca
3f88c999,bd12f15b
3f88cc4c,bd1319ea
3f88ceff,bd134277
3f88d1b3,bd136b0f
3f88d466,bd139396
3f88d719,bd13bc1a
3f88d9cc,bd13e49b
3f88dc7f,bd140d1a
3f88df33,bd1435a5
3f88e1e6,bd145e1e
3f88e499,bd148695
3f88e74c,bd14af08
3f88e9ff,bd14d779
3f88ecb3,bd14fff7
3f88ef66,bd152862
3f88f219,bd1550cb
3f88f4cc,bd157931
3f88f77f,bd15a195
3f88fa33,bd15ca05
3f88fce6,bd15f263
3f88ff99,bd161abe
3f89024c,bd164316
3f8904ff,bd166b6c
3f8907b3,bd1693ce
3f890a66,bd16bc1f
3f890d19,bd16e46d
3f890fcc,bd170cb8
3f89127f,bd173500
3f891533,bd175d54
3f8917e6,bd178597
3f891a99,bd17add7
3f891d4c,bd17d615
3f891fff,bd17fe50
3f8922b3,bd182696
3f892566,bd184ecc
3f892819,bd1876fe
3f892acc,bd189f2e
3f892d7f,bd18c75c
3f893033,bd18ef95
3f8932e6,bd1917bd
3f893599,bd193fe2
3f89384c,bd196804
3f893aff,bd199024
3f893db3,bd19b84f
3f894066,bd19e06a
3f894319,bd1a0881
3f8945cc,bd1a3096
3f89487f,bd1a58a8
3f894b33,bd1a80c6
3f894de6,bd1aa8d3
3f895099,bd1ad0dd
3f89534c,bd1af8e4
3f8955ff,bd1b20e9
3f8958b3,bd1b48f9
3f895b66,bd1b70f8
3f895e19,bd1b98f5
3f8960cc,bd1bc0ef
3f89637f,bd1be8e6
3f896633,bd1c10e9
3f8968e6,bd1c38da
3f896b99,bd1c60c9
3f896e4c,bd1c88b5
3f8970ff,bd1cb09f
3f8973b3,bd1cd894
3f897666,bd1d0079
3f897919,bd1d285a
3f897bcc,bd1d5039
3f897e7f,bd1d7815
3f898133,bd1d9ffd
3f8983e6,bd1dc7d3
3f898699,bd1defa7
3f89894c,bd1e1778
3f898bff,bd1e3f47
3f898eb3,bd1e6721
3f899166,bd1e8eea
3f899419,bd1eb6b1
3f8996cc,bd1ede74
3f89997f,bd1f0635
3f899c33,bd1f2e02
3f899ee6,bd1f55be
3f89a199,bd1f7d77
3f89a44c,bd1fa52d
3f89a6ff,bd1fcce1
3f89a9b3,bd1ff4a0
3f89ac66,bd201c4e
3f89af19,bd2043f9
3f89b1cc,bd206ba2
3f89b47f,bd209348
3f89b733,bd20bafa
3f89b9e6,bd20e29b
3f89bc99,bd210a39
3f89bf4c,bd2131d4
3f89c1ff,bd21596c
3f89c4b3,bd218111
3f89c766,bd21a8a4
3f89ca19,bd21d034
3f89cccc,bd21f7c2
3f89cf7f,bd221f4d
3f89d233,bd2246e4
3f89d4e6,bd226e6a
3f89d799,bd2295ed
3f89da4c,bd22bd6d
3f89dcff,bd22e4eb
3f89dfb3,bd230c74
3f89e266,bd2333ed
3f89e519,bd235b62
3f89e7cc,bd2382d5
3f89ea7f,bd23aa45
3f89ed33,bd23d1c1
3f89efe6,bd23f92c
3f89f299,bd242094
3f89f54c,bd2447f9
3f89f7ff,bd246f5c
3f89fab3,bd2496cb
3f89fd66,bd24be28
3f8a0019,bd24e583
3f8a02cc,bd250cda
3f8a057f,bd253430
3f8a0833,bd255b91
3f8a0ae6,bd2582e1
3f8a0d99,bd25aa2e
3f8a104c,bd25d179
3f8a12ff,bd25f8c0
3f8a15b3,bd262014
3f8a1866,bd264756
3f8a1b19,bd266e96
3f8a1dcc,bd2695d3
3f8a207f,bd26bd0e
3f8a2333,bd26e454
3f8a25e6,bd270b89
3f8a2899,bd2732bb
3f8a2b4c,bd2759eb
3f8a2dff,bd278118
3f8a30b3,bd27a851
3f8a3366,bd27cf78
3f8a3619,bd27f69d
3f8a38cc,bd281dc0
3f8a3b7f,bd2844df
3f8a3e33,bd286c0a
3f8a40e6,bd289325
3f8a4399,bd28ba3c
3f8a464c,bd28e151
3f8a48ff,bd290863
3f8a4bb3,bd292f81
3f8a4e66,bd29568e
3f8a5119,bd297d98
3f8a53cc,bd29a4a0
3f8a567f,bd29cba4
3f8a5933,bd29f2b5
3f8a5be6,bd2a19b4
3f8a5e99,bd2a40b1
3f8a614c,bd2a67ab
3f8a63ff,bd2a8ea3
3f8a66b3,bd2ab5a6
3f8a6966,bd2adc98
3f8a6c19,bd2b0387
3f8a6ecc,bd2b2a74
3f8a717f,bd2b515e
3f8a7433,bd2b7853
3f8a76e6,bd2b9f38
3f8a7999,bd2bc61a
3f8a7c4c,bd2becf9
3f8a7eff,bd2c13d6
3f8a81b3,bd2c3abe
3f8a8466,bd2c6196
3f8a8719,bd2c886a
3f8a89cc,bd2caf3c
3f8a8c7f,bd2cd60b
3f8a8f33,bd2cfce6
3f8a91e6,bd2d23b0
3f8a9499,bd2d4a78
3f8a974c,bd2d713c
3f8a99ff,bd2d97fe
3f8a9cb3,bd2dbecc
3f8a9f66,bd2de588
3f8aa219,bd2e0c42
3f8aa4cc,bd2e32f9
3f8aa77f,bd2e59ae
3f8aaa33,bd2e806e
3f8aace6,bd2ea71d
3f8aaf99,bd2ecdca
3f8ab24c,bd2ef474
3f8ab4ff,bd2f1b1b
3f8ab7b3,bd2f41ce
3f8aba66,bd2f686f
3f8abd19,bd2f8f0f
3f8abfcc,bd2fb5ab
3f8ac27f,bd2fdc45
3f8ac533,bd3002eb
3f8ac7e6,bd30297f
3f8aca99,bd305011
3f8acd4c,bd3076a0
3f8acfff,bd309d2d
3f8ad2b3,bd30c3c5
3f8ad566,bd30ea4c
3f8ad819,bd3110d1
3f8adacc,bd313753
3f8add7f,bd315dd2
3f8ae033,bd31845d
3f8ae2e6,bd31aad7
3f8ae599,bd31d14e
3f8ae84c,bd31f7c2
3f8aeaff,bd321e34
3f8aedb3,bd3244b2
3f8af066,bd326b1e
3f8af319,bd329188
3f8af5cc,bd32b7ef
3f8af87f,bd32de54
3f8afb33,bd3304c4
3f8afde6,bd332b24
3f8b0099,bd335180
3f8b034c,bd3377da
3f8b05ff,bd339e31
3f8b08b3,bd33c494
3f8b0b66,bd33eae6
3f8b0e19,bd341135
3f8b10cc,bd343782
3f8b137f,bd345dcc
3f8b1633,bd348422
3f8b18e6,bd34aa66
3f8b1b99,bd34d0a8
3f8b1e4c,bd34f6e8
3f8b20ff,bd351d24
3f8b23b3,bd35436d
3f8b2666,bd3569a4
3f8b2919,bd358fd9
3f8b2bcc,bd35b60b
3f8b2e7f,bd35dc3a
3f8b3133,bd360275
3f8b33e6,bd36289f
3f8b3699,bd364ec7
3f8b394c,bd3674ec
3f8b3bff,bd369b0e
3f8b3eb3,bd36c13b
3f8b4166,bd36e758
3f8b4419,bd370d73
3f8b46cc,bd37338a
3f8b497f,bd37599f
3f8b4c33,bd377fbf
3f8b4ee6,bd37a5cf
3f8b5199,bd37cbdc
3f8b544c,bd37f1e6
3f8b56ff,bd3817ee
3f8b59b3,bd383e01
3f8b5c66,bd386403
3f8b5f19,bd388a03
3f8b61cc,bd38b000
3f8b647f,bd38d5fa
3f8b6733,bd38fc00
3f8b69e6,bd3921f5
3f8b6c99,bd3947e8
3f8b6f4c,bd396dd7
3f8b71ff,bd3993c5
3f8b74b3,bd39b9bd
3f8b7766,bd39dfa5
3f8b7a19,bd3a058a
3f8b7ccc,bd3a2b6d
3f8b7f7f,bd3a514d
3f8b8233,bd3a7738
3f8b84e6,bd3a9d12
3f8b8799,bd3ac2ea
3f8b8a4c,bd3ae8c0
3f8b8cff,bd3b0e93
3f8b8fb3,bd3b3470
3f8b9266,bd3b5a3e
3f8b9519,bd3b8009
3f8b97cc,bd3ba5d1
3f8b9a7f,bd3bcb96
3f8b9d33,bd3bf167
3f8b9fe6,bd3c1727
3f8ba299,bd3c3ce5
3f8ba54c,bd3c62a0
3f8ba7ff,bd3c8858
3f8baab3,bd3cae1b
3f8bad66,bd3cd3ce
3f8bb019,bd3cf97f
3f8bb2cc,bd3d1f2c
3f8bb57f,bd3d44d7
3f8bb833,bd3d6a8e
3f8bbae6,bd3d9033
3f8bbd99,bd3db5d7
3f8bc04c,bd3ddb77
3f8bc2ff,bd3e0115
3f8bc5b3,bd3e26be
3f8bc866,bd3e4c57
3f8bcb19,bd3e71ed
3f8bcdcc,bd3e9780
3f8bd07f,bd3ebd10
3f8bd333,bd3ee2ac
3f8bd5e6,bd3f0838
3f8bd899,bd3f2dc0
3f8bdb4c,bd3f5347
3f8bddff,bd3f78ca
3f8be0b3,bd3f9e59
3f8be366,bd3fc3d7
3f8be619,bd3fe952
3f8be8cc,bd400ecb
3f8beb7f,bd403442
3f8bee33,bd4059c3
3f8bf0e6,bd407f34
3f8bf399,bd40a4a2
3f8bf64c,bd40ca0e
3f8bf8ff,bd40ef77
3f8bfbb3,bd4114ec
3f8bfe66,bd413a4f
3f8c0119,bd415fb1
3f8c03cc,bd41850f
3f8c067f,bd41aa6b
3f8c0933,bd41cfd2
3f8c0be6,bd41f529
3f8c0e99,bd421a7d
3f8c114c,bd423fcf
3f8c13ff,bd42651d
3f8c16b3,bd428a77
3f8c1966,bd42afc1
3f8c1c19,bd42d508
3f8c1ecc,bd42fa4c
3f8c217f,bd431f8e
3f8c2433,bd4344da
3f8c26e6,bd436a17
3f8c2999,bd438f51
3f8c2c4c,bd43b488
3f8c2eff,bd43d9bc
3f8c31b3,bd43fefc
3f8c3466,bd44242b
3f8c3719,bd444958
3f8c39cc,bd446e81
3f8c3c7f,bd4493a9
3f8c3f33,bd44b8dc
3f8c41e6,bd44ddfe
3f8c4499,bd45031d
3f8c474c,bd45283a
3f8c49ff,bd454d54
3f8c4cb3,bd457279
3f8c4f66,bd45978e
3f8c5219,bd45bca1
3f8c54cc,bd45e1b0
3f8c577f,bd4606be
3f8c5a33,bd462bd6
3f8c5ce6,bd4650de
3f8c5f99,bd4675e3
3f8c624c,bd469ae5
3f8c64ff,bd46bfe5
3f8c67b3,bd46e4f1
3f8c6a66,bd4709eb
3f8c6d19,bd472ee3
3f8c6fcc,bd4753d9
3f8c727f,bd4778cc
3f8c7533,bd479dca
3f8c77e6,bd47c2b7
3f8c7a99,bd47e7a2
3f8c7d4c,bd480c8b
3f8c7fff,bd483170
3f8c82b3,bd485661
3f8c8566,bd487b42
3f8c8819,bd48a020
3f8c8acc,bd48c4fb
3f8c8d7f,bd48e9d4
3f8c9033,bd490eb7
3f8c92e6,bd49338b
3f8c9599,bd49585c
3f8c984c,bd497d2a
3f8c9aff,bd49a1f6
3f8c9db3,bd49c6cc
3f8ca066,bd49eb92
3f8ca319,bd4a1056
3f8ca5cc,bd4a3517
3f8ca87f,bd4a59d6
3f8cab33,bd4a7e9f
3f8cade6,bd4aa359
3f8cb099,bd4ac80f
3f8cb34c,bd4aecc3
3f8cb5ff,bd4b1175
3f8cb8b3,bd4b3631
3f8cbb66,bd4b5add
3f8cbe19,bd4b7f87
3f8cc0cc,bd4ba42e
3f8cc37f,bd4bc8d2
3f8cc633,bd4bed82
3f8cc8e6,bd4c1221
3f8ccb99,bd4c36be
3f8cce4c,bd4c5b57
3f8cd0ff,bd4c7fef
3f8cd3b3,bd4ca491
3f8cd666,bd4cc923
3f8cd919,bd4cedb2
3f8cdbcc,bd4d123f
3f8cde7f,bd4d36ca
3f8ce133,bd4d5b5f
3f8ce3e6,bd4d7fe4
3f8ce699,bd4da466
3f8ce94c,bd4dc8e6
3f8cebff,bd4ded63
3f8ceeb3,bd4e11eb
3f8cf166,bd4e3663
3f8cf419,bd4e5ad9
3f8cf6cc,bd4e7f4c
3f8cf97f,bd4ea3bc
3f8cfc33,bd4ec837
3f8cfee6,bd4eeca2
3f8d0199,bd4f110a
3f8d044c,bd4f3570
3f8d06ff,bd4f59d3
3f8d09b3,bd4f7e41
3f8d0c66,bd4fa29f
3f8d0f19,bd4fc6fa
3f8d11cc,bd4feb53
3f8d147f,bd500fa9
3f8d1733,bd50340a
3f8d19e6,bd50585b
3f8d1c99,bd507caa
3f8d1f4c,bd50a0f5
3f8d21ff,bd50c53e
3f8d24b3,bd50e992
3f8d2766,bd510dd6
3f8d2a19,bd513217
3f8d2ccc,bd515656
3f8d2f7f,bd517a92
3f8d3233,bd519ed9
3f8d34e6,bd51c310
3f8d3799,bd51e744
3f8d3a4c,bd520b76
3f8d3cff,bd522fa5
3f8d3fb3,bd5253df
3f8d4266,bd527809
3f8d4519,bd529c30
3f8d47cc,bd52c055
3f8d4a7f,bd52e477
3f8d4d33,bd5308a4
3f8d4fe6,bd532cc1
3f8d5299,bd5350db
3f8d554c,bd5374f3
3f8d57ff,bd539908
3f8d5ab3,bd53bd28
3f8d5d66,bd53e138
3f8d6019,bd540545
3f8d62cc,bd542950
3f8d657f,bd544d58
3f8d6833,bd54716b
3f8d6ae6,bd54956e
3f8d6d99,bd54b96e
3f8d704c,bd54dd6c
3f8d72ff,bd550167
3f8d75b3,bd55256d
3f8d7866,bd554963
3f8d7b19,bd556d56
3f8d7dcc,bd559147
3f8d807f,bd55b535
3f8d8333,bd55d92e
3f8d85e6,bd55fd17
3f8d8899,bd5620fd
3f8d8b4c,bd5644e1
3f8d8dff,bd5668c2
3f8d90b3,bd568cae
3f8d9366,bd56b08a
3f8d9619,bd56d464
3f8d98cc,bd56f83b
3f8d9b7f,bd571c0f
3f8d9e33,bd573fee
3f8da0e6,bd5763bd
3f8da399,bd578789
3f8da64c,bd57ab53
3f8da8ff,bd57cf1b
3f8dabb3,bd57f2ed
3f8dae66,bd5816af
3f8db119,bd583a6e
3f8db3cc,bd585e2b
3f8db67f,bd5881e6
3f8db933,bd58a5ab
3f8dbbe6,bd58c960
3f8dbe99,bd58ed12
3f8dc14c,bd5910c3
3f8dc3ff,bd593470
3f8dc6b3,bd595828
3f8dc966,bd597bd0
3f8dcc19,bd599f76
3f8dcecc,bd59c319
3f8dd17f,bd59e6b9
3f8dd433,bd5a0a65
3f8dd6e6,bd5a2e00
3f8dd999,bd5a5199
3f8ddc4c,bd5a752f
3f8ddeff,bd5a98c3
3f8de1b3,bd5abc61
3f8de466,bd5adfef
3f8de719,bd5b037b
3f8de9cc,bd5b2704
3f8dec7f,bd5b4a8b
3f8def33,bd5b6e1c
3f8df1e6,bd5b919e
3f8df499,bd5bb51c
3f8df74c,bd5bd899
3f8df9ff,bd5bfc13
3f8dfcb3,bd5c1f97
3f8dff66,bd5c430c
3f8e0219,bd5c667e
3f8e04cc,bd5c89ed
3f8e077f,bd5cad5a
3f8e0a33,bd5cd0d1
3f8e0ce6,bd5cf439
3f8e0f99,bd5d179e
3f8e124c,bd5d3b01
3f8e14ff,bd5d5e61
3f8e17b3,bd5d81cb
3f8e1a66,bd5da526
3f8e1d19,bd5dc87e
3f8e1fcc,bd5debd4
3f8e227f,bd5e0f27
3f8e2533,bd5e3285
3f8e27e6,bd5e55d3
3f8e2a99,bd5e791e
3f8e2d4c,bd5e9c67
3f8e2fff,bd5ebfad
3f8e32b3,bd5ee2fe
3f8e3566,bd5f063f
3f8e3819,bd5f297d
3f8e3acc,bd5f4cb9
3f8e3d7f,bd5f6ff2
3f8e4033,bd5f9336
3f8e42e6,bd5fb66a
3f8e4599,bd5fd99c
3f8e484c,bd5ffccb
3f8e4aff,bd601ff8
3f8e4db3,bd60432e
3f8e5066,bd606656
3f8e5319,bd60897a
3f8e55cc,bd60ac9d
3f8e587f,bd60cfbc
3f8e5b33,bd60f2e6
3f8e5de6,bd611601
3f8e6099,bd613919
3f8e634c,bd615c2e
3f8e65ff,bd617f41
3f8e68b3,bd61a25e
3f8e6b66,bd61c56c
3f8e6e19,bd61e877
3f8e70cc,bd620b7f
3f8e737f,bd622e85
3f8e7633,bd625195
3f8e78e6,bd627496
3f8e7b99,bd629794
3f8e7e4c,bd62ba90
3f8e80ff,bd62dd89
3f8e83b3,bd63008d
3f8e8666,bd632380
3f8e8919,bd634672
3f8e8bcc,bd636961
3f8e8e7f,bd638c4d
3f8e9133,bd63af43
3f8e93e6,bd63d22a
3f8e9699,bd63f50f
3f8e994c,bd6417f1
3f8e9bff,bd643ad1
3f8e9eb3,bd645dba
3f8ea166,bd648094
3f8ea419,bd64a36c
3f8ea6cc,bd64c642
3f8ea97f,bd64e914
3f8eac33,bd650bf1
3f8eaee6,bd652ebe
3f8eb199,bd655189
3f8eb44c,bd657452
3f8eb6ff,bd659717
3f8eb9b3,bd65b9e8
3f8ebc66,bd65dca8
3f8ebf19,bd65ff66
3f8ec1cc,bd662222
3f8ec47f,bd6644db
3f8ec733,bd66679e
3f8ec9e6,bd668a52
3f8ecc99,bd66ad03
3f8ecf4c,bd66cfb2
3f8ed1ff,bd66f25e
3f8ed4b3,bd671515
3f8ed766,bd6737bc
3f8eda19,bd675a60
3f8edccc,bd677d02
3f8edf7f,bd679fa2
3f8ee233,bd67c24b
3f8ee4e6,bd67e4e6
3f8ee799,bd68077d
3f8eea4c,bd682a12
3f8eecff,bd684ca5
3f8eefb3,bd686f42
3f8ef266,bd6891cf
3f8ef519,bd68b45a
3f8ef7cc,bd68d6e3
3f8efa7f,bd68f968
3f8efd33,bd691bf9
3f8effe6,bd693e79
3f8f0299,bd6960f7
3f8f054c,bd698373
3f8f07ff,bd69a5ec
3f8f0ab3,bd69c86f
3f8f0d66,bd69eae3
3f8f1019,bd6a0d54
3f8f12cc,bd6a2fc3
3f8f157f,bd6a5230
3f8f1833,bd6a74a6
3f8f1ae6,bd6a970d
3f8f1d99,bd6ab972
3f8f204c,bd6adbd4
3f8f22ff,bd6afe34
3f8f25b3,bd6b209d
3f8f2866,bd6b42f8
3f8f2b19,bd6b6550
3f8f2dcc,bd6b87a5
3f8f307f,bd6ba9f8
3f8f3333,bd6bcc55
3f8f35e6,bd6beea2
3f8f3899,bd6c10ee
3f8f3b4c,bd6c3336
3f8f3dff,bd6c557c
3f8f40b3,bd6c77cc
3f8f4366,bd6c9a0d
3f8f4619,bd6cbc4c
3f8f48cc,bd6cde88
3f8f4b7f,bd6d00c1
3f8f4e33,bd6d2304
3f8f50e6,bd6d4538
3f8f5399,bd6d676a
3f8f564c,bd6d8999
3f8f58ff,bd6dabc6
3f8f5bb3,bd6dcdfc
3f8f5e66,bd6df024
3f8f6119,bd6e1249
3f8f63cc,bd6e346b
3f8f667f,bd6e568b
3f8f6933,bd6e78b5
3f8f6be6,bd6e9ad0
3f8f6e99,bd6ebce8
3f8f714c,bd6edefe
3f8f73ff,bd6f0111
3f8f76b3,bd6f232e
3f8f7966,bd6f453c
3f8f7c19,bd6f6748
3f8f7ecc,bd6f8950
3f8f817f,bd6fab57
3f8f8433,bd6fcd67
3f8f86e6,bd6fef69
3f8f8999,bd701167
3f8f8c4c,bd703364
3f8f8eff,bd70555d
3f8f91b3,bd707761
3f8f9466,bd709956
3f8f9719,bd70bb48
3f8f99cc,bd70dd37
3f8f9c7f,bd70ff24
3f8f9f33,bd71211b
3f8fa1e6,bd714303
3f8fa499,bd7164e9
3f8fa74c,bd7186cc
3f8fa9ff,bd71a8ac
3f8facb3,bd71ca96
3f8faf66,bd71ec71
3f8fb219,bd720e4a
3f8fb4cc,bd723020
3f8fb77f,bd7251f4
3f8fba33,bd7273d1
3f8fbce6,bd7295a0
3f8fbf99,bd72b76c
3f8fc24c,bd72d936
3f8fc4ff,bd72fafc
3f8fc7b3,bd731ccd
3f8fca66,bd733e8f
3f8fcd19,bd73604f
3f8fcfcc,bd73820c
3f8fd27f,bd73a3c6
3f8fd533,bd73c58a
3f8fd7e6,bd73e73f
3f8fda99,bd7408f2
3f8fdd4c,bd742aa2
3f8fdfff,bd744c50
3f8fe2b3,bd746e07
3f8fe566,bd748fb0
3f8fe819,bd74b156
3f8feacc,bd74d2f9
3f8fed7f,bd74f49a
3f8ff033,bd751645
3f8ff2e6,bd7537e1
3f8ff599,bd75597a
3f8ff84c,bd757b11
3f8ffaff,bd759ca5
3f8ffdb3,bd75be44
3f900066,bd75dfd3
3f900319,bd760160
3f9005cc,bd7622ea
3f90087f,bd764471
3f900b33,bd766603
3f900de6,bd768786
3f901099,bd76a906
3f90134c,bd76ca83
3f9015ff,bd76ebfe
3f9018b3,bd770d83
3f901b66,bd772ef9
3f901e19,bd77506c
3f9020cc,bd7771dd
3f90237f,bd77934c
3f902633,bd77b4c4
3f9028e6,bd77d62d
3f902b99,bd77f794
3f902e4c,bd7818f8
3f9030ff,bd783a5a
3f9033b3,bd785bc6
3f903666,bd787d22
3f903919,bd789e7d
3f903bcc,bd78bfd4
3f903e7f,bd78e129
3f904133,bd790289
3f9043e6,bd7923d9
3f904699,bd794526
3f90494c,bd796671
3f904bff,bd7987ba
3f904eb3,bd79a90c
3f905166,bd79ca50
3f905419,bd79eb90
3f9056cc,bd7a0ccf
3f90597f,bd7a2e0b
3f905c33,bd7a4f50
3f905ee6,bd7a7088
3f906199,bd7a91bc
3f90644c,bd7ab2ee
3f9066ff,bd7ad41d
3f9069b3,bd7af556
3f906c66,bd7b1680
3f906f19,bd7b37a8
3f9071cc,bd7b58cd
3f90747f,bd7b79f0
3f907733,bd7b9b1c
3f9079e6,bd7bbc3a
3f907c99,bd7bdd56
3f907f4c,bd7bfe6e
3f9081ff,bd7c1f84
3f9084b3,bd7c40a4
3f908766,bd7c61b5
3f908a19,bd7c82c4
3f908ccc,bd7ca3d0
3f908f7f,bd7cc4da
3f909233,bd7ce5ed
3f9094e6,bd7d06f1
3f909799,bd7d27f3
3f909a4c,bd7d48f3
3f909cff,bd7d69f0
3f909fb3,bd7d8af6
3f90a266,bd7dabee
3f90a519,bd7dcce4
3f90a7cc,bd7dedd7
3f90aa7f,bd7e0ec7
3f90ad33,bd7e2fc1
3f90afe6,bd7e50ad
3f90b299,bd7e7196
3f90b54c,bd7e927c
3f90b7ff,bd7eb360
3f90bab3,bd7ed44d
3f90bd66,bd7ef52c
3f90c019,bd7f1608
3f90c2cc,bd7f36e2
3f90c57f,bd7f57ba
3f90c833,bd7f789a
3f90cae6,bd7f996d
3f90cd99,bd7fba3d
3f90d04c,bd7fdb0a
3f90d2ff,bd7ffbd5
3f90d5b3,bd800e54
3f90d866,bd801eb7
3f90db19,bd802f19
3f90ddcc,bd803f79
3f90e07f,bd804fd8
3f90e333,bd80603c
3f90e5e6,bd807099
3f90e899,bd8080f4
3f90eb4c,bd80914e
3f90edff,bd80a1a7
3f90f0b3,bd80b205
3f90f366,bd80c25b
3f90f619,bd80d2b0
3f90f8cc,bd80e304
3f90fb7f,bd80f357
3f90fe33,bd8103ae
3f9100e6,bd8113fe
3f910399,bd81244d
3f91064c,bd81349b
3f9108ff,bd8144e7
3f910bb3,bd815538
3f910e66,bd816582
3f911119,bd8175ca
3f9113cc,bd818612
3f91167f,bd819658
3f911933,bd81a6a3
3f911be6,bd81b6e6
3f911e99,bd81c728
3f91214c,bd81d76a
3f9123ff,bd81e7a9
3f9126b3,bd81f7ee
3f912966,bd82082b
3f912c19,bd821867
3f912ecc,bd8228a2
3f91317f,bd8238dc
3f913433,bd82491a
3f9136e6,bd825951
3f913999,bd826987
3f913c4c,bd8279bb
3f913eff,bd8289ef
3f9141b3,bd829a27
3f914466,bd82aa57
3f914719,bd82ba87
3f9149cc,bd82cab5
3f914c7f,bd82dae2
3f914f33,bd82eb14
3f9151e6,bd82fb3f
3f915499,bd830b68
3f91574c,bd831b90
3f9159ff,bd832bb7
3f915cb3,bd833be3
3f915f66,bd834c07
3f916219,bd835c2a
3f9164cc,bd836c4c
3f91677f,bd837c6c
3f916a33,bd838c92
3f916ce6,bd839cb0
3f916f99,bd83accd
3f91724c,bd83bce8
3f9174ff,bd83cd03
3f9177b3,bd83dd22
3f917a66,bd83ed39
3f917d19,bd83fd50
3f917fcc,bd840d65
3f91827f,bd841d7a
3f918533,bd842d92
3f9187e6,bd843da4
3f918a99,bd844db4
3f918d4c,bd845dc3
3f918fff,bd846dd1
3f9192b3,bd847de4
3f919566,bd848def
3f919819,bd849dfa
3f919acc,bd84ae02
3f919d7f,bd84be0a
3f91a033,bd84ce16
3f91a2e6,bd84de1c
3f91a599,bd84ee1f
3f91a84c,bd84fe22
3f91aaff,bd850e24
3f91adb3,bd851e2a
3f91b066,bd852e29
3f91b319,bd853e26
3f91b5cc,bd854e23
3f91b87f,bd855e1e
3f91bb33,bd856e1e
3f91bde6,bd857e17
3f91c099,bd858e0e
3f91c34c,bd859e04
3f91c5ff,bd85adfa
3f91c8b3,bd85bdf3
3f91cb66,bd85cde6
3f91ce19,bd85ddd7
3f91d0cc,bd85edc7
3f91d37f,bd85fdb6
3f91d633,bd860da9
3f91d8e6,bd861d96
3f91db99,bd862d80
3f91de4c,bd863d6a
3f91e0ff,bd864d53
3f91e3b3,bd865d40
3f91e666,bd866d26
3f91e919,bd867d0b
3f91ebcc,bd868cef
3f91ee7f,bd869cd1
3f91f133,bd86acb8
3f91f3e6,bd86bc98
3f91f699,bd86cc77
3f91f94c,bd86dc54
3f91fbff,bd86ec30
3f91feb3,bd86fc11
3f920166,bd870beb
3f920419,bd871bc3
3f9206cc,bd872b9a
3f92097f,bd873b70
3f920c33,bd874b4b
3f920ee6,bd875b1e
3f921199,bd876af1
3f92144c,bd877ac2
3f9216ff,bd878a92
3f9219b3,bd879a66
3f921c66,bd87aa33
3f921f19,bd87b9ff
3f9221cc,bd87c9ca
3f92247f,bd87d994
3f922733,bd87e962
3f9229e6,bd87f929
3f922c99,bd8808ef
3f922f4c,bd8818b3
3f9231ff,bd882877
3f9234b3,bd88383f
3f923766,bd884800
3f923a19,bd8857bf
3f923ccc,bd88677e
3f923f7f,bd88773b
3f924233,bd8886fd
3f9244e6,bd8896b8
3f924799,bd88a671
3f924a4c,bd88b629
3f924cff,bd88c5e0
3f924fb3,bd88d59c
3f925266,bd88e550
3f925519,bd88f504
3f9257cc,bd8904b6
3f925a7f,bd891467
3f925d33,bd89241c
3f925fe6,bd8933ca
3f926299,bd894378
3f92654c,bd895324
3f9267ff,bd8962ce
3f926ab3,bd89727d
3f926d66,bd898226
3f927019,bd8991cd
3f9272cc,bd89a172
3f92757f,bd89b117
3f927833,bd89c0c0
3f927ae6,bd89d062
3f927d99,bd89e003
3f92804c,bd89efa2
3f9282ff,bd89ff40
3f9285b3,bd8a0ee3
3f928866,bd8a1e7f
3f928b19,bd8a2e1a
3f928dcc,bd8a3db3
3f92907f,bd8a4d4b
3f929333,bd8a5ce8
3f9295e6,bd8a6c7e
3f929899,bd8a7c12
3f929b4c,bd8a8ba5
3f929dff,bd8a9b37
3f92a0b3,bd8aaace
3f92a366,bd8aba5d
3f92a619,bd8ac9ec
3f92a8cc,bd8ad979
3f92ab7f,bd8ae904
3f92ae33,bd8af895
3f92b0e6,bd8b081e
3f92b399,bd8b17a6
3f92b64c,bd8b272d
3f92b8ff,bd8b36b3
3f92bbb3,bd8b463d
3f92be66,bd8b55c0
3f92c119,bd8b6542
3f92c3cc,bd8b74c3
3f92c67f,bd8b8442
3f92c933,bd8b93c6
3f92cbe6,bd8ba344
3f92ce99,bd8bb2bf
3f92d14c,bd8bc23a
3f92d3ff,bd8bd1b3
3f92d6b3,bd8be131
3f92d966,bd8bf0a8
3f92dc19,bd8c001e
3f92decc,bd8c0f92
3f92e17f,bd8c1f05
3f92e433,bd8c2e7d
3f92e6e6,bd8c3dee
3f92e999,bd8c4d5d
3f92ec4c,bd8c5ccb
3f92eeff,bd8c6c38
3f92f1b3,bd8c7baa
3f92f466,bd8c8b15
3f92f719,bd8c9a7e
3f92f9cc,bd8ca9e6
3f92fc7f,bd8cb94d
3f92ff33,bd8cc8b8
3f9301e6,bd8cd81d
3f930499,bd8ce780
3f93074c,bd8cf6e2
3f9309ff,bd8d0643
3f930cb3,bd8d15a8
3f930f66,bd8d2506
3f931219,bd8d3463
3f9314cc,bd8d43bf
3f93177f,bd8d531a
3f931a33,bd8d6279
3f931ce6,bd8d71d2
3f931f99,bd8d8128
3f93224c,bd8d907e
3f9324ff,bd8d9fd2
3f9327b3,bd8daf2b
3f932a66,bd8dbe7d
3f932d19,bd8dcdce
3f932fcc,bd8ddd1e
3f93327f,bd8dec6c
3f933533,bd8dfbbf
3f9337e6,bd8e0b0b
3f933a99,bd8e1a56
3f933d4c,bd8e299f
3f933fff,bd8e38e7
3f9342b3,bd8e4834
3f934566,bd8e577a
3f934819,bd8e66be
3f934acc,bd8e7602
3f934d7f,bd8e8544
3f935033,bd8e948a
3f9352e6,bd8ea3ca
3f935599,bd8eb308
3f93584c,bd8ec246
3f935aff,bd8ed182
3f935db3,bd8ee0c2
3f936066,bd8eeffc
3f936319,bd8eff34
3f9365cc,bd8f0e6b
3f93687f,bd8f1da1
3f936b33,bd8f2cdb
3f936de6,bd8f3c0f
3f937099,bd8f4b41
3f93734c,bd8f5a72
3f9375ff,bd8f69a2
3f9378b3,bd8f78d6
3f937b66,bd8f8803
3f937e19,bd8f972f
3f9380cc,bd8fa65a
3f93837f,bd8fb584
3f938633,bd8fc4b2
3f9388e6,bd8fd3d9
3f938b99,bd8fe2ff
3f938e4c,bd8ff224
3f9390ff,bd900147
3f9393b3,bd90106f
3f939666,bd901f90
3f939919,bd902eb0
3f939bcc,bd903dcf
3f939e7f,bd904cec
3f93a133,bd905c0e
3f93a3e6,bd906b29
3f93a699,bd907a43
3f93a94c,bd90895b
3f93abff,bd909873
3f93aeb3,bd90a78e
3f93b166,bd90b6a3
3f93b419,bd90c5b7
3f93b6cc,bd90d4c9
3f93b97f,bd90e3db
3f93bc33,bd90f2f0
3f93bee6,bd9101ff
3f93c199,bd91110d
3f93c44c,bd912019
3f93c6ff,bd912f24
3f93c9b3,bd913e33
3f93cc66,bd914d3c
3f93cf19,bd915c44
3f93d1cc,bd916b4a
3f93d47f,bd917a4f
3f93d733,bd918958
3f93d9e6,bd91985b
3f93dc99,bd91a75c
3f93df4c,bd91b65c
3f93e1ff,bd91c55b
3f93e4b3,bd91d45f
3f93e766,bd91e35b
3f93ea19,bd91f256
3f93eccc,bd920150
3f93ef7f,bd921049
3f93f233,bd921f47
3f93f4e6,bd922e3d
3f93f799,bd923d32
3f93fa4c,bd924c26
3f93fcff,bd925b19
3f93ffb3,bd926a10
3f940266,bd927900
3f940519,bd9287f0
3f9407cc,bd9296dd
3f940a7f,bd92a5ca
3f940d33,bd92b4bb
3f940fe6,bd92c3a5
3f941299,bd92d28e
3f94154c,bd92e176
3f9417ff,bd92f05d
3f941ab3,bd92ff48
3f941d66,bd930e2c
3f942019,bd931d0f
3f9422cc,bd932bf1
3f94257f,bd933ad1
3f942833,bd9349b6
3f942ae6,bd935894
3f942d99,bd936771
3f94304c,bd93764d
3f9432ff,bd938527
3f9435b3,bd939406
3f943866,bd93a2de
3f943b19,bd93b1b5
3f943dcc,bd93c08a
3f94407f,bd93cf5f
3f944333,bd93de38
3f9445e6,bd93ed0a
3f944899,bd93fbda
3f944b4c,bd940aaa
3f944dff,bd941978
3f9450b3,bd94284b
3f945366,bd943717
3f945619,bd9445e1
3f9458cc,bd9454ab
3f945b7f,bd946373
3f945e33,bd947240
3f9460e6,bd948106
3f946399,bd948fca
3f94664c,bd949e8e
3f9468ff,bd94ad50
3f946bb3,bd94bc16
3f946e66,bd94cad6
3f947119,bd94d995
3f9473cc,bd94e852
3f94767f,bd94f70e
3f947933,bd9505ce
3f947be6,bd951488
3f947e99,bd952341
3f94814c,bd9531f8
3f9483ff,bd9540ae
3f9486b3,bd954f68
3f948966,bd955e1c
3f948c19,bd956ccf
3f948ecc,bd957b80
3f94917f,bd958a30
3f949433,bd9598e4
3f9496e6,bd95a792
3f949999,bd95b63e
3f949c4c,bd95c4e9
3f949eff,bd95d394
3f94a1b3,bd95e242
3f94a466,bd95f0e9
3f94a719,bd95ff8f
3f94a9cc,bd960e35
3f94ac7f,bd961cd9
3f94af33,bd962b81
3f94b1e6,bd963a22
3f94b499,bd9648c3
3f94b74c,bd965762
3f94b9ff,bd966600
3f94bcb3,bd9674a2
3f94bf66,bd96833d
3f94c219,bd9691d7
3f94c4cc,bd96a071
3f94c77f,bd96af09
3f94ca33,bd96bda5
3f94cce6,bd96cc3a
3f94cf99,bd96dace
3f94d24c,bd96e961
3f94d4ff,bd96f7f3
3f94d7b3,bd970689
3f94da66,bd971519
3f94dd19,bd9723a7
3f94dfcc,bd973234
3f94e27f,bd9740bf
3f94e533,bd974f50
3f94e7e6,bd975dd9
3f94ea99,bd976c61
3f94ed4c,bd977ae8
3f94efff,bd97896e
3f94f2b3,bd9797f8
3f94f566,bd97a67b
3f94f819,bd97b4fe
3f94facc,bd97c37e
3f94fd7f,bd97d1fe
3f950033,bd97e082
3f9502e6,bd97eeff
3f950599,bd97fd7c
3f95084c,bd980bf6
3f950aff,bd981a70
3f950db3,bd9828ee
3f951066,bd983765
3f951319,bd9845db
3f9515cc,bd985450
3f95187f,bd9862c4
3f951b33,bd98713c
3f951de6,bd987fad
3f952099,bd988e1d
3f95234c,bd989c8c
3f9525ff,bd98aafa
3f9528b3,bd98b96c
3f952b66,bd98c7d7
3f952e19,bd98d641
3f9530cc,bd98e4aa
3f95337f,bd98f311
3f953633,bd99017d
3f9538e6,bd990fe3
3f953b99,bd991e47
3f953e4c,bd992ca9
3f9540ff,bd993b0b
3f9543b3,bd994971
3f954666,bd9957d0
3f954919,bd99662e
3f954bcc,bd99748b
3f954e7f,bd9982e7
3f955133,bd999146
3f9553e6,bd999fa0
3f955699,bd99adf8
3f95594c,bd99bc4f
3f955bff,bd99caa4
3f955eb3,bd99d8fe
3f956166,bd99e751
3f956419,bd99f5a3
3f9566cc,bd9a03f4
3f95697f,bd9a1244
3f956c33,bd9a2097
3f956ee6,bd9a2ee5
3f957199,bd9a3d31
3f95744c,bd9a4b7b
3f9576ff,bd9a59c5
3f9579b3,bd9a6813
3f957c66,bd9a765a
3f957f19,bd9a84a0
3f9581cc,bd9a92e5
3f95847f,bd9aa129
3f958733,bd9aaf70
3f9589e6,bd9abdb2
3f958c99,bd9acbf1
3f958f4c,bd9ada30
3f9591ff,bd9ae86e
3f9594b3,bd9af6b0
3f959766,bd9b04eb
3f959a19,bd9b1325
3f959ccc,bd9b215e
3f959f7f,bd9b2f96
3f95a233,bd9b3dd1
3f95a4e6,bd9b4c06
3f95a799,bd9b5a3b
3f95aa4c,bd9b686e
3f95acff,bd9b769f
3f95afb3,bd9b84d5
3f95b266,bd9b9304
3f95b519,bd9ba132
3f95b7cc,bd9baf5f
3f95ba7f,bd9bbd8b
3f95bd33,bd9bcbbb
3f95bfe6,bd9bd9e4
3f95c299,bd9be80c
3f95c54c,bd9bf633
3f95c7ff,bd9c0459
3f95cab3,bd9c1282
3f95cd66,bd9c20a5
3f95d019,bd9c2ec8
3f95d2cc,bd9c3ce8
3f95d57f,bd9c4b08
3f95d833,bd9c592c
3f95dae6,bd9c6749
3f95dd99,bd9c7566
3f95e04c,bd9c8380
3f95e2ff,bd9c919a
3f95e5b3,bd9c9fb8
3f95e866,bd9cadcf
3f95eb19,bd9cbbe5
3f95edcc,bd9cc9fa
3f95f07f,bd9cd80e
3f95f333,bd9ce626
3f95f5e6,bd9cf437
3f95f899,bd9d0248
3f95fb4c,bd9d1056
3f95fdff,bd9d1e64
3f9600b3,bd9d2c76
3f960366,bd9d3a82
3f960619,bd9d488c
3f9608cc,bd9d5695
3f960b7f,bd9d649d
3f960e33,bd9d72a8
3f9610e6,bd9d80ae
3f961399,bd9d8eb2
3f96164c,bd9d9cb5
3f9618ff,bd9daab7
3f961bb3,bd9db8bd
3f961e66,bd9dc6bc
3f962119,bd9dd4ba
3f9623cc,bd9de2b8
3f96267f,bd9df0b4
3f962933,bd9dfeb4
3f962be6,bd9e0cad
3f962e99,bd9e1aa5
3f96314c,bd9e289c
3f9633ff,bd9e3692
3f9636b3,bd9e448c
3f963966,bd9e5280
3f963c19,bd9e6072
3f963ecc,bd9e6e64
3f96417f,bd9e7c54
3f964433,bd9e8a48
3f9646e6,bd9e9835
3f964999,bd9ea622
3f964c4c,bd9eb40d
3f964eff,bd9ec1f7
3f9651b3,bd9ecfe5
3f965466,bd9eddcc
3f965719,bd9eebb3
3f9659cc,bd9ef998
3f965c7f,bd9f077c
3f965f33,bd9f1564
3f9661e6,bd9f2346
3f966499,bd9f3126
3f96674c,bd9f3f06
3f9669ff,bd9f4ce4
3f966cb3,bd9f5ac6
3f966f66,bd9f68a2
3f967219,bd9f767c
3f9674cc,bd9f8456
3f96777f,bd9f922e
3f967a33,bd9fa00a
3f967ce6,bd9fade0
3f967f99,bd9fbbb5
3f96824c,bd9fc988
3f9684ff,bd9fd75a
3f9687b3,bd9fe530
3f968a66,bd9ff300
3f968d19,bda000cf
3f968fcc,bda00e9d
3f96927f,bda01c69
3f969533,bda02a39
3f9697e6,bda03803
3f969a99,bda045cc
3f969d4c,bda05393
3f969fff,bda0615a
3f96a2b3,bda06f24
3f96a566,bda07ce8
3f96a819,bda08aab
3f96aacc,bda0986c
3f96ad7f,bda0a62d
3f96b033,bda0b3f2
3f96b2e6,bda0c1b0
3f96b599,bda0cf6c
3f96b84c,bda0dd28
3f96baff,bda0eae3
3f96bdb3,bda0f8a1
3f96c066,bda10659
3f96c319,bda11410
3f96c5cc,bda121c6
3f96c87f,bda12f7b
3f96cb33,bda13d33
3f96cde6,bda14ae5
3f96d099,bda15896
3f96d34c,bda16646
3f96d5ff,bda173f5
3f96d8b3,bda181a7
3f96db66,bda18f54
3f96de19,bda19cff
3f96e0cc,bda1aaa8
3f96e37f,bda1b851
3f96e633,bda1c5fe
3f96e8e6,bda1d3a4
3f96eb99,bda1e149
3f96ee4c,bda1eeee
3f96f0ff,bda1fc90
3f96f3b3,bda20a37
3f96f666,bda217d8
3f96f919,bda22577
3f96fbcc,bda23315
3f96fe7f,bda240b2
3f970133,bda24e53
3f9703e6,bda25bed
3f970699,bda26986
3f97094c,bda2771e
3f970bff,bda284b6
3f970eb3,bda29251
3f971166,bda29fe6
3f971419,bda2ad79
3f9716cc,bda2bb0b
3f97197f,bda2c89c
3f971c33,bda2d631
3f971ee6,bda2e3c0
3f972199,bda2f14d
3f97244c,bda2feda
3f9726ff,bda30c65
3f9729b3,bda319f4
3f972c66,bda3277d
3f972f19,bda33505
3f9731cc,bda3428b
3f97347f,bda35010
3f973733,bda35d99
3f9739e6,bda36b1c
3f973c99,bda3789e
3f973f4c,bda3861e
3f9741ff,bda3939e
3f9744b3,bda3a121
3f974766,bda3ae9e
3f974a19,bda3bc1a
3f974ccc,bda3c995
3f974f7f,bda3d70e
3f975233,bda3e48c
3f9754e6,bda3f203
3f975799,bda3ff79
3f975a4c,bda40ced
3f975cff,bda41a61
3f975fb3,bda427d8
3f976266,bda4354a
3f976519,bda442ba
3f9767cc,bda45028
3f976a7f,bda45d96
3f976d33,bda46b08
3f976fe6,bda47873
3f977299,bda485dd
3f97754c,bda49346
3f9777ff,bda4a0ae
3f977ab3,bda4ae1a
3f977d66,bda4bb7f
3f978019,bda4c8e4
3f9782cc,bda4d647
3f97857f,bda4e3a8
3f978833,bda4f10e
3f978ae6,bda4fe6e
3f978d99,bda50bcc
3f97904c,bda51929
3f9792ff,bda52685
3f9795b3,bda533e5
3f979866,bda5413f
3f979b19,bda54e97
3f979dcc,bda55bef
3f97a07f,bda56945
3f97a333,bda5769f
3f97a5e6,bda583f3
3f97a899,bda59145
3f97ab4c,bda59e97
3f97adff,bda5abe7
3f97b0b3,bda5b93b
3f97b366,bda5c689
3f97b619,bda5d3d6
3f97b8cc,bda5e121
3f97bb7f,bda5ee6c
3f97be33,bda5fbba
3f97c0e6,bda60902
3f97c399,bda61649
3f97c64c,bda6238f
3f97c8ff,bda630d4
3f97cbb3,bda63e1c
3f97ce66,bda64b5e
3f97d119,bda6589f
3f97d3cc,bda665df
3f97d67f,bda6731d
3f97d933,bda68060
3f97dbe6,bda68d9c
3f97de99,bda69ad7
3f97e14c,bda6a811
3f97e3ff,bda6b54a
3f97e6b3,bda6c286
3f97e966,bda6cfbd
3f97ec19,bda6dcf2
3f97eecc,bda6ea26
3f97f17f,bda6f759
3f97f433,bda70490
3f97f6e6,bda711c0
3f97f999,bda71ef0
3f97fc4c,bda72c1e
3f97feff,bda7394b
3f9801b3,bda7467c
3f980466,bda753a7
3f980719,bda760d0
3f9809cc,bda76df9
3f980c7f,bda77b20
3f980f33,bda7884b
3f9811e6,bda79570
3f981499,bda7a294
3f98174c,bda7afb6
3f9819ff,bda7bcd7
3f981cb3,bda7c9fc
3f981f66,bda7d71c
3f982219,bda7e439
3f9824cc,bda7f156
3f98277f,bda7fe72
3f982a33,bda80b91
3f982ce6,bda818aa
3f982f99,bda825c2
3f98324c,bda832d9
3f9834ff,bda83fee
3f9837b3,bda84d08
3f983a66,bda85a1b
3f983d19,bda8672e
3f983fcc,bda8743e
3f98427f,bda8814e
3f984533,bda88e62
3f9847e6,bda89b6f
3f984a99,bda8a87c
3f984d4c,bda8b587
3f984fff,bda8c291
3f9852b3,bda8cf9e
3f985566,bda8dca6
3f985819,bda8e9ac
3f985acc,bda8f6b2
3f985d7f,bda903b6
3f986033,bda910be
3f9862e6,bda91dc0
3f986599,bda92ac0
3f98684c,bda937c0
3f986aff,bda944be
3f986db3,bda951c0
3f987066,bda95ebc
3f987319,bda96bb6
3f9875cc,bda978b0
3f98787f,bda985a9
3f987b33,bda992a5
3f987de6,bda99f9b
3f988099,bda9ac90
3f98834c,bda9b984
3f9885ff,bda9c676
3f9888b3,bda9d36d
3f988b66,bda9e05d
3f988e19,bda9ed4c
3f9890cc,bda9fa3a
3f98937f,bdaa0727
3f989633,bdaa1418
3f9898e6,bdaa2102
3f989b99,bdaa2deb
3f989e4c,bdaa3ad3
3f98a0ff,bdaa47ba
3f98a3b3,bdaa54a5
3f98a666,bdaa618a
3f98a919,bdaa6e6d
3f98abcc,bdaa7b4f
3f98ae7f,bdaa8831
3f98b133,bdaa9515
3f98b3e6,bdaaa1f4
3f98b699,bdaaaed2
3f98b94c,bdaabbae
3f98bbff,bdaac88a
3f98beb3,bdaad569
3f98c166,bdaae242
3f98c419,bdaaef1a
3f98c6cc,bdaafbf0
3f98c97f,bdab08c6
3f98cc33,bdab159f
3f98cee6,bdab2272
3f98d199,bdab2f44
3f98d44c,bdab3c15
3f98d6ff,bdab48e5
3f98d9b3,bdab55b8
3f98dc66,bdab6285
3f98df19,bdab6f52
3f98e1cc,bdab7c1c
3f98e47f,bdab88e7
3f98e733,bdab95b4
3f98e9e6,bdaba27c
3f98ec99,bdabaf42
3f98ef4c,bdabbc07
3f98f1ff,bdabc8cb
3f98f4b3,bdabd593
3f98f766,bdabe255
3f98fa19,bdabef15
3f98fccc,bdabfbd5
3f98ff7f,bdac0893
3f990233,bdac1555
3f9904e6,bdac2211
3f990799,bdac2ecc
3f990a4c,bdac3b86
3f990cff,bdac483e
3f990fb3,bdac54fa
3f991266,bdac61b0
3f991519,bdac6e65
3f9917cc,bdac7b19
3f991a7f,bdac87cc
3f991d33,bdac9482
3f991fe6,bdaca132
3f992299,bdacade1
3f99254c,bdacba90
3f9927ff,bdacc73c
3f992ab3,bdacd3ed
3f992d66,bdace098
3f993019,bdaced41
3f9932cc,bdacf9e9
3f99357f,bdad0690
3f993833,bdad133b
3f993ae6,bdad1fdf
3f993d99,bdad2c83
3f99404c,bdad3925
3f9942ff,bdad45c7
3f9945b3,bdad526c
3f994866,bdad5f0a
3f994b19,bdad6ba9
3f994dcc,bdad7845
3f99507f,bdad84e0
3f995333,bdad917f
3f9955e6,bdad9e18
3f995899,bdadaab1
3f995b4c,bdadb748
3f995dff,bdadc3dd
3f9960b3,bdadd076
3f996366,bdaddd0a
3f996619,bdade99c
3f9968cc,bdadf62d
3f996b7f,bdae02bd
3f996e33,bdae0f50
3f9970e6,bdae1bde
3f997399,bdae286b
3f99764c,bdae34f6
3f9978ff,bdae4180
3f997bb3,bdae4e0e
3f997e66,bdae5a96
3f998119,bdae671c
3f9983cc,bdae73a2
3f99867f,bdae8026
3f998933,bdae8cae
3f998be6,bdae9930
3f998e99,bdaea5b1
3f99914c,bdaeb231
3f9993ff,bdaebeb0
3f9996b3,bdaecb32
3f999966,bdaed7ae
3f999c19,bdaee429
3f999ecc,bdaef0a3
3f99a17f,bdaefd1c
3f99a433,bdaf0998
3f99a6e6,bdaf160e
3f99a999,bdaf2284
3f99ac4c,bdaf2ef8
3f99aeff,bdaf3b6b
3f99b1b3,bdaf47e2
3f99b466,bdaf5452
3f99b719,bdaf60c2
3f99b9cc,bdaf6d30
3f99bc7f,bdaf799e
3f99bf33,bdaf860f
3f99c1e6,bdaf927a
3f99c499,bdaf9ee3
3f99c74c,bdafab4c
3f99c9ff,bdafb7b3
3f99ccb3,bdafc41e
3f99cf66,bdafd084
3f99d219,bdafdce8
3f99d4cc,bdafe94b
3f99d77f,bdaff5ac
3f99da33,bdb00212
3f99dce6,bdb00e71
3f99df99,bdb01acf
3f99e24c,bdb0272d
3f99e4ff,bdb03388
3f99e7b3,bdb03fe8
3f99ea66,bdb04c42
3f99ed19,bdb0589a
3f99efcc,bdb064f2
3f99f27f,bdb07148
3f99f533,bdb07da2
3f99f7e6,bdb089f5
3f99fa99,bdb09648
3f99fd4c,bdb0a29a
3f99ffff,bdb0aeea
3f9a02b3,bdb0bb3e
3f9a0566,bdb0c78c
3f9a0819,bdb0d3da
3f9a0acc,bdb0e025
3f9a0d7f,bdb0ec70
3f9a1033,bdb0f8be
3f9a12e6,bdb10506
3f9a1599,bdb1114e
3f9a184c,bdb11d94
3f9a1aff,bdb129d9
3f9a1db3,bdb13622
3f9a2066,bdb14264
3f9a2319,bdb14ea6
3f9a25cc,bdb15ae6
3f9a287f,bdb16726
3f9a2b33,bdb17368
3f9a2de6,bdb17fa5
3f9a3099,bdb18be1
3f9a334c,bdb1981b
3f9a35ff,bdb1a455
3f9a38b3,bdb1b092
3f9a3b66,bdb1bcc9
3f9a3e19,bdb1c8ff
3f9a40cc,bdb1d534
3f9a437f,bdb1e168
3f9a4633,bdb1ed9f
3f9a48e6,bdb1f9d0
3f9a4b99,bdb20601
3f9a4e4c,bdb21230
3f9a50ff,bdb21e5e
3f9a53b3,bdb22a90
3f9a5666,bdb236bb
3f9a5919,bdb242e6
3f9a5bcc,bdb24f0f
3f9a5e7f,bdb25b38
3f9a6133,bdb26763
3f9a63e6,bdb27389
3f9a6699,bdb27fae
3f9a694c,bdb28bd2
3f9a6bff,bdb297f4
3f9a6eb3,bdb2a41a
3f9a7166,bdb2b03a
3f9a7419,bdb2bc5a
3f9a76cc,bdb2c878
3f9a797f,bdb2d494
3f9a7c33,bdb2e0b4
3f9a7ee6,bdb2eccf
3f9a8199,bdb2f8e8
3f9a844c,bdb30501
3f9a86ff,bdb31118
3f9a89b3,bdb31d32
3f9a8c66,bdb32947
3f9a8f19,bdb3355a
3f9a91cc,bdb3416d
3f9a947f,bdb34d7f
3f9a9733,bdb35994
3f9a99e6,bdb365a3
3f9a9c99,bdb371b0
3f9a9f4c,bdb37dbd
3f9aa1ff,bdb389c9
3f9aa4b3,bdb395d8
3f9aa766,bdb3a1e2
3f9aaa19,bdb3adea
3f9aaccc,bdb3b9f1
3f9aaf7f,bdb3c5f7
3f9ab233,bdb3d200
3f9ab4e6,bdb3de04
3f9ab799,bdb3ea06
3f9aba4c,bdb3f607
3f9abcff,bdb40208
3f9abfb3,bdb40e0b
3f9ac266,bdb41a09
3f9ac519,bdb42606
3f9ac7cc,bdb43201
3f9aca7f,bdb43dfc
3f9acd33,bdb449fa
3f9acfe6,bdb455f2
3f9ad299,bdb461e9
3f9ad54c,bdb46ddf
3f9ad7ff,bdb479d4
3f9adab3,bdb485cc
3f9add66,bdb491bf
3f9ae019,bdb49db0
3f9ae2cc,bdb4a9a0
3f9ae57f,bdb4b58f
3f9ae833,bdb4c182
3f9aeae6,bdb4cd6f
3f9aed99,bdb4d95a
3f9af04c,bdb4e545
3f9af2ff,bdb4f12e
3f9af5b3,bdb4fd1b
3f9af866,bdb50902
3f9afb19,bdb514e8
3f9afdcc,bdb520cd
3f9b007f,bdb52cb0
3f9b0333,bdb53897
3f9b05e6,bdb54479
3f9b0899,bdb55059
3f9b0b4c,bdb55c38
3f9b0dff,bdb56816
3f9b10b3,bdb573f8
3f9b1366,bdb57fd3
3f9b1619,bdb58bae
3f9b18cc,bdb59787
3f9b1b7f,bdb5a35f
3f9b1e33,bdb5af3b
3f9b20e6,bdb5bb11
3f9b2399,bdb5c6e6
3f9b264c,bdb5d2ba
3f9b28ff,bdb5de8c
3f9b2bb3,bdb5ea62
3f9b2e66,bdb5f633
3f9b3119,bdb60202
3f9b33cc,bdb60dd0
3f9b367f,bdb6199d
3f9b3933,bdb6256c
3f9b3be6,bdb63137
3f9b3e99,bdb63d01
3f9b414c,bdb648ca
3f9b43ff,bdb65490
3f9b46b3,bdb6605b
3f9b4966,bdb66c20
3f9b4c19,bdb677e4
3f9b4ecc,bdb683a7
3f9b517f,bdb68f68
3f9b5433,bdb69b2d
3f9b56e6,bdb6a6ec
3f9b5999,bdb6b2aa
3f9b5c4c,bdb6be67
3f9b5eff,bdb6ca23
3f9b61b3,bdb6d5e2
3f9b6466,bdb6e19c
3f9b6719,bdb6ed54
3f9b69cc,bdb6f90c
3f9b6c7f,bdb704c2
3f9b6f33,bdb7107b
3f9b71e6,bdb71c2f
3f9b7499,bdb727e2
3f9b774c,bdb73393
3f9b79ff,bdb73f44
3f9b7cb3,bdb74af8
3f9b7f66,bdb756a6
3f9b8219,bdb76253
3f9b84cc,bdb76dff
3f9b877f,bdb779aa
3f9b8a33,bdb78557
3f9b8ce6,bdb79100
3f9b8f99,bdb79ca8
3f9b924c,bdb7a84e
3f9b94ff,bdb7b3f3
3f9b97b3,bdb7bf9c
3f9b9a66,bdb7cb3e
3f9b9d19,bdb7d6e0
3f9b9fcc,bdb7e281
3f9ba27f,bdb7ee20
3f9ba533,bdb7f9c3
3f9ba7e6,bdb80560
3f9baa99,bdb810fc
3f9bad4c,bdb81c97
3f9bafff,bdb82831
3f9bb2b3,bdb833ce
3f9bb566,bdb83f65
3f9bb819,bdb84afc
3f9bbacc,bdb85691
3f9bbd7f,bdb86225
3f9bc033,bdb86dbc
3f9bc2e6,bdb8794e
3f9bc599,bdb884e0
3f9bc84c,bdb8906f
3f9bcaff,bdb89bfe
3f9bcdb3,bdb8a78f
3f9bd066,bdb8b31b
3f9bd319,bdb8bea7
3f9bd5cc,bdb8ca30
3f9bd87f,bdb8d5ba
3f9bdb33,bdb8e145
3f9bdde6,bdb8eccc
3f9be099,bdb8f851
3f9be34c,bdb903d6
3f9be5ff,bdb90f59
3f9be8b3,bdb91adf
3f9beb66,bdb92660
3f9bee19,bdb931e0
3f9bf0cc,bdb93d5f
3f9bf37f,bdb948dc
3f9bf633,bdb9545d
3f9bf8e6,bdb95fd8
3f9bfb99,bdb96b52
3f9bfe4c,bdb976cb
3f9c00ff,bdb98243
3f9c03b3,bdb98dbe
3f9c0666,bdb99933
3f9c0919,bdb9a4a8
3f9c0bcc,bdb9b01c
3f9c0e7f,bdb9bb8e
3f9c1133,bdb9c703
3f9c13e6,bdb9d273
3f9c1699,bdb9dde2
3f9c194c,bdb9e950
3f9c1bff,bdb9f4bc
3f9c1eb3,bdba002c
3f9c2166,bdba0b96
3f9c2419,bdba1700
3f9c26cc,bdba2268
3f9c297f,bdba2dce
3f9c2c33,bdba3938
3f9c2ee6,bdba449d
3f9c3199,bdba5000
3f9c344c,bdba5b63
3f9c36ff,bdba66c4
3f9c39b3,bdba7228
3f9c3c66,bdba7d88
3f9c3f19,bdba88e6
3f9c41cc,bdba9443
3f9c447f,bdba9f9e
3f9c4733,bdbaaafd
3f9c49e6,bdbab656
3f9c4c99,bdbac1ae
3f9c4f4c,bdbacd06
3f9c51ff,bdbad85c
3f9c54b3,bdbae3b5
3f9c5766,bdbaef09
3f9c5a19,bdbafa5c
3f9c5ccc,bdbb05ad
3f9c5f7f,bdbb10fd
3f9c6233,bdbb1c51
3f9c64e6,bdbb279e
3f9c6799,bdbb32ec
3f9c6a4c,bdbb3e38
3f9c6cff,bdbb4983
3f9c6fb3,bdbb54d0
3f9c7266,bdbb6019
3f9c7519,bdbb6b60
3f9c77cc,bdbb76a6
3f9c7a7f,bdbb81ec
3f9c7d33,bdbb8d34
3f9c7fe6,bdbb9877
3f9c8299,bdbba3b8
3f9c854c,bdbbaef9
3f9c87ff,bdbbba38
3f9c8ab3,bdbbc57b
3f9c8d66,bdbbd0b8
3f9c9019,bdbbdbf4
3f9c92cc,bdbbe730
3f9c957f,bdbbf26a
3f9c9833,bdbbfda7
3f9c9ae6,bdbc08de
3f9c9d99,bdbc1415
3f9ca04c,bdbc1f4a
3f9ca2ff,bdbc2a7f
3f9ca5b3,bdbc35b6
3f9ca866,bdbc40e8
3f9cab19,bdbc4c19
3f9cadcc,bdbc5749
3f9cb07f,bdbc6277
3f9cb333,bdbc6da9
3f9cb5e6,bdbc78d6
3f9cb899,bdbc8400
3f9cbb4c,bdbc8f2b
3f9cbdff,bdbc9a54
3f9cc0b3,bdbca580
3f9cc366,bdbcb0a6
3f9cc619,bdbcbbcc
3f9cc8cc,bdbcc6f2
3f9ccb7f,bdbcd214
3f9cce33,bdbcdd3a
3f9cd0e6,bdbce85c
3f9cd399,bdbcf37c
3f9cd64c,bdbcfe9b
3f9cd8ff,bdbd09b9
3f9cdbb3,bdbd14da
3f9cde66,bdbd1ff5
3f9ce119,bdbd2b10
3f9ce3cc,bdbd362a
3f9ce67f,bdbd4141
3f9ce933,bdbd4c5d
3f9cebe6,bdbd5773
3f9cee99,bdbd6287
3f9cf14c,bdbd6d9b
3f9cf3ff,bdbd78ae
3f9cf6b3,bdbd83c4
3f9cf966,bdbd8ed4
3f9cfc19,bdbd99e3
3f9cfecc,bdbda4f1
3f9d017f,bdbdaffe
3f9d0433,bdbdbb0e
3f9d06e6,bdbdc619
3f9d0999,bdbdd123
3f9d0c4c,bdbddc2b
3f9d0eff,bdbde733
3f9d11b3,bdbdf23d
3f9d1466,bdbdfd42
3f9d1719,bdbe0846
3f9d19cc,bdbe1349
3f9d1c7f,bdbe1e4b
3f9d1f33,bdbe2950
3f9d21e6,bdbe3450
3f9d2499,bdbe3f4e
3f9d274c,bdbe4a4b
3f9d29ff,bdbe5548
3f9d2cb3,bdbe6046
3f9d2f66,bdbe6b40
3f9d3219,bdbe7639
3f9d34cc,bdbe8131
3f9d377f,bdbe8c28
3f9d3a33,bdbe9722
3f9d3ce6,bdbea216
3f9d3f99,bdbead09
3f9d424c,bdbeb7fc
3f9d44ff,bdbec2ec
3f9d47b3,bdbecde0
3f9d4a66,bdbed8cf
3f9d4d19,bdbee3bd
3f9d4fcc,bdbeeeaa
3f9d527f,bdbef995
3f9d5533,bdbf0483
3f9d57e6,bdbf0f6d
3f9d5a99,bdbf1a55
3f9d5d4c,bdbf253c
3f9d5fff,bdbf3022
3f9d62b3,bdbf3b0a
3f9d6566,bdbf45ee
3f9d6819,bdbf50d1
3f9d6acc,bdbf5bb2
3f9d6d7f,bdbf6692
3f9d7033,bdbf7176
3f9d72e6,bdbf7c54
3f9d7599,bdbf8731
3f9d784c,bdbf920d
3f9d7aff,bdbf9ce7
3f9d7db3,bdbfa7c4
3f9d8066,bdbfb29d
3f9d8319,bdbfbd75
3f9d85cc,bdbfc84b
3f9d887f,bdbfd320
3f9d8b33,bdbfddf8
3f9d8de6,bdbfe8cb
3f9d9099,bdbff39d
3f9d934c,bdbffe6e
3f9d95ff,bdc0093d
3f9d98b3,bdc01410
3f9d9b66,bdc01edd
3f9d9e19,bdc029aa
3f9da0cc,bdc03475
3f9da37f,bdc03f3f
3f9da633,bdc04a0c
3f9da8e6,bdc054d4
3f9dab99,bdc05f9a
3f9dae4c,bdc06a60
3f9db0ff,bdc07525
3f9db3b3,bdc07fec
3f9db666,bdc08aae
3f9db919,bdc0956f
3f9dbbcc,bdc0a02f
3f9dbe7f,bdc0aaee
3f9dc133,bdc0b5b0
3f9dc3e6,bdc0c06c
3f9dc699,bdc0cb28
3f9dc94c,bdc0d5e2
3f9dcbff,bdc0e09c
3f9dceb3,bdc0eb58
3f9dd166,bdc0f60f
3f9dd419,bdc100c5
3f9dd6cc,bdc10b7a
3f9dd97f,bdc1162e
3f9ddc33,bdc120e4
3f9ddee6,bdc12b96
3f9de199,bdc13646
3f9de44c,bdc140f6
3f9de6ff,bdc14ba4
3f9de9b3,bdc15655
3f9dec66,bdc16101
3f9def19,bdc16bac
3f9df1cc,bdc17656
3f9df47f,bdc180fe
3f9df733,bdc18baa
3f9df9e6,bdc19650
3f9dfc99,bdc1a0f6
3f9dff4c,bdc1ab9a
3f9e01ff,bdc1b63d
3f9e04b3,bdc1c0e2
3f9e0766,bdc1cb84
3f9e0a19,bdc1d624
3f9e0ccc,bdc1e0c2
3f9e0f7f,bdc1eb60
3f9e1233,bdc1f600
3f9e14e6,bdc2009c
3f9e1799,bdc20b36
3f9e1a4c,bdc215cf
3f9e1cff,bdc22067
3f9e1fb3,bdc22b02
3f9e2266,bdc23598
3f9e2519,bdc2402c
3f9e27cc,bdc24ac0
3f9e2a7f,bdc25552
3f9e2d33,bdc25fe8
3f9e2fe6,bdc26a78
3f9e3299,bdc27506
3f9e354c,bdc27f95
3f9e37ff,bdc28a22
3f9e3ab3,bdc294b2
3f9e3d66,bdc29f3c
3f9e4019,bdc2a9c6
3f9e42cc,bdc2b44e
3f9e457f,bdc2bed6
3f9e4833,bdc2c960
3f9e4ae6,bdc2d3e5
3f9e4d99,bdc2de69
3f9e504c,bdc2e8ec
3f9e52ff,bdc2f36e
3f9e55b3,bdc2fdf3
3f9e5866,bdc30872
3f9e5b19,bdc312f1
3f9e5dcc,bdc31d6e
3f9e607f,bdc327ea
3f9e6333,bdc3326a
3f9e65e6,bdc33ce4
3f9e6899,bdc3475d
3f9e6b4c,bdc351d4
3f9e6dff,bdc35c4c
3f9e70b3,bdc366c5
3f9e7366,bdc3713a
3f9e7619,bdc37bad
3f9e78cc,bdc38620
3f9e7b7f,bdc39091
3f9e7e33,bdc39b05
3f9e80e6,bdc3a574
3f9e8399,bdc3afe2
3f9e864c,bdc3ba4e
3f9e88ff,bdc3c4ba
3f9e8bb3,bdc3cf29
3f9e8e66,bdc3d992
3f9e9119,bdc3e3fa
3f9e93cc,bdc3ee62
3f9e967f,bdc3f8c8
3f9e9933,bdc40332
3f9e9be6,bdc40d95
3f9e9e99,bdc417f8
3f9ea14c,bdc4225a
3f9ea3ff,bdc42cbb
3f9ea6b3,bdc4371e
3f9ea966,bdc4417d
3f9eac19,bdc44bda
3f9eaecc,bdc45636
3f9eb17f,bdc46092
3f9eb433,bdc46af0
3f9eb6e6,bdc47548
3f9eb999,bdc47fa0
3f9ebc4c,bdc489f7
3f9ebeff,bdc4944d
3f9ec1b3,bdc49ea5
3f9ec466,bdc4a8f8
3f9ec719,bdc4b34b
3f9ec9cc,bdc4bd9c
3f9ecc7f,bdc4c7ec
3f9ecf33,bdc4d23f
3f9ed1e6,bdc4dc8d
3f9ed499,bdc4e6da
3f9ed74c,bdc4f126
3f9ed9ff,bdc4fb70
3f9edcb3,bdc505be
3f9edf66,bdc51006
3f9ee219,bdc51a4e
3f9ee4cc,bdc52494
3f9ee77f,bdc52ed9
3f9eea33,bdc53921
3f9eece6,bdc54364
3f9eef99,bdc54da6
3f9ef24c,bdc557e6
3f9ef4ff,bdc56226
3f9ef7b3,bdc56c68
3f9efa66,bdc576a6
3f9efd19,bdc580e2
3f9effcc,bdc58b1d
3f9f027f,bdc59557
3f9f0533,bdc59f94
3f9f07e6,bdc5a9cc
3f9f0a99,bdc5b403
3f9f0d4c,bdc5be39
3f9f0fff,bdc5c86e
3f9f12b3,bdc5d2a4
3f9f1566,bdc5dcd7
3f9f1819,bdc5e708
3f9f1acc,bdc5f138
3f9f1d7f,bdc5fb68
3f9f2033,bdc6059a
3f9f22e6,bdc60fc6
3f9f2599,bdc619f2
3f9f284c,bdc6241d
3f9f2aff,bdc62e47
3f9f2db3,bdc63873
3f9f3066,bdc6429a
3f9f3319,bdc64cc1
3f9f35cc,bdc656e6
3f9f387f,bdc6610a
3f9f3b33,bdc66b31
3f9f3de6,bdc67553
3f9f4099,bdc67f74
3f9f434c,bdc68994
3f9f45ff,bdc693b2
3f9f48b3,bdc69dd4
3f9f4b66,bdc6a7f0
3f9f4e19,bdc6b20b
3f9f50cc,bdc6bc26
3f9f537f,bdc6c63f
3f9f5633,bdc6d05a
3f9f58e6,bdc6da72
3f9f5b99,bdc6e487
3f9f5e4c,bdc6ee9c
3f9f60ff,bdc6f8b0
3f9f63b3,bdc702c6
3f9f6666,bdc70cd7
3f9f6919,bdc716e8
3f9f6bcc,bdc720f7
3f9f6e7f,bdc72b05
3f9f7133,bdc73516
3f9f73e6,bdc73f22
3f9f7699,bdc7492d
3f9f794c,bdc75337
3f9f7bff,bdc75d40
3f9f7eb3,bdc7674b
3f9f8166,bdc77152
3f9f8419,bdc77b57
3f9f86cc,bdc7855b
3f9f897f,bdc78f5e
3f9f8c33,bdc79964
3f9f8ee6,bdc7a366
3f9f9199,bdc7ad66
3f9f944c,bdc7b764
3f9f96ff,bdc7c162
3f9f99b3,bdc7cb62
3f9f9c66,bdc7d55e
3f9f9f19,bdc7df58
3f9fa1cc,bdc7e952
3f9fa47f,bdc7f34a
3f9fa733,bdc7fd45
3f9fa9e6,bdc8073b
3f9fac99,bdc81130
3f9faf4c,bdc81b24
3f9fb1ff,bdc82517
3f9fb4b3,bdc82f0c
3f9fb766,bdc838fd
3f9fba19,bdc842ed
3f9fbccc,bdc84cdb
3f9fbf7f,bdc856c8
3f9fc233,bdc860b8
3f9fc4e6,bdc86aa4
3f9fc799,bdc8748e
3f9fca4c,bdc87e76
3f9fccff,bdc8885f
3f9fcfb3,bdc89249
3f9fd266,bdc89c2e
3f9fd519,bdc8a613
3f9fd7cc,bdc8aff6
3f9fda7f,bdc8b9d9
3f9fdd33,bdc8c3be
3f9fdfe6,bdc8cd9e
3f9fe299,bdc8d77e
3f9fe54c,bdc8e15c
3f9fe7ff,bdc8eb38
3f9feab3,bdc8f518
3f9fed66,bdc8fef3
3f9ff019,bdc908cc
3f9ff2cc,bdc912a5
3f9ff57f,bdc91c7d
3f9ff833,bdc92657
3f9ffae6,bdc9302c
3f9ffd99,bdc93a00
3fa0004c,bdc943d4
3fa002ff,bdc94da6
3fa005b3,bdc9577a
3fa00866,bdc9614a
3fa00b19,bdc96b19
3fa00dcc,bdc974e6
3fa0107f,bdc97eb3
3fa01333,bdc98882
3fa015e6,bdc9924d
3fa01899,bdc99c16
3fa01b4c,bdc9a5de
3fa01dff,bdc9afa6
3fa020b3,bdc9b96f
3fa02366,bdc9c334
3fa02619,bdc9ccf8
3fa028cc,bdc9d6bb
3fa02b7f,bdc9e07d
3fa02e33,bdc9ea41
3fa030e6,bdc9f400
3fa03399,bdc9fdbf
3fa0364c,bdca077c
3fa038ff,bdca1138
3fa03bb3,bdca1af7
3fa03e66,bdca24b2
3fa04119,bdca2e6a
3fa043cc,bdca3822
3fa0467f,bdca41d9
3fa04933,bdca4b92
3fa04be6,bdca5547
3fa04e99,bdca5efb
3fa0514c,bdca68ad
3fa053ff,bdca725f
3fa056b3,bdca7c12
3fa05966,bdca85c2
3fa05c19,bdca8f70
3fa05ecc,bdca991c
3fa0617f,bdcaa2c9
3fa06433,bdcaac77
3fa066e6,bdcab621
3fa06999,bdcabfca
3fa06c4c,bdcac971
3fa06eff,bdcad318
3fa071b3,bdcadcc1
3fa07466,bdcae665
3fa07719,bdcaf008
3fa079cc,bdcaf9ab
3fa07c7f,bdcb034c
3fa07f33,bdcb0cef
3fa081e6,bdcb168e
3fa08499,bdcb202c
3fa0874c,bdcb29c8
3fa089ff,bdcb3364
3fa08cb3,bdcb3d02
3fa08f66,bdcb469c
3fa09219,bdcb5034
3fa094cc,bdcb59cc
3fa0977f,bdcb6362
3fa09a33,bdcb6cfa
3fa09ce6,bdcb768e
3fa09f99,bdcb8022
3fa0a24c,bdcb89b3
3fa0a4ff,bdcb9344
3fa0a7b3,bdcb9cd7
3fa0aa66,bdcba666
3fa0ad19,bdcbaff4
3fa0afcc,bdcbb980
3fa0b27f,bdcbc30c
3fa0b533,bdcbcc99
3fa0b7e6,bdcbd622
3fa0ba99,bdcbdfaa
3fa0bd4c,bdcbe932
3fa0bfff,bdcbf2b8
3fa0c2b3,bdcbfc40
3fa0c566,bdcc05c4
3fa0c819,bdcc0f46
3fa0cacc,bdcc18c8
3fa0cd7f,bdcc2249
3fa0d033,bdcc2bcc
3fa0d2e6,bdcc354a
3fa0d599,bdcc3ec7
3fa0d84c,bdcc4844
3fa0daff,bdcc51bf
3fa0ddb3,bdcc5b3c
3fa0e066,bdcc64b5
3fa0e319,bdcc6e2d
3fa0e5cc,bdcc77a4
3fa0e87f,bdcc811a
3fa0eb33,bdcc8a92
3fa0ede6,bdcc9405
3fa0f099,bdcc9d78
3fa0f34c,bdcca6e9
3fa0f5ff,bdccb05a
3fa0f8b3,bdccb9cc
3fa0fb66,bdccc33a
3fa0fe19,bdcccca7
3fa100cc,bdccd613
3fa1037f,bdccdf7e
3fa10633,bdcce8eb
3fa108e6,bdccf254
3fa10b99,bdccfbbc
3fa10e4c,bdcd0522
3fa110ff,bdcd0e88
3fa113b3,bdcd17f0
3fa11666,bdcd2153
3fa11919,bdcd2ab6
3fa11bcc,bdcd3416
3fa11e7f,bdcd3d76
3fa12133,bdcd46d9
3fa123e6,bdcd5037
3fa12699,bdcd5994
3fa1294c,bdcd62f0
3fa12bff,bdcd6c4a
3fa12eb3,bdcd75a7
3fa13166,bdcd7f00
3fa13419,bdcd8858
3fa136cc,bdcd91ae
3fa1397f,bdcd9b03
3fa13c33,bdcda45b
3fa13ee6,bdcdadae
3fa14199,bdcdb700
3fa1444c,bdcdc051
3fa146ff,bdcdc9a0
3fa149b3,bdcdd2f3
3fa14c66,bdcddc40
3fa14f19,bdcde58d
3fa151cc,bdcdeed9
3fa1547f,bdcdf823
3fa15733,bdce0170
3fa159e6,bdce0ab8
3fa15c99,bdce1400
3fa15f4c,bdce1d46
3fa161ff,bdce268b
3fa164b3,bdce2fd2
3fa16766,bdce3915
3fa16a19,bdce4257
3fa16ccc,bdce4b98
3fa16f7f,bdce54d8
3fa17233,bdce5e1a
3fa174e6,bdce6758
3fa17799,bdce7094
3fa17a4c,bdce79d0
3fa17cff,bdce830a
3fa17fb3,bdce8c46
3fa18266,bdce957e
3fa18519,bdce9eb6
3fa187cc,bdcea7ec
3fa18a7f,bdceb120
3fa18d33,bdceba58
3fa18fe6,bdcec38b
3fa19299,bdceccbc
3fa1954c,bdced5ed
3fa197ff,bdcedf1d
3fa19ab3,bdcee84e
3fa19d66,bdcef17c
3fa1a019,bdcefaa8
3fa1a2cc,bdcf03d4
3fa1a57f,bdcf0cfe
3fa1a833,bdcf162a
3fa1aae6,bdcf1f52
3fa1ad99,bdcf2879
3fa1b04c,bdcf319f
3fa1b2ff,bdcf3ac4
3fa1b5b3,bdcf43eb
3fa1b866,bdcf4d0e
3fa1bb19,bdcf562f
3fa1bdcc,bdcf5f50
3fa1c07f,bdcf6870
3fa1c333,bdcf7191
3fa1c5e6,bdcf7aae
3fa1c899,bdcf83cb
3fa1cb4c,bdcf8ce6
3fa1cdff,bdcf9600
3fa1d0b3,bdcf9f1c
3fa1d366,bdcfa834
3fa1d619,bdcfb14b
3fa1d8cc,bdcfba61
3fa1db7f,bdcfc375
3fa1de33,bdcfcc8c
3fa1e0e6,bdcfd59f
3fa1e399,bdcfdeb0
3fa1e64c,bdcfe7c1
3fa1e8ff,bdcff0d0
3fa1ebb3,bdcff9e2
3fa1ee66,bdd002ef
3fa1f119,bdd00bfb
3fa1f3cc,bdd01506
3fa1f67f,bdd01e10
3fa1f933,bdd0271c
3fa1fbe6,bdd03024
3fa1fe99,bdd0392b
3fa2014c,bdd04230
3fa203ff,bdd04b35
3fa206b3,bdd0543c
3fa20966,bdd05d3f
3fa20c19,bdd06640
3fa20ecc,bdd06f40
3fa2117f,bdd0783f
3fa21433,bdd08141
3fa216e6,bdd08a3e
3fa21999,bdd0933a
3fa21c4c,bdd09c35
3fa21eff,bdd0a52f
3fa221b3,bdd0ae2b
3fa22466,bdd0b723
3fa22719,bdd0c01a
3fa229cc,bdd0c90f
3fa22c7f,bdd0d204
3fa22f33,bdd0dafa
3fa231e6,bdd0e3ed
3fa23499,bdd0ecde
3fa2374c,bdd0f5ce
3fa239ff,bdd0febe
3fa23cb3,bdd107af
3fa23f66,bdd1109c
3fa24219,bdd11988
3fa244cc,bdd12273
3fa2477f,bdd12b5d
3fa24a33,bdd13449
3fa24ce6,bdd13d31
3fa24f99,bdd14617
3fa2524c,bdd14efd
3fa254ff,bdd157e2
3fa257b3,bdd160c8
3fa25a66,bdd169aa
3fa25d19,bdd1728c
3fa25fcc,bdd17b6c
3fa2627f,bdd1844b
3fa26533,bdd18d2c
3fa267e6,bdd1960a
3fa26a99,bdd19ee5
3fa26d4c,bdd1a7c0
3fa26fff,bdd1b09a
3fa272b3,bdd1b976
3fa27566,bdd1c24e
3fa27819,bdd1cb24
3fa27acc,bdd1d3fa
3fa27d7f,bdd1dcce
3fa28033,bdd1e5a5
3fa282e6,bdd1ee77
3fa28599,bdd1f748
3fa2884c,bdd20019
3fa28aff,bdd208e8
3fa28db3,bdd211b9
3fa29066,bdd21a86
3fa29319,bdd22352
3fa295cc,bdd22c1d
3fa2987f,bdd234e6
3fa29b33,bdd23db2
3fa29de6,bdd2467a
3fa2a099,bdd24f41
3fa2a34c,bdd25806
3fa2a5ff,bdd260cb
3fa2a8b3,bdd26992
3fa2ab66,bdd27254
3fa2ae19,bdd27b15
3fa2b0cc,bdd283d5
3fa2b37f,bdd28c95
3fa2b633,bdd29556
3fa2b8e6,bdd29e12
3fa2bb99,bdd2a6ce
3fa2be4c,bdd2af89
3fa2c0ff,bdd2b843
3fa2c3b3,bdd2c100
3fa2c666,bdd2c9b7
3fa2c919,bdd2d26e
3fa2cbcc,bdd2db23
3fa2ce7f,bdd2e3d8
3fa2d133,bdd2ec8e
3fa2d3e6,bdd2f540
3fa2d699,bdd2fdf2
3fa2d94c,bdd306a2
3fa2dbff,bdd30f51
3fa2deb3,bdd31802
3fa2e166,bdd320b0
3fa2e419,bdd3295b
3fa2e6cc,bdd33206
3fa2e97f,bdd33ab0
3fa2ec33,bdd3435c
3fa2eee6,bdd34c04
3fa2f199,bdd354aa
3fa2f44c,bdd35d50
3fa2f6ff,bdd365f5
3fa2f9b3,bdd36e9b
3fa2fc66,bdd3773e
3fa2ff19,bdd37fdf
3fa301cc,bdd3887f
3fa3047f,bdd3911e
3fa30733,bdd399c0
3fa309e6,bdd3a25d
3fa30c99,bdd3aaf9
3fa30f4c,bdd3b394
3fa311ff,bdd3bc2e
3fa314b3,bdd3c4ca
3fa31766,bdd3cd62
3fa31a19,bdd3d5f8
3fa31ccc,bdd3de8e
3fa31f7f,bdd3e722
3fa32233,bdd3efb9
3fa324e6,bdd3f84c
3fa32799,bdd400dd
3fa32a4c,bdd4096d
3fa32cff,bdd411fc
3fa32fb3,bdd41a8e
3fa33266,bdd4231b
3fa33519,bdd42ba7
3fa337cc,bdd43432
3fa33a7f,bdd43cbc
3fa33d33,bdd44548
3fa33fe6,bdd44dd0
3fa34299,bdd45657
3fa3454c,bdd45edc
3fa347ff,bdd46761
3fa34ab3,bdd46fe8
3fa34d66,bdd4786a
3fa35019,bdd480ec
3fa352cc,bdd4896c
3fa3557f,bdd491ec
3fa35833,bdd49a6d
3fa35ae6,bdd4a2ea
3fa35d99,bdd4ab66
3fa3604c,bdd4b3e2
3fa362ff,bdd4bc5c
3fa365b3,bdd4c4d8
3fa36866,bdd4cd50
3fa36b19,bdd4d5c6
3fa36dcc,bdd4de3c
3fa3707f,bdd4e6b1
3fa37333,bdd4ef28
3fa375e6,bdd4f79a
3fa37899,bdd5000c
3fa37b4c,bdd5087c
3fa37dff,bdd510ec
3fa380b3,bdd5195e
3fa38366,bdd521cb
3fa38619,bdd52a37
3fa388cc,bdd532a2
3fa38b7f,bdd53b0c
3fa38e33,bdd54379
3fa390e6,bdd54be1
3fa39399,bdd55448
3fa3964c,bdd55cae
3fa398ff,bdd56513
3fa39bb3,bdd56d7a
3fa39e66,bdd575dc
3fa3a119,bdd57e3e
3fa3a3cc,bdd5869e
3fa3a67f,bdd58efe
3fa3a933,bdd59760
3fa3abe6,bdd59fbe
3fa3ae99,bdd5a81a
3fa3b14c,bdd5b075
3fa3b3ff,bdd5b8cf
3fa3b6b3,bdd5c12c
3fa3b966,bdd5c984
3fa3bc19,bdd5d1db
3fa3becc,bdd5da31
3fa3c17f,bdd5e286
3fa3c433,bdd5eade
3fa3c6e6,bdd5f330
3fa3c999,bdd5fb82
3fa3cc4c,bdd603d3
3fa3ceff,bdd60c22
3fa3d1b3,bdd61474
3fa3d466,bdd61cc2
3fa3d719,bdd6250e
3fa3d9cc,bdd62d5a
3fa3dc7f,bdd635a4
3fa3df33,bdd63df1
3fa3e1e6,bdd6463a
3fa3e499,bdd64e81
3fa3e74c,bdd656c7
3fa3e9ff,bdd65f0c
3fa3ecb3,bdd66753
3fa3ef66,bdd66f96
3fa3f219,bdd677d8
3fa3f4cc,bdd68019
3fa3f77f,bdd68859
3fa3fa33,bdd6909b
3fa3fce6,bdd698d9
3fa3ff99,bdd6a116
3fa4024c,bdd6a951
3fa404ff,bdd6b18c
3fa407b3,bdd6b9c8
3fa40a66,bdd6c201
3fa40d19,bdd6ca39
3fa40fcc,bdd6d26f
3fa4127f,bdd6daa4
3fa41533,bdd6e2dc
3fa417e6,bdd6eb0f
3fa41a99,bdd6f341
3fa41d4c,bdd6fb72
3fa41fff,bdd703a2
3fa422b3,bdd70bd4
3fa42566,bdd71403
3fa42819,bdd71c30
3fa42acc,bdd7245c
3fa42d7f,bdd72c86
3fa43033,bdd734b3
3fa432e6,bdd73cdc
3fa43599,bdd74504
3fa4384c,bdd74d2a
3fa43aff,bdd75550
3fa43db3,bdd75d77
3fa44066,bdd7659b
3fa44319,bdd76dbd
3fa445cc,bdd775de
3fa4487f,bdd77dff
3fa44b33,bdd78621
3fa44de6,bdd78e3f
3fa45099,bdd7965c
3fa4534c,bdd79e78
3fa455ff,bdd7a694
3fa458b3,bdd7aeb1
3fa45b66,bdd7b6ca
3fa45e19,bdd7bee2
3fa460cc,bdd7c6f8
3fa4637f,bdd7cf0e
3fa46633,bdd7d726
3fa468e6,bdd7df3a
3fa46b99,bdd7e74c
3fa46e4c,bdd7ef5e
3fa470ff,bdd7f76e
3fa473b3,bdd7ff81
3fa47666,bdd80790
3fa47919,bdd80f9d
3fa47bcc,bdd817a9
3fa47e7f,bdd81fb4
3fa48133,bdd827c2
3fa483e6,bdd82fcb
3fa48699,bdd837d3
3fa4894c,bdd83fda
3fa48bff,bdd847e0
3fa48eb3,bdd84fe8
3fa49166,bdd857ec
3fa49419,bdd85fef
3fa496cc,bdd867f1
3fa4997f,bdd86ff2
3fa49c33,bdd877f4
3fa49ee6,bdd87ff3
3fa4a199,bdd887f1
3fa4a44c,bdd88fee
3fa4a6ff,bdd897e9
3fa4a9b3,bdd89fe6
3fa4ac66,bdd8a7e0
3fa4af19,bdd8afd8
3fa4b1cc,bdd8b7d0
3fa4b47f,bdd8bfc6
3fa4b733,bdd8c7be
3fa4b9e6,bdd8cfb2
3fa4bc99,bdd8d7a6
3fa4bf4c,bdd8df98
3fa4c1ff,bdd8e789
3fa4c4b3,bdd8ef7c
3fa4c766,bdd8f76b
3fa4ca19,bdd8ff59
3fa4cccc,bdd90746
3fa4cf7f,bdd90f32
3fa4d233,bdd9171f
3fa4d4e6,bdd91f09
3fa4d799,bdd926f2
3fa4da4c,bdd92ed9
3fa4dcff,bdd936c0
3fa4dfb3,bdd93ea8
3fa4e266,bdd9468d
3fa4e519,bdd94e70
3fa4e7cc,bdd95653
3fa4ea7f,bdd95e34
3fa4ed33,bdd96618
3fa4efe6,bdd96df7
3fa4f299,bdd975d5
3fa4f54c,bdd97db2
3fa4f7ff,bdd9858e
3fa4fab3,bdd98d6c
3fa4fd66,bdd99547
3fa50019,bdd99d20
3fa502cc,bdd9a4f8
3fa5057f,bdd9acce
3fa50833,bdd9b4a7
3fa50ae6,bdd9bc7c
3fa50d99,bdd9c450
3fa5104c,bdd9cc23
3fa512ff,bdd9d3f4
3fa515b3,bdd9dbc8
3fa51866,bdd9e398
3fa51b19,bdd9eb66
3fa51dcc,bdd9f334
3fa5207f,bdd9fb00
3fa52333,bdda02ce
3fa525e6,bdda0a99
3fa52899,bdda1262
3fa52b4c,bdda1a2a
3fa52dff,bdda21f2
3fa530b3,bdda29bb
3fa53366,bdda3180
3fa53619,bdda3944
3fa538cc,bdda4107
3fa53b7f,bdda48c9
3fa53e33,bdda508d
3fa540e6,bdda584d
3fa54399,bdda600c
3fa5464c,bdda67ca
3fa548ff,bdda6f87
3fa54bb3,bdda7745
3fa54e66,bdda7f00
3fa55119,bdda86ba
3fa553cc,bdda8e72
3fa5567f,bdda962a
3fa55933,bdda9de3
3fa55be6,bddaa599
3fa55e99,bddaad4e
3fa5614c,bddab501
3fa563ff,bddabcb3
3fa566b3,bddac468
3fa56966,bddacc18
3fa56c19,bddad3c7
3fa56ecc,bddadb75
3fa5717f,bddae322
3fa57433,bddaead2
3fa576e6,bddaf27d
3fa57999,bddafa27
3fa57c4c,bddb01d0
3fa57eff,bddb0978
3fa581b3,bddb1121
3fa58466,bddb18c7
3fa58719,bddb206c
3fa589cc,bddb2810
3fa58c7f,bddb2fb3
3fa58f33,bddb3757
3fa591e6,bddb3ef8
3fa59499,bddb4698
3fa5974c,bddb4e36
3fa599ff,bddb55d4
3fa59cb3,bddb5d73
3fa59f66,bddb650f
3fa5a219,bddb6ca9
3fa5a4cc,bddb7443
3fa5a77f,bddb7bdb
3fa5aa33,bddb8375
3fa5ace6,bddb8b0b
3fa5af99,bddb92a1
3fa5b24c,bddb9a35
3fa5b4ff,bddba1c8
3fa5b7b3,bddba95d
3fa5ba66,bddbb0ee
3fa5bd19,bddbb87e
3fa5bfcc,bddbc00d
3fa5c27f,bddbc79b
3fa5c533,bddbcf2b
3fa5c7e6,bddbd6b7
3fa5ca99,bddbde42
3fa5cd4c,bddbe5cc
3fa5cfff,bddbed54
3fa5d2b3,bddbf4df
3fa5d566,bddbfc66
3fa5d819,bddc03eb
3fa5dacc,bddc0b70
3fa5dd7f,bddc12f4
3fa5e033,bddc1a79
3fa5e2e6,bddc21fa
3fa5e599,bddc297b
3fa5e84c,bddc30fa
3fa5eaff,bddc3879
3fa5edb3,bddc3ff9
3fa5f066,bddc4775
3fa5f319,bddc4ef1
3fa5f5cc,bddc566b
3fa5f87f,bddc5de4
3fa5fb33,bddc655f
3fa5fde6,bddc6cd6
3fa60099,bddc744c
3fa6034c,bddc7bc2
3fa605ff,bddc8335
3fa608b3,bddc8aab
3fa60b66,bddc921d
3fa60e19,bddc998e
3fa610cc,bddca0fe
3fa6137f,bddca86d
3fa61633,bddcafde
3fa618e6,bddcb74a
3fa61b99,bddcbeb6
3fa61e4c,bddcc621
3fa620ff,bddccd8a
3fa623b3,bddcd4f6
3fa62666,bddcdc5d
3fa62919,bddce3c4
3fa62bcc,bddceb2a
3fa62e7f,bddcf28e
3fa63133,bddcf9f4
3fa633e6,bddd0157
3fa63699,bddd08b8
3fa6394c,bddd1019
3fa63bff,bddd1778
3fa63eb3,bddd1ed9
3fa64166,bddd2636
3fa64419,bddd2d92
3fa646cc,bddd34ed
3fa6497f,bddd3c48
3fa64c33,bddd43a3
3fa64ee6,bddd4afc
3fa65199,bddd5253
3fa6544c,bddd59a9
3fa656ff,bddd60fe
3fa659b3,bddd6854
3fa65c66,bddd6fa7
3fa65f19,bddd76f9
3fa661cc,bddd7e4a
3fa6647f,bddd859a
3fa66733,bddd8ceb
3fa669e6,bddd9439
3fa66c99,bddd9b86
3fa66f4c,bddda2d2
3fa671ff,bdddaa1c
3fa674b3,bdddb168
3fa67766,bdddb8b1
3fa67a19,bdddbff8
3fa67ccc,bdddc73f
3fa67f7f,bdddce84
3fa68233,bdddd5cc
3fa684e6,bddddd0f
3fa68799,bddde452
3fa68a4c,bdddeb93
3fa68cff,bdddf2d3
3fa68fb3,bdddfa15
3fa69266,bdde0154
3fa69519,bdde0891
3fa697cc,bdde0fcd
3fa69a7f,bdde1708
3fa69d33,bdde1e45
3fa69fe6,bdde257e
3fa6a299,bdde2cb6
3fa6a54c,bdde33ed
3fa6a7ff,bdde3b23
3fa6aab3,bdde425b
3fa6ad66,bdde498f
3fa6b019,bdde50c2
3fa6b2cc,bdde57f4
3fa6b57f,bdde5f24
3fa6b833,bdde6657
3fa6bae6,bdde6d86
3fa6bd99,bdde74b4
3fa6c04c,bdde7be0
3fa6c2ff,bdde830c
3fa6c5b3,bdde8a39
3fa6c866,bdde9163
3fa6cb19,bdde988c
3fa6cdcc,bdde9fb3
3fa6d07f,bddea6da
3fa6d333,bddeae02
3fa6d5e6,bddeb526
3fa6d899,bddebc4a
3fa6db4c,bddec36c
3fa6ddff,bddeca8e
3fa6e0b3,bdded1b1
3fa6e366,bdded8d0
3fa6e619,bddedfee
3fa6e8cc,bddee70c
3fa6eb7f,bddeee28
3fa6ee33,bddef546
3fa6f0e6,bddefc60
3fa6f399,bddf0379
3fa6f64c,bddf0a91
3fa6f8ff,bddf11a8
3fa6fbb3,bddf18c1
3fa6fe66,bddf1fd6
3fa70119,bddf26ea
3fa703cc,bddf2dfd
3fa7067f,bddf350f
3fa70933,bddf3c23
3fa70be6,bddf4333
3fa70e99,bddf4a42
3fa7114c,bddf514f
3fa713ff,bddf585c
3fa716b3,bddf5f6b
3fa71966,bddf6676
3fa71c19,bddf6d7f
3fa71ecc,bddf7488
3fa7217f,bddf7b90
3fa72433,bddf8299
3fa726e6,bddf899e
3fa72999,bddf90a3
3fa72c4c,bddf97a7
3fa72eff,bddf9ea9
3fa731b3,bddfa5ad
3fa73466,bddfacae
3fa73719,bddfb3ad
3fa739cc,bddfbaac
3fa73c7f,bddfc1a9
3fa73f33,bddfc8a8
3fa741e6,bddfcfa4
3fa74499,bddfd69e
3fa7474c,bddfdd97
3fa749ff,bddfe490
3fa74cb3,bddfeb8a
3fa74f66,bddff280
3fa75219,bddff975
3fa754cc,bde00069
3fa7577f,bde0075c
3fa75a33,bde00e51
3fa75ce6,bde01542
3fa75f99,bde01c32
3fa7624c,bde02321
3fa764ff,bde02a10
3fa767b3,bde030ff
3fa76a66,bde037eb
3fa76d19,bde03ed6
3fa76fcc,bde045c0
3fa7727f,bde04ca9
3fa77533,bde05393
3fa777e6,bde05a7a
3fa77a99,bde06160
3fa77d4c,bde06845
3fa77fff,bde06f29
3fa782b3,bde0760e
3fa78566,bde07cf0
3fa78819,bde083d0
3fa78acc,bde08ab0
3fa78d7f,bde0918f
3fa79033,bde0986f
3fa792e6,bde09f4c
3fa79599,bde0a628
3fa7984c,bde0ad02
3fa79aff,bde0b3dc
3fa79db3,bde0bab7
3fa7a066,bde0c18e
3fa7a319,bde0c865
3fa7a5cc,bde0cf3a
3fa7a87f,bde0d60f
3fa7ab33,bde0dce4
3fa7ade6,bde0e3b7
3fa7b099,bde0ea88
3fa7b34c,bde0f159
3fa7b5ff,bde0f828
3fa7b8b3,bde0fef9
3fa7bb66,bde105c6
3fa7be19,bde10c92
3fa7c0cc,bde1135e
3fa7c37f,bde11a28
3fa7c633,bde120f4
3fa7c8e6,bde127bc
3fa7cb99,bde12e83
3fa7ce4c,bde13549
3fa7d0ff,bde13c0e
3fa7d3b3,bde142d5
3fa7d666,bde14998
3fa7d919,bde1505a
3fa7dbcc,bde1571b
3fa7de7f,bde15ddb
3fa7e133,bde1649d
3fa7e3e6,bde16b5a
3fa7e699,bde17218
3fa7e94c,bde178d4
3fa7ebff,bde17f8e
3fa7eeb3,bde1864b
3fa7f166,bde18d04
3fa7f419,bde193bc
3fa7f6cc,bde19a72
3fa7f97f,bde1a128
3fa7fc33,bde1a7e0
3fa7fee6,bde1ae93
3fa80199,bde1b546
3fa8044c,bde1bbf8
3fa806ff,bde1c2a8
3fa809b3,bde1c95b
3fa80c66,bde1d009
3fa80f19,bde1d6b7
3fa811cc,bde1dd64
3fa8147f,bde1e40f
3fa81733,bde1eabc
3fa819e6,bde1f166
3fa81c99,bde1f80e
3fa81f4c,bde1feb6
3fa821ff,bde2055c
3fa824b3,bde20c04
3fa82766,bde212a9
3fa82a19,bde2194c
3fa82ccc,bde21fef
3fa82f7f,bde22690
3fa83233,bde22d33
3fa834e6,bde233d2
3fa83799,bde23a71
3fa83a4c,bde2410e
3fa83cff,bde247ab
3fa83fb3,bde24e48
3fa84266,bde254e3
3fa84519,bde25b7c
3fa847cc,bde26214
3fa84a7f,bde268ac
3fa84d33,bde26f44
3fa84fe6,bde275da
3fa85299,bde27c6e
3fa8554c,bde28301
3fa857ff,bde28993
3fa85ab3,bde29026
3fa85d66,bde296b7
3fa86019,bde29d46
3fa862cc,bde2a3d4
3fa8657f,bde2aa61
3fa86833,bde2b0ef
3fa86ae6,bde2b77a
3fa86d99,bde2be04
3fa8704c,bde2c48e
3fa872ff,bde2cb16
3fa875b3,bde2d19f
3fa87866,bde2d825
3fa87b19,bde2deaa
3fa87dcc,bde2e52e
3fa8807f,bde2ebb1
3fa88333,bde2f235
3fa885e6,bde2f8b6
3fa88899,bde2ff36
3fa88b4c,bde305b5
3fa88dff,bde30c32
3fa890b3,bde312b2
3fa89366,bde3192e
3fa89619,bde31fa8
3fa898cc,bde32622
3fa89b7f,bde32c9b
3fa89e33,bde33315
3fa8a0e6,bde3398c
3fa8a399,bde34001
3fa8a64c,bde34676
3fa8a8ff,bde34cea
3fa8abb3,bde3535f
3fa8ae66,bde359d0
3fa8b119,bde36041
3fa8b3cc,bde366b1
3fa8b67f,bde36d20
3fa8b933,bde3738f
3fa8bbe6,bde379fc
3fa8be99,bde38068
3fa8c14c,bde386d2
3fa8c3ff,bde38d3c
3fa8c6b3,bde393a7
3fa8c966,bde39a0e
3fa8cc19,bde3a075
3fa8cecc,bde3a6da
3fa8d17f,bde3ad3f
3fa8d433,bde3b3a4
3fa8d6e6,bde3ba07
3fa8d999,bde3c068
3fa8dc4c,bde3c6c9
3fa8deff,bde3cd28
3fa8e1b3,bde3d389
3fa8e466,bde3d9e6
3fa8e719,bde3e043
3fa8e9cc,bde3e69e
3fa8ec7f,bde3ecf9
3fa8ef33,bde3f354
3fa8f1e6,bde3f9ad
3fa8f499,bde40004
3fa8f74c,bde4065a
3fa8f9ff,bde40cb0
3fa8fcb3,bde41306
3fa8ff66,bde4195a
3fa90219,bde41fac
3fa904cc,bde425fd
3fa9077f,bde42c4d
3fa90a33,bde4329f
3fa90ce6,bde438ed
3fa90f99,bde43f3a
3fa9124c,bde44586
3fa914ff,bde44bd2
3fa917b3,bde4521e
3fa91a66,bde45867
3fa91d19,bde45eb0
3fa91fcc,bde464f7
3fa9227f,bde46b3d
3fa92533,bde47184
3fa927e6,bde477c8
3fa92a99,bde47e0b
3fa92d4c,bde4844e
3fa92fff,bde48a8f
3fa932b3,bde490d1
3fa93566,bde49710
3fa93819,bde49d4e
3fa93acc,bde4a38b
3fa93d7f,bde4a9c7
3fa94033,bde4b004
3fa942e6,bde4b63e
3fa94599,bde4bc78
3fa9484c,bde4c2b0
3fa94aff,bde4c8e7
3fa94db3,bde4cf1f
3fa95066,bde4d554
3fa95319,bde4db88
3fa955cc,bde4e1bb
3fa9587f,bde4e7ec
3fa95b33,bde4ee20
3fa95de6,bde4f450
3fa96099,bde4fa7f
3fa9634c,bde500ad
3fa965ff,bde506da
3fa968b3,bde50d08
3fa96b66,bde51332
3fa96e19,bde5195c
3fa970cc,bde51f85
3fa9737f,bde525ad
3fa97633,bde52bd6
3fa978e6,bde531fc
3fa97b99,bde53821
3fa97e4c,bde53e45
3fa980ff,bde54468
3fa983b3,bde54a8c
3fa98666,bde550ac
3fa98919,bde556cc
3fa98bcc,bde55ceb
3fa98e7f,bde56309
3fa99133,bde56928
3fa993e6,bde56f44
3fa99699,bde5755e
3fa9994c,bde57b78
3fa99bff,bde58191
3fa99eb3,bde587ab
3fa9a166,bde58dc2
3fa9a419,bde593d7
3fa9a6cc,bde599ec
3fa9a97f,bde5a000
3fa9ac33,bde5a615
3fa9aee6,bde5ac26
3fa9b199,bde5b237
3fa9b44c,bde5b847
3fa9b6ff,bde5be56
3fa9b9b3,bde5c466
3fa9bc66,bde5ca72
3fa9bf19,bde5d07e
3fa9c1cc,bde5d688
3fa9c47f,bde5dc92
3fa9c733,bde5e29d
3fa9c9e6,bde5e8a5
3fa9cc99,bde5eeab
3fa9cf4c,bde5f4b1
3fa9d1ff,bde5fab6
3fa9d4b3,bde600bc
3fa9d766,bde606be
3fa9da19,bde60cc0
3fa9dccc,bde612c0
3fa9df7f,bde618c0
3fa9e233,bde61ec1
3fa9e4e6,bde624be
3fa9e799,bde62abb
3fa9ea4c,bde630b6
3fa9ecff,bde636b1
3fa9efb3,bde63cad
3fa9f266,bde642a6
3fa9f519,bde6489d
3fa9f7cc,bde64e94
3fa9fa7f,bde65489
3fa9fd33,bde65a80
3fa9ffe6,bde66074
3faa0299,bde66666
3faa054c,bde66c58
3faa07ff,bde67248
3faa0ab3,bde6783a
3faa0d66,bde67e28
3faa1019,bde68416
3faa12cc,bde68a03
3faa157f,bde68fee
3faa1833,bde695db
3faa1ae6,bde69bc4
3faa1d99,bde6a1ad
3faa204c,bde6a795
3faa22ff,bde6ad7b
3faa25b3,bde6b363
3faa2866,bde6b947
3faa2b19,bde6bf2b
3faa2dcc,bde6c50d
3faa307f,bde6caef
3faa3333,bde6d0d2
3faa35e6,bde6d6b1
3faa3899,bde6dc90
3faa3b4c,bde6e26d
3faa3dff,bde6e84a
3faa40b3,bde6ee27
3faa4366,bde6f402
3faa4619,bde6f9db
3faa48cc,bde6ffb4
3faa4b7f,bde7058b
3faa4e33,bde70b64
3faa50e6,bde71139
3faa5399,bde7170e
3faa564c,bde71ce1
3faa58ff,bde722b4
3faa5bb3,bde72888
3faa5e66,bde72e58
3faa6119,bde73427
3faa63cc,bde739f6
3faa667f,bde73fc4
3faa6933,bde74592
3faa6be6,bde74b5e
3faa6e99,bde75128
3faa714c,bde756f2
3faa73ff,bde75cba
3faa76b3,bde76284
3faa7966,bde7684a
3faa7c19,bde76e10
3faa7ecc,bde773d4
3faa817f,bde77998
3faa8433,bde77f5c
3faa86e6,bde7851e
3faa8999,bde78ade
3faa8c4c,bde7909e
3faa8eff,bde7965c
3faa91b3,bde79c1c
3faa9466,bde7a1d8
3faa9719,bde7a794
3faa99cc,bde7ad4e
3faa9c7f,bde7b308
3faa9f33,bde7b8c2
3faaa1e6,bde7be7a
3faaa499,bde7c430
3faaa74c,bde7c9e6
3faaa9ff,bde7cf9a
3faaacb3,bde7d550
3faaaf66,bde7db03
3faab219,bde7e0b4
3faab4cc,bde7e665
3faab77f,bde7ec14
3faaba33,bde7f1c5
3faabce6,bde7f772
3faabf99,bde7fd1f
3faac24c,bde802ca
3faac4ff,bde80875
3faac7b3,bde80e21
3faaca66,bde813c9
3faacd19,bde81971
3faacfcc,bde81f17
3faad27f,bde824bd
3faad533,bde82a64
3faad7e6,bde83007
3faada99,bde835aa
3faadd4c,bde83b4b
3faadfff,bde840ec
3faae2b3,bde8468d
3faae566,bde84c2c
3faae819,bde851c9
3faaeacc,bde85766
3faaed7f,bde85d02
3faaf033,bde8629e
3faaf2e6,bde86838
3faaf599,bde86dd0
3faaf84c,bde87368
3faafaff,bde878ff
3faafdb3,bde87e96
3fab0066,bde8842b
3fab0319,bde889bf
3fab05cc,bde88f51
3fab087f,bde894e3
3fab0b33,bde89a76
3fab0de6,bde8a005
3fab1099,bde8a594
3fab134c,bde8ab22
3fab15ff,bde8b0ae
3fab18b3,bde8b63c
3fab1b66,bde8bbc7
3fab1e19,bde8c150
3fab20cc,bde8c6d9
3fab237f,bde8cc60
3fab2633,bde8d1e9
3fab28e6,bde8d76f
3fab2b99,bde8dcf4
3fab2e4c,bde8e277
3fab30ff,bde8e7fa
3fab33b3,bde8ed7e
3fab3666,bde8f2ff
3fab3919,bde8f87e
3fab3bcc,bde8fdfd
3fab3e7f,bde9037b
3fab4133,bde908fa
3fab43e6,bde90e75
3fab4699,bde913f0
3fab494c,bde9196a
3fab4bff,bde91ee3
3fab4eb3,bde9245c
3fab5166,bde929d3
3fab5419,bde92f49
3fab56cc,bde934be
3fab597f,bde93a32
3fab5c33,bde93fa6
3fab5ee6,bde94518
3fab6199,bde94a89
3fab644c,bde94ff9
3fab66ff,bde95568
3fab69b3,bde95ad8
3fab6c66,bde96044
3fab6f19,bde965b0
3fab71cc,bde96b1b
3fab747f,bde97085
3fab7733,bde975f0
3fab79e6,bde97b58
3fab7c99,bde980bf
3fab7f4c,bde98625
3fab81ff,bde98b8a
3fab84b3,bde990f0
3fab8766,bde99653
3fab8a19,bde99bb5
3fab8ccc,bde9a116
3fab8f7f,bde9a676
3fab9233,bde9abd6
3fab94e6,bde9b134
3fab9799,bde9b691
3fab9a4c,bde9bbee
3fab9cff,bde9c148
3fab9fb3,bde9c6a4
3faba266,bde9cbfe
3faba519,bde9d156
3faba7cc,bde9d6ad
3fabaa7f,bde9dc03
3fabad33,bde9e15a
3fabafe6,bde9e6ae
3fabb299,bde9ec01
3fabb54c,bde9f153
3fabb7ff,bde9f6a4
3fabbab3,bde9fbf6
3fabbd66,bdea0145
3fabc019,bdea0694
3fabc2cc,bdea0be1
3fabc57f,bdea112d
3fabc833,bdea167a
3fabcae6,bdea1bc4
3fabcd99,bdea210d
3fabd04c,bdea2656
3fabd2ff,bdea2b9d
3fabd5b3,bdea30e5
3fabd866,bdea362a
3fabdb19,bdea3b6e
3fabddcc,bdea40b2
3fabe07f,bdea45f4
3fabe333,bdea4b37
3fabe5e6,bdea5078
3fabe899,bdea55b7
3fabeb4c,bdea5af5
3fabedff,bdea6033
3fabf0b3,bdea6571
3fabf366,bdea6aac
3fabf619,bdea6fe7
3fabf8cc,bdea7520
3fabfb7f,bdea7a58
3fabfe33,bdea7f92
3fac00e6,bdea84c8
3fac0399,bdea89fe
3fac064c,bdea8f32
3fac08ff,bdea9466
3fac0bb3,bdea999a
3fac0e66,bdea9ecb
3fac1119,bdeaa3fc
3fac13cc,bdeaa92b
3fac167f,bdeaae5a
3fac1933,bdeab389
3fac1be6,bdeab8b6
3fac1e99,bdeabde2
3fac214c,bdeac30c
3fac23ff,bdeac836
3fac26b3,bdeacd60
3fac2966,bdead288
3fac2c19,bdead7ae
3fac2ecc,bdeadcd4
3fac317f,bdeae1f9
3fac3433,bdeae71e
3fac36e6,bdeaec41
3fac3999,bdeaf163
3fac3c4c,bdeaf683
3fac3eff,bdeafba3
3fac41b3,bdeb00c4
3fac4466,bdeb05e2
3fac4719,bdeb0afe
3fac49cc,bdeb101a
3fac4c7f,bdeb1535
3fac4f33,bdeb1a51
3fac51e6,bdeb1f6a
3fac5499,bdeb2481
3fac574c,bdeb2998
3fac59ff,bdeb2eae
3fac5cb3,bdeb33c5
3fac5f66,bdeb38d9
3fac6219,bdeb3dec
3fac64cc,bdeb42fe
3fac677f,bdeb480f
3fac6a33,bdeb4d20
3fac6ce6,bdeb522f
3fac6f99,bdeb573d
3fac724c,bdeb5c4a
3fac74ff,bdeb6156
3fac77b3,bdeb6663
3fac7a66,bdeb6b6e
3fac7d19,bdeb7076
3fac7fcc,bdeb757f
3fac827f,bdeb7a86
3fac8533,bdeb7f8e
3fac87e6,bdeb8493
3fac8a99,bdeb8997
3fac8d4c,bdeb8e9a
3fac8fff,bdeb939c
3fac92b3,bdeb98a0
3fac9566,bdeb9da0
3fac9819,bdeba29f
3fac9acc,bdeba79d
3fac9d7f,bdebac9b
3faca033,bdebb199
3faca2e6,bdebb694
3faca599,bdebbb8e
3faca84c,bdebc088
3facaaff,bdebc580
3facadb3,bdebca79
3facb066,bdebcf70
3facb319,bdebd465
3facb5cc,bdebd95a
3facb87f,bdebde4d
3facbb33,bdebe341
3facbde6,bdebe833
3facc099,bdebed23
3facc34c,bdebf213
3facc5ff,bdebf702
3facc8b3,bdebfbf1
3faccb66,bdec00dd
3facce19,bdec05c9
3facd0cc,bdec0ab4
3facd37f,bdec0f9d
3facd633,bdec1488
3facd8e6,bdec1970
3facdb99,bdec1e56
3facde4c,bdec233c
3face0ff,bdec2821
3face3b3,bdec2d06
3face666,bdec31e9
3face919,bdec36cb
3facebcc,bdec3bac
3facee7f,bdec408b
3facf133,bdec456c
3facf3e6,bdec4a4a
3facf699,bdec4f27
3facf94c,bdec5403
3facfbff,bdec58de
3facfeb3,bdec5dba
3fad0166,bdec6292
3fad0419,bdec676a
3fad06cc,bdec6c42
3fad097f,bdec7118
3fad0c33,bdec75ee
3fad0ee6,bdec7ac2
3fad1199,bdec7f96
3fad144c,bdec8468
3fad16ff,bdec8939
3fad19b3,bdec8e0b
3fad1c66,bdec92da
3fad1f19,bdec97a8
3fad21cc,bdec9c75
3fad247f,bdeca142
3fad2733,bdeca60f
3fad29e6,bdecaad9
3fad2c99,bdecafa2
3fad2f4c,bdecb46b
3fad31ff,bdecb932
3fad34b3,bdecbdfa
3fad3766,bdecc2c0
3fad3a19,bdecc784
3fad3ccc,bdeccc47
3fad3f7f,bdecd10a
3fad4233,bdecd5cd
3fad44e6,bdecda8e
3fad4799,bdecdf4d
3fad4a4c,bdece40c
3fad4cff,bdece8c9
3fad4fb3,bdeced88
3fad5266,bdecf243
3fad5519,bdecf6fe
3fad57cc,bdecfbb7
3fad5a7f,bded0070
3fad5d33,bded052a
3fad5fe6,bded09e0
3fad6299,bded0e96
3fad654c,bded134b
3fad67ff,bded17ff
3fad6ab3,bded1cb3
3fad6d66,bded2165
3fad7019,bded2616
3fad72cc,bded2ac6
3fad757f,bded2f75
3fad7833,bded3424
3fad7ae6,bded38d2
3fad7d99,bded3d7e
3fad804c,bded4228
3fad82ff,bded46d3
3fad85b3,bded4b7d
3fad8866,bded5026
3fad8b19,bded54cd
3fad8dcc,bded5973
3fad907f,bded5e18
3fad9333,bded62be
3fad95e6,bded6761
3fad9899,bded6c03
3fad9b4c,bded70a4
3fad9dff,bded7545
3fada0b3,bded79e6
3fada366,bded7e84
3fada619,bded8322
3fada8cc,bded87be
3fadab7f,bded8c59
3fadae33,bded90f5
3fadb0e6,bded958f
3fadb399,bded9a27
3fadb64c,bded9ebf
3fadb8ff,bdeda355
3fadbbb3,bdeda7ed
3fadbe66,bdedac81
3fadc119,bdedb115
3fadc3cc,bdedb5a8
3fadc67f,bdedba39
3fadc933,bdedbecc
3fadcbe6,bdedc35b
3fadce99,bdedc7ea
3fadd14c,bdedcc78
3fadd3ff,bdedd105
3fadd6b3,bdedd592
3fadd966,bdedda1d
3faddc19,bdeddea7
3faddecc,bdede330
3fade17f,bdede7b8
3fade433,bdedec40
3fade6e6,bdedf0c6
3fade999,bdedf54b
3fadec4c,bdedf9cf
3fadeeff,bdedfe53
3fadf1b3,bdee02d6
3fadf466,bdee0757
3fadf719,bdee0bd8
3fadf9cc,bdee1057
3fadfc7f,bdee14d5
3fadff33,bdee1954
3fae01e6,bdee1dd0
3fae0499,bdee224b
3fae074c,bdee26c6
3fae09ff,bdee2b3f
3fae0cb3,bdee2fb9
3fae0f66,bdee3431
3fae1219,bdee38a7
3fae14cc,bdee3d1c
3fae177f,bdee4191
3fae1a33,bdee4606
3fae1ce6,bdee4a79
3fae1f99,bdee4eea
3fae224c,bdee535b
3fae24ff,bdee57ca
3fae27b3,bdee5c3b
3fae2a66,bdee60a8
3fae2d19,bdee6515
3fae2fcc,bdee6981
3fae327f,bdee6dec
3fae3533,bdee7257
3fae37e6,bdee76c0
3fae3a99,bdee7b28
3fae3d4c,bdee7f8f
3fae3fff,bdee83f5
3fae42b3,bdee885b
3fae4566,bdee8cbf
3fae4819,bdee9122
3fae4acc,bdee9584
3fae4d7f,bdee99e5
3fae5033,bdee9e47
3fae52e6,bdeea2a6
3fae5599,bdeea704
3fae584c,bdeeab62
3fae5aff,bdeeafbe
3fae5db3,bdeeb41b
3fae6066,bdeeb875
3fae6319,bdeebcce
3fae65cc,bdeec127
3fae687f,bdeec57e
3fae6b33,bdeec9d6
3fae6de6,bdeece2c
3fae7099,bdeed280
3fae734c,bdeed6d4
3fae75ff,bdeedb26
3fae78b3,bdeedf79
3fae7b66,bdeee3ca
3fae7e19,bdeee819
3fae80cc,bdeeec68
3fae837f,bdeef0b6
3fae8633,bdeef504
3fae88e6,bdeef950
3fae8b99,bdeefd9b
3fae8e4c,bdef01e4
3fae90ff,bdef062d
3fae93b3,bdef0a77
3fae9666,bdef0ebe
3fae9919,bdef1304
3fae9bcc,bdef1749
3fae9e7f,bdef1b8d
3faea133,bdef1fd1
3faea3e6,bdef2413
3faea699,bdef2854
3faea94c,bdef2c95
3faeabff,bdef30d4
3faeaeb3,bdef3514
3faeb166,bdef3951
3faeb419,bdef3d8d
3faeb6cc,bdef41c8
3faeb97f,bdef4603
3faebc33,bdef4a3e
3faebee6,bdef4e76
3faec199,bdef52ae
3faec44c,bdef56e4
3faec6ff,bdef5b1a
3faec9b3,bdef5f50
3faecc66,bdef6383
3faecf19,bdef67b6
3faed1cc,bdef6be8
3faed47f,bdef7018
3faed733,bdef744a
3faed9e6,bdef7878
3faedc99,bdef7ca6
3faedf4c,bdef80d3
3faee1ff,bdef84ff
3faee4b3,bdef892b
3faee766,bdef8d55
3faeea19,bdef917e
3faeeccc,bdef95a6
3faeef7f,bdef99cd
3faef233,bdef9df5
3faef4e6,bdefa21a
3faef799,bdefa63e
3faefa4c,bdefaa61
3faefcff,bdefae83
3faeffb3,bdefb2a6
3faf0266,bdefb6c6
3faf0519,bdefbae6
3faf07cc,bdefbf04
3faf0a7f,bdefc321
3faf0d33,bdefc73f
3faf0fe6,bdefcb5b
3faf1299,bdefcf75
3faf154c,bdefd38f
3faf17ff,bdefd7a7
3faf1ab3,bdefdbc0
3faf1d66,bdefdfd7
3faf2019,bdefe3ed
3faf22cc,bdefe801
3faf257f,bdefec15
3faf2833,bdeff02a
3faf2ae6,bdeff43b
3faf2d99,bdeff84c
3faf304c,bdeffc5c
3faf32ff,bdf0006b
3faf35b3,bdf0047a
3faf3866,bdf00887
3faf3b19,bdf00c94
3faf3dcc,bdf0109e
3faf407f,bdf014a9
3faf4333,bdf018b3
3faf45e6,bdf01cbb
3faf4899,bdf020c3
3faf4b4c,bdf024c9
3faf4dff,bdf028ce
3faf50b3,bdf02cd4
3faf5366,bdf030d8
3faf5619,bdf034da
3faf58cc,bdf038db
3faf5b7f,bdf03cdc
3faf5e33,bdf040dd
3faf60e6,bdf044db
3faf6399,bdf048d9
3faf664c,bdf04cd6
3faf68ff,bdf050d1
3faf6bb3,bdf054ce
3faf6e66,bdf058c7
3faf7119,bdf05cc0
3faf73cc,bdf060b8
3faf767f,bdf064af
3faf7933,bdf068a6
3faf7be6,bdf06c9b
3faf7e99,bdf0708f
3faf814c,bdf07482
3faf83ff,bdf07874
3faf86b3,bdf07c67
3faf8966,bdf08057
3faf8c19,bdf08446
3faf8ecc,bdf08834
3faf917f,bdf08c22
3faf9433,bdf0900f
3faf96e6,bdf093fb
3faf9999,bdf097e5
3faf9c4c,bdf09bce
3faf9eff,bdf09fb7
3fafa1b3,bdf0a3a0
3fafa466,bdf0a786
3fafa719,bdf0ab6c
3fafa9cc,bdf0af51
3fafac7f,bdf0b334
3fafaf33,bdf0b718
3fafb1e6,bdf0bafa
3fafb499,bdf0bedb
3fafb74c,bdf0c2bb
3fafb9ff,bdf0c69a
3fafbcb3,bdf0ca79
3fafbf66,bdf0ce56
3fafc219,bdf0d232
3fafc4cc,bdf0d60d
3fafc77f,bdf0d9e7
3fafca33,bdf0ddc2
3fafcce6,bdf0e19a
3fafcf99,bdf0e571
3fafd24c,bdf0e947
3fafd4ff,bdf0ed1c
3fafd7b3,bdf0f0f2
3fafda66,bdf0f4c6
3fafdd19,bdf0f898
3fafdfcc,bdf0fc69
3fafe27f,bdf1003a
3fafe533,bdf1040b
3fafe7e6,bdf107d9
3fafea99,bdf10ba7
3fafed4c,bdf10f74
3fafefff,bdf1133f
3faff2b3,bdf1170c
3faff566,bdf11ad5
3faff819,bdf11e9e
3faffacc,bdf12266
3faffd7f,bdf1262d
3fb00033,bdf129f4
3fb002e6,bdf12db9
3fb00599,bdf1317d
3fb0084c,bdf13540
3fb00aff,bdf13903
3fb00db3,bdf13cc5
3fb01066,bdf14085
3fb01319,bdf14445
3fb015cc,bdf14803
3fb0187f,bdf14bc0
3fb01b33,bdf14f7e
3fb01de6,bdf15339
3fb02099,bdf156f4
3fb0234c,bdf15aad
3fb025ff,bdf15e66
3fb028b3,bdf1621f
3fb02b66,bdf165d6
3fb02e19,bdf1698b
3fb030cc,bdf16d40
3fb0337f,bdf170f4
3fb03633,bdf174a8
3fb038e6,bdf1785a
3fb03b99,bdf17c0b
3fb03e4c,bdf17fbb
3fb040ff,bdf1836a
3fb043b3,bdf18719
3fb04666,bdf18ac6
3fb04919,bdf18e72
3fb04bcc,bdf1921e
3fb04e7f,bdf195c8
3fb05133,bdf19972
3fb053e6,bdf19d1b
3fb05699,bdf1a0c2
3fb0594c,bdf1a469
3fb05bff,bdf1a80e
3fb05eb3,bdf1abb4
3fb06166,bdf1af57
3fb06419,bdf1b2fa
3fb066cc,bdf1b69c
3fb0697f,bdf1ba3c
3fb06c33,bdf1bddd
3fb06ee6,bdf1c17c
3fb07199,bdf1c51a
3fb0744c,bdf1c8b7
3fb076ff,bdf1cc53
3fb079b3,bdf1cfef
3fb07c66,bdf1d389
3fb07f19,bdf1d722
3fb081cc,bdf1daba
3fb0847f,bdf1de51
3fb08733,bdf1e1e9
3fb089e6,bdf1e57e
3fb08c99,bdf1e912
3fb08f4c,bdf1eca6
3fb091ff,bdf1f038
3fb094b3,bdf1f3cb
3fb09766,bdf1f75b
3fb09a19,bdf1faeb
3fb09ccc,bdf1fe7a
3fb09f7f,bdf20207
3fb0a233,bdf20595
3fb0a4e6,bdf20921
3fb0a799,bdf20cac
3fb0aa4c,bdf21035
3fb0acff,bdf213be
3fb0afb3,bdf21747
3fb0b266,bdf21ace
3fb0b519,bdf21e54
3fb0b7cc,bdf221d9
3fb0ba7f,bdf2255e
3fb0bd33,bdf228e2
3fb0bfe6,bdf22c64
3fb0c299,bdf22fe5
3fb0c54c,bdf23366
3fb0c7ff,bdf236e5
3fb0cab3,bdf23a65
3fb0cd66,bdf23de2
3fb0d019,bdf2415f
3fb0d2cc,bdf244da
3fb0d57f,bdf24855
3fb0d833,bdf24bd0
3fb0dae6,bdf24f48
3fb0dd99,bdf252c0
3fb0e04c,bdf25637
3fb0e2ff,bdf259ad
3fb0e5b3,bdf25d23
3fb0e866,bdf26097
3fb0eb19,bdf2640a
3fb0edcc,bdf2677c
3fb0f07f,bdf26aed
3fb0f333,bdf26e5e
3fb0f5e6,bdf271cd
3fb0f899,bdf2753c
3fb0fb4c,bdf278a9
3fb0fdff,bdf27c15
3fb100b3,bdf27f82
3fb10366,bdf282ec
3fb10619,bdf28656
3fb108cc,bdf289be
3fb10b7f,bdf28d26
3fb10e33,bdf2908e
3fb110e6,bdf293f3
3fb11399,bdf29758
3fb1164c,bdf29abc
3fb118ff,bdf29e1f
3fb11bb3,bdf2a182
3fb11e66,bdf2a4e3
3fb12119,bdf2a843
3fb123cc,bdf2aba2
3fb1267f,bdf2af00
3fb12933,bdf2b25e
3fb12be6,bdf2b5ba
3fb12e99,bdf2b916
3fb1314c,bdf2bc70
3fb133ff,bdf2bfc9
3fb136b3,bdf2c323
3fb13966,bdf2c67a
3fb13c19,bdf2c9d1
3fb13ecc,bdf2cd26
3fb1417f,bdf2d07b
3fb14433,bdf2d3d0
3fb146e6,bdf2d723
3fb14999,bdf2da74
3fb14c4c,bdf2ddc5
3fb14eff,bdf2e115
3fb151b3,bdf2e465
3fb15466,bdf2e7b3
3fb15719,bdf2eb00
3fb159cc,bdf2ee4c
3fb15c7f,bdf2f197
3fb15f33,bdf2f4e3
3fb161e6,bdf2f82c
3fb16499,bdf2fb74
3fb1674c,bdf2febc
3fb169ff,bdf30202
3fb16cb3,bdf30549
3fb16f66,bdf3088d
3fb17219,bdf30bd1
3fb174cc,bdf30f13
3fb1777f,bdf31255
3fb17a33,bdf31597
3fb17ce6,bdf318d7
3fb17f99,bdf31c15
3fb1824c,bdf31f53
3fb184ff,bdf32290
3fb187b3,bdf325cd
3fb18a66,bdf32908
3fb18d19,bdf32c42
3fb18fcc,bdf32f7c
3fb1927f,bdf332b4
3fb19533,bdf335ec
3fb197e6,bdf33923
3fb19a99,bdf33c58
3fb19d4c,bdf33f8c
3fb19fff,bdf342c0
3fb1a2b3,bdf345f3
3fb1a566,bdf34925
3fb1a819,bdf34c56
3fb1aacc,bdf34f85
3fb1ad7f,bdf352b4
3fb1b033,bdf355e3
3fb1b2e6,bdf35910
3fb1b599,bdf35c3c
3fb1b84c,bdf35f67
3fb1baff,bdf36291
3fb1bdb3,bdf365bb
3fb1c066,bdf368e3
3fb1c319,bdf36c0a
3fb1c5cc,bdf36f31
3fb1c87f,bdf37256
3fb1cb33,bdf3757b
3fb1cde6,bdf3789f
3fb1d099,bdf37bc1
3fb1d34c,bdf37ee3
3fb1d5ff,bdf38203
3fb1d8b3,bdf38524
3fb1db66,bdf38843
3fb1de19,bdf38b61
3fb1e0cc,bdf38e7d
3fb1e37f,bdf39199
3fb1e633,bdf394b5
3fb1e8e6,bdf397cf
3fb1eb99,bdf39ae8
3fb1ee4c,bdf39e00
3fb1f0ff,bdf3a118
3fb1f3b3,bdf3a42f
3fb1f666,bdf3a744
3fb1f919,bdf3aa58
3fb1fbcc,bdf3ad6c
3fb1fe7f,bdf3b07e
3fb20133,bdf3b391
3fb203e6,bdf3b6a1
3fb20699,bdf3b9b1
3fb2094c,bdf3bcc0
3fb20bff,bdf3bfcd
3fb20eb3,bdf3c2db
3fb21166,bdf3c5e7
3fb21419,bdf3c8f2
3fb216cc,bdf3cbfc
3fb2197f,bdf3cf05
3fb21c33,bdf3d20e
3fb21ee6,bdf3d515
3fb22199,bdf3d81b
3fb2244c,bdf3db21
3fb226ff,bdf3de25
3fb229b3,bdf3e129
3fb22c66,bdf3e42c
3fb22f19,bdf3e72d
3fb231cc,bdf3ea2e
3fb2347f,bdf3ed2d
3fb23733,bdf3f02d
3fb239e6,bdf3f32b
3fb23c99,bdf3f628
3fb23f4c,bdf3f923
3fb241ff,bdf3fc1e
3fb244b3,bdf3ff19
3fb24766,bdf40212
3fb24a19,bdf4050a
3fb24ccc,bdf40802
3fb24f7f,bdf40af8
3fb25233,bdf40dee
3fb254e6,bdf410e2
3fb25799,bdf413d6
3fb25a4c,bdf416c8
3fb25cff,bdf419ba
3fb25fb3,bdf41cab
3fb26266,bdf41f9b
3fb26519,bdf42289
3fb267cc,bdf42577
3fb26a7f,bdf42864
3fb26d33,bdf42b51
3fb26fe6,bdf42e3c
3fb27299,bdf43126
3fb2754c,bdf4340f
3fb277ff,bdf436f7
3fb27ab3,bdf439df
3fb27d66,bdf43cc5
3fb28019,bdf43fab
3fb282cc,bdf4428f
3fb2857f,bdf44572
3fb28833,bdf44856
3fb28ae6,bdf44b37
3fb28d99,bdf44e18
3fb2904c,bdf450f7
3fb292ff,bdf453d6
3fb295b3,bdf456b5
3fb29866,bdf45992
3fb29b19,bdf45c6e
3fb29dcc,bdf45f49
3fb2a07f,bdf46223
3fb2a333,bdf464fd
3fb2a5e6,bdf467d5
3fb2a899,bdf46aac
3fb2ab4c,bdf46d82
3fb2adff,bdf47058
3fb2b0b3,bdf4732d
3fb2b366,bdf47600
3fb2b619,bdf478d3
3fb2b8cc,bdf47ba4
3fb2bb7f,bdf47e75
3fb2be33,bdf48146
3fb2c0e6,bdf48415
3fb2c399,bdf486e2
3fb2c64c,bdf489af
3fb2c8ff,bdf48c7b
3fb2cbb3,bdf48f47
3fb2ce66,bdf49211
3fb2d119,bdf494da
3fb2d3cc,bdf497a3
3fb2d67f,bdf49a6a
3fb2d933,bdf49d31
3fb2dbe6,bdf49ff6
3fb2de99,bdf4a2bb
3fb2e14c,bdf4a57e
3fb2e3ff,bdf4a841
3fb2e6b3,bdf4ab04
3fb2e966,bdf4adc4
3fb2ec19,bdf4b084
3fb2eecc,bdf4b343
3fb2f17f,bdf4b601
3fb2f433,bdf4b8bf
3fb2f6e6,bdf4bb7b
3fb2f999,bdf4be36
3fb2fc4c,bdf4c0f0
3fb2feff,bdf4c3a9
3fb301b3,bdf4c663
3fb30466,bdf4c91a
3fb30719,bdf4cbd0
3fb309cc,bdf4ce86
3fb30c7f,bdf4d13a
3fb30f33,bdf4d3ef
3fb311e6,bdf4d6a2
3fb31499,bdf4d953
3fb3174c,bdf4dc04
3fb319ff,bdf4deb4
3fb31cb3,bdf4e164
3fb31f66,bdf4e412
3fb32219,bdf4e6bf
3fb324cc,bdf4e96b
3fb3277f,bdf4ec16
3fb32a33,bdf4eec1
3fb32ce6,bdf4f16b
3fb32f99,bdf4f413
3fb3324c,bdf4f6bb
3fb334ff,bdf4f961
3fb337b2,bdf4fc07
3fb33a66,bdf4feac
3fb33d19,bdf50150
3fb33fcc,bdf503f3
3fb3427f,bdf50695
3fb34532,bdf50936
3fb347e6,bdf50bd6
3fb34a99,bdf50e76
3fb34d4c,bdf51114
3fb34fff,bdf513b1
3fb352b2,bdf5164d
3fb35566,bdf518e9
3fb35819,bdf51b84
3fb35acc,bdf51e1d
3fb35d7f,bdf520b6
3fb36032,bdf5234d
3fb362e6,bdf525e5
3fb36599,bdf5287b
3fb3684c,bdf52b0f
3fb36aff,bdf52da3
3fb36db2,bdf53036
3fb37066,bdf532c9
3fb37319,bdf5355a
3fb375cc,bdf537ea
3fb3787f,bdf53a79
3fb37b32,bdf53d08
3fb37de6,bdf53f96
3fb38099,bdf54222
3fb3834c,bdf544ae
3fb385ff,bdf54738
3fb388b2,bdf549c2
3fb38b66,bdf54c4b
3fb38e19,bdf54ed3
3fb390cc,bdf5515a
3fb3937f,bdf553e0
3fb39632,bdf55665
3fb398e6,bdf558ea
3fb39b99,bdf55b6d
3fb39e4c,bdf55def
3fb3a0ff,bdf56070
3fb3a3b2,bdf562f0
3fb3a666,bdf56571
3fb3a919,bdf567ef
3fb3abcc,bdf56a6d
3fb3ae7f,bdf56ce9
3fb3b132,bdf56f65
3fb3b3e6,bdf571e0
3fb3b699,bdf5745a
3fb3b94c,bdf576d3
3fb3bbff,bdf5794b
3fb3beb2,bdf57bc2
3fb3c166,bdf57e39
3fb3c419,bdf580ae
3fb3c6cc,bdf58322
3fb3c97f,bdf58595
3fb3cc32,bdf58808
3fb3cee6,bdf58a7a
3fb3d199,bdf58cea
3fb3d44c,bdf58f5a
3fb3d6ff,bdf591c9
3fb3d9b2,bdf59436
3fb3dc66,bdf596a4
3fb3df19,bdf59910
3fb3e1cc,bdf59b7b
3fb3e47f,bdf59de4
3fb3e732,bdf5a04e
3fb3e9e6,bdf5a2b6
3fb3ec99,bdf5a51e
3fb3ef4c,bdf5a784
3fb3f1ff,bdf5a9e9
3fb3f4b2,bdf5ac4e
3fb3f766,bdf5aeb2
3fb3fa19,bdf5b114
3fb3fccc,bdf5b376
3fb3ff7f,bdf5b5d7
3fb40232,bdf5b836
3fb404e6,bdf5ba96
3fb40799,bdf5bcf4
3fb40a4c,bdf5bf51
3fb40cff,bdf5c1ad
3fb40fb2,bdf5c408
3fb41266,bdf5c663
3fb41519,bdf5c8bc
3fb417cc,bdf5cb15
3fb41a7f,bdf5cd6c
3fb41d32,bdf5cfc2
3fb41fe6,bdf5d219
3fb42299,bdf5d46e
3fb4254c,bdf5d6c1
3fb427ff,bdf5d914
3fb42ab2,bdf5db66
3fb42d66,bdf5ddb7
3fb43019,bdf5e007
3fb432cc,bdf5e256
3fb4357f,bdf5e4a5
3fb43832,bdf5e6f2
3fb43ae6,bdf5e93f
3fb43d99,bdf5eb8a
3fb4404c,bdf5edd5
3fb442ff,bdf5f01e
3fb445b2,bdf5f267
3fb44866,bdf5f4af
3fb44b19,bdf5f6f6
3fb44dcc,bdf5f93c
3fb4507f,bdf5fb80
3fb45332,bdf5fdc4
3fb455e6,bdf60008
3fb45899,bdf6024a
3fb45b4c,bdf6048b
3fb45dff,bdf606cc
3fb460b2,bdf6090b
3fb46366,bdf60b4a
3fb46619,bdf60d87
3fb468cc,bdf60fc4
3fb46b7f,bdf61200
3fb46e32,bdf6143a
3fb470e6,bdf61675
3fb47399,bdf618ae
3fb4764c,bdf61ae5
3fb478ff,bdf61d1c
3fb47bb2,bdf61f52
3fb47e66,bdf62188
3fb48119,bdf623bd
3fb483cc,bdf625f0
3fb4867f,bdf62822
3fb48932,bdf62a54
3fb48be6,bdf62c85
3fb48e99,bdf62eb4
3fb4914c,bdf630e3
3fb493ff,bdf63311
3fb496b2,bdf6353e
3fb49966,bdf6376a
3fb49c19,bdf63995
3fb49ecc,bdf63bbf
3fb4a17f,bdf63de8
3fb4a432,bdf64010
3fb4a6e6,bdf64238
3fb4a999,bdf6445f
3fb4ac4c,bdf64684
3fb4aeff,bdf648a9
3fb4b1b2,bdf64acc
3fb4b466,bdf64cf0
3fb4b719,bdf64f11
3fb4b9cc,bdf65132
3fb4bc7f,bdf65352
3fb4bf32,bdf65571
3fb4c1e6,bdf65790
3fb4c499,bdf659ad
3fb4c74c,bdf65bc9
3fb4c9ff,bdf65de4
3fb4ccb2,bdf65ffe
3fb4cf66,bdf66218
3fb4d219,bdf66431
3fb4d4cc,bdf66648
3fb4d77f,bdf6685f
3fb4da32,bdf66a75
3fb4dce6,bdf66c8a
3fb4df99,bdf66e9e
3fb4e24c,bdf670b1
3fb4e4ff,bdf672c3
3fb4e7b2,bdf674d4
3fb4ea66,bdf676e5
3fb4ed19,bdf678f4
3fb4efcc,bdf67b03
3fb4f27f,bdf67d10
3fb4f532,bdf67f1d
3fb4f7e6,bdf68129
3fb4fa99,bdf68333
3fb4fd4c,bdf6853d
3fb4ffff,bdf68746
3fb502b2,bdf6894e
3fb50566,bdf68b56
3fb50819,bdf68d5c
3fb50acc,bdf68f61
3fb50d7f,bdf69165
3fb51032,bdf69368
3fb512e6,bdf6956b
3fb51599,bdf6976d
3fb5184c,bdf6996d
3fb51aff,bdf69b6d
3fb51db2,bdf69d6b
3fb52066,bdf69f6a
3fb52319,bdf6a167
3fb525cc,bdf6a362
3fb5287f,bdf6a55d
3fb52b32,bdf6a757
3fb52de6,bdf6a951
3fb53099,bdf6ab4a
3fb5334c,bdf6ad41
3fb535ff,bdf6af37
3fb538b2,bdf6b12d
3fb53b66,bdf6b322
3fb53e19,bdf6b515
3fb540cc,bdf6b708
3fb5437f,bdf6b8fa
3fb54632,bdf6baeb
3fb548e6,bdf6bcdb
3fb54b99,bdf6beca
3fb54e4c,bdf6c0b8
3fb550ff,bdf6c2a6
3fb553b2,bdf6c492
3fb55666,bdf6c67e
3fb55919,bdf6c868
3fb55bcc,bdf6ca52
3fb55e7f,bdf6cc3a
3fb56132,bdf6ce22
3fb563e6,bdf6d00a
3fb56699,bdf6d1ef
3fb5694c,bdf6d3d4
3fb56bff,bdf6d5b8
3fb56eb2,bdf6d79b
3fb57166,bdf6d97e
3fb57419,bdf6db5f
3fb576cc,bdf6dd40
3fb5797f,bdf6df1f
3fb57c32,bdf6e0fd
3fb57ee6,bdf6e2dc
3fb58199,bdf6e4b8
3fb5844c,bdf6e694
3fb586ff,bdf6e86f
3fb589b2,bdf6ea49
3fb58c66,bdf6ec22
3fb58f19,bdf6edfa
3fb591cc,bdf6efd2
3fb5947f,bdf6f1a8
3fb59732,bdf6f37d
3fb599e6,bdf6f552
3fb59c99,bdf6f726
3fb59f4c,bdf6f8f8
3fb5a1ff,bdf6faca
3fb5a4b2,bdf6fc9a
3fb5a766,bdf6fe6b
3fb5aa19,bdf7003a
3fb5accc,bdf70208
3fb5af7f,bdf703d5
3fb5b232,bdf705a1
3fb5b4e6,bdf7076d
3fb5b799,bdf70937
3fb5ba4c,bdf70b00
3fb5bcff,bdf70cc9
3fb5bfb2,bdf70e90
3fb5c266,bdf71058
3fb5c519,bdf7121d
3fb5c7cc,bdf713e2
3fb5ca7f,bdf715a6
3fb5cd32,bdf71769
3fb5cfe6,bdf7192c
3fb5d299,bdf71aed
3fb5d54c,bdf71cad
3fb5d7ff,bdf71e6c
3fb5dab2,bdf7202a
3fb5dd66,bdf721e9
3fb5e019,bdf723a5
3fb5e2cc,bdf72561
3fb5e57f,bdf7271b
3fb5e832,bdf728d5
3fb5eae6,bdf72a8f
3fb5ed99,bdf72c47
3fb5f04c,bdf72dfe
3fb5f2ff,bdf72fb4
3fb5f5b2,bdf73169
3fb5f866,bdf7331e
3fb5fb19,bdf734d1
3fb5fdcc,bdf73684
3fb6007f,bdf73835
3fb60332,bdf739e6
3fb605e6,bdf73b96
3fb60899,bdf73d45
3fb60b4c,bdf73ef3
3fb60dff,bdf740a0
3fb610b2,bdf7424c
3fb61366,bdf743f8
3fb61619,bdf745a2
3fb618cc,bdf7474c
3fb61b7f,bdf748f4
3fb61e32,bdf74a9b
3fb620e6,bdf74c43
3fb62399,bdf74de8
3fb6264c,bdf74f8d
3fb628ff,bdf75131
3fb62bb2,bdf752d4
3fb62e66,bdf75476
3fb63119,bdf75618
3fb633cc,bdf757b8
3fb6367f,bdf75957
3fb63932,bdf75af5
3fb63be6,bdf75c93
3fb63e99,bdf75e30
3fb6414c,bdf75fcc
3fb643ff,bdf76166
3fb646b2,bdf76300
3fb64966,bdf7649a
3fb64c19,bdf76632
3fb64ecc,bdf767c9
3fb6517f,bdf7695f
3fb65432,bdf76af4
3fb656e6,bdf76c89
3fb65999,bdf76e1c
3fb65c4c,bdf76faf
3fb65eff,bdf77140
3fb661b2,bdf772d1
3fb66466,bdf77461
3fb66719,bdf775f0
3fb669cc,bdf7777e
3fb66c7f,bdf7790b
3fb66f32,bdf77a97
3fb671e6,bdf77c23
3fb67499,bdf77dad
3fb6774c,bdf77f37
3fb679ff,bdf780bf
3fb67cb2,bdf78247
3fb67f66,bdf783ce
3fb68219,bdf78554
3fb684cc,bdf786d8
3fb6877f,bdf7885c
3fb68a32,bdf789df
3fb68ce6,bdf78b62
3fb68f99,bdf78ce3
3fb6924c,bdf78e63
3fb694ff,bdf78fe3
3fb697b2,bdf79161
3fb69a66,bdf792df
3fb69d19,bdf7945c
3fb69fcc,bdf795d8
3fb6a27f,bdf79752
3fb6a532,bdf798cc
3fb6a7e6,bdf79a46
3fb6aa99,bdf79bbe
3fb6ad4c,bdf79d35
3fb6afff,bdf79eab
3fb6b2b2,bdf7a021
3fb6b566,bdf7a196
3fb6b819,bdf7a309
3fb6bacc,bdf7a47c
3fb6bd7f,bdf7a5ed
3fb6c032,bdf7a75e
3fb6c2e6,bdf7a8cf
3fb6c599,bdf7aa3e
3fb6c84c,bdf7abac
3fb6caff,bdf7ad19
3fb6cdb2,bdf7ae85
3fb6d066,bdf7aff1
3fb6d319,bdf7b15b
3fb6d5cc,bdf7b2c5
3fb6d87f,bdf7b42d
3fb6db32,bdf7b595
3fb6dde6,bdf7b6fc
3fb6e099,bdf7b862
3fb6e34c,bdf7b9c7
3fb6e5ff,bdf7bb2b
3fb6e8b2,bdf7bc8e
3fb6eb66,bdf7bdf1
3fb6ee19,bdf7bf53
3fb6f0cc,bdf7c0b3
3fb6f37f,bdf7c212
3fb6f632,bdf7c371
3fb6f8e6,bdf7c4cf
3fb6fb99,bdf7c62c
3fb6fe4c,bdf7c788
3fb700ff,bdf7c8e3
3fb703b2,bdf7ca3d
3fb70666,bdf7cb97
3fb70919,bdf7ccef
3fb70bcc,bdf7ce46
3fb70e7f,bdf7cf9d
3fb71132,bdf7d0f2
3fb713e6,bdf7d247
3fb71699,bdf7d39b
3fb7194c,bdf7d4ee
3fb71bff,bdf7d640
3fb71eb2,bdf7d791
3fb72166,bdf7d8e1
3fb72419,bdf7da30
3fb726cc,bdf7db7f
3fb7297f,bdf7dccc
3fb72c32,bdf7de18
3fb72ee6,bdf7df65
3fb73199,bdf7e0af
3fb7344c,bdf7e1f9
3fb736ff,bdf7e342
3fb739b2,bdf7e48a
3fb73c66,bdf7e5d1
3fb73f19,bdf7e717
3fb741cc,bdf7e85c
3fb7447f,bdf7e9a1
3fb74732,bdf7eae4
3fb749e6,bdf7ec27
3fb74c99,bdf7ed69
3fb74f4c,bdf7eea9
3fb751ff,bdf7efe9
3fb754b2,bdf7f128
3fb75766,bdf7f266
3fb75a19,bdf7f3a3
3fb75ccc,bdf7f4df
3fb75f7f,bdf7f61b
3fb76232,bdf7f755
3fb764e6,bdf7f88f
3fb76799,bdf7f9c7
3fb76a4c,bdf7faff
3fb76cff,bdf7fc36
3fb76fb2,bdf7fd6c
3fb77266,bdf7fea1
3fb77519,bdf7ffd5
3fb777cc,bdf80108
3fb77a7f,bdf8023a
3fb77d32,bdf8036b
3fb77fe6,bdf8049c
3fb78299,bdf805cc
3fb7854c,bdf806fa
3fb787ff,bdf80828
3fb78ab2,bdf80955
3fb78d66,bdf80a81
3fb79019,bdf80bac
3fb792cc,bdf80cd6
3fb7957f,bdf80dff
3fb79832,bdf80f27
3fb79ae6,bdf8104f
3fb79d99,bdf81175
3fb7a04c,bdf8129b
3fb7a2ff,bdf813c0
3fb7a5b2,bdf814e3
3fb7a866,bdf81607
3fb7ab19,bdf81728
3fb7adcc,bdf81849
3fb7b07f,bdf8196a
3fb7b332,bdf81a89
3fb7b5e6,bdf81ba7
3fb7b899,bdf81cc5
3fb7bb4c,bdf81de1
3fb7bdff,bdf81efd
3fb7c0b2,bdf82018
3fb7c366,bdf82132
3fb7c619,bdf8224b
3fb7c8cc,bdf82363
3fb7cb7f,bdf8247a
3fb7ce32,bdf82590
3fb7d0e6,bdf826a5
3fb7d399,bdf827ba
3fb7d64c,bdf828cd
3fb7d8ff,bdf829e0
3fb7dbb2,bdf82af1
3fb7de66,bdf82c03
3fb7e119,bdf82d12
3fb7e3cc,bdf82e21
3fb7e67f,bdf82f2f
3fb7e932,bdf8303d
3fb7ebe6,bdf83149
3fb7ee99,bdf83255
3fb7f14c,bdf8335f
3fb7f3ff,bdf83469
3fb7f6b2,bdf83571
3fb7f966,bdf83679
3fb7fc19,bdf83780
3fb7fecc,bdf83886
3fb8017f,bdf8398b
3fb80432,bdf83a8f
3fb806e6,bdf83b93
3fb80999,bdf83c95
3fb80c4c,bdf83d96
3fb80eff,bdf83e97
3fb811b2,bdf83f97
3fb81466,bdf84096
3fb81719,bdf84193
3fb819cc,bdf84290
3fb81c7f,bdf8438c
3fb81f32,bdf84488
3fb821e6,bdf84582
3fb82499,bdf8467b
3fb8274c,bdf84774
3fb829ff,bdf8486b
3fb82cb2,bdf84962
3fb82f66,bdf84a58
3fb83219,bdf84b4d
3fb834cc,bdf84c41
3fb8377f,bdf84d34
3fb83a32,bdf84e26
3fb83ce6,bdf84f17
3fb83f99,bdf85008
3fb8424c,bdf850f7
3fb844ff,bdf851e6
3fb847b2,bdf852d3
3fb84a66,bdf853c0
3fb84d19,bdf854ac
3fb84fcc,bdf85597
3fb8527f,bdf85681
3fb85532,bdf8576a
3fb857e6,bdf85853
3fb85a99,bdf8593a
3fb85d4c,bdf85a20
3fb85fff,bdf85b06
3fb862b2,bdf85beb
3fb86566,bdf85ccf
3fb86819,bdf85db1
3fb86acc,bdf85e93
3fb86d7f,bdf85f74
3fb87032,bdf86054
3fb872e6,bdf86134
3fb87599,bdf86212
3fb8784c,bdf862f0
3fb87aff,bdf863cc
3fb87db2,bdf864a8
3fb88066,bdf86583
3fb88319,bdf8665d
3fb885cc,bdf86736
3fb8887f,bdf8680e
3fb88b32,bdf868e5
3fb88de6,bdf869bb
3fb89099,bdf86a91
3fb8934c,bdf86b65
3fb895ff,bdf86c39
3fb898b2,bdf86d0b
3fb89b66,bdf86ddd
3fb89e19,bdf86eae
3fb8a0cc,bdf86f7e
3fb8a37f,bdf8704d
3fb8a632,bdf8711c
3fb8a8e6,bdf871e9
3fb8ab99,bdf872b5
3fb8ae4c,bdf87381
3fb8b0ff,bdf8744c
3fb8b3b2,bdf87515
3fb8b666,bdf875de
3fb8b919,bdf876a6
3fb8bbcc,bdf8776d
3fb8be7f,bdf87833
3fb8c132,bdf878f8
3fb8c3e6,bdf879bd
3fb8c699,bdf87a80
3fb8c94c,bdf87b43
3fb8cbff,bdf87c05
3fb8ceb2,bdf87cc5
3fb8d166,bdf87d85
3fb8d419,bdf87e44
3fb8d6cc,bdf87f02
3fb8d97f,bdf87fbf
3fb8dc32,bdf8807c
3fb8dee6,bdf88137
3fb8e199,bdf881f2
3fb8e44c,bdf882ab
3fb8e6ff,bdf88364
3fb8e9b2,bdf8841c
3fb8ec66,bdf884d3
3fb8ef19,bdf88589
3fb8f1cc,bdf8863e
3fb8f47f,bdf886f2
3fb8f732,bdf887a5
3fb8f9e6,bdf88858
3fb8fc99,bdf88909
3fb8ff4c,bdf889ba
3fb901ff,bdf88a6a
3fb904b2,bdf88b18
3fb90766,bdf88bc7
3fb90a19,bdf88c74
3fb90ccc,bdf88d20
3fb90f7f,bdf88dcb
3fb91232,bdf88e75
3fb914e6,bdf88f1f
3fb91799,bdf88fc8
3fb91a4c,bdf8906f
3fb91cff,bdf89116
3fb91fb2,bdf891bc
3fb92266,bdf89261
3fb92519,bdf89305
3fb927cc,bdf893a8
3fb92a7f,bdf8944b
3fb92d32,bdf894ec
3fb92fe6,bdf8958d
3fb93299,bdf8962c
3fb9354c,bdf896cb
3fb937ff,bdf89769
3fb93ab2,bdf89806
3fb93d66,bdf898a2
3fb94019,bdf8993d
3fb942cc,bdf899d7
3fb9457f,bdf89a71
3fb94832,bdf89b09
3fb94ae6,bdf89ba1
3fb94d99,bdf89c38
3fb9504c,bdf89ccd
3fb952ff,bdf89d62
3fb955b2,bdf89df6
3fb95866,bdf89e8a
3fb95b19,bdf89f1c
3fb95dcc,bdf89fad
3fb9607f,bdf8a03e
3fb96332,bdf8a0cd
3fb965e6,bdf8a15c
3fb96899,bdf8a1ea
3fb96b4c,bdf8a276
3fb96dff,bdf8a302
3fb970b2,bdf8a38e
3fb97366,bdf8a418
3fb97619,bdf8a4a1
3fb978cc,bdf8a52a
3fb97b7f,bdf8a5b1
3fb97e32,bdf8a638
3fb980e6,bdf8a6be
3fb98399,bdf8a742
3fb9864c,bdf8a7c6
3fb988ff,bdf8a849
3fb98bb2,bdf8a8cc
3fb98e66,bdf8a94d
3fb99119,bdf8a9cd
3fb993cc,bdf8aa4d
3fb9967f,bdf8aacb
3fb99932,bdf8ab49
3fb99be6,bdf8abc6
3fb99e99,bdf8ac42
3fb9a14c,bdf8acbd
3fb9a3ff,bdf8ad37
3fb9a6b2,bdf8adb0
3fb9a966,bdf8ae29
3fb9ac19,bdf8aea0
3fb9aecc,bdf8af17
3fb9b17f,bdf8af8d
3fb9b432,bdf8b001
3fb9b6e6,bdf8b075
3fb9b999,bdf8b0e8
3fb9bc4c,bdf8b15b
3fb9beff,bdf8b1cc
3fb9c1b2,bdf8b23c
3fb9c466,bdf8b2ac
3fb9c719,bdf8b31a
3fb9c9cc,bdf8b388
3fb9cc7f,bdf8b3f5
3fb9cf32,bdf8b461
3fb9d1e6,bdf8b4cc
3fb9d499,bdf8b536
3fb9d74c,bdf8b59f
3fb9d9ff,bdf8b607
3fb9dcb2,bdf8b66f
3fb9df66,bdf8b6d6
3fb9e219,bdf8b73b
3fb9e4cc,bdf8b7a0
3fb9e77f,bdf8b804
3fb9ea32,bdf8b867
3fb9ece6,bdf8b8c9
3fb9ef99,bdf8b92a
3fb9f24c,bdf8b98b
3fb9f4ff,bdf8b9ea
3fb9f7b2,bdf8ba49
3fb9fa66,bdf8baa6
3fb9fd19,bdf8bb03
3fb9ffcc,bdf8bb5f
3fba027f,bdf8bbba
3fba0532,bdf8bc14
3fba07e6,bdf8bc6d
3fba0a99,bdf8bcc6
3fba0d4c,bdf8bd1d
3fba0fff,bdf8bd74
3fba12b2,bdf8bdc9
3fba1566,bdf8be1e
3fba1819,bdf8be72
3fba1acc,bdf8bec5
3fba1d7f,bdf8bf17
3fba2032,bdf8bf69
3fba22e6,bdf8bfb9
3fba2599,bdf8c008
3fba284c,bdf8c057
3fba2aff,bdf8c0a5
3fba2db2,bdf8c0f2
3fba3066,bdf8c13e
3fba3319,bdf8c189
3fba35cc,bdf8c1d3
3fba387f,bdf8c21c
3fba3b32,bdf8c264
3fba3de6,bdf8c2ac
3fba4099,bdf8c2f2
3fba434c,bdf8c338
3fba45ff,bdf8c37d
3fba48b2,bdf8c3c1
3fba4b66,bdf8c404
3fba4e19,bdf8c446
3fba50cc,bdf8c487
3fba537f,bdf8c4c8
3fba5632,bdf8c507
3fba58e6,bdf8c546
3fba5b99,bdf8c584
3fba5e4c,bdf8c5c0
3fba60ff,bdf8c5fc
3fba63b2,bdf8c637
3fba6666,bdf8c672
3fba6919,bdf8c6ab
3fba6bcc,bdf8c6e3
3fba6e7f,bdf8c71b
3fba7132,bdf8c751
3fba73e6,bdf8c787
3fba7699,bdf8c7bc
3fba794c,bdf8c7f0
3fba7bff,bdf8c823
3fba7eb2,bdf8c855
3fba8166,bdf8c887
3fba8419,bdf8c8b7
3fba86cc,bdf8c8e7
3fba897f,bdf8c915
3fba8c32,bdf8c943
3fba8ee6,bdf8c970
3fba9199,bdf8c99c
3fba944c,bdf8c9c7
3fba96ff,bdf8c9f1
3fba99b2,bdf8ca1b
3fba9c66,bdf8ca43
3fba9f19,bdf8ca6b
3fbaa1cc,bdf8ca92
3fbaa47f,bdf8cab7
3fbaa732,bdf8cadc
3fbaa9e6,bdf8cb00
3fbaac99,bdf8cb24
3fbaaf4c,bdf8cb46
3fbab1ff,bdf8cb67
3fbab4b2,bdf8cb88
3fbab766,bdf8cba7
3fbaba19,bdf8cbc6
3fbabccc,bdf8cbe4
3fbabf7f,bdf8cc01
3fbac232,bdf8cc1d
3fbac4e6,bdf8cc38
3fbac799,bdf8cc53
3fbaca4c,bdf8cc6c
3fbaccff,bdf8cc85
3fbacfb2,bdf8cc9c
3fbad266,bdf8ccb3
3fbad519,bdf8ccc9
3fbad7cc,bdf8ccde
3fbada7f,bdf8ccf2
3fbadd32,bdf8cd05
3fbadfe6,bdf8cd18
3fbae299,bdf8cd29
3fbae54c,bdf8cd3a
3fbae7ff,bdf8cd4a
3fbaeab2,bdf8cd58
3fbaed66,bdf8cd66
3fbaf019,bdf8cd73
3fbaf2cc,bdf8cd80
3fbaf57f,bdf8cd8b
3fbaf832,bdf8cd95
3fbafae6,bdf8cd9f
3fbafd99,bdf8cda8
3fbb004c,bdf8cdaf
3fbb02ff,bdf8cdb6
3fbb05b2,bdf8cdbc
3fbb0866,bdf8cdc1
3fbb0b19,bdf8cdc6
3fbb0dcc,bdf8cdc9
3fbb107f,bdf8cdcc
3fbb1332,bdf8cdcd
3fbb15e6,bdf8cdce
3fbb1899,bdf8cdce
3fbb1b4c,bdf8cdcd
3fbb1dff,bdf8cdcb
3fbb20b2,bdf8cdc8
3fbb2366,bdf8cdc4
3fbb2619,bdf8cdc0
3fbb28cc,bdf8cdba
3fbb2b7f,bdf8cdb4
3fbb2e32,bdf8cdad
3fbb30e6,bdf8cda5
3fbb3399,bdf8cd9c
3fbb364c,bdf8cd92
3fbb38ff,bdf8cd87
3fbb3bb2,bdf8cd7b
3fbb3e66,bdf8cd6f
3fbb4119,bdf8cd62
3fbb43cc,bdf8cd53
3fbb467f,bdf8cd44
3fbb4932,bdf8cd34
3fbb4be6,bdf8cd23
3fbb4e99,bdf8cd11
3fbb514c,bdf8ccff
3fbb53ff,bdf8cceb
3fbb56b2,bdf8ccd7
3fbb5966,bdf8ccc2
3fbb5c19,bdf8ccab
3fbb5ecc,bdf8cc94
3fbb617f,bdf8cc7c
3fbb6432,bdf8cc64
3fbb66e6,bdf8cc4a
3fbb6999,bdf8cc2f
3fbb6c4c,bdf8cc14
3fbb6eff,bdf8cbf7
3fbb71b2,bdf8cbda
3fbb7466,bdf8cbbc
3fbb7719,bdf8cb9d
3fbb79cc,bdf8cb7d
3fbb7c7f,bdf8cb5d
3fbb7f32,bdf8cb3b
3fbb81e6,bdf8cb18
3fbb8499,bdf8caf5
3fbb874c,bdf8cad1
3fbb89ff,bdf8caac
3fbb8cb2,bdf8ca86
3fbb8f66,bdf8ca5f
3fbb9219,bdf8ca37
3fbb94cc,bdf8ca0e
3fbb977f,bdf8c9e5
3fbb9a32,bdf8c9ba
3fbb9ce6,bdf8c98f
3fbb9f99,bdf8c963
3fbba24c,bdf8c936
3fbba4ff,bdf8c908
3fbba7b2,bdf8c8d9
3fbbaa66,bdf8c8a9
3fbbad19,bdf8c879
3fbbafcc,bdf8c847
3fbbb27f,bdf8c815
3fbbb532,bdf8c7e2
3fbbb7e6,bdf8c7ae
3fbbba99,bdf8c779
3fbbbd4c,bdf8c743
3fbbbfff,bdf8c70c
3fbbc2b2,bdf8c6d5
3fbbc566,bdf8c69c
3fbbc819,bdf8c663
3fbbcacc,bdf8c629
3fbbcd7f,bdf8c5ee
3fbbd032,bdf8c5b2
3fbbd2e6,bdf8c575
3fbbd599,bdf8c537
3fbbd84c,bdf8c4f9
3fbbdaff,bdf8c4b9
3fbbddb2,bdf8c479
3fbbe066,bdf8c438
3fbbe319,bdf8c3f5
3fbbe5cc,bdf8c3b3
3fbbe87f,bdf8c36f
3fbbeb32,bdf8c32a
3fbbede6,bdf8c2e4
3fbbf099,bdf8c29e
3fbbf34c,bdf8c256
3fbbf5ff,bdf8c20e
3fbbf8b2,bdf8c1c5
3fbbfb66,bdf8c17b
3fbbfe19,bdf8c130
3fbc00cc,bdf8c0e4
3fbc037f,bdf8c098
3fbc0632,bdf8c04a
3fbc08e6,bdf8bffc
3fbc0b99,bdf8bfad
3fbc0e4c,bdf8bf5d
3fbc10ff,bdf8bf0c
3fbc13b2,bdf8beba
3fbc1666,bdf8be67
3fbc1919,bdf8be13
3fbc1bcc,bdf8bdbf
3fbc1e7f,bdf8bd69
3fbc2132,bdf8bd13
3fbc23e6,bdf8bcbc
3fbc2699,bdf8bc64
3fbc294c,bdf8bc0b
3fbc2bff,bdf8bbb1
3fbc2eb2,bdf8bb57
3fbc3166,bdf8bafb
3fbc3419,bdf8ba9f
3fbc36cc,bdf8ba42
3fbc397f,bdf8b9e4
3fbc3c32,bdf8b985
3fbc3ee6,bdf8b925
3fbc4199,bdf8b8c4
3fbc444c,bdf8b862
3fbc46ff,bdf8b800
3fbc49b2,bdf8b79c
3fbc4c66,bdf8b738
3fbc4f19,bdf8b6d3
3fbc51cc,bdf8b66d
3fbc547f,bdf8b606
3fbc5732,bdf8b59e
3fbc59e6,bdf8b536
3fbc5c99,bdf8b4cc
3fbc5f4c,bdf8b462
3fbc61ff,bdf8b3f7
3fbc64b2,bdf8b38b
3fbc6766,bdf8b31d
3fbc6a19,bdf8b2b0
3fbc6ccc,bdf8b241
3fbc6f7f,bdf8b1d1
3fbc7232,bdf8b161
3fbc74e6,bdf8b0ef
3fbc7799,bdf8b07d
3fbc7a4c,bdf8b00a
3fbc7cff,bdf8af96
3fbc7fb2,bdf8af21
3fbc8266,bdf8aeac
3fbc8519,bdf8ae35
3fbc87cc,bdf8adbe
3fbc8a7f,bdf8ad45
3fbc8d32,bdf8accc
3fbc8fe6,bdf8ac52
3fbc9299,bdf8abd7
3fbc954c,bdf8ab5b
3fbc97ff,bdf8aade
3fbc9ab2,bdf8aa61
3fbc9d66,bdf8a9e2
3fbca019,bdf8a963
3fbca2cc,bdf8a8e3
3fbca57f,bdf8a862
3fbca832,bdf8a7e0
3fbcaae6,bdf8a75d
3fbcad99,bdf8a6d9
3fbcb04c,bdf8a655
3fbcb2ff,bdf8a5cf
3fbcb5b2,bdf8a549
3fbcb866,bdf8a4c2
3fbcbb19,bdf8a43a
3fbcbdcc,bdf8a3b1
3fbcc07f,bdf8a327
3fbcc332,bdf8a29d
3fbcc5e6,bdf8a211
3fbcc899,bdf8a185
3fbccb4c,bdf8a0f7
3fbccdff,bdf8a069
3fbcd0b2,bdf89fda
3fbcd366,bdf89f4a
3fbcd619,bdf89eb9
3fbcd8cc,bdf89e28
3fbcdb7f,bdf89d95
3fbcde32,bdf89d02
3fbce0e6,bdf89c6e
3fbce399,bdf89bd9
3fbce64c,bdf89b43
3fbce8ff,bdf89aac
3fbcebb2,bdf89a14
3fbcee66,bdf8997b
3fbcf119,bdf898e2
3fbcf3cc,bdf89848
3fbcf67f,bdf897ad
3fbcf932,bdf89711
3fbcfbe6,bdf89673
3fbcfe99,bdf895d6
3fbd014c,bdf89537
3fbd03ff,bdf89498
3fbd06b2,bdf893f7
3fbd0966,bdf89356
3fbd0c19,bdf892b4
3fbd0ecc,bdf89211
3fbd117f,bdf8916d
3fbd1432,bdf890c8
3fbd16e6,bdf89022
3fbd1999,bdf88f7c
3fbd1c4c,bdf88ed4
3fbd1eff,bdf88e2c
3fbd21b2,bdf88d83
3fbd2466,bdf88cd9
3fbd2719,bdf88c2e
3fbd29cc,bdf88b82
3fbd2c7f,bdf88ad6
3fbd2f32,bdf88a29
3fbd31e6,bdf8897a
3fbd3499,bdf888cb
3fbd374c,bdf8881b
3fbd39ff,bdf8876a
3fbd3cb2,bdf886b8
3fbd3f66,bdf88605
3fbd4219,bdf88552
3fbd44cc,bdf8849d
3fbd477f,bdf883e8
3fbd4a32,bdf88332
3fbd4ce6,bdf8827b
3fbd4f99,bdf881c3
3fbd524c,bdf8810a
3fbd54ff,bdf88051
3fbd57b2,bdf87f96
3fbd5a66,bdf87edb
3fbd5d19,bdf87e1f
3fbd5fcc,bdf87d62
3fbd627f,bdf87ca4
3fbd6532,bdf87be5
3fbd67e6,bdf87b25
3fbd6a99,bdf87a65
3fbd6d4c,bdf879a3
3fbd6fff,bdf878e1
3fbd72b2,bdf8781e
3fbd7566,bdf8775a
3fbd7819,bdf87695
3fbd7acc,bdf875cf
3fbd7d7f,bdf87509
3fbd8032,bdf87441
3fbd82e6,bdf87378
3fbd8599,bdf872af
3fbd884c,bdf871e5
3fbd8aff,bdf8711a
3fbd8db2,bdf8704f
3fbd9066,bdf86f82
3fbd9319,bdf86eb4
3fbd95cc,bdf86de6
3fbd987f,bdf86d17
3fbd9b32,bdf86c46
3fbd9de6,bdf86b75
3fbda099,bdf86aa3
3fbda34c,bdf869d1
3fbda5ff,bdf868fd
3fbda8b2,bdf86829
3fbdab66,bdf86753
3fbdae19,bdf8667d
3fbdb0cc,bdf865a6
3fbdb37f,bdf864ce
3fbdb632,bdf863f5
3fbdb8e6,bdf8631b
3fbdbb99,bdf86241
3fbdbe4c,bdf86165
3fbdc0ff,bdf86089
3fbdc3b2,bdf85fac
3fbdc666,bdf85ece
3fbdc919,bdf85def
3fbdcbcc,bdf85d0f
3fbdce7f,bdf85c2f
3fbdd132,bdf85b4d
3fbdd3e6,bdf85a6b
3fbdd699,bdf85988
3fbdd94c,bdf858a4
3fbddbff,bdf857bf
3fbddeb2,bdf856d9
3fbde166,bdf855f2
3fbde419,bdf8550b
3fbde6cc,bdf85422
3fbde97f,bdf85339
3fbdec32,bdf8524f
3fbdeee6,bdf85164
3fbdf199,bdf85078
3fbdf44c,bdf84f8c
3fbdf6ff,bdf84e9e
3fbdf9b2,bdf84db0
3fbdfc66,bdf84cc0
3fbdff19,bdf84bd0
3fbe01cc,bdf84adf
3fbe047f,bdf849ed
3fbe0732,bdf848fa
3fbe09e6,bdf84807
3fbe0c99,bdf84712
3fbe0f4c,bdf8461d
3fbe11ff,bdf84527
3fbe14b2,bdf84430
3fbe1766,bdf84338
3fbe1a19,bdf8423f
3fbe1ccc,bdf84145
3fbe1f7f,bdf8404b
3fbe2232,bdf83f4f
3fbe24e6,bdf83e53
3fbe2799,bdf83d56
3fbe2a4c,bdf83c58
3fbe2cff,bdf83b59
3fbe2fb2,bdf83a5a
3fbe3266,bdf83959
3fbe3519,bdf83857
3fbe37cc,bdf83755
3fbe3a7f,bdf83652
3fbe3d32,bdf8354e
3fbe3fe6,bdf83449
3fbe4299,bdf83343
3fbe454c,bdf8323d
3fbe47ff,bdf83135
3fbe4ab2,bdf8302d
3fbe4d66,bdf82f24
3fbe5019,bdf82e1a
3fbe52cc,bdf82d0f
3fbe557f,bdf82c03
3fbe5832,bdf82af6
3fbe5ae6,bdf829e9
3fbe5d99,bdf828da
3fbe604c,bdf827cb
3fbe62ff,bdf826bb
3fbe65b2,bdf825aa
3fbe6866,bdf82498
3fbe6b19,bdf82386
3fbe6dcc,bdf82272
3fbe707f,bdf8215e
3fbe7332,bdf82049
3fbe75e6,bdf81f32
3fbe7899,bdf81e1b
3fbe7b4c,bdf81d04
3fbe7dff,bdf81beb
3fbe80b2,bdf81ad2
3fbe8366,bdf819b7
3fbe8619,bdf8189c
3fbe88cc,bdf81780
3fbe8b7f,bdf81663
3fbe8e32,bdf81545
3fbe90e6,bdf81426
3fbe9399,bdf81306
3fbe964c,bdf811e6
3fbe98ff,bdf810c5
3fbe9bb2,bdf80fa3
3fbe9e66,bdf80e7f
3fbea119,bdf80d5b
3fbea3cc,bdf80c37
3fbea67f,bdf80b11
3fbea932,bdf809eb
3fbeabe6,bdf808c3
3fbeae99,bdf8079b
3fbeb14c,bdf80672
3fbeb3ff,bdf80548
3fbeb6b2,bdf8041e
3fbeb966,bdf802f2
3fbebc19,bdf801c5
3fbebecc,bdf80098
3fbec17f,bdf7ff6a
3fbec432,bdf7fe3b
3fbec6e6,bdf7fd0b
3fbec999,bdf7fbda
3fbecc4c,bdf7faa9
3fbeceff,bdf7f976
3fbed1b2,bdf7f843
3fbed466,bdf7f70e
3fbed719,bdf7f5d9
3fbed9cc,bdf7f4a3
3fbedc7f,bdf7f36d
3fbedf32,bdf7f235
3fbee1e6,bdf7f0fc
3fbee499,bdf7efc3
3fbee74c,bdf7ee89
3fbee9ff,bdf7ed4e
3fbeecb2,bdf7ec12
3fbeef66,bdf7ead5
3fbef219,bdf7e997
3fbef4cc,bdf7e859
3fbef77f,bdf7e71a
3fbefa32,bdf7e5da
3fbefce6,bdf7e498
3fbeff99,bdf7e356
3fbf024c,bdf7e214
3fbf04ff,bdf7e0d0
3fbf07b2,bdf7df8c
3fbf0a66,bdf7de46
3fbf0d19,bdf7dd00
3fbf0fcc,bdf7dbb9
3fbf127f,bdf7da71
3fbf1532,bdf7d928
3fbf17e6,bdf7d7de
3fbf1a99,bdf7d694
3fbf1d4c,bdf7d548
3fbf1fff,bdf7d3fc
3fbf22b2,bdf7d2af
3fbf2566,bdf7d161
3fbf2819,bdf7d012
3fbf2acc,bdf7cec3
3fbf2d7f,bdf7cd72
3fbf3032,bdf7cc21
3fbf32e6,bdf7cace
3fbf3599,bdf7c97b
3fbf384c,bdf7c827
3fbf3aff,bdf7c6d3
3fbf3db2,bdf7c57d
3fbf4066,bdf7c426
3fbf4319,bdf7c2cf
3fbf45cc,bdf7c177
3fbf487f,bdf7c01e
3fbf4b32,bdf7bec4
3fbf4de6,bdf7bd69
3fbf5099,bdf7bc0d
3fbf534c,bdf7bab1
3fbf55ff,bdf7b954
3fbf58b2,bdf7b7f5
3fbf5b66,bdf7b696
3fbf5e19,bdf7b536
3fbf60cc,bdf7b3d5
3fbf637f,bdf7b274
3fbf6632,bdf7b112
3fbf68e6,bdf7afae
3fbf6b99,bdf7ae4a
3fbf6e4c,bdf7ace5
3fbf70ff,bdf7ab7f
3fbf73b2,bdf7aa18
3fbf7666,bdf7a8b0
3fbf7919,bdf7a748
3fbf7bcc,bdf7a5df
3fbf7e7f,bdf7a474
3fbf8132,bdf7a30a
3fbf83e6,bdf7a19d
3fbf8699,bdf7a031
3fbf894c,bdf79ec3
3fbf8bff,bdf79d55
3fbf8eb2,bdf79be5
3fbf9166,bdf79a75
3fbf9419,bdf79904
3fbf96cc,bdf79792
3fbf997f,bdf79620
3fbf9c32,bdf794ac
3fbf9ee6,bdf79337
3fbfa199,bdf791c2
3fbfa44c,bdf7904c
3fbfa6ff,bdf78ed5
3fbfa9b2,bdf78d5d
3fbfac66,bdf78be4
3fbfaf19,bdf78a6b
3fbfb1cc,bdf788f0
3fbfb47f,bdf78775
3fbfb732,bdf785f9
3fbfb9e6,bdf7847c
3fbfbc99,bdf782fe
3fbfbf4c,bdf7817f
3fbfc1ff,bdf78000
3fbfc4b2,bdf77e80
3fbfc766,bdf77cfe
3fbfca19,bdf77b7c
3fbfcccc,bdf779f9
3fbfcf7f,bdf77875
3fbfd232,bdf776f1
3fbfd4e6,bdf7756b
3fbfd799,bdf773e5
3fbfda4c,bdf7725e
3fbfdcff,bdf770d6
3fbfdfb2,bdf76f4d
3fbfe266,bdf76dc3
3fbfe519,bdf76c38
3fbfe7cc,bdf76aad
3fbfea7f,bdf76920
3fbfed32,bdf76793
3fbfefe6,bdf76605
3fbff299,bdf76476
3fbff54c,bdf762e6
3fbff7ff,bdf76156
3fbffab2,bdf75fc5
3fbffd66,bdf75e32
3fc00019,bdf75c9f
3fc002cc,bdf75b0b
3fc0057f,bdf75976
3fc00832,bdf757e1
3fc00ae6,bdf7564a
3fc00d99,bdf754b2
3fc0104c,bdf7531a
3fc012ff,bdf75181
3fc015b2,bdf74fe7
3fc01866,bdf74e4c
3fc01b19,bdf74cb0
3fc01dcc,bdf74b14
3fc0207f,bdf74977
3fc02332,bdf747d9
3fc025e6,bdf74639
3fc02899,bdf74499
3fc02b4c,bdf742f9
3fc02dff,bdf74157
3fc030b2,bdf73fb5
3fc03366,bdf73e11
3fc03619,bdf73c6d
3fc038cc,bdf73ac8
3fc03b7f,bdf73922
3fc03e32,bdf7377c
3fc040e6,bdf735d4
3fc04399,bdf7342b
3fc0464c,bdf73282
3fc048ff,bdf730d8
3fc04bb2,bdf72f2d
3fc04e66,bdf72d81
3fc05119,bdf72bd4
3fc053cc,bdf72a27
3fc0567f,bdf72879
3fc05932,bdf726ca
3fc05be6,bdf72519
3fc05e99,bdf72368
3fc0614c,bdf721b7
3fc063ff,bdf72004
3fc066b2,bdf71e51
3fc06966,bdf71c9c
3fc06c19,bdf71ae7
3fc06ecc,bdf71931
3fc0717f,bdf7177a
3fc07432,bdf715c3
3fc076e6,bdf71409
3fc07999,bdf71250
3fc07c4c,bdf71096
3fc07eff,bdf70edb
3fc081b2,bdf70d1f
3fc08466,bdf70b62
3fc08719,bdf709a4
3fc089cc,bdf707e6
3fc08c7f,bdf70627
3fc08f32,bdf70467
3fc091e6,bdf702a5
3fc09499,bdf700e3
3fc0974c,bdf6ff21
3fc099ff,bdf6fd5d
3fc09cb2,bdf6fb99
3fc09f66,bdf6f9d3
3fc0a219,bdf6f80d
3fc0a4cc,bdf6f646
3fc0a77f,bdf6f47e
3fc0aa32,bdf6f2b6
3fc0ace6,bdf6f0ec
3fc0af99,bdf6ef21
3fc0b24c,bdf6ed56
3fc0b4ff,bdf6eb8a
3fc0b7b2,bdf6e9be
3fc0ba66,bdf6e7ef
3fc0bd19,bdf6e621
3fc0bfcc,bdf6e451
3fc0c27f,bdf6e281
3fc0c532,bdf6e0b0
3fc0c7e6,bdf6dede
3fc0ca99,bdf6dd0b
3fc0cd4c,bdf6db37
3fc0cfff,bdf6d963
3fc0d2b2,bdf6d78e
3fc0d566,bdf6d5b7
3fc0d819,bdf6d3e0
3fc0dacc,bdf6d208
3fc0dd7f,bdf6d02f
3fc0e032,bdf6ce56
3fc0e2e6,bdf6cc7b
3fc0e599,bdf6caa0
3fc0e84c,bdf6c8c4
3fc0eaff,bdf6c6e7
3fc0edb2,bdf6c509
3fc0f066,bdf6c32a
3fc0f319,bdf6c14a
3fc0f5cc,bdf6bf6a
3fc0f87f,bdf6bd89
3fc0fb32,bdf6bba7
3fc0fde6,bdf6b9c3
3fc10099,bdf6b7e0
3fc1034c,bdf6b5fb
3fc105ff,bdf6b416
3fc108b2,bdf6b230
3fc10b66,bdf6b048
3fc10e19,bdf6ae60
3fc110cc,bdf6ac77
3fc1137f,bdf6aa8e
3fc11632,bdf6a8a3
3fc118e6,bdf6a6b7
3fc11b99,bdf6a4cb
3fc11e4c,bdf6a2de
3fc120ff,bdf6a0f0
3fc123b2,bdf69f02
3fc12666,bdf69d11
3fc12919,bdf69b21
3fc12bcc,bdf69930
3fc12e7f,bdf6973e
3fc13132,bdf6954b
3fc133e6,bdf69357
3fc13699,bdf69162
3fc1394c,bdf68f6d
3fc13bff,bdf68d76
3fc13eb2,bdf68b7f
3fc14166,bdf68987
3fc14419,bdf6878e
3fc146cc,bdf68594
3fc1497f,bdf6839a
3fc14c32,bdf6819e
3fc14ee6,bdf67fa1
3fc15199,bdf67da4
3fc1544c,bdf67ba7
3fc156ff,bdf679a8
3fc159b2,bdf677a8
3fc15c66,bdf675a7
3fc15f19,bdf673a6
3fc161cc,bdf671a4
3fc1647f,bdf66fa1
3fc16732,bdf66d9d
3fc169e6,bdf66b98
3fc16c99,bdf66992
3fc16f4c,bdf6678c
3fc171ff,bdf66585
3fc174b2,bdf6637d
3fc17766,bdf66174
3fc17a19,bdf65f6a
3fc17ccc,bdf65d5f
3fc17f7f,bdf65b54
3fc18232,bdf65948
3fc184e6,bdf6573a
3fc18799,bdf6552c
3fc18a4c,bdf6531d
3fc18cff,bdf6510e
3fc18fb2,bdf64efd
3fc19266,bdf64cec
3fc19519,bdf64ad9
3fc197cc,bdf648c6
3fc19a7f,bdf646b3
3fc19d32,bdf6449e
3fc19fe6,bdf64288
3fc1a299,bdf64072
3fc1a54c,bdf63e5a
3fc1a7ff,bdf63c42
3fc1aab2,bdf63a2a
3fc1ad66,bdf6380f
3fc1b019,bdf635f5
3fc1b2cc,bdf633d9
3fc1b57f,bdf631bd
3fc1b832,bdf62fa0
3fc1bae6,bdf62d81
3fc1bd99,bdf62b63
3fc1c04c,bdf62943
3fc1c2ff,bdf62723
3fc1c5b2,bdf62502
3fc1c866,bdf622df
3fc1cb19,bdf620bc
3fc1cdcc,bdf61e98
3fc1d07f,bdf61c73
3fc1d332,bdf61a4e
3fc1d5e6,bdf61827
3fc1d899,bdf61600
3fc1db4c,bdf613d8
3fc1ddff,bdf611af
3fc1e0b2,bdf60f85
3fc1e366,bdf60d5a
3fc1e619,bdf60b2f
3fc1e8cc,bdf60902
3fc1eb7f,bdf606d5
3fc1ee32,bdf604a8
3fc1f0e6,bdf60278
3fc1f399,bdf60049
3fc1f64c,bdf5fe18
3fc1f8ff,bdf5fbe7
3fc1fbb2,bdf5f9b5
3fc1fe66,bdf5f781
3fc20119,bdf5f54e
3fc203cc,bdf5f319
3fc2067f,bdf5f0e4
3fc20932,bdf5eead
3fc20be6,bdf5ec75
3fc20e99,bdf5ea3d
3fc2114c,bdf5e805
3fc213ff,bdf5e5cb
3fc216b2,bdf5e391
3fc21966,bdf5e154
3fc21c19,bdf5df18
3fc21ecc,bdf5dcdb
3fc2217f,bdf5da9e
3fc22432,bdf5d85f
3fc226e6,bdf5d61f
3fc22999,bdf5d3de
3fc22c4c,bdf5d19d
3fc22eff,bdf5cf5b
3fc231b2,bdf5cd18
3fc23466,bdf5cad4
3fc23719,bdf5c88f
3fc239cc,bdf5c64a
3fc23c7f,bdf5c404
3fc23f32,bdf5c1bd
3fc241e6,bdf5bf74
3fc24499,bdf5bd2b
3fc2474c,bdf5bae2
3fc249ff,bdf5b897
3fc24cb2,bdf5b64c
3fc24f66,bdf5b3ff
3fc25219,bdf5b1b2
3fc254cc,bdf5af64
3fc2577f,bdf5ad16
3fc25a32,bdf5aac6
3fc25ce6,bdf5a875
3fc25f99,bdf5a624
3fc2624c,bdf5a3d2
3fc264ff,bdf5a180
3fc267b2,bdf59f2c
3fc26a66,bdf59cd7
3fc26d19,bdf59a81
3fc26fcc,bdf5982b
3fc2727f,bdf595d4
3fc27532,bdf5937d
3fc277e6,bdf59123
3fc27a99,bdf58eca
3fc27d4c,bdf58c6f
3fc27fff,bdf58a14
3fc282b2,bdf587b8
3fc28566,bdf5855a
3fc28819,bdf582fd
3fc28acc,bdf5809e
3fc28d7f,bdf57e3f
3fc29032,bdf57bdf
3fc292e6,bdf5797d
3fc29599,bdf5771b
3fc2984c,bdf574b8
3fc29aff,bdf57255
3fc29db2,bdf56ff1
3fc2a066,bdf56d8a
3fc2a319,bdf56b24
3fc2a5cc,bdf568be
3fc2a87f,bdf56656
3fc2ab32,bdf563ed
3fc2ade6,bdf56183
3fc2b099,bdf55f19
3fc2b34c,bdf55cae
3fc2b5ff,bdf55a42
3fc2b8b2,bdf557d5
3fc2bb66,bdf55567
3fc2be19,bdf552f8
3fc2c0cc,bdf55089
3fc2c37f,bdf54e19
3fc2c632,bdf54ba8
3fc2c8e6,bdf54936
3fc2cb99,bdf546c3
3fc2ce4c,bdf54450
3fc2d0ff,bdf541db
3fc2d3b2,bdf53f66
3fc2d666,bdf53cf0
3fc2d919,bdf53a79
3fc2dbcc,bdf53801
3fc2de7f,bdf53589
3fc2e132,bdf53310
3fc2e3e6,bdf53095
3fc2e699,bdf52e1a
3fc2e94c,bdf52b9e
3fc2ebff,bdf52921
3fc2eeb2,bdf526a4
3fc2f166,bdf52425
3fc2f419,bdf521a6
3fc2f6cc,bdf51f26
3fc2f97f,bdf51ca5
3fc2fc32,bdf51a23
3fc2fee6,bdf517a0
3fc30199,bdf5151d
3fc3044c,bdf51299
3fc306ff,bdf51014
3fc309b2,bdf50d8e
3fc30c66,bdf50b07
3fc30f19,bdf5087f
3fc311cc,bdf505f7
3fc3147f,bdf5036e
3fc31732,bdf500e4
3fc319e6,bdf4fe58
3fc31c99,bdf4fbcd
3fc31f4c,bdf4f940
3fc321ff,bdf4f6b3
3fc324b2,bdf4f425
3fc32766,bdf4f195
3fc32a19,bdf4ef05
3fc32ccc,bdf4ec74
3fc32f7f,bdf4e9e3
3fc33232,bdf4e751
3fc334e6,bdf4e4bd
3fc33799,bdf4e229
3fc33a4c,bdf4df94
3fc33cff,bdf4dcfe
3fc33fb2,bdf4da68
3fc34266,bdf4d7d0
3fc34519,bdf4d538
3fc347cc,bdf4d29f
3fc34a7f,bdf4d005
3fc34d32,bdf4cd6a
3fc34fe6,bdf4cace
3fc35299,bdf4c832
3fc3554c,bdf4c595
3fc357ff,bdf4c2f7
3fc35ab2,bdf4c058
3fc35d66,bdf4bdb7
3fc36019,bdf4bb17
3fc362cc,bdf4b876
3fc3657f,bdf4b5d4
3fc36832,bdf4b331
3fc36ae6,bdf4b08c
3fc36d99,bdf4ade8
3fc3704c,bdf4ab42
3fc372ff,bdf4a89c
3fc375b2,bdf4a5f5
3fc37866,bdf4a34c
3fc37b19,bdf4a0a3
3fc37dcc,bdf49dfa
3fc3807f,bdf49b4f
3fc38332,bdf498a4
3fc385e6,bdf495f7
3fc38899,bdf4934a
3fc38b4c,bdf4909c
3fc38dff,bdf48dee
3fc390b2,bdf48b3e
3fc39366,bdf4888d
3fc39619,bdf485dc
3fc398cc,bdf4832a
3fc39b7f,bdf48078
3fc39e32,bdf47dc4
3fc3a0e6,bdf47b0f
3fc3a399,bdf47859
3fc3a64c,bdf475a3
3fc3a8ff,bdf472ec
3fc3abb2,bdf47035
3fc3ae66,bdf46d7b
3fc3b119,bdf46ac2
3fc3b3cc,bdf46808
3fc3b67f,bdf4654d
3fc3b932,bdf46291
3fc3bbe6,bdf45fd3
3fc3be99,bdf45d16
3fc3c14c,bdf45a57
3fc3c3ff,bdf45798
3fc3c6b2,bdf454d8
3fc3c966,bdf45216
3fc3cc19,bdf44f55
3fc3cecc,bdf44c92
3fc3d17f,bdf449cf
3fc3d432,bdf4470b
3fc3d6e6,bdf44445
3fc3d999,bdf4417f
3fc3dc4c,bdf43eb8
3fc3deff,bdf43bf1
3fc3e1b2,bdf43929
3fc3e466,bdf4365e
3fc3e719,bdf43394
3fc3e9cc,bdf430ca
3fc3ec7f,bdf42dfe
3fc3ef32,bdf42b32
3fc3f1e6,bdf42863
3fc3f499,bdf42595
3fc3f74c,bdf422c6
3fc3f9ff,bdf41ff6
3fc3fcb2,bdf41d26
3fc3ff66,bdf41a53
3fc40219,bdf41781
3fc404cc,bdf414ae
3fc4077f,bdf411da
3fc40a32,bdf40f06
3fc40ce6,bdf40c2f
3fc40f99,bdf40959
3fc4124c,bdf40681
3fc414ff,bdf403a9
3fc417b2,bdf400d0
3fc41a66,bdf3fdf6
3fc41d19,bdf3fb1b
3fc41fcc,bdf3f840
3fc4227f,bdf3f564
3fc42532,bdf3f287
3fc427e6,bdf3efa8
3fc42a99,bdf3ecc9
3fc42d4c,bdf3e9ea
3fc42fff,bdf3e709
3fc432b2,bdf3e428
3fc43566,bdf3e145
3fc43819,bdf3de62
3fc43acc,bdf3db7f
3fc43d7f,bdf3d89a
3fc44032,bdf3d5b5
3fc442e6,bdf3d2ce
3fc44599,bdf3cfe7
3fc4484c,bdf3ccff
3fc44aff,bdf3ca16
3fc44db2,bdf3c72d
3fc45066,bdf3c442
3fc45319,bdf3c157
3fc455cc,bdf3be6b
3fc4587f,bdf3bb7e
3fc45b32,bdf3b890
3fc45de6,bdf3b5a1
3fc46099,bdf3b2b2
3fc4634c,bdf3afc2
3fc465ff,bdf3acd1
3fc468b2,bdf3a9df
3fc46b66,bdf3a6ec
3fc46e19,bdf3a3f8
3fc470cc,bdf3a104
3fc4737f,bdf39e0f
3fc47632,bdf39b19
3fc478e6,bdf39822
3fc47b99,bdf3952a
3fc47e4c,bdf39232
3fc480ff,bdf38f39
3fc483b2,bdf38c3f
3fc48666,bdf38943
3fc48919,bdf38647
3fc48bcc,bdf3834b
3fc48e7f,bdf3804e
3fc49132,bdf37d50
3fc493e6,bdf37a50
3fc49699,bdf37750
3fc4994c,bdf3744f
3fc49bff,bdf3714e
3fc49eb2,bdf36e4c
3fc4a166,bdf36b48
3fc4a419,bdf36844
3fc4a6cc,bdf3653f
3fc4a97f,bdf36239
3fc4ac32,bdf35f33
3fc4aee6,bdf35c2b
3fc4b199,bdf35923
3fc4b44c,bdf3561a
3fc4b6ff,bdf35310
3fc4b9b2,bdf35006
3fc4bc66,bdf34cfa
3fc4bf19,bdf349ee
3fc4c1cc,bdf346e1
3fc4c47f,bdf343d3
3fc4c732,bdf340c4
3fc4c9e6,bdf33db4
3fc4cc99,bdf33aa4
3fc4cf4c,bdf33793
3fc4d1ff,bdf33481
3fc4d4b2,bdf3316e
3fc4d766,bdf32e59
3fc4da19,bdf32b45
3fc4dccc,bdf32830
3fc4df7f,bdf3251a
3fc4e232,bdf32203
3fc4e4e6,bdf31eea
3fc4e799,bdf31bd2
3fc4ea4c,bdf318b8
3fc4ecff,bdf3159e
3fc4efb2,bdf31283
3fc4f266,bdf30f67
3fc4f519,bdf30c4a
3fc4f7cc,bdf3092d
3fc4fa7f,bdf3060e
3fc4fd32,bdf302ef
3fc4ffe6,bdf2ffce
3fc50299,bdf2fcae
3fc5054c,bdf2f98c
3fc507ff,bdf2f66a
3fc50ab2,bdf2f347
3fc50d66,bdf2f021
3fc51019,bdf2ecfd
3fc512cc,bdf2e9d7
3fc5157f,bdf2e6b1
3fc51832,bdf2e389
3fc51ae6,bdf2e060
3fc51d99,bdf2dd37
3fc5204c,bdf2da0d
3fc522ff,bdf2d6e3
3fc525b2,bdf2d3b7
3fc52866,bdf2d08a
3fc52b19,bdf2cd5d
3fc52dcc,bdf2ca2f
3fc5307f,bdf2c700
3fc53332,bdf2c3d1
3fc535e6,bdf2c09f
3fc53899,bdf2bd6e
3fc53b4c,bdf2ba3c
3fc53dff,bdf2b70a
3fc540b2,bdf2b3d6
3fc54366,bdf2b0a0
3fc54619,bdf2ad6b
3fc548cc,bdf2aa35
3fc54b7f,bdf2a6fe
3fc54e32,bdf2a3c6
3fc550e6,bdf2a08d
3fc55399,bdf29d53
3fc5564c,bdf29a19
3fc558ff,bdf296de
3fc55bb2,bdf293a2
3fc55e66,bdf29064
3fc56119,bdf28d27
3fc563cc,bdf289e9
3fc5667f,bdf286aa
3fc56932,bdf2836a
3fc56be6,bdf28028
3fc56e99,bdf27ce6
3fc5714c,bdf279a4
3fc573ff,bdf27661
3fc576b2,bdf2731d
3fc57966,bdf26fd7
3fc57c19,bdf26c91
3fc57ecc,bdf2694a
3fc5817f,bdf26603
3fc58432,bdf262bb
3fc586e6,bdf25f71
3fc58999,bdf25c27
3fc58c4c,bdf258dc
3fc58eff,bdf25591
3fc591b2,bdf25245
3fc59466,bdf24ef6
3fc59719,bdf24ba9
3fc599cc,bdf2485a
3fc59c7f,bdf2450a
3fc59f32,bdf241ba
3fc5a1e6,bdf23e68
3fc5a499,bdf23b16
3fc5a74c,bdf237c3
3fc5a9ff,bdf2346f
3fc5acb2,bdf2311b
3fc5af66,bdf22dc4
3fc5b219,bdf22a6e
3fc5b4cc,bdf22718
3fc5b77f,bdf223c0
3fc5ba32,bdf22067
3fc5bce6,bdf21d0d
3fc5bf99,bdf219b3
3fc5c24c,bdf21658
3fc5c4ff,bdf212fc
3fc5c7b2,bdf20f9f
3fc5ca66,bdf20c40
3fc5cd19,bdf208e2
3fc5cfcc,bdf20583
3fc5d27f,bdf20223
3fc5d532,bdf1fec3
3fc5d7e6,bdf1fb60
3fc5da99,bdf1f7fd
3fc5dd4c,bdf1f49a
3fc5dfff,bdf1f136
3fc5e2b2,bdf1edd1
3fc5e566,bdf1ea6b
3fc5e819,bdf1e704
3fc5eacc,bdf1e39d
3fc5ed7f,bdf1e035
3fc5f032,bdf1dccc
3fc5f2e6,bdf1d961
3fc5f599,bdf1d5f6
3fc5f84c,bdf1d28b
3fc5faff,bdf1cf1f
3fc5fdb2,bdf1cbb2
3fc60066,bdf1c843
3fc60319,bdf1c4d4
3fc605cc,bdf1c165
3fc6087f,bdf1bdf5
3fc60b32,bdf1ba84
3fc60de6,bdf1b710
3fc61099,bdf1b39e
3fc6134c,bdf1b02a
3fc615ff,bdf1acb6
3fc618b2,bdf1a941
3fc61b66,bdf1a5c9
3fc61e19,bdf1a253
3fc620cc,bdf19edb
3fc6237f,bdf19b63
3fc62632,bdf197e9
3fc628e6,bdf1946e
3fc62b99,bdf190f3
3fc62e4c,bdf18d77
3fc630ff,bdf189fb
3fc633b2,bdf1867e
3fc63666,bdf182fe
3fc63919,bdf17f7f
3fc63bcc,bdf17bff
3fc63e7f,bdf1787f
3fc64132,bdf174fd
3fc643e6,bdf1717a
3fc64699,bdf16df7
3fc6494c,bdf16a73
3fc64bff,bdf166ee
3fc64eb2,bdf16369
3fc65166,bdf15fe1
3fc65419,bdf15c5a
3fc656cc,bdf158d2
3fc6597f,bdf15549
3fc65c32,bdf151c0
3fc65ee6,bdf14e34
3fc66199,bdf14aa9
3fc6644c,bdf1471d
3fc666ff,bdf14390
3fc669b2,bdf14003
3fc66c66,bdf13c73
3fc66f19,bdf138e4
3fc671cc,bdf13553
3fc6747f,bdf131c2
3fc67732,bdf12e31
3fc679e6,bdf12a9d
3fc67c99,bdf1270a
3fc67f4c,bdf12375
3fc681ff,bdf11fe0
3fc684b2,bdf11c4b
3fc68766,bdf118b3
3fc68a19,bdf1151b
3fc68ccc,bdf11183
3fc68f7f,bdf10dea
3fc69232,bdf10a50
3fc694e6,bdf106b4
3fc69799,bdf10319
3fc69a4c,bdf0ff7c
3fc69cff,bdf0fbdf
3fc69fb2,bdf0f841
3fc6a266,bdf0f4a1
3fc6a519,bdf0f102
3fc6a7cc,bdf0ed61
3fc6aa7f,bdf0e9c0
3fc6ad32,bdf0e61e
3fc6afe6,bdf0e27a
3fc6b299,bdf0ded6
3fc6b54c,bdf0db32
3fc6b7ff,bdf0d78c
3fc6bab2,bdf0d3e6
3fc6bd66,bdf0d03e
3fc6c019,bdf0cc96
3fc6c2cc,bdf0c8ee
3fc6c57f,bdf0c545
3fc6c832,bdf0c19a
3fc6cae6,bdf0bdee
3fc6cd99,bdf0ba42
3fc6d04c,bdf0b696
3fc6d2ff,bdf0b2e8
3fc6d5b2,bdf0af3a
3fc6d866,bdf0ab8a
3fc6db19,bdf0a7da
3fc6ddcc,bdf0a429
3fc6e07f,bdf0a078
3fc6e332,bdf09cc6
3fc6e5e6,bdf09911
3fc6e899,bdf0955d
3fc6eb4c,bdf091a9
3fc6edff,bdf08df3
3fc6f0b2,bdf08a3d
3fc6f366,bdf08684
3fc6f619,bdf082cc
3fc6f8cc,bdf07f13
3fc6fb7f,bdf07b5a
3fc6fe32,bdf0779f
3fc700e6,bdf073e3
3fc70399,bdf07027
3fc7064c,bdf06c6a
3fc708ff,bdf068ac
3fc70bb2,bdf064ee
3fc70e66,bdf0612d
3fc71119,bdf05d6d
3fc713cc,bdf059ac
3fc7167f,bdf055eb
3fc71932,bdf05228
3fc71be6,bdf04e63
3fc71e99,bdf04a9f
3fc7214c,bdf046da
3fc723ff,bdf04314
3fc726b2,bdf03f4e
3fc72966,bdf03b85
3fc72c19,bdf037bd
3fc72ecc,bdf033f4
3fc7317f,bdf0302a
3fc73432,bdf02c60
3fc736e6,bdf02893
3fc73999,bdf024c6
3fc73c4c,bdf020f9
3fc73eff,bdf01d2b
3fc741b2,bdf0195d
3fc74466,bdf0158c
3fc74719,bdf011bc
3fc749cc,bdf00dea
3fc74c7f,bdf00a18
3fc74f32,bdf00646
3fc751e6,bdf00271
3fc75499,bdeffe9c
3fc7574c,bdeffac7
3fc759ff,bdeff6f1
3fc75cb2,bdeff31a
3fc75f66,bdefef41
3fc76219,bdefeb69
3fc764cc,bdefe790
3fc7677f,bdefe3b6
3fc76a32,bdefdfdb
3fc76ce6,bdefdbfe
3fc76f99,bdefd821
3fc7724c,bdefd444
3fc774ff,bdefd066
3fc777b2,bdefcc87
3fc77a66,bdefc8a6
3fc77d19,bdefc4c6
3fc77fcc,bdefc0e4
3fc7827f,bdefbd02
3fc78532,bdefb91f
3fc787e6,bdefb53a
3fc78a99,bdefb155
3fc78d4c,bdefad70
3fc78fff,bdefa98a
3fc792b2,bdefa5a3
3fc79566,bdefa1ba
3fc79819,bdef9dd1
3fc79acc,bdef99e8
3fc79d7f,bdef95fd
3fc7a032,bdef9212
3fc7a2e6,bdef8e25
3fc7a599,bdef8a38
3fc7a84c,bdef864b
3fc7aaff,bdef825d
3fc7adb2,bdef7e6e
3fc7b066,bdef7a7c
3fc7b319,bdef768c
3fc7b5cc,bdef729a
3fc7b87f,bdef6ea8
3fc7bb32,bdef6ab5
3fc7bde6,bdef66bf
3fc7c099,bdef62cb
3fc7c34c,bdef5ed5
3fc7c5ff,bdef5adf
3fc7c8b2,bdef56e8
3fc7cb66,bdef52ee
3fc7ce19,bdef4ef5
3fc7d0cc,bdef4afc
3fc7d37f,bdef4701
3fc7d632,bdef4306
3fc7d8e6,bdef3f09
3fc7db99,bdef3b0c
3fc7de4c,bdef370e
3fc7e0ff,bdef3310
3fc7e3b2,bdef2f11
3fc7e666,bdef2b0f
3fc7e919,bdef270e
3fc7ebcc,bdef230d
3fc7ee7f,bdef1f0a
3fc7f132,bdef1b07
3fc7f3e6,bdef1701
3fc7f699,bdef12fc
3fc7f94c,bdef0ef7
3fc7fbff,bdef0af0
3fc7feb2,bdef06e9
3fc80166,bdef02df
3fc80419,bdeefed6
3fc806cc,bdeefacd
3fc8097f,bdeef6c2
3fc80c32,bdeef2b7
3fc80ee6,bdeeeea9
3fc81199,bdeeea9c
3fc8144c,bdeee68e
3fc816ff,bdeee280
3fc819b2,bdeede70
3fc81c66,bdeeda5f
3fc81f19,bdeed64e
3fc821cc,bdeed23c
3fc8247f,bdeece2a
3fc82732,bdeeca16
3fc829e6,bdeec600
3fc82c99,bdeec1eb
3fc82f4c,bdeebdd6
3fc831ff,bdeeb9bf
3fc834b2,bdeeb5a8
3fc83766,bdeeb18e
3fc83a19,bdeead75
3fc83ccc,bdeea95b
3fc83f7f,bdeea540
3fc84232,bdeea125
3fc844e6,bdee9d07
3fc84799,bdee98ea
3fc84a4c,bdee94cc
3fc84cff,bdee90ad
3fc84fb2,bdee8c8e
3fc85266,bdee886c
3fc85519,bdee844b
3fc857cc,bdee8029
3fc85a7f,bdee7c06
3fc85d32,bdee77e3
3fc85fe6,bdee73bd
3fc86299,bdee6f98
3fc8654c,bdee6b72
3fc867ff,bdee674b
3fc86ab2,bdee6324
3fc86d66,bdee5efa
3fc87019,bdee5ad1
3fc872cc,bdee56a7
3fc8757f,bdee527c
3fc87832,bdee4e50
3fc87ae6,bdee4a23
3fc87d99,bdee45f5
3fc8804c,bdee41c7
3fc882ff,bdee3d99
3fc885b2,bdee3969
3fc88866,bdee3537
3fc88b19,bdee3106
3fc88dcc,bdee2cd4
3fc8907f,bdee28a1
3fc89332,bdee246e
3fc895e6,bdee2038
3fc89899,bdee1c03
3fc89b4c,bdee17cc
3fc89dff,bdee1396
3fc8a0b2,bdee0f5e
3fc8a366,bdee0b24
3fc8a619,bdee06eb
3fc8a8cc,bdee02b1
3fc8ab7f,bdedfe76
3fc8ae32,bdedfa3a
3fc8b0e6,bdedf5fc
3fc8b399,bdedf1bf
3fc8b64c,bdeded81
3fc8b8ff,bdede942
3fc8bbb2,bdede503
3fc8be66,bdede0c1
3fc8c119,bdeddc7f
3fc8c3cc,bdedd83d
3fc8c67f,bdedd3fa
3fc8c932,bdedcfb7
3fc8cbe6,bdedcb71
3fc8ce99,bdedc72b
3fc8d14c,bdedc2e5
3fc8d3ff,bdedbe9e
3fc8d6b2,bdedba57
3fc8d966,bdedb60d
3fc8dc19,bdedb1c4
3fc8decc,bdedad79
3fc8e17f,bdeda92f
3fc8e432,bdeda4e3
3fc8e6e6,bdeda095
3fc8e999,bded9c48
3fc8ec4c,bded97fa
3fc8eeff,bded93ab
3fc8f1b2,bded8f5b
3fc8f466,bded8b09
3fc8f719,bded86b7
3fc8f9cc,bded8265
3fc8fc7f,bded7e12
3fc8ff32,bded79bf
3fc901e6,bded7569
3fc90499,bded7113
3fc9074c,bded6cbd
3fc909ff,bded6866
3fc90cb2,bded640f
3fc90f66,bded5fb4
3fc91219,bded5b5b
3fc914cc,bded5701
3fc9177f,bded52a6
3fc91a32,bded4e4a
3fc91ce6,bded49ec
3fc91f99,bded458f
3fc9224c,bded4131
3fc924ff,bded3cd2
3fc927b2,bded3872
3fc92a66,bded3410
3fc92d19,bded2faf
3fc92fcc,bded2b4d
3fc9327f,bded26ea
3fc93532,bded2286
3fc937e6,bded1e20
3fc93a99,bded19bb
3fc93d4c,bded1554
3fc93fff,bded10ee
3fc942b2,bded0c86
3fc94566,bded081c
3fc94819,bded03b2
3fc94acc,bdecff48
3fc94d7f,bdecfadd
3fc95032,bdecf672
3fc952e6,bdecf204
3fc95599,bdeced96
3fc9584c,bdece928
3fc95aff,bdece4b9
3fc95db2,bdece049
3fc96066,bdecdbd7
3fc96319,bdecd766
3fc965cc,bdecd2f4
3fc9687f,bdecce81
3fc96b32,bdecca0d
3fc96de6,bdecc597
3fc97099,bdecc122
3fc9734c,bdecbcac
3fc975ff,bdecb835
3fc978b2,bdecb3bd
3fc97b66,bdecaf43
3fc97e19,bdecaac9
3fc980cc,bdeca64f
3fc9837f,bdeca1d4
3fc98632,bdec9d59
3fc988e6,bdec98da
3fc98b99,bdec945d
3fc98e4c,bdec8fdf
3fc990ff,bdec8b60
3fc993b2,bdec86e0
3fc99666,bdec825e
3fc99919,bdec7ddd
3fc99bcc,bdec795b
3fc99e7f,bdec74d8
3fc9a132,bdec7054
3fc9a3e6,bdec6bce
3fc9a699,bdec6749
3fc9a94c,bdec62c3
3fc9abff,bdec5e3c
3fc9aeb2,bdec59b4
3fc9b166,bdec552a
3fc9b419,bdec50a1
3fc9b6cc,bdec4c17
3fc9b97f,bdec478c
3fc9bc32,bdec4300
3fc9bee6,bdec3e72
3fc9c199,bdec39e5
3fc9c44c,bdec3557
3fc9c6ff,bdec30c8
3fc9c9b2,bdec2c38
3fc9cc66,bdec27a6
3fc9cf19,bdec2315
3fc9d1cc,bdec1e83
3fc9d47f,bdec19f0
3fc9d732,bdec155c
3fc9d9e6,bdec10c6
3fc9dc99,bdec0c31
3fc9df4c,bdec079b
3fc9e1ff,bdec0304
3fc9e4b2,bdebfe6c
3fc9e766,bdebf9d2
3fc9ea19,bdebf539
3fc9eccc,bdebf09f
3fc9ef7f,bdebec04
3fc9f232,bdebe768
3fc9f4e6,bdebe2ca
3fc9f799,bdebde2d
3fc9fa4c,bdebd98f
3fc9fcff,bdebd4f0
3fc9ffb2,bdebd051
3fca0266,bdebcbaf
3fca0519,bdebc70d
3fca07cc,bdebc26b
3fca0a7f,bdebbdc9
3fca0d32,bdebb925
3fca0fe6,bdebb47f
3fca1299,bdebafda
3fca154c,bdebab34
3fca17ff,bdeba68d
3fca1ab2,bdeba1e6
3fca1d66,bdeb9d3b
3fca2019,bdeb9892
3fca22cc,bdeb93e8
3fca257f,bdeb8f3e
3fca2832,bdeb8a92
3fca2ae6,bdeb85e4
3fca2d99,bdeb8137
3fca304c,bdeb7c89
3fca32ff,bdeb77da
3fca35b2,bdeb732b
3fca3866,bdeb6e79
3fca3b19,bdeb69c8
3fca3dcc,bdeb6516
3fca407f,bdeb6063
3fca4332,bdeb5bb0
3fca45e6,bdeb56f9
3fca4899,bdeb5244
3fca4b4c,bdeb4d8e
3fca4dff,bdeb48d8
3fca50b2,bdeb4420
3fca5366,bdeb3f66
3fca5619,bdeb3aad
3fca58cc,bdeb35f3
3fca5b7f,bdeb3139
3fca5e32,bdeb2c7d
3fca60e6,bdeb27bf
3fca6399,bdeb2302
3fca664c,bdeb1e44
3fca68ff,bdeb1986
3fca6bb2,bdeb14c6
3fca6e66,bdeb1005
3fca7119,bdeb0b44
3fca73cc,bdeb0682
3fca767f,bdeb01bf
3fca7932,bdeafcfc
3fca7be6,bdeaf836
3fca7e99,bdeaf371
3fca814c,bdeaeeab
3fca83ff,bdeae9e5
3fca86b2,bdeae51d
3fca8966,bdeae053
3fca8c19,bdeadb8a
3fca8ecc,bdead6c1
3fca917f,bdead1f6
3fca9432,bdeacd2b
3fca96e6,bdeac85d
3fca9999,bdeac390
3fca9c4c,bdeabec2
3fca9eff,bdeab9f4
3fcaa1b2,bdeab525
3fcaa466,bdeab053
3fcaa719,bdeaab82
3fcaa9cc,bdeaa6b0
3fcaac7f,bdeaa1de
3fcaaf32,bdea9d0a
3fcab1e6,bdea9835
3fcab499,bdea9360
3fcab74c,bdea8e8a
3fcab9ff,bdea89b4
3fcabcb2,bdea84dd
3fcabf66,bdea8003
3fcac219,bdea7b2a
3fcac4cc,bdea7650
3fcac77f,bdea7176
3fcaca32,bdea6c9b
3fcacce6,bdea67bd
3fcacf99,bdea62e0
3fcad24c,bdea5e03
3fcad4ff,bdea5924
3fcad7b2,bdea5445
3fcada66,bdea4f64
3fcadd19,bdea4a83
3fcadfcc,bdea45a1
3fcae27f,bdea40bf
3fcae532,bdea3bdc
3fcae7e6,bdea36f6
3fcaea99,bdea3212
3fcaed4c,bdea2d2c
3fcaefff,bdea2846
3fcaf2b2,bdea235f
3fcaf566,bdea1e75
3fcaf819,bdea198d
3fcafacc,bdea14a3
3fcafd7f,bdea0fb9
3fcb0032,bdea0ace
3fcb02e6,bdea05e0
3fcb0599,bdea00f4
3fcb084c,bde9fc06
3fcb0aff,bde9f718
3fcb0db2,bde9f229
3fcb1066,bde9ed38
3fcb1319,bde9e847
3fcb15cc,bde9e356
3fcb187f,bde9de64
3fcb1b32,bde9d971
3fcb1de6,bde9d47b
3fcb2099,bde9cf87
3fcb234c,bde9ca91
3fcb25ff,bde9c59b
3fcb28b2,bde9c0a4
3fcb2b66,bde9bbab
3fcb2e19,bde9b6b3
3fcb30cc,bde9b1b9
3fcb337f,bde9acbf
3fcb3632,bde9a7c4
3fcb38e6,bde9a2c7
3fcb3b99,bde99dcb
3fcb3e4c,bde998ce
3fcb40ff,bde993cf
3fcb43b2,bde98ed1
3fcb4666,bde989cf
3fcb4919,bde984cf
3fcb4bcc,bde97fce
3fcb4e7f,bde97acc
3fcb5132,bde975c9
3fcb53e6,bde970c4
3fcb5699,bde96bc0
3fcb594c,bde966ba
3fcb5bff,bde961b5
3fcb5eb2,bde95cae
3fcb6166,bde957a5
3fcb6419,bde9529c
3fcb66cc,bde94d93
3fcb697f,bde9488a
3fcb6c32,bde9437f
3fcb6ee6,bde93e72
3fcb7199,bde93966
3fcb744c,bde93459
3fcb76ff,bde92f4b
3fcb79b2,bde92a3c
3fcb7c66,bde9252b
3fcb7f19,bde9201b
3fcb81cc,bde91b0a
3fcb847f,bde915f8
3fcb8732,bde910e6
3fcb89e6,bde90bd1
3fcb8c99,bde906bc
3fcb8f4c,bde901a8
3fcb91ff,bde8fc92
3fcb94b2,bde8f77c
3fcb9766,bde8f262
3fcb9a19,bde8ed4a
3fcb9ccc,bde8e832
3fcb9f7f,bde8e318
3fcba232,bde8ddfe
3fcba4e6,bde8d8e1
3fcba799,bde8d3c5
3fcbaa4c,bde8cea8
3fcbacff,bde8c98a
3fcbafb2,bde8c46c
3fcbb266,bde8bf4b
3fcbb519,bde8ba2b
3fcbb7cc,bde8b50b
3fcbba7f,bde8afe9
3fcbbd32,bde8aac7
3fcbbfe6,bde8a5a2
3fcbc299,bde8a07e
3fcbc54c,bde89b59
3fcbc7ff,bde89634
3fcbcab2,bde8910e
3fcbcd66,bde88be5
3fcbd019,bde886bd
3fcbd2cc,bde88195
3fcbd57f,bde87c6b
3fcbd832,bde87741
3fcbdae6,bde87214
3fcbdd99,bde86ce9
3fcbe04c,bde867bc
3fcbe2ff,bde8628f
3fcbe5b2,bde85d61
3fcbe866,bde85830
3fcbeb19,bde85300
3fcbedcc,bde84dd0
3fcbf07f,bde8489f
3fcbf332,bde8436d
3fcbf5e6,bde83e38
3fcbf899,bde83905
3fcbfb4c,bde833d0
3fcbfdff,bde82e9b
3fcc00b2,bde82965
3fcc0366,bde8242c
3fcc0619,bde81ef5
3fcc08cc,bde819bd
3fcc0b7f,bde81484
3fcc0e32,bde80f4a
3fcc10e6,bde80a0d
3fcc1399,bde804d2
3fcc164c,bde7ff96
3fcc18ff,bde7fa59
3fcc1bb2,bde7f51b
3fcc1e66,bde7efda
3fcc2119,bde7ea9b
3fcc23cc,bde7e55b
3fcc267f,bde7e01a
3fcc2932,bde7dad8
3fcc2be6,bde7d594
3fcc2e99,bde7d051
3fcc314c,bde7cb0c
3fcc33ff,bde7c5c8
3fcc36b2,bde7c082
3fcc3966,bde7bb3a
3fcc3c19,bde7b5f2
3fcc3ecc,bde7b0aa
3fcc417f,bde7ab62
3fcc4432,bde7a618
3fcc46e6,bde7a0cc
3fcc4999,bde79b81
3fcc4c4c,bde79635
3fcc4eff,bde790e8
3fcc51b2,bde78b9a
3fcc5466,bde7864a
3fcc5719,bde780fb
3fcc59cc,bde77bac
3fcc5c7f,bde7765b
3fcc5f32,bde7710a
3fcc61e6,bde76bb5
3fcc6499,bde76662
3fcc674c,bde7610f
3fcc69ff,bde75bba
3fcc6cb2,bde75665
3fcc6f66,bde7510d
3fcc7219,bde74bb6
3fcc74cc,bde7465e
3fcc777f,bde74106
3fcc7a32,bde73bac
3fcc7ce6,bde73650
3fcc7f99,bde730f6
3fcc824c,bde72b9a
3fcc84ff,bde7263e
3fcc87b2,bde720e0
3fcc8a66,bde71b80
3fcc8d19,bde71622
3fcc8fcc,bde710c2
3fcc927f,bde70b62
3fcc9532,bde70601
3fcc97e6,bde7009d
3fcc9a99,bde6fb3b
3fcc9d4c,bde6f5d7
3fcc9fff,bde6f073
3fcca2b2,bde6eb0e
3fcca566,bde6e5a6
3fcca819,bde6e040
3fccaacc,bde6dad8
3fccad7f,bde6d570
3fccb032,bde6d007
3fccb2e6,bde6ca9c
3fccb599,bde6c531
3fccb84c,bde6bfc6
3fccbaff,bde6ba5a
3fccbdb2,bde6b4ed
3fccc066,bde6af7d
3fccc319,bde6aa0f
3fccc5cc,bde6a4a0
3fccc87f,bde69f30
3fcccb32,bde699bf
3fcccde6,bde6944c
3fccd099,bde68ed9
3fccd34c,bde68966
3fccd5ff,bde683f2
3fccd8b2,bde67e7e
3fccdb66,bde67906
3fccde19,bde67390
3fcce0cc,bde66e19
3fcce37f,bde668a1
3fcce632,bde66329
3fcce8e6,bde65dad
3fcceb99,bde65833
3fccee4c,bde652b8
3fccf0ff,bde64d3d
3fccf3b2,bde647c0
3fccf666,bde64241
3fccf919,bde63cc3
3fccfbcc,bde63744
3fccfe7f,bde631c5
3fcd0132,bde62c44
3fcd03e6,bde626c1
3fcd0699,bde6213f
3fcd094c,bde61bbd
3fcd0bff,bde61639
3fcd0eb2,bde610b5
3fcd1166,bde60b2e
3fcd1419,bde605a8
3fcd16cc,bde60021
3fcd197f,bde5fa9a
3fcd1c32,bde5f512
3fcd1ee6,bde5ef87
3fcd2199,bde5e9fd
3fcd244c,bde5e472
3fcd26ff,bde5dee7
3fcd29b2,bde5d95b
3fcd2c66,bde5d3cc
3fcd2f19,bde5ce3f
3fcd31cc,bde5c8b0
3fcd347f,bde5c321
3fcd3732,bde5bd91
3fcd39e6,bde5b7fe
3fcd3c99,bde5b26d
3fcd3f4c,bde5acda
3fcd41ff,bde5a747
3fcd44b2,bde5a1b3
3fcd4766,bde59c1d
3fcd4a19,bde59687
3fcd4ccc,bde590f1
3fcd4f7f,bde58b5a
3fcd5232,bde585c2
3fcd54e6,bde58028
3fcd5799,bde57a8e
3fcd5a4c,bde574f4
3fcd5cff,bde56f5a
3fcd5fb2,bde569be
3fcd6266,bde56420
3fcd6519,bde55e82
3fcd67cc,bde558e4
3fcd6a7f,bde55345
3fcd6d32,bde54da6
3fcd6fe6,bde54803
3fcd7299,bde54262
3fcd754c,bde53cc0
3fcd77ff,bde5371e
3fcd7ab2,bde5317a
3fcd7d66,bde52bd4
3fcd8019,bde5262f
3fcd82cc,bde52089
3fcd857f,bde51ae3
3fcd8832,bde5153b
3fcd8ae6,bde50f91
3fcd8d99,bde509e8
3fcd904c,bde5043e
3fcd92ff,bde4fe94
3fcd95b2,bde4f8e9
3fcd9866,bde4f33a
3fcd9b19,bde4ed8e
3fcd9dcc,bde4e7e0
3fcda07f,bde4e232
3fcda332,bde4dc83
3fcda5e6,bde4d6d1
3fcda899,bde4d120
3fcdab4c,bde4cb6f
3fcdadff,bde4c5bc
3fcdb0b2,bde4c009
3fcdb366,bde4ba54
3fcdb619,bde4b49f
3fcdb8cc,bde4aeea
3fcdbb7f,bde4a934
3fcdbe32,bde4a37c
3fcdc0e6,bde49dc3
3fcdc399,bde4980a
3fcdc64c,bde49251
3fcdc8ff,bde48c97
3fcdcbb2,bde486dc
3fcdce66,bde4811f
3fcdd119,bde47b62
3fcdd3cc,bde475a5
3fcdd67f,bde46fe7
3fcdd932,bde46a29
3fcddbe6,bde46467
3fcdde99,bde45ea7
3fcde14c,bde458e6
3fcde3ff,bde45324
3fcde6b2,bde44d62
3fcde966,bde4479c
3fcdec19,bde441d8
3fcdeecc,bde43c13
3fcdf17f,bde4364d
3fcdf432,bde43087
3fcdf6e6,bde42abe
3fcdf999,bde424f6
3fcdfc4c,bde41f2d
3fcdfeff,bde41963
3fce01b2,bde41399
3fce0466,bde40dcc
3fce0719,bde40800
3fce09cc,bde40233
3fce0c7f,bde3fc66
3fce0f32,bde3f698
3fce11e6,bde3f0c6
3fce1499,bde3eaf7
3fce174c,bde3e526
3fce19ff,bde3df55
3fce1cb2,bde3d983
3fce1f66,bde3d3ae
3fce2219,bde3cdda
3fce24cc,bde3c806
3fce277f,bde3c230
3fce2a32,bde3bc5a
3fce2ce6,bde3b682
3fce2f99,bde3b0aa
3fce324c,bde3aad2
3fce34ff,bde3a4f9
3fce37b2,bde39f1f
3fce3a66,bde39942
3fce3d19,bde39367
3fce3fcc,bde38d8b
3fce427f,bde387ae
3fce4532,bde381d0
3fce47e6,bde37bf0
3fce4a99,bde37610
3fce4d4c,bde37030
3fce4fff,bde36a50
3fce52b2,bde3646e
3fce5566,bde35e89
3fce5819,bde358a6
3fce5acc,bde352c2
3fce5d7f,bde34cde
3fce6032,bde346f8
3fce62e6,bde34110
3fce6599,bde33b29
3fce684c,bde33541
3fce6aff,bde32f58
3fce6db2,bde3296f
3fce7066,bde32383
3fce7319,bde31d98
3fce75cc,bde317ac
3fce787f,bde311c0
3fce7b32,bde30bd3
3fce7de6,bde305e3
3fce8099,bde2fff4
3fce834c,bde2fa04
3fce85ff,bde2f414
3fce88b2,bde2ee23
3fce8b66,bde2e82f
3fce8e19,bde2e23c
3fce90cc,bde2dc49
3fce937f,bde2d655
3fce9632,bde2d060
3fce98e6,bde2ca68
3fce9b99,bde2c472
3fce9e4c,bde2be7a
3fcea0ff,bde2b882
3fcea3b2,bde2b28a
3fcea666,bde2ac8e
3fcea919,bde2a694
3fceabcc,bde2a098
3fceae7f,bde29a9c
3fceb132,bde294a0
3fceb3e6,bde28ea0
3fceb699,bde288a2
3fceb94c,bde282a3
3fcebbff,bde27ca3
3fcebeb2,bde276a3
3fcec166,bde2709f
3fcec419,bde26a9d
3fcec6cc,bde2649a
3fcec97f,bde25e97
3fcecc32,bde25892
3fcecee6,bde2528b
3fced199,bde24c85
3fced44c,bde2467e
3fced6ff,bde24077
3fced9b2,bde23a6f
3fcedc66,bde23464
3fcedf19,bde22e5a
3fcee1cc,bde2284f
3fcee47f,bde22244
3fcee732,bde21c38
3fcee9e6,bde21629
3fceec99,bde2101b
3fceef4c,bde20a0d
3fcef1ff,bde203fd
3fcef4b2,bde1fdee
3fcef766,bde1f7da
3fcefa19,bde1f1c9
3fcefccc,bde1ebb7
3fceff7f,bde1e5a4
3fcf0232,bde1df90
3fcf04e6,bde1d979
3fcf0799,bde1d364
3fcf0a4c,bde1cd4e
3fcf0cff,bde1c737
3fcf0fb2,bde1c11f
3fcf1266,bde1bb04
3fcf1519,bde1b4eb
3fcf17cc,bde1aed1
3fcf1a7f,bde1a8b6
3fcf1d32,bde1a29b
3fcf1fe6,bde19c7c
3fcf2299,bde1965f
3fcf254c,bde19041
3fcf27ff,bde18a23
3fcf2ab2,bde18404
3fcf2d66,bde17de1
3fcf3019,bde177c0
3fcf32cc,bde1719e
3fcf357f,bde16b7c
3fcf3832,bde16559
3fcf3ae6,bde15f32
3fcf3d99,bde1590e
3fcf404c,bde152e8
3fcf42ff,bde14cc2
3fcf45b2,bde1469b
3fcf4866,bde14071
3fcf4b19,bde13a48
3fcf4dcc,bde1341f
3fcf507f,bde12df5
3fcf5332,bde127ca
3fcf55e6,bde1219c
3fcf5899,bde11b6f
3fcf5b4c,bde11542
3fcf5dff,bde10f14
3fcf60b2,bde108e5
3fcf6366,bde102b3
3fcf6619,bde0fc83
3fcf68cc,bde0f652
3fcf6b7f,bde0f020
3fcf6e32,bde0e9ee
3fcf70e6,bde0e3b8
3fcf7399,bde0dd84
3fcf764c,bde0d74f
3fcf78ff,bde0d119
3fcf7bb2,bde0cae3
3fcf7e66,bde0c4a9
3fcf8119,bde0be71
3fcf83cc,bde0b838
3fcf867f,bde0b1ff
3fcf8932,bde0abc4
3fcf8be6,bde0a587
3fcf8e99,bde09f4c
3fcf914c,bde0990f
3fcf93ff,bde092d2
3fcf96b2,bde08c93
3fcf9966,bde08652
3fcf9c19,bde08012
3fcf9ecc,bde079d2
3fcfa17f,bde07391
3fcfa432,bde06d4f
3fcfa6e6,bde0670a
3fcfa999,bde060c6
3fcfac4c,bde05a82
3fcfaeff,bde0543d
3fcfb1b2,bde04df7
3fcfb466,bde047ae
3fcfb719,bde04167
3fcfb9cc,bde03b1f
3fcfbc7f,bde034d6
3fcfbf32,bde02e8c
3fcfc1e6,bde0283f
3fcfc499,bde021f4
3fcfc74c,bde01ba8
3fcfc9ff,bde0155c
3fcfccb2,bde00f0e
3fcfcf66,bde008bd
3fcfd219,bde0026e
3fcfd4cc,bddffc1e
3fcfd77f,bddff5ce
3fcfda32,bddfef7d
3fcfdce6,bddfe928
3fcfdf99,bddfe2d5
3fcfe24c,bddfdc82
3fcfe4ff,bddfd62d
3fcfe7b2,bddfcfd8
3fcfea66,bddfc980
3fcfed19,bddfc329
3fcfefcc,bddfbcd2
3fcff27f,bddfb679
3fcff532,bddfb020
3fcff7e6,bddfa9c4
3fcffa99,bddfa36a
3fcffd4c,bddf9d0e
3fcfffff,bddf96b2
3fd002b2,bddf9056
3fd00566,bddf89f6
3fd00819,bddf8397
3fd00acc,bddf7d38
3fd00d7f,bddf76d8
3fd01032,bddf7078
3fd012e6,bddf6a14
3fd01599,bddf63b2
3fd0184c,bddf5d4f
3fd01aff,bddf56eb
3fd01db2,bddf5086
3fd02066,bddf4a1f
3fd02319,bddf43b9
3fd025cc,bddf3d52
3fd0287f,bddf36ea
3fd02b32,bddf3082
3fd02de6,bddf2a16
3fd03099,bddf23ad
3fd0334c,bddf1d42
3fd035ff,bddf16d7
3fd038b2,bddf106a
3fd03b66,bddf09fb
3fd03e19,bddf038e
3fd040cc,bddefd1f
3fd0437f,bddef6b0
3fd04632,bddef040
3fd048e6,bddee9cd
3fd04b99,bddee35b
3fd04e4c,bddedce9
3fd050ff,bdded676
3fd053b2,bdded002
3fd05666,bddec98b
3fd05919,bddec316
3fd05bcc,bddebca0
3fd05e7f,bddeb629
3fd06132,bddeafb1
3fd063e6,bddea936
3fd06699,bddea2bd
3fd0694c,bdde9c44
3fd06bff,bdde95c9
3fd06eb2,bdde8f4d
3fd07166,bdde88cf
3fd07419,bdde8252
3fd076cc,bdde7bd4
3fd0797f,bdde7556
3fd07c32,bdde6ed6
3fd07ee6,bdde6854
3fd08199,bdde61d3
3fd0844c,bdde5b52
3fd086ff,bdde54cf
3fd089b2,bdde4e4c
3fd08c66,bdde47c6
3fd08f19,bdde4141
3fd091cc,bdde3abc
3fd0947f,bdde3436
3fd09732,bdde2daf
3fd099e6,bdde2725
3fd09c99,bdde209c
3fd09f4c,bdde1a13
3fd0a1ff,bdde1389
3fd0a4b2,bdde0cfe
3fd0a766,bdde0670
3fd0aa19,bdddffe4
3fd0accc,bdddf957
3fd0af7f,bdddf2ca
3fd0b232,bdddec3b
3fd0b4e6,bddde5a9
3fd0b799,bddddf19
3fd0ba4c,bdddd888
3fd0bcff,bdddd1f7
3fd0bfb2,bdddcb64
3fd0c266,bdddc4cf
3fd0c519,bdddbe3b
3fd0c7cc,bdddb7a6
3fd0ca7f,bdddb111
3fd0cd32,bdddaa7b
3fd0cfe6,bddda3e1
3fd0d299,bddd9d4a
3fd0d54c,bddd96b1
3fd0d7ff,bddd9018
3fd0dab2,bddd897e
3fd0dd66,bddd82e1
3fd0e019,bddd7c45
3fd0e2cc,bddd75a9
3fd0e57f,bddd6f0c
3fd0e832,bddd686e
3fd0eae6,bddd61cd
3fd0ed99,bddd5b2e
3fd0f04c,bddd548e
3fd0f2ff,bddd4ded
3fd0f5b2,bddd474b
3fd0f866,bddd40a7
3fd0fb19,bddd3a04
3fd0fdcc,bddd3360
3fd1007f,bddd2cbb
3fd10332,bddd2616
3fd105e6,bddd1f6d
3fd10899,bddd18c6
3fd10b4c,bddd121e
3fd10dff,bddd0b76
3fd110b2,bddd04cd
3fd11366,bddcfe20
3fd11619,bddcf776
3fd118cc,bddcf0ca
3fd11b7f,bddcea1e
3fd11e32,bddce371
3fd120e6,bddcdcc1
3fd12399,bddcd612
3fd1264c,bddccf63
3fd128ff,bddcc8b3
3fd12bb2,bddcc202
3fd12e66,bddcbb4e
3fd13119,bddcb49b
3fd133cc,bddcade8
3fd1367f,bddca734
3fd13932,bddca080
3fd13be6,bddc99c8
3fd13e99,bddc9312
3fd1414c,bddc8c5b
3fd143ff,bddc85a3
3fd146b2,bddc7eeb
3fd14966,bddc782f
3fd14c19,bddc7175
3fd14ecc,bddc6aba
3fd1517f,bddc63ff
3fd15432,bddc5d43
3fd156e6,bddc5683
3fd15999,bddc4fc6
3fd15c4c,bddc4907
3fd15eff,bddc4248
3fd161b2,bddc3b88
3fd16466,bddc34c4
3fd16719,bddc2e03
3fd169cc,bddc2741
3fd16c7f,bddc207e
3fd16f32,bddc19ba
3fd171e6,bddc12f3
3fd17499,bddc0c2d
3fd1774c,bddc0567
3fd179ff,bddbfea0
3fd17cb2,bddbf7d9
3fd17f66,bddbf10e
3fd18219,bddbea45
3fd184cc,bddbe37b
3fd1877f,bddbdcb0
3fd18a32,bddbd5e5
3fd18ce6,bddbcf16
3fd18f99,bddbc849
3fd1924c,bddbc17c
3fd194ff,bddbbaad
3fd197b2,bddbb3de
3fd19a66,bddbad0b
3fd19d19,bddba63a
3fd19fcc,bddb9f69
3fd1a27f,bddb9897
3fd1a532,bddb91c4
3fd1a7e6,bddb8aee
3fd1aa99,bddb8419
3fd1ad4c,bddb7d44
3fd1afff,bddb766e
3fd1b2b2,bddb6f97
3fd1b566,bddb68bd
3fd1b819,bddb61e5
3fd1bacc,bddb5b0b
3fd1bd7f,bddb5432
3fd1c032,bddb4d57
3fd1c2e6,bddb4679
3fd1c599,bddb3f9d
3fd1c84c,bddb38c0
3fd1caff,bddb31e2
3fd1cdb2,bddb2b04
3fd1d066,bddb2422
3fd1d319,bddb1d42
3fd1d5cc,bddb1662
3fd1d87f,bddb0f81
3fd1db32,bddb089e
3fd1dde6,bddb01b9
3fd1e099,bddafad5
3fd1e34c,bddaf3f1
3fd1e5ff,bddaed0c
3fd1e8b2,bddae626
3fd1eb66,bddadf3c
3fd1ee19,bddad855
3fd1f0cc,bddad16d
3fd1f37f,bddaca84
3fd1f632,bddac39a
3fd1f8e6,bddabcad
3fd1fb99,bddab5c2
3fd1fe4c,bddaaed6
3fd200ff,bddaa7e9
3fd203b2,bddaa0fc
3fd20666,bdda9a0b
3fd20919,bdda931c
3fd20bcc,bdda8c2c
3fd20e7f,bdda853b
3fd21132,bdda7e4a
3fd213e6,bdda7755
3fd21699,bdda7062
3fd2194c,bdda696f
3fd21bff,bdda627a
3fd21eb2,bdda5b86
3fd22166,bdda548d
3fd22419,bdda4d97
3fd226cc,bdda469f
3fd2297f,bdda3fa7
3fd22c32,bdda38ae
3fd22ee6,bdda31b2
3fd23199,bdda2ab8
3fd2344c,bdda23bc
3fd236ff,bdda1cc0
3fd239b2,bdda15c4
3fd23c66,bdda0ec4
3fd23f19,bdda07c6
3fd241cc,bdda00c7
3fd2447f,bdd9f9c7
3fd24732,bdd9f2c7
3fd249e6,bdd9ebc3
3fd24c99,bdd9e4c1
3fd24f4c,bdd9ddbe
3fd251ff,bdd9d6bb
3fd254b2,bdd9cfb7
3fd25766,bdd9c8af
3fd25a19,bdd9c1a9
3fd25ccc,bdd9baa3
3fd25f7f,bdd9b39c
3fd26232,bdd9ac94
3fd264e6,bdd9a588
3fd26799,bdd99e7f
3fd26a4c,bdd99775
3fd26cff,bdd9906a
3fd26fb2,bdd9895e
3fd27266,bdd9824f
3fd27519,bdd97b42
3fd277cc,bdd97434
3fd27a7f,bdd96d25
3fd27d32,bdd96615
3fd27fe6,bdd95f02
3fd28299,bdd957f2
3fd2854c,bdd950e0
3fd287ff,bdd949cd
3fd28ab2,bdd942ba
3fd28d66,bdd93ba3
3fd29019,bdd9348e
3fd292cc,bdd92d79
3fd2957f,bdd92662
3fd29832,bdd91f4b
3fd29ae6,bdd91831
3fd29d99,bdd91118
3fd2a04c,bdd909ff
3fd2a2ff,bdd902e5
3fd2a5b2,bdd8fbca
3fd2a866,bdd8f4ac
3fd2ab19,bdd8ed90
3fd2adcc,bdd8e672
3fd2b07f,bdd8df54
3fd2b332,bdd8d836
3fd2b5e6,bdd8d114
3fd2b899,bdd8c9f4
3fd2bb4c,bdd8c2d3
3fd2bdff,bdd8bbb2
3fd2c0b2,bdd8b48f
3fd2c366,bdd8ad6a
3fd2c619,bdd8a646
3fd2c8cc,bdd89f21
3fd2cb7f,bdd897fc
3fd2ce32,bdd890d6
3fd2d0e6,bdd889ac
3fd2d399,bdd88284
3fd2d64c,bdd87b5c
3fd2d8ff,bdd87432
3fd2dbb2,bdd86d09
3fd2de66,bdd865db
3fd2e119,bdd85eb0
3fd2e3cc,bdd85784
3fd2e67f,bdd85057
3fd2e932,bdd8492a
3fd2ebe6,bdd841f8
3fd2ee99,bdd83ac9
3fd2f14c,bdd83399
3fd2f3ff,bdd82c68
3fd2f6b2,bdd82537
3fd2f966,bdd81e02
3fd2fc19,bdd816cf
3fd2fecc,bdd80f9b
3fd3017f,bdd80867
3fd30432,bdd80132
3fd306e6,bdd7f9f9
3fd30999,bdd7f2c3
3fd30c4c,bdd7eb8c
3fd30eff,bdd7e453
3fd311b2,bdd7dd1a
3fd31466,bdd7d5de
3fd31719,bdd7cea3
3fd319cc,bdd7c768
3fd31c7f,bdd7c02c
3fd31f32,bdd7b8ef
3fd321e6,bdd7b1af
3fd32499,bdd7aa71
3fd3274c,bdd7a332
3fd329ff,bdd79bf2
3fd32cb2,bdd794b2
3fd32f66,bdd78d6e
3fd33219,bdd7862c
3fd334cc,bdd77ee9
3fd3377f,bdd777a6
3fd33a32,bdd77062
3fd33ce6,bdd7691a
3fd33f99,bdd761d4
3fd3424c,bdd75a8e
3fd344ff,bdd75347
3fd347b2,bdd74bfe
3fd34a66,bdd744b3
3fd34d19,bdd73d6a
3fd34fcc,bdd73620
3fd3527f,bdd72ed4
3fd35532,bdd72789
3fd357e6,bdd7203a
3fd35a99,bdd718ec
3fd35d4c,bdd7119e
3fd35fff,bdd70a50
3fd362b2,bdd70300
3fd36566,bdd6fbad
3fd36819,bdd6f45c
3fd36acc,bdd6ed0a
3fd36d7f,bdd6e5b8
3fd37032,bdd6de65
3fd372e6,bdd6d70e
3fd37599,bdd6cfba
3fd3784c,bdd6c864
3fd37aff,bdd6c10e
3fd37db2,bdd6b9b6
3fd38066,bdd6b25c
3fd38319,bdd6ab04
3fd385cc,bdd6a3ab
3fd3887f,bdd69c50
3fd38b32,bdd694f6
3fd38de6,bdd68d98
3fd39099,bdd6863b
3fd3934c,bdd67ede
3fd395ff,bdd67780
3fd398b2,bdd67022
3fd39b66,bdd668c0
3fd39e19,bdd66160
3fd3a0cc,bdd65a00
3fd3a37f,bdd6529e
3fd3a632,bdd64b3c
3fd3a8e6,bdd643d6
3fd3ab99,bdd63c72
3fd3ae4c,bdd6350e
3fd3b0ff,bdd62da9
3fd3b3b2,bdd62643
3fd3b666,bdd61ed9
3fd3b919,bdd61772
3fd3bbcc,bdd6100a
3fd3be7f,bdd608a1
3fd3c132,bdd60137
3fd3c3e6,bdd5f9ca
3fd3c699,bdd5f25e
3fd3c94c,bdd5eaf2
3fd3cbff,bdd5e386
3fd3ceb2,bdd5dc18
3fd3d166,bdd5d4a8
3fd3d419,bdd5cd38
3fd3d6cc,bdd5c5c9
3fd3d97f,bdd5be58
3fd3dc32,bdd5b6e7
3fd3dee6,bdd5af72
3fd3e199,bdd5a800
3fd3e44c,bdd5a08c
3fd3e6ff,bdd59918
3fd3e9b2,bdd591a3
3fd3ec66,bdd58a2b
3fd3ef19,bdd582b4
3fd3f1cc,bdd57b3d
3fd3f47f,bdd573c5
3fd3f732,bdd56c4c
3fd3f9e6,bdd564d0
3fd3fc99,bdd55d56
3fd3ff4c,bdd555db
3fd401ff,bdd54e60
3fd404b2,bdd546e3
3fd40766,bdd53f63
3fd40a19,bdd537e5
3fd40ccc,bdd53067
3fd40f7f,bdd528e7
3fd41232,bdd52167
3fd414e6,bdd519e4
3fd41799,bdd51262
3fd41a4c,bdd50adf
3fd41cff,bdd5035c
3fd41fb2,bdd4fbd8
3fd42266,bdd4f451
3fd42519,bdd4eccc
3fd427cc,bdd4e546
3fd42a7f,bdd4ddbf
3fd42d32,bdd4d637
3fd42fe6,bdd4ceac
3fd43299,bdd4c723
3fd4354c,bdd4bf99
3fd437ff,bdd4b80e
3fd43ab2,bdd4b083
3fd43d66,bdd4a8f4
3fd44019,bdd4a167
3fd442cc,bdd499da
3fd4457f,bdd4924b
3fd44832,bdd48abc
3fd44ae6,bdd4832a
3fd44d99,bdd47b99
3fd4504c,bdd47408
3fd452ff,bdd46c76
3fd455b2,bdd464e2
3fd45866,bdd45d4c
3fd45b19,bdd455b8
3fd45dcc,bdd44e23
3fd4607f,bdd4468d
3fd46332,bdd43ef7
3fd465e6,bdd4375c
3fd46899,bdd42fc4
3fd46b4c,bdd4282c
3fd46dff,bdd42092
3fd470b2,bdd418f8
3fd47366,bdd4115a
3fd47619,bdd409be
3fd478cc,bdd40222
3fd47b7f,bdd3fa84
3fd47e32,bdd3f2e7
3fd480e6,bdd3eb45
3fd48399,bdd3e3a6
3fd4864c,bdd3dc05
3fd488ff,bdd3d464
3fd48bb2,bdd3ccc3
3fd48e66,bdd3c51d
3fd49119,bdd3bd7a
3fd493cc,bdd3b5d6
3fd4967f,bdd3ae32
3fd49932,bdd3a68c
3fd49be6,bdd39ee3
3fd49e99,bdd3973c
3fd4a14c,bdd38f94
3fd4a3ff,bdd387ec
3fd4a6b2,bdd38043
3fd4a966,bdd37896
3fd4ac19,bdd370eb
3fd4aecc,bdd36940
3fd4b17f,bdd36194
3fd4b432,bdd359e7
3fd4b6e6,bdd35236
3fd4b999,bdd34a88
3fd4bc4c,bdd342d9
3fd4beff,bdd33b29
3fd4c1b2,bdd33378
3fd4c466,bdd32bc4
3fd4c719,bdd32412
3fd4c9cc,bdd31c5f
3fd4cc7f,bdd314ac
3fd4cf32,bdd30cf8
3fd4d1e6,bdd3053f
3fd4d499,bdd2fd8a
3fd4d74c,bdd2f5d3
3fd4d9ff,bdd2ee1c
3fd4dcb2,bdd2e664
3fd4df66,bdd2dea8
3fd4e219,bdd2d6ee
3fd4e4cc,bdd2cf34
3fd4e77f,bdd2c779
3fd4ea32,bdd2bfbd
3fd4ece6,bdd2b7fe
3fd4ef99,bdd2b041
3fd4f24c,bdd2a883
3fd4f4ff,bdd2a0c4
3fd4f7b2,bdd29904
3fd4fa66,bdd29141
3fd4fd19,bdd28980
3fd4ffcc,bdd281be
3fd5027f,bdd279fc
3fd50532,bdd27239
3fd507e6,bdd26a72
3fd50a99,bdd262ae
3fd50d4c,bdd25ae8
3fd50fff,bdd25322
3fd512b2,bdd24b5b
3fd51566,bdd24390
3fd51819,bdd23bc8
3fd51acc,bdd233ff
3fd51d7f,bdd22c35
3fd52032,bdd2246a
3fd522e6,bdd21c9c
3fd52599,bdd214d0
3fd5284c,bdd20d03
3fd52aff,bdd20536
3fd52db2,bdd1fd68
3fd53066,bdd1f595
3fd53319,bdd1edc5
3fd535cc,bdd1e5f5
3fd5387f,bdd1de24
3fd53b32,bdd1d652
3fd53de6,bdd1ce7c
3fd54099,bdd1c6a8
3fd5434c,bdd1bed4
3fd545ff,bdd1b6ff
3fd548b2,bdd1af29
3fd54b66,bdd1a750
3fd54e19,bdd19f78
3fd550cc,bdd197a0
3fd5537f,bdd18fc8
3fd55632,bdd187ee
3fd558e6,bdd18011
3fd55b99,bdd17836
3fd55e4c,bdd1705b
3fd560ff,bdd1687e
3fd563b2,bdd160a1
3fd56666,bdd158c0
3fd56919,bdd150e2
3fd56bcc,bdd14902
3fd56e7f,bdd14122
3fd57132,bdd13941
3fd573e6,bdd1315c
3fd57699,bdd1297a
3fd5794c,bdd12197
3fd57bff,bdd119b3
3fd57eb2,bdd111ce
3fd58166,bdd109e6
3fd58419,bdd10200
3fd586cc,bdd0fa1a
3fd5897f,bdd0f232
3fd58c32,bdd0ea4a
3fd58ee6,bdd0e25e
3fd59199,bdd0da74
3fd5944c,bdd0d289
3fd596ff,bdd0ca9e
3fd599b2,bdd0c2b2
3fd59c66,bdd0bac2
3fd59f19,bdd0b2d5
3fd5a1cc,bdd0aae7
3fd5a47f,bdd0a2f8
3fd5a732,bdd09b08
3fd5a9e6,bdd09315
3fd5ac99,bdd08b24
3fd5af4c,bdd08332
3fd5b1ff,bdd07b3f
3fd5b4b2,bdd0734c
3fd5b766,bdd06b55
3fd5ba19,bdd06360
3fd5bccc,bdd05b6a
3fd5bf7f,bdd05374
3fd5c232,bdd04b7d
3fd5c4e6,bdd04382
3fd5c799,bdd03b8a
3fd5ca4c,bdd03390
3fd5ccff,bdd02b96
3fd5cfb2,bdd0239c
3fd5d266,bdd01b9d
3fd5d519,bdd013a0
3fd5d7cc,bdd00ba3
3fd5da7f,bdd003a6
3fd5dd32,bdcffba7
3fd5dfe6,bdcff3a5
3fd5e299,bdcfeba6
3fd5e54c,bdcfe3a4
3fd5e7ff,bdcfdba3
3fd5eab2,bdcfd3a1
3fd5ed66,bdcfcb9b
3fd5f019,bdcfc398
3fd5f2cc,bdcfbb93
3fd5f57f,bdcfb38e
3fd5f832,bdcfab88
3fd5fae6,bdcfa37e
3fd5fd99,bdcf9b77
3fd6004c,bdcf936f
3fd602ff,bdcf8b66
3fd605b2,bdcf835d
3fd60866,bdcf7b4f
3fd60b19,bdcf7344
3fd60dcc,bdcf6b38
3fd6107f,bdcf632c
3fd61332,bdcf5b1f
3fd615e6,bdcf530e
3fd61899,bdcf4aff
3fd61b4c,bdcf42f0
3fd61dff,bdcf3adf
3fd620b2,bdcf32ce
3fd62366,bdcf2aba
3fd62619,bdcf22a7
3fd628cc,bdcf1a94
3fd62b7f,bdcf1280
3fd62e32,bdcf0a6c
3fd630e6,bdcf0253
3fd63399,bdcefa3d
3fd6364c,bdcef226
3fd638ff,bdceea0f
3fd63bb2,bdcee1f6
3fd63e66,bdced9da
3fd64119,bdced1c1
3fd643cc,bdcec9a6
3fd6467f,bdcec18b
3fd64932,bdceb96f
3fd64be6,bdceb14f
3fd64e99,bdcea932
3fd6514c,bdcea114
3fd653ff,bdce98f5
3fd656b2,bdce90d5
3fd65966,bdce88b2
3fd65c19,bdce8090
3fd65ecc,bdce786e
3fd6617f,bdce704c
3fd66432,bdce6828
3fd666e6,bdce6001
3fd66999,bdce57dc
3fd66c4c,bdce4fb7
3fd66eff,bdce4790
3fd671b2,bdce3f69
3fd67466,bdce373f
3fd67719,bdce2f16
3fd679cc,bdce26ed
3fd67c7f,bdce1ec3
3fd67f32,bdce1698
3fd681e6,bdce0e6a
3fd68499,bdce063d
3fd6874c,bdcdfe10
3fd689ff,bdcdf5e2
3fd68cb2,bdcdedb4
3fd68f66,bdcde582
3fd69219,bdcddd52
3fd694cc,bdcdd522
3fd6977f,bdcdccf0
3fd69a32,bdcdc4be
3fd69ce6,bdcdbc88
3fd69f99,bdcdb454
3fd6a24c,bdcdac20
3fd6a4ff,bdcda3eb
3fd6a7b2,bdcd9bb6
3fd6aa66,bdcd937c
3fd6ad19,bdcd8b45
3fd6afcc,bdcd830d
3fd6b27f,bdcd7ad4
3fd6b532,bdcd729a
3fd6b7e6,bdcd6a5e
3fd6ba99,bdcd6222
3fd6bd4c,bdcd59e7
3fd6bfff,bdcd51aa
3fd6c2b2,bdcd496d
3fd6c566,bdcd412c
3fd6c819,bdcd38ee
3fd6cacc,bdcd30ae
3fd6cd7f,bdcd286e
3fd6d032,bdcd202e
3fd6d2e6,bdcd17e9
3fd6d599,bdcd0fa6
3fd6d84c,bdcd0764
3fd6daff,bdccff20
3fd6ddb2,bdccf6db
3fd6e066,bdccee93
3fd6e319,bdcce64d
3fd6e5cc,bdccde07
3fd6e87f,bdccd5bf
3fd6eb32,bdcccd77
3fd6ede6,bdccc52b
3fd6f099,bdccbce2
3fd6f34c,bdccb497
3fd6f5ff,bdccac4c
3fd6f8b2,bdcca400
3fd6fb66,bdcc9bb0
3fd6fe19,bdcc9363
3fd700cc,bdcc8b15
3fd7037f,bdcc82c6
3fd70632,bdcc7a77
3fd708e6,bdcc7224
3fd70b99,bdcc69d2
3fd70e4c,bdcc6181
3fd710ff,bdcc592e
3fd713b2,bdcc50dc
3fd71666,bdcc4884
3fd71919,bdcc4030
3fd71bcc,bdcc37da
3fd71e7f,bdcc2f84
3fd72132,bdcc272e
3fd723e6,bdcc1ed3
3fd72699,bdcc167a
3fd7294c,bdcc0e22
3fd72bff,bdcc05c8
3fd72eb2,bdcbfd6d
3fd73166,bdcbf50f
3fd73419,bdcbecb3
3fd736cc,bdcbe456
3fd7397f,bdcbdbf9
3fd73c32,bdcbd39b
3fd73ee6,bdcbcb39
3fd74199,bdcbc2d9
3fd7444c,bdcbba79
3fd746ff,bdcbb218
3fd749b2,bdcba9b6
3fd74c66,bdcba150
3fd74f19,bdcb98ed
3fd751cc,bdcb9089
3fd7547f,bdcb8824
3fd75732,bdcb7fbe
3fd759e6,bdcb7755
3fd75c99,bdcb6eee
3fd75f4c,bdcb6687
3fd761ff,bdcb5e1e
3fd764b2,bdcb55b5
3fd76766,bdcb4d48
3fd76a19,bdcb44de
3fd76ccc,bdcb3c72
3fd76f7f,bdcb3406
3fd77232,bdcb2b99
3fd774e6,bdcb2328
3fd77799,bdcb1aba
3fd77a4c,bdcb124b
3fd77cff,bdcb09dc
3fd77fb2,bdcb016b
3fd78266,bdcaf8f7
3fd78519,bdcaf085
3fd787cc,bdcae812
3fd78a7f,bdcadf9f
3fd78d32,bdcad72a
3fd78fe6,bdcaceb2
3fd79299,bdcac63d
3fd7954c,bdcabdc7
3fd797ff,bdcab550
3fd79ab2,bdcaacd8
3fd79d66,bdcaa45c
3fd7a019,bdca9be3
3fd7a2cc,bdca9369
3fd7a57f,bdca8aee
3fd7a832,bdca8273
3fd7aae6,bdca79f4
3fd7ad99,bdca7176
3fd7b04c,bdca68f9
3fd7b2ff,bdca607a
3fd7b5b2,bdca57fc
3fd7b866,bdca4f78
3fd7bb19,bdca46f8
3fd7bdcc,bdca3e77
3fd7c07f,bdca35f5
3fd7c332,bdca2d72
3fd7c5e6,bdca24eb
3fd7c899,bdca1c67
3fd7cb4c,bdca13e2
3fd7cdff,bdca0b5c
3fd7d0b2,bdca02d6
3fd7d366,bdc9fa4c
3fd7d619,bdc9f1c4
3fd7d8cc,bdc9e93c
3fd7db7f,bdc9e0b2
3fd7de32,bdc9d828
3fd7e0e6,bdc9cf9a
3fd7e399,bdc9c70f
3fd7e64c,bdc9be82
3fd7e8ff,bdc9b5f5
3fd7ebb2,bdc9ad68
3fd7ee66,bdc9a4d6
3fd7f119,bdc99c47
3fd7f3cc,bdc993b7
3fd7f67f,bdc98b26
3fd7f932,bdc98295
3fd7fbe6,bdc97a00
3fd7fe99,bdc9716d
3fd8014c,bdc968da
3fd803ff,bdc96045
3fd806b2,bdc957b0
3fd80966,bdc94f17
3fd80c19,bdc94681
3fd80ecc,bdc93dea
3fd8117f,bdc93552
3fd81432,bdc92cb9
3fd816e6,bdc9241c
3fd81999,bdc91b82
3fd81c4c,bdc912e8
3fd81eff,bdc90a4c
3fd821b2,bdc901b0
3fd82466,bdc8f910
3fd82719,bdc8f072
3fd829cc,bdc8e7d3
3fd82c7f,bdc8df34
3fd82f32,bdc8d694
3fd831e6,bdc8cdf0
3fd83499,bdc8c54e
3fd8374c,bdc8bcac
3fd839ff,bdc8b40a
3fd83cb2,bdc8ab66
3fd83f66,bdc8a2bf
3fd84219,bdc89a1a
3fd844cc,bdc89174
3fd8477f,bdc888ce
3fd84a32,bdc88026
3fd84ce6,bdc8777b
3fd84f99,bdc86ed2
3fd8524c,bdc86629
3fd854ff,bdc85d7f
3fd857b2,bdc854d4
3fd85a66,bdc84c25
3fd85d19,bdc84379
3fd85fcc,bdc83acc
3fd8627f,bdc8321e
3fd86532,bdc82970
3fd867e6,bdc820bd
3fd86a99,bdc8180d
3fd86d4c,bdc80f5c
3fd86fff,bdc806ab
3fd872b2,bdc7fdf9
3fd87566,bdc7f543
3fd87819,bdc7ec8f
3fd87acc,bdc7e3db
3fd87d7f,bdc7db26
3fd88032,bdc7d270
3fd882e6,bdc7c9b6
3fd88599,bdc7c0ff
3fd8884c,bdc7b847
3fd88aff,bdc7af8e
3fd88db2,bdc7a6d5
3fd89066,bdc79e18
3fd89319,bdc7955c
3fd895cc,bdc78ca1
3fd8987f,bdc783e5
3fd89b32,bdc77b28
3fd89de6,bdc77267
3fd8a099,bdc769a8
3fd8a34c,bdc760e9
3fd8a5ff,bdc75829
3fd8a8b2,bdc74f68
3fd8ab66,bdc746a4
3fd8ae19,bdc73de1
3fd8b0cc,bdc7351f
3fd8b37f,bdc72c5b
3fd8b632,bdc72397
3fd8b8e6,bdc71ace
3fd8bb99,bdc71209
3fd8be4c,bdc70942
3fd8c0ff,bdc7007b
3fd8c3b2,bdc6f7b3
3fd8c666,bdc6eee7
3fd8c919,bdc6e61e
3fd8cbcc,bdc6dd54
3fd8ce7f,bdc6d489
3fd8d132,bdc6cbbd
3fd8d3e6,bdc6c2ed
3fd8d699,bdc6ba20
3fd8d94c,bdc6b153
3fd8dbff,bdc6a884
3fd8deb2,bdc69fb5
3fd8e166,bdc696e2
3fd8e419,bdc68e11
3fd8e6cc,bdc68540
3fd8e97f,bdc67c6e
3fd8ec32,bdc6739b
3fd8eee6,bdc66ac4
3fd8f199,bdc661f0
3fd8f44c,bdc6591b
3fd8f6ff,bdc65045
3fd8f9b2,bdc6476e
3fd8fc66,bdc63e94
3fd8ff19,bdc635bc
3fd901cc,bdc62ce4
3fd9047f,bdc6240a
3fd90732,bdc61b30
3fd909e6,bdc61252
3fd90c99,bdc60976
3fd90f4c,bdc6009a
3fd911ff,bdc5f7bd
3fd914b2,bdc5eedf
3fd91766,bdc5e5fe
3fd91a19,bdc5dd1e
3fd91ccc,bdc5d43e
3fd91f7f,bdc5cb5e
3fd92232,bdc5c27c
3fd924e6,bdc5b997
3fd92799,bdc5b0b4
3fd92a4c,bdc5a7d1
3fd92cff,bdc59eed
3fd92fb2,bdc59608
3fd93266,bdc58d1f
3fd93519,bdc58438
3fd937cc,bdc57b51
3fd93a7f,bdc5726a
3fd93d32,bdc56981
3fd93fe6,bdc56094
3fd94299,bdc557aa
3fd9454c,bdc54ec0
3fd947ff,bdc545d4
3fd94ab2,bdc53ce8
3fd94d66,bdc533f8
3fd95019,bdc52b0a
3fd952cc,bdc5221b
3fd9557f,bdc5192c
3fd95832,bdc5103c
3fd95ae6,bdc50748
3fd95d99,bdc4fe57
3fd9604c,bdc4f566
3fd962ff,bdc4ec73
3fd965b2,bdc4e37f
3fd96866,bdc4da88
3fd96b19,bdc4d193
3fd96dcc,bdc4c89d
3fd9707f,bdc4bfa7
3fd97332,bdc4b6b0
3fd975e6,bdc4adb5
3fd97899,bdc4a4bc
3fd97b4c,bdc49bc3
3fd97dff,bdc492c9
3fd980b2,bdc489ce
3fd98366,bdc480d0
3fd98619,bdc477d4
3fd988cc,bdc46ed7
3fd98b7f,bdc465d9
3fd98e32,bdc45cdb
3fd990e6,bdc453d8
3fd99399,bdc44ad9
3fd9964c,bdc441d8
3fd998ff,bdc438d7
3fd99bb2,bdc42fd5
3fd99e66,bdc426cf
3fd9a119,bdc41dcc
3fd9a3cc,bdc414c8
3fd9a67f,bdc40bc3
3fd9a932,bdc402be
3fd9abe6,bdc3f9b4
3fd9ae99,bdc3f0ad
3fd9b14c,bdc3e7a5
3fd9b3ff,bdc3de9d
3fd9b6b2,bdc3d594
3fd9b966,bdc3cc86
3fd9bc19,bdc3c37c
3fd9becc,bdc3ba70
3fd9c17f,bdc3b164
3fd9c432,bdc3a858
3fd9c6e6,bdc39f47
3fd9c999,bdc39639
3fd9cc4c,bdc38d2a
3fd9ceff,bdc3841a
3fd9d1b2,bdc37b0a
3fd9d466,bdc371f5
3fd9d719,bdc368e4
3fd9d9cc,bdc35fd1
3fd9dc7f,bdc356be
3fd9df32,bdc34daa
3fd9e1e6,bdc34492
3fd9e499,bdc33b7c
3fd9e74c,bdc33266
3fd9e9ff,bdc32950
3fd9ecb2,bdc32038
3fd9ef66,bdc3171c
3fd9f219,bdc30e03
3fd9f4cc,bdc304ea
3fd9f77f,bdc2fbcf
3fd9fa32,bdc2f2b4
3fd9fce6,bdc2e994
3fd9ff99,bdc2e078
3fda024c,bdc2d75b
3fda04ff,bdc2ce3d
3fda07b2,bdc2c51e
3fda0a66,bdc2bbfb
3fda0d19,bdc2b2db
3fda0fcc,bdc2a9ba
3fda127f,bdc2a098
3fda1532,bdc29776
3fda17e6,bdc28e4f
3fda1a99,bdc2852c
3fda1d4c,bdc27c07
3fda1fff,bdc272e2
3fda22b2,bdc269bc
3fda2566,bdc26092
3fda2819,bdc2576a
3fda2acc,bdc24e42
3fda2d7f,bdc2451a
3fda3032,bdc23bf0
3fda32e6,bdc232c2
3fda3599,bdc22997
3fda384c,bdc2206c
3fda3aff,bdc2173f
3fda3db2,bdc20e12
3fda4066,bdc204e0
3fda4319,bdc1fbb2
3fda45cc,bdc1f282
3fda487f,bdc1e952
3fda4b32,bdc1e022
3fda4de6,bdc1d6ec
3fda5099,bdc1cdba
3fda534c,bdc1c488
3fda55ff,bdc1bb54
3fda58b2,bdc1b220
3fda5b66,bdc1a8e7
3fda5e19,bdc19fb2
3fda60cc,bdc1967b
3fda637f,bdc18d44
3fda6632,bdc1840b
3fda68e6,bdc17acf
3fda6b99,bdc17196
3fda6e4c,bdc1685c
3fda70ff,bdc15f21
3fda73b2,bdc155e5
3fda7666,bdc14ca6
3fda7919,bdc14369
3fda7bcc,bdc13a2b
3fda7e7f,bdc130ec
3fda8132,bdc127ad
3fda83e6,bdc11e6a
3fda8699,bdc1152a
3fda894c,bdc10be8
3fda8bff,bdc102a6
3fda8eb2,bdc0f963
3fda9166,bdc0f01c
3fda9419,bdc0e6d8
3fda96cc,bdc0dd93
3fda997f,bdc0d44e
3fda9c32,bdc0cb07
3fda9ee6,bdc0c1bc
3fdaa199,bdc0b875
3fdaa44c,bdc0af2c
3fdaa6ff,bdc0a5e4
3fdaa9b2,bdc09c99
3fdaac66,bdc0934b
3fdaaf19,bdc08a00
3fdab1cc,bdc080b4
3fdab47f,bdc07767
3fdab732,bdc06e1a
3fdab9e6,bdc064c8
3fdabc99,bdc05b79
3fdabf4c,bdc05229
3fdac1ff,bdc048d9
3fdac4b2,bdc03f88
3fdac766,bdc03632
3fdaca19,bdc02ce0
3fdacccc,bdc0238c
3fdacf7f,bdc01a38
3fdad232,bdc010e4
3fdad4e6,bdc0078b
3fdad799,bdbffe35
3fdada4c,bdbff4de
3fdadcff,bdbfeb86
3fdadfb2,bdbfe22e
3fdae266,bdbfd8d2
3fdae519,bdbfcf78
3fdae7cc,bdbfc61e
3fdaea7f,bdbfbcc2
3fdaed32,bdbfb366
3fdaefe6,bdbfaa06
3fdaf299,bdbfa0a9
3fdaf54c,bdbf974b
3fdaf7ff,bdbf8dec
3fdafab2,bdbf848d
3fdafd66,bdbf7b29
3fdb0019,bdbf71c8
3fdb02cc,bdbf6866
3fdb057f,bdbf5f04
3fdb0832,bdbf55a1
3fdb0ae6,bdbf4c3a
3fdb0d99,bdbf42d6
3fdb104c,bdbf3970
3fdb12ff,bdbf300a
3fdb15b2,bdbf26a4
3fdb1866,bdbf1d39
3fdb1b19,bdbf13d1
3fdb1dcc,bdbf0a68
3fdb207f,bdbf00fe
3fdb2332,bdbef794
3fdb25e6,bdbeee26
3fdb2899,bdbee4ba
3fdb2b4c,bdbedb4e
3fdb2dff,bdbed1e1
3fdb30b2,bdbec873
3fdb3366,bdbebf01
3fdb3619,bdbeb592
3fdb38cc,bdbeac22
3fdb3b7f,bdbea2b1
3fdb3e32,bdbe9940
3fdb40e6,bdbe8fca
3fdb4399,bdbe8658
3fdb464c,bdbe7ce4
3fdb48ff,bdbe7370
3fdb4bb2,bdbe69fb
3fdb4e66,bdbe6082
3fdb5119,bdbe570c
3fdb53cc,bdbe4d94
3fdb567f,bdbe441c
3fdb5932,bdbe3aa4
3fdb5be6,bdbe3127
3fdb5e99,bdbe27ad
3fdb614c,bdbe1e32
3fdb63ff,bdbe14b7
3fdb66b2,bdbe0b3b
3fdb6966,bdbe01ba
3fdb6c19,bdbdf83d
3fdb6ecc,bdbdeebf
3fdb717f,bdbde540
3fdb7432,bdbddbc0
3fdb76e6,bdbdd23c
3fdb7999,bdbdc8bb
3fdb7c4c,bdbdbf39
3fdb7eff,bdbdb5b7
3fdb81b2,bdbdac34
3fdb8466,bdbda2ac
3fdb8719,bdbd9928
3fdb89cc,bdbd8fa2
3fdb8c7f,bdbd861c
3fdb8f32,bdbd7c95
3fdb91e6,bdbd730a
3fdb9499,bdbd6982
3fdb974c,bdbd5ff9
3fdb99ff,bdbd566f
3fdb9cb2,bdbd4ce5
3fdb9f66,bdbd4356
3fdba219,bdbd39ca
3fdba4cc,bdbd303e
3fdba77f,bdbd26b0
3fdbaa32,bdbd1d22
3fdbace6,bdbd1390
3fdbaf99,bdbd0a01
3fdbb24c,bdbd0071
3fdbb4ff,bdbcf6e0
3fdbb7b2,bdbced4f
3fdbba66,bdbce3b9
3fdbbd19,bdbcda26
3fdbbfcc,bdbcd092
3fdbc27f,bdbcc6fe
3fdbc532,bdbcbd69
3fdbc7e6,bdbcb3cf
3fdbca99,bdbcaa39
3fdbcd4c,bdbca0a2
3fdbcfff,bdbc970a
3fdbd2b2,bdbc8d71
3fdbd566,bdbc83d4
3fdbd819,bdbc7a3a
3fdbdacc,bdbc709f
3fdbdd7f,bdbc6704
3fdbe032,bdbc5d68
3fdbe2e6,bdbc53c6
3fdbe599,bdbc4a29
3fdbe84c,bdbc408b
3fdbeaff,bdbc36ec
3fdbedb2,bdbc2d4c
3fdbf066,bdbc23a8
3fdbf319,bdbc1a07
3fdbf5cc,bdbc1065
3fdbf87f,bdbc06c2
3fdbfb32,bdbbfd1e
3fdbfde6,bdbbf377
3fdc0099,bdbbe9d2
3fdc034c,bdbbe02c
3fdc05ff,bdbbd687
3fdc08b2,bdbbcce0
3fdc0b66,bdbbc334
3fdc0e19,bdbbb98c
3fdc10cc,bdbbafe3
3fdc137f,bdbba63a
3fdc1632,bdbb9c8f
3fdc18e6,bdbb92e0
3fdc1b99,bdbb8934
3fdc1e4c,bdbb7f88
3fdc20ff,bdbb75da
3fdc23b2,bdbb6c2c
3fdc2666,bdbb627a
3fdc2919,bdbb58ca
3fdc2bcc,bdbb4f1a
3fdc2e7f,bdbb456a
3fdc3132,bdbb3bb8
3fdc33e6,bdbb3202
3fdc3699,bdbb284f
3fdc394c,bdbb1e9b
3fdc3bff,bdbb14e7
3fdc3eb2,bdbb0b32
3fdc4166,bdbb0178
3fdc4419,bdbaf7c2
3fdc46cc,bdbaee0a
3fdc497f,bdbae452
3fdc4c32,bdbada99
3fdc4ee6,bdbad0dc
3fdc5199,bdbac722
3fdc544c,bdbabd67
3fdc56ff,bdbab3ac
3fdc59b2,bdbaa9ef
3fdc5c66,bdbaa02f
3fdc5f19,bdba9672
3fdc61cc,bdba8cb3
3fdc647f,bdba82f4
3fdc6732,bdba7934
3fdc69e6,bdba6f70
3fdc6c99,bdba65ae
3fdc6f4c,bdba5bec
3fdc71ff,bdba522a
3fdc74b2,bdba4866
3fdc7766,bdba3e9f
3fdc7a19,bdba34da
3fdc7ccc,bdba2b15
3fdc7f7f,bdba214e
3fdc8232,bdba1788
3fdc84e6,bdba0dbc
3fdc8799,bdba03f4
3fdc8a4c,bdb9fa2a
3fdc8cff,bdb9f061
3fdc8fb2,bdb9e696
3fdc9266,bdb9dcc8
3fdc9519,bdb9d2fb
3fdc97cc,bdb9c92f
3fdc9a7f,bdb9bf62
3fdc9d32,bdb9b594
3fdc9fe6,bdb9abc1
3fdca299,bdb9a1f2
3fdca54c,bdb99822
3fdca7ff,bdb98e51
3fdcaab2,bdb98480
3fdcad66,bdb97aaa
3fdcb019,bdb970d7
3fdcb2cc,bdb96702
3fdcb57f,bdb95d2e
3fdcb832,bdb9535a
3fdcbae6,bdb94980
3fdcbd99,bdb93fa9
3fdcc04c,bdb935d2
3fdcc2ff,bdb92bfa
3fdcc5b2,bdb92222
3fdcc866,bdb91844
3fdccb19,bdb90e6a
3fdccdcc,bdb9048f
3fdcd07f,bdb8fab4
3fdcd332,bdb8f0d8
3fdcd5e6,bdb8e6f7
3fdcd899,bdb8dd1a
3fdcdb4c,bdb8d33b
3fdcddff,bdb8c95c
3fdce0b2,bdb8bf7c
3fdce366,bdb8b598
3fdce619,bdb8abb7
3fdce8cc,bdb8a1d4
3fdceb7f,bdb897f2
3fdcee32,bdb88e10
3fdcf0e6,bdb88428
3fdcf399,bdb87a42
3fdcf64c,bdb8705e
3fdcf8ff,bdb86677
3fdcfbb2,bdb85c90
3fdcfe66,bdb852a5
3fdd0119,bdb848bc
3fdd03cc,bdb83ed4
3fdd067f,bdb834ea
3fdd0932,bdb82b00
3fdd0be6,bdb82111
3fdd0e99,bdb81725
3fdd114c,bdb80d39
3fdd13ff,bdb8034c
3fdd16b2,bdb7f95d
3fdd1966,bdb7ef6c
3fdd1c19,bdb7e57c
3fdd1ecc,bdb7db8c
3fdd217f,bdb7d19c
3fdd2432,bdb7c7aa
3fdd26e6,bdb7bdb4
3fdd2999,bdb7b3c1
3fdd2c4c,bdb7a9ce
3fdd2eff,bdb79fd9
3fdd31b2,bdb795e4
3fdd3466,bdb78beb
3fdd3719,bdb781f4
3fdd39cc,bdb777fd
3fdd3c7f,bdb76e05
3fdd3f32,bdb7640c
3fdd41e6,bdb75a10
3fdd4499,bdb75016
3fdd474c,bdb7461b
3fdd49ff,bdb73c20
3fdd4cb2,bdb73224
3fdd4f66,bdb72823
3fdd5219,bdb71e26
3fdd54cc,bdb71428
3fdd577f,bdb70a28
3fdd5a32,bdb70029
3fdd5ce6,bdb6f625
3fdd5f99,bdb6ec24
3fdd624c,bdb6e222
3fdd64ff,bdb6d820
3fdd67b2,bdb6ce1c
3fdd6a66,bdb6c415
3fdd6d19,bdb6ba10
3fdd6fcc,bdb6b00b
3fdd727f,bdb6a606
3fdd7532,bdb69bff
3fdd77e6,bdb691f3
3fdd7a99,bdb687eb
3fdd7d4c,bdb67de2
3fdd7fff,bdb673d9
3fdd82b2,bdb669ce
3fdd8566,bdb65fc0
3fdd8819,bdb655b4
3fdd8acc,bdb64ba8
3fdd8d7f,bdb6419b
3fdd9032,bdb6378e
3fdd92e6,bdb62d7b
3fdd9599,bdb6236c
3fdd984c,bdb6195c
3fdd9aff,bdb60f4c
3fdd9db2,bdb6053a
3fdda066,bdb5fb25
3fdda319,bdb5f112
3fdda5cc,bdb5e6fe
3fdda87f,bdb5dceb
3fddab32,bdb5d2d6
3fddade6,bdb5c8bd
3fddb099,bdb5bea6
3fddb34c,bdb5b490
3fddb5ff,bdb5aa78
3fddb8b2,bdb5a05f
3fddbb66,bdb59643
3fddbe19,bdb58c2a
3fddc0cc,bdb5820f
3fddc37f,bdb577f4
3fddc632,bdb56dd8
3fddc8e6,bdb563b8
3fddcb99,bdb5599a
3fddce4c,bdb54f7c
3fddd0ff,bdb5455d
3fddd3b2,bdb53b3e
3fddd666,bdb5311a
3fddd919,bdb526fa
3fdddbcc,bdb51cd8
3fddde7f,bdb512b6
3fdde132,bdb50893
3fdde3e6,bdb4fe6c
3fdde699,bdb4f448
3fdde94c,bdb4ea22
3fddebff,bdb4dffc
3fddeeb2,bdb4d5d6
3fddf166,bdb4cbab
3fddf419,bdb4c183
3fddf6cc,bdb4b75a
3fddf97f,bdb4ad32
3fddfc32,bdb4a308
3fddfee6,bdb498d9
3fde0199,bdb48eae
3fde044c,bdb48482
3fde06ff,bdb47a55
3fde09b2,bdb47028
3fde0c66,bdb465f6
3fde0f19,bdb45bc7
3fde11cc,bdb45197
3fde147f,bdb44767
3fde1732,bdb43d36
3fde19e6,bdb43300
3fde1c99,bdb428ce
3fde1f4c,bdb41e9b
3fde21ff,bdb41467
3fde24b2,bdb40a32
3fde2766,bdb3fffa
3fde2a19,bdb3f5c4
3fde2ccc,bdb3eb8d
3fde2f7f,bdb3e156
3fde3232,bdb3d71e
3fde34e6,bdb3cce1
3fde3799,bdb3c2a8
3fde3a4c,bdb3b86e
3fde3cff,bdb3ae33
3fde3fb2,bdb3a3f7
3fde4266,bdb399b8
3fde4519,bdb38f7a
3fde47cc,bdb3853d
3fde4a7f,bdb37afe
3fde4d32,bdb370bf
3fde4fe6,bdb3667c
3fde5299,bdb35c3b
3fde554c,bdb351fa
3fde57ff,bdb347b8
3fde5ab2,bdb33d76
3fde5d66,bdb3332e
3fde6019,bdb328ea
3fde62cc,bdb31ea6
3fde657f,bdb31461
3fde6832,bdb30a1a
3fde6ae6,bdb2ffd0
3fde6d99,bdb2f588
3fde704c,bdb2eb40
3fde72ff,bdb2e0f7
3fde75b2,bdb2d6ad
3fde7866,bdb2cc60
3fde7b19,bdb2c214
3fde7dcc,bdb2b7c9
3fde807f,bdb2ad7c
3fde8332,bdb2a32f
3fde85e6,bdb298de
3fde8899,bdb28e8f
3fde8b4c,bdb28440
3fde8dff,bdb279f0
3fde90b2,bdb26fa0
3fde9366,bdb2654a
3fde9619,bdb25af8
3fde98cc,bdb250a6
3fde9b7f,bdb24652
3fde9e32,bdb23bfe
3fdea0e6,bdb231a5
3fdea399,bdb22750
3fdea64c,bdb21cfa
3fdea8ff,bdb212a3
3fdeabb2,bdb2084b
3fdeae66,bdb1fdef
3fdeb119,bdb1f396
3fdeb3cc,bdb1e93c
3fdeb67f,bdb1dee2
3fdeb932,bdb1d486
3fdebbe6,bdb1ca27
3fdebe99,bdb1bfca
3fdec14c,bdb1b56d
3fdec3ff,bdb1ab0f
3fdec6b2,bdb1a0b0
3fdec966,bdb1964d
3fdecc19,bdb18bed
3fdececc,bdb1818c
3fded17f,bdb1772b
3fded432,bdb16cc9
3fded6e6,bdb16262
3fded999,bdb157fe
3fdedc4c,bdb14d9a
3fdedeff,bdb14335
3fdee1b2,bdb138d0
3fdee466,bdb12e65
3fdee719,bdb123fe
3fdee9cc,bdb11996
3fdeec7f,bdb10f2e
3fdeef32,bdb104c5
3fdef1e6,bdb0fa58
3fdef499,bdb0efed
3fdef74c,bdb0e582
3fdef9ff,bdb0db16
3fdefcb2,bdb0d0a9
3fdeff66,bdb0c638
3fdf0219,bdb0bbca
3fdf04cc,bdb0b15b
3fdf077f,bdb0a6ec
3fdf0a32,bdb09c7b
3fdf0ce6,bdb09206
3fdf0f99,bdb08795
3fdf124c,bdb07d23
3fdf14ff,bdb072b0
3fdf17b2,bdb0683c
3fdf1a66,bdb05dc4
3fdf1d19,bdb0534f
3fdf1fcc,bdb048d9
3fdf227f,bdb03e63
3fdf2532,bdb033ec
3fdf27e6,bdb02970
3fdf2a99,bdb01ef7
3fdf2d4c,bdb0147e
3fdf2fff,bdb00a04
3fdf32b2,bdafff89
3fdf3566,bdaff50a
3fdf3819,bdafea8e
3fdf3acc,bdafe011
3fdf3d7f,bdafd594
3fdf4032,bdafcb16
3fdf42e6,bdafc093
3fdf4599,bdafb613
3fdf484c,bdafab94
3fdf4aff,bdafa112
3fdf4db2,bdaf9690
3fdf5066,bdaf8c0a
3fdf5319,bdaf8187
3fdf55cc,bdaf7704
3fdf587f,bdaf6c7f
3fdf5b32,bdaf61fa
3fdf5de6,bdaf5770
3fdf6099,bdaf4cea
3fdf634c,bdaf4262
3fdf65ff,bdaf37da
3fdf68b2,bdaf2d52
3fdf6b66,bdaf22c5
3fdf6e19,bdaf183b
3fdf70cc,bdaf0db0
3fdf737f,bdaf0324
3fdf7632,bdaef898
3fdf78e6,bdaeee07
3fdf7b99,bdaee37a
3fdf7e4c,bdaed8ec
3fdf80ff,bdaece5d
3fdf83b2,bdaec3ce
3fdf8666,bdaeb93a
3fdf8919,bdaeaea8
3fdf8bcc,bdaea416
3fdf8e7f,bdae9984
3fdf9132,bdae8ef1
3fdf93e6,bdae8459
3fdf9699,bdae79c4
3fdf994c,bdae6f30
3fdf9bff,bdae6499
3fdf9eb2,bdae5a03
3fdfa166,bdae4f68
3fdfa419,bdae44d0
3fdfa6cc,bdae3a37
3fdfa97f,bdae2f9e
3fdfac32,bdae2504
3fdfaee6,bdae1a65
3fdfb199,bdae0fca
3fdfb44c,bdae052d
3fdfb6ff,bdadfa90
3fdfb9b2,bdadeff2
3fdfbc66,bdade551
3fdfbf19,bdaddab2
3fdfc1cc,bdadd012
3fdfc47f,bdadc572
3fdfc732,bdadbad0
3fdfc9e6,bdadb02b
3fdfcc99,bdada588
3fdfcf4c,bdad9ae6
3fdfd1ff,bdad9041
3fdfd4b2,bdad859d
3fdfd766,bdad7af4
3fdfda19,bdad704e
3fdfdccc,bdad65a7
3fdfdf7f,bdad5b00
3fdfe232,bdad5058
3fdfe4e6,bdad45ab
3fdfe799,bdad3b02
3fdfea4c,bdad3058
3fdfecff,bdad25ad
3fdfefb2,bdad1b02
3fdff266,bdad1051
3fdff519,bdad05a4
3fdff7cc,bdacfaf6
3fdffa7f,bdacf048
3fdffd32,bdace59a
3fdfffe6,bdacdae6
3fe00299,bdacd035
3fe0054c,bdacc584
3fe007ff,bdacbad2
3fe00ab2,bdacb020
3fe00d66,bdaca569
3fe01019,bdac9ab5
3fe012cc,bdac9000
3fe0157f,bdac854b
3fe01832,bdac7a96
3fe01ae6,bdac6fdb
3fe01d99,bdac6524
3fe0204c,bdac5a6c
3fe022ff,bdac4fb2
3fe025b2,bdac44f9
3fe02866,bdac3a3b
3fe02b19,bdac2f80
3fe02dcc,bdac24c5
3fe0307f,bdac1a08
3fe03332,bdac0f4c
3fe035e6,bdac048a
3fe03899,bdabf9cc
3fe03b4c,bdabef0d
3fe03dff,bdabe44d
3fe040b2,bdabd98d
3fe04366,bdabcec8
3fe04619,bdabc406
3fe048cc,bdabb944
3fe04b7f,bdabae80
3fe04e32,bdaba3bc
3fe050e6,bdab98f4
3fe05399,bdab8e2f
3fe0564c,bdab8369
3fe058ff,bdab78a2
3fe05bb2,bdab6ddb
3fe05e66,bdab630e
3fe06119,bdab5846
3fe063cc,bdab4d7c
3fe0667f,bdab42b3
3fe06932,bdab37e8
3fe06be6,bdab2d18
3fe06e99,bdab224c
3fe0714c,bdab177f
3fe073ff,bdab0cb2
3fe076b2,bdab01e3
3fe07966,bdaaf710
3fe07c19,bdaaec40
3fe07ecc,bdaae170
3fe0817f,bdaad69f
3fe08432,bdaacbce
3fe086e6,bdaac0f7
3fe08999,bdaab624
3fe08c4c,bdaaab50
3fe08eff,bdaaa07c
3fe091b2,bdaa95a6
3fe09466,bdaa8acc
3fe09719,bdaa7ff6
3fe099cc,bdaa751e
3fe09c7f,bdaa6a47
3fe09f32,bdaa5f6e
3fe0a1e6,bdaa5490
3fe0a499,bdaa49b7
3fe0a74c,bdaa3edc
3fe0a9ff,bdaa3400
3fe0acb2,bdaa2924
3fe0af66,bdaa1e43
3fe0b219,bdaa1366
3fe0b4cc,bdaa0888
3fe0b77f,bda9fda8
3fe0ba32,bda9f2c9
3fe0bce6,bda9e7e5
3fe0bf99,bda9dd04
3fe0c24c,bda9d222
3fe0c4ff,bda9c73f
3fe0c7b2,bda9bc5c
3fe0ca66,bda9b175
3fe0cd19,bda9a690
3fe0cfcc,bda99bab
3fe0d27f,bda990c5
3fe0d532,bda985df
3fe0d7e6,bda97af4
3fe0da99,bda9700c
3fe0dd4c,bda96523
3fe0dfff,bda95a3a
3fe0e2b2,bda94f50
3fe0e566,bda94461
3fe0e819,bda93976
3fe0eacc,bda92e8a
3fe0ed7f,bda9239c
3fe0f032,bda918af
3fe0f2e6,bda90dbd
3fe0f599,bda902ce
3fe0f84c,bda8f7de
3fe0faff,bda8ecee
3fe0fdb2,bda8e1fd
3fe10066,bda8d708
3fe10319,bda8cc15
3fe105cc,bda8c122
3fe1087f,bda8b62e
3fe10b32,bda8ab3a
3fe10de6,bda8a041
3fe11099,bda8954c
3fe1134c,bda88a55
3fe115ff,bda87f5e
3fe118b2,bda87466
3fe11b66,bda8696a
3fe11e19,bda85e70
3fe120cc,bda85376
3fe1237f,bda8487c
3fe12632,bda83d80
3fe128e6,bda83280
3fe12b99,bda82783
3fe12e4c,bda81c86
3fe130ff,bda81188
3fe133b2,bda80689
3fe13666,bda7fb86
3fe13919,bda7f086
3fe13bcc,bda7e585
3fe13e7f,bda7da83
3fe14132,bda7cf81
3fe143e6,bda7c47a
3fe14699,bda7b976
3fe1494c,bda7ae72
3fe14bff,bda7a36d
3fe14eb2,bda79868
3fe15166,bda78d5d
3fe15419,bda78256
3fe156cc,bda7774e
3fe1597f,bda76c46
3fe15c32,bda7613c
3fe15ee6,bda7562f
3fe16199,bda74b24
3fe1644c,bda74019
3fe166ff,bda7350d
3fe169b2,bda72a00
3fe16c66,bda71eef
3fe16f19,bda713e2
3fe171cc,bda708d3
3fe1747f,bda6fdc3
3fe17732,bda6f2b3
3fe179e6,bda6e79e
3fe17c99,bda6dc8d
3fe17f4c,bda6d17b
3fe181ff,bda6c668
3fe184b2,bda6bb54
3fe18766,bda6b03c
3fe18a19,bda6a528
3fe18ccc,bda69a12
3fe18f7f,bda68efc
3fe19232,bda683e5
3fe194e6,bda678c9
3fe19799,bda66db1
3fe19a4c,bda66298
3fe19cff,bda6577e
3fe19fb2,bda64c63
3fe1a266,bda64144
3fe1a519,bda63628
3fe1a7cc,bda62b0c
3fe1aa7f,bda61fef
3fe1ad32,bda614d1
3fe1afe6,bda609ae
3fe1b299,bda5fe8f
3fe1b54c,bda5f370
3fe1b7ff,bda5e84f
3fe1bab2,bda5dd2d
3fe1bd66,bda5d207
3fe1c019,bda5c6e5
3fe1c2cc,bda5bbc1
3fe1c57f,bda5b09e
3fe1c832,bda5a578
3fe1cae6,bda59a4f
3fe1cd99,bda58f29
3fe1d04c,bda58402
3fe1d2ff,bda578db
3fe1d5b2,bda56db2
3fe1d866,bda56286
3fe1db19,bda5575c
3fe1ddcc,bda54c32
3fe1e07f,bda54107
3fe1e332,bda535db
3fe1e5e6,bda52aab
3fe1e899,bda51f7e
3fe1eb4c,bda51450
3fe1edff,bda50922
3fe1f0b2,bda4fdf3
3fe1f366,bda4f2be
3fe1f619,bda4e78e
3fe1f8cc,bda4dc5e
3fe1fb7f,bda4d12b
3fe1fe32,bda4c5f9
3fe200e6,bda4bac2
3fe20399,bda4af8e
3fe2064c,bda4a459
3fe208ff,bda49924
3fe20bb2,bda48dee
3fe20e66,bda482b3
3fe21119,bda4777c
3fe213cc,bda46c44
3fe2167f,bda4610b
3fe21932,bda455d2
3fe21be6,bda44a94
3fe21e99,bda43f59
3fe2214c,bda4341e
3fe223ff,bda428e1
3fe226b2,bda41da4
3fe22966,bda41263
3fe22c19,bda40724
3fe22ecc,bda3fbe6
3fe2317f,bda3f0a6
3fe23432,bda3e566
3fe236e6,bda3da21
3fe23999,bda3cedf
3fe23c4c,bda3c39d
3fe23eff,bda3b85a
3fe241b2,bda3ad16
3fe24466,bda3a1ce
3fe24719,bda39688
3fe249cc,bda38b43
3fe24c7f,bda37ffc
3fe24f32,bda374b5
3fe251e6,bda36969
3fe25499,bda35e21
3fe2574c,bda352d8
3fe259ff,bda3478e
3fe25cb2,bda33c43
3fe25f66,bda330f4
3fe26219,bda325a8
3fe264cc,bda31a5b
3fe2677f,bda30f0e
3fe26a32,bda303c0
3fe26ce6,bda2f86d
3fe26f99,bda2ed1e
3fe2724c,bda2e1ce
3fe274ff,bda2d67d
3fe277b2,bda2cb2b
3fe27a66,bda2bfd5
3fe27d19,bda2b482
3fe27fcc,bda2a92f
3fe2827f,bda29ddb
3fe28532,bda29286
3fe287e6,bda2872c
3fe28a99,bda27bd6
3fe28d4c,bda2707f
3fe28fff,bda26527
3fe292b2,bda259cf
3fe29566,bda24e72
3fe29819,bda24318
3fe29acc,bda237be
3fe29d7f,bda22c63
3fe2a032,bda22107
3fe2a2e6,bda215a6
3fe2a599,bda20a49
3fe2a84c,bda1feec
3fe2aaff,bda1f38d
3fe2adb2,bda1e82e
3fe2b066,bda1dcca
3fe2b319,bda1d169
3fe2b5cc,bda1c608
3fe2b87f,bda1baa6
3fe2bb32,bda1af44
3fe2bde6,bda1a3dc
3fe2c099,bda19878
3fe2c34c,bda18d14
3fe2c5ff,bda181ae
3fe2c8b2,bda17648
3fe2cb66,bda16ade
3fe2ce19,bda15f76
3fe2d0cc,bda1540e
3fe2d37f,bda148a5
3fe2d632,bda13d3c
3fe2d8e6,bda131ce
3fe2db99,bda12663
3fe2de4c,bda11af7
3fe2e0ff,bda10f8b
3fe2e3b2,bda1041e
3fe2e666,bda0f8ac
3fe2e919,bda0ed3e
3fe2ebcc,bda0e1cf
3fe2ee7f,bda0d660
3fe2f132,bda0caf0
3fe2f3e6,bda0bf7a
3fe2f699,bda0b408
3fe2f94c,bda0a896
3fe2fbff,bda09d24
3fe2feb2,bda091b0
3fe30166,bda08637
3fe30419,bda07ac2
3fe306cc,bda06f4c
3fe3097f,bda063d6
3fe30c32,bda0585e
3fe30ee6,bda04ce3
3fe31199,bda0416a
3fe3144c,bda035f1
3fe316ff,bda02a77
3fe319b2,bda01efd
3fe31c66,bda0137d
3fe31f19,bda00801
3fe321cc,bd9ffc84
3fe3247f,bd9ff107
3fe32732,bd9fe58a
3fe329e6,bd9fda06
3fe32c99,bd9fce87
3fe32f4c,bd9fc307
3fe331ff,bd9fb786
3fe334b2,bd9fac05
3fe33766,bd9fa07f
3fe33a19,bd9f94fc
3fe33ccc,bd9f8979
3fe33f7f,bd9f7df5
3fe34232,bd9f7270
3fe344e6,bd9f66e6
3fe34799,bd9f5b60
3fe34a4c,bd9f4fd9
3fe34cff,bd9f4452
3fe34fb2,bd9f38c9
3fe35266,bd9f2d3c
3fe35519,bd9f21b2
3fe357cc,bd9f1628
3fe35a7f,bd9f0a9e
3fe35d32,bd9eff12
3fe35fe6,bd9ef381
3fe36299,bd9ee7f4
3fe3654c,bd9edc67
3fe367ff,bd9ed0d8
3fe36ab2,bd9ec549
3fe36d66,bd9eb9b5
3fe37019,bd9eae25
3fe372cc,bd9ea294
3fe3757f,bd9e9702
3fe37832,bd9e8b6f
3fe37ae6,bd9e7fd8
3fe37d99,bd9e7444
3fe3804c,bd9e68b0
3fe382ff,bd9e5d1a
3fe385b2,bd9e5185
3fe38866,bd9e45ea
3fe38b19,bd9e3a52
3fe38dcc,bd9e2ebb
3fe3907f,bd9e2322
3fe39332,bd9e1789
3fe395e6,bd9e0beb
3fe39899,bd9e0050
3fe39b4c,bd9df4b5
3fe39dff,bd9de919
3fe3a0b2,bd9ddd7c
3fe3a366,bd9dd1da
3fe3a619,bd9dc63c
3fe3a8cc,bd9dba9e
3fe3ab7f,bd9daefe
3fe3ae32,bd9da35e
3fe3b0e6,bd9d97b9
3fe3b399,bd9d8c18
3fe3b64c,bd9d8075
3fe3b8ff,bd9d74d3
3fe3bbb2,bd9d692f
3fe3be66,bd9d5d86
3fe3c119,bd9d51e2
3fe3c3cc,bd9d463c
3fe3c67f,bd9d3a96
3fe3c932,bd9d2eef
3fe3cbe6,bd9d2343
3fe3ce99,bd9d179b
3fe3d14c,bd9d0bf2
3fe3d3ff,bd9d0048
3fe3d6b2,bd9cf49e
3fe3d966,bd9ce8ee
3fe3dc19,bd9cdd43
3fe3decc,bd9cd196
3fe3e17f,bd9cc5ea
3fe3e432,bd9cba3c
3fe3e6e6,bd9cae89
3fe3e999,bd9ca2da
3fe3ec4c,bd9c972a
3fe3eeff,bd9c8b7a
3fe3f1b2,bd9c7fc9
3fe3f466,bd9c7412
3fe3f719,bd9c6860
3fe3f9cc,bd9c5cad
3fe3fc7f,bd9c50f9
3fe3ff32,bd9c4544
3fe401e6,bd9c398b
3fe40499,bd9c2dd5
3fe4074c,bd9c221f
3fe409ff,bd9c1668
3fe40cb2,bd9c0ab0
3fe40f66,bd9bfef3
3fe41219,bd9bf33a
3fe414cc,bd9be77f
3fe4177f,bd9bdbc5
3fe41a32,bd9bd00a
3fe41ce6,bd9bc449
3fe41f99,bd9bb88c
3fe4224c,bd9baccf
3fe424ff,bd9ba111
3fe427b2,bd9b9552
3fe42a66,bd9b898e
3fe42d19,bd9b7dce
3fe42fcc,bd9b720e
3fe4327f,bd9b664c
3fe43532,bd9b5a8a
3fe437e6,bd9b4ec3
3fe43a99,bd9b4300
3fe43d4c,bd9b373c
3fe43fff,bd9b2b76
3fe442b2,bd9b1fb1
3fe44566,bd9b13e6
3fe44819,bd9b0820
3fe44acc,bd9afc58
3fe44d7f,bd9af090
3fe45032,bd9ae4c7
3fe452e6,bd9ad8f9
3fe45599,bd9acd2e
3fe4584c,bd9ac164
3fe45aff,bd9ab598
3fe45db2,bd9aa9cc
3fe46066,bd9a9dfa
3fe46319,bd9a922c
3fe465cc,bd9a865e
3fe4687f,bd9a7a8f
3fe46b32,bd9a6ec0
3fe46de6,bd9a62eb
3fe47099,bd9a571a
3fe4734c,bd9a4b48
3fe475ff,bd9a3f75
3fe478b2,bd9a33a2
3fe47b66,bd9a27ca
3fe47e19,bd9a1bf6
3fe480cc,bd9a1021
3fe4837f,bd9a044b
3fe48632,bd99f874
3fe488e6,bd99ec99
3fe48b99,bd99e0c1
3fe48e4c,bd99d4e8
3fe490ff,bd99c90f
3fe493b2,bd99bd35
3fe49666,bd99b156
3fe49919,bd99a57b
3fe49bcc,bd99999f
3fe49e7f,bd998dc2
3fe4a132,bd9981e6
3fe4a3e6,bd997603
3fe4a699,bd996a24
3fe4a94c,bd995e45
3fe4abff,bd995265
3fe4aeb2,bd994684
3fe4b166,bd993a9e
3fe4b419,bd992ebc
3fe4b6cc,bd9922da
3fe4b97f,bd9916f6
3fe4bc32,bd990b12
3fe4bee6,bd98ff29
3fe4c199,bd98f344
3fe4c44c,bd98e75e
3fe4c6ff,bd98db77
3fe4c9b2,bd98cf90
3fe4cc66,bd98c3a3
3fe4cf19,bd98b7ba
3fe4d1cc,bd98abd1
3fe4d47f,bd989fe6
3fe4d732,bd9893fc
3fe4d9e6,bd98880c
3fe4dc99,bd987c20
3fe4df4c,bd987033
3fe4e1ff,bd986445
3fe4e4b2,bd985857
3fe4e766,bd984c64
3fe4ea19,bd984074
3fe4eccc,bd983484
3fe4ef7f,bd982893
3fe4f232,bd981ca1
3fe4f4e6,bd9810aa
3fe4f799,bd9804b8
3fe4fa4c,bd97f8c4
3fe4fcff,bd97ecd0
3fe4ffb2,bd97e0db
3fe50266,bd97d4e1
3fe50519,bd97c8ea
3fe507cc,bd97bcf4
3fe50a7f,bd97b0fc
3fe50d32,bd97a503
3fe50fe6,bd979906
3fe51299,bd978d0c
3fe5154c,bd978112
3fe517ff,bd977517
3fe51ab2,bd97691b
3fe51d66,bd975d1a
3fe52019,bd97511d
3fe522cc,bd97451f
3fe5257f,bd973920
3fe52832,bd972d22
3fe52ae6,bd97211d
3fe52d99,bd97151d
3fe5304c,bd97091c
3fe532ff,bd96fd1a
3fe535b2,bd96f118
3fe53866,bd96e510
3fe53b19,bd96d90c
3fe53dcc,bd96cd08
3fe5407f,bd96c102
3fe54332,bd96b4fc
3fe545e6,bd96a8f2
3fe54899,bd969cea
3fe54b4c,bd9690e2
3fe54dff,bd9684da
3fe550b2,bd9678d0
3fe55366,bd966cc2
3fe55619,bd9660b7
3fe558cc,bd9654ac
3fe55b7f,bd9648a0
3fe55e32,bd963c94
3fe560e6,bd963082
3fe56399,bd962474
3fe5664c,bd961865
3fe568ff,bd960c56
3fe56bb2,bd960046
3fe56e66,bd95f430
3fe57119,bd95e81f
3fe573cc,bd95dc0d
3fe5767f,bd95cffa
3fe57932,bd95c3e7
3fe57be6,bd95b7ce
3fe57e99,bd95abba
3fe5814c,bd959fa4
3fe583ff,bd95938e
3fe586b2,bd958777
3fe58966,bd957b5b
3fe58c19,bd956f43
3fe58ecc,bd95632a
3fe5917f,bd955711
3fe59432,bd954af7
3fe596e6,bd953ed8
3fe59999,bd9532bc
3fe59c4c,bd9526a0
3fe59eff,bd951a83
3fe5a1b2,bd950e66
3fe5a466,bd950242
3fe5a719,bd94f624
3fe5a9cc,bd94ea04
3fe5ac7f,bd94dde4
3fe5af32,bd94d1c4
3fe5b1e6,bd94c59e
3fe5b499,bd94b97b
3fe5b74c,bd94ad58
3fe5b9ff,bd94a134
3fe5bcb2,bd949510
3fe5bf66,bd9488e7
3fe5c219,bd947cc1
3fe5c4cc,bd94709b
3fe5c77f,bd946474
3fe5ca32,bd94584c
3fe5cce6,bd944c20
3fe5cf99,bd943ff7
3fe5d24c,bd9433cd
3fe5d4ff,bd9427a3
3fe5d7b2,bd941b78
3fe5da66,bd940f48
3fe5dd19,bd94031b
3fe5dfcc,bd93f6ee
3fe5e27f,bd93eac0
3fe5e532,bd93de92
3fe5e7e6,bd93d25e
3fe5ea99,bd93c62f
3fe5ed4c,bd93b9fe
3fe5efff,bd93adce
3fe5f2b2,bd93a19c
3fe5f566,bd939565
3fe5f819,bd938932
3fe5facc,bd937cfe
3fe5fd7f,bd9370ca
3fe60032,bd936494
3fe602e6,bd93585a
3fe60599,bd934c24
3fe6084c,bd933fed
3fe60aff,bd9333b5
3fe60db2,bd93277c
3fe61066,bd931b3e
3fe61319,bd930f05
3fe615cc,bd9302ca
3fe6187f,bd92f68f
3fe61b32,bd92ea54
3fe61de6,bd92de13
3fe62099,bd92d1d6
3fe6234c,bd92c598
3fe625ff,bd92b959
3fe628b2,bd92ad1a
3fe62b66,bd92a0d6
3fe62e19,bd929495
3fe630cc,bd928854
3fe6337f,bd927c12
3fe63632,bd926fd0
3fe638e6,bd926388
3fe63b99,bd925744
3fe63e4c,bd924b00
3fe640ff,bd923eba
3fe643b2,bd923274
3fe64666,bd922629
3fe64919,bd9219e2
3fe64bcc,bd920d9a
3fe64e7f,bd920151
3fe65132,bd91f508
3fe653e6,bd91e8ba
3fe65699,bd91dc6f
3fe6594c,bd91d024
3fe65bff,bd91c3d8
3fe65eb2,bd91b78b
3fe66166,bd91ab39
3fe66419,bd919eeb
3fe666cc,bd91929c
3fe6697f,bd91864e
3fe66c32,bd9179fe
3fe66ee6,bd916da8
3fe67199,bd916157
3fe6744c,bd915505
3fe676ff,bd9148b2
3fe679b2,bd913c5f
3fe67c66,bd913006
3fe67f19,bd9123b2
3fe681cc,bd91175c
3fe6847f,bd910b06
3fe68732,bd90feb0
3fe689e6,bd90f254
3fe68c99,bd90e5fc
3fe68f4c,bd90d9a3
3fe691ff,bd90cd4a
3fe694b2,bd90c0f0
3fe69766,bd90b490
3fe69a19,bd90a835
3fe69ccc,bd909bd9
3fe69f7f,bd908f7c
3fe6a232,bd90831f
3fe6a4e6,bd9076bc
3fe6a799,bd906a5e
3fe6aa4c,bd905dfe
3fe6acff,bd90519e
3fe6afb2,bd90453d
3fe6b266,bd9038d7
3fe6b519,bd902c75
3fe6b7cc,bd902012
3fe6ba7f,bd9013af
3fe6bd32,bd90074b
3fe6bfe6,bd8ffae2
3fe6c299,bd8fee7c
3fe6c54c,bd8fe216
3fe6c7ff,bd8fd5af
3fe6cab2,bd8fc948
3fe6cd66,bd8fbcdb
3fe6d019,bd8fb072
3fe6d2cc,bd8fa409
3fe6d57f,bd8f979f
3fe6d832,bd8f8b34
3fe6dae6,bd8f7ec4
3fe6dd99,bd8f7258
3fe6e04c,bd8f65eb
3fe6e2ff,bd8f597e
3fe6e5b2,bd8f4d0f
3fe6e866,bd8f409c
3fe6eb19,bd8f342c
3fe6edcc,bd8f27bc
3fe6f07f,bd8f1b4b
3fe6f332,bd8f0eda
3fe6f5e6,bd8f0263
3fe6f899,bd8ef5f0
3fe6fb4c,bd8ee97c
3fe6fdff,bd8edd08
3fe700b2,bd8ed094
3fe70366,bd8ec41a
3fe70619,bd8eb7a4
3fe708cc,bd8eab2d
3fe70b7f,bd8e9eb5
3fe70e32,bd8e923d
3fe710e6,bd8e85c0
3fe71399,bd8e7946
3fe7164c,bd8e6ccc
3fe718ff,bd8e6051
3fe71bb2,bd8e53d6
3fe71e66,bd8e4754
3fe72119,bd8e3ad8
3fe723cc,bd8e2e5a
3fe7267f,bd8e21dc
3fe72932,bd8e155d
3fe72be6,bd8e08d9
3fe72e99,bd8dfc59
3fe7314c,bd8defd8
3fe733ff,bd8de356
3fe736b2,bd8dd6d4
3fe73966,bd8dca4d
3fe73c19,bd8dbdca
3fe73ecc,bd8db145
3fe7417f,bd8da4c0
3fe74432,bd8d983a
3fe746e6,bd8d8bb0
3fe74999,bd8d7f28
3fe74c4c,bd8d72a2
3fe74eff,bd8d6619
3fe751b2,bd8d5990
3fe75466,bd8d4d02
3fe75719,bd8d4078
3fe759cc,bd8d33ed
3fe75c7f,bd8d2761
3fe75f32,bd8d1ad5
3fe761e6,bd8d0e44
3fe76499,bd8d01b6
3fe7674c,bd8cf528
3fe769ff,bd8ce899
3fe76cb2,bd8cdc09
3fe76f66,bd8ccf74
3fe77219,bd8cc2e4
3fe774cc,bd8cb652
3fe7777f,bd8ca9c0
3fe77a32,bd8c9d2c
3fe77ce6,bd8c9094
3fe77f99,bd8c8400
3fe7824c,bd8c776b
3fe784ff,bd8c6ad6
3fe787b2,bd8c5e40
3fe78a66,bd8c51a4
3fe78d19,bd8c450c
3fe78fcc,bd8c3874
3fe7927f,bd8c2bdb
3fe79532,bd8c1f42
3fe797e6,bd8c12a2
3fe79a99,bd8c0608
3fe79d4c,bd8bf96c
3fe79fff,bd8becd0
3fe7a2b2,bd8be033
3fe7a566,bd8bd391
3fe7a819,bd8bc6f2
3fe7aacc,bd8bba54
3fe7ad7f,bd8badb4
3fe7b032,bd8ba114
3fe7b2e6,bd8b946e
3fe7b599,bd8b87cc
3fe7b84c,bd8b7b2a
3fe7baff,bd8b6e88
3fe7bdb2,bd8b61e4
3fe7c066,bd8b553b
3fe7c319,bd8b4896
3fe7c5cc,bd8b3bf0
3fe7c87f,bd8b2f4a
3fe7cb32,bd8b22a3
3fe7cde6,bd8b15f7
3fe7d099,bd8b094e
3fe7d34c,bd8afca6
3fe7d5ff,bd8aeffc
3fe7d8b2,bd8ae352
3fe7db66,bd8ad6a2
3fe7de19,bd8ac9f7
3fe7e0cc,bd8abd4b
3fe7e37f,bd8ab09e
3fe7e632,bd8aa3f0
3fe7e8e6,bd8a973e
3fe7eb99,bd8a8a8e
3fe7ee4c,bd8a7ddf
3fe7f0ff,bd8a712e
3fe7f3b2,bd8a647e
3fe7f666,bd8a57c8
3fe7f919,bd8a4b15
3fe7fbcc,bd8a3e62
3fe7fe7f,bd8a31ae
3fe80132,bd8a24fa
3fe803e6,bd8a1841
3fe80699,bd8a0b8b
3fe8094c,bd89fed5
3fe80bff,bd89f21e
3fe80eb2,bd89e566
3fe81166,bd89d8aa
3fe81419,bd89cbf1
3fe816cc,bd89bf37
3fe8197f,bd89b27d
3fe81c32,bd89a5c2
3fe81ee6,bd899902
3fe82199,bd898c46
3fe8244c,bd897f89
3fe826ff,bd8972cb
3fe829b2,bd89660d
3fe82c66,bd89594a
3fe82f19,bd894c8a
3fe831cc,bd893fca
3fe8347f,bd893309
3fe83732,bd892648
3fe839e6,bd891980
3fe83c99,bd890cbe
3fe83f4c,bd88fffa
3fe841ff,bd88f336
3fe844b2,bd88e671
3fe84766,bd88d9a7
3fe84a19,bd88cce0
3fe84ccc,bd88c01a
3fe84f7f,bd88b352
3fe85232,bd88a68a
3fe854e6,bd8899bc
3fe85799,bd888cf3
3fe85a4c,bd888029
3fe85cff,bd88735e
3fe85fb2,bd886692
3fe86266,bd8859c2
3fe86519,bd884cf5
3fe867cc,bd884028
3fe86a7f,bd883359
3fe86d32,bd88268a
3fe86fe6,bd8819b6
3fe87299,bd880ce6
3fe8754c,bd880015
3fe877ff,bd87f344
3fe87ab2,bd87e672
3fe87d66,bd87d99a
3fe88019,bd87ccc6
3fe882cc,bd87bff2
3fe8857f,bd87b31e
3fe88832,bd87a648
3fe88ae6,bd87996e
3fe88d99,bd878c96
3fe8904c,bd877fbf
3fe892ff,bd8772e7
3fe895b2,bd87660e
3fe89866,bd875930
3fe89b19,bd874c56
3fe89dcc,bd873f7b
3fe8a07f,bd8732a0
3fe8a332,bd8725c4
3fe8a5e6,bd8718e2
3fe8a899,bd870c05
3fe8ab4c,bd86ff26
3fe8adff,bd86f248
3fe8b0b2,bd86e568
3fe8b366,bd86d884
3fe8b619,bd86cba3
3fe8b8cc,bd86bec2
3fe8bb7f,bd86b1e0
3fe8be32,bd86a4fc
3fe8c0e6,bd869814
3fe8c399,bd868b30
3fe8c64c,bd867e4c
3fe8c8ff,bd867166
3fe8cbb2,bd866480
3fe8ce66,bd865795
3fe8d119,bd864aae
3fe8d3cc,bd863dc6
3fe8d67f,bd8630dd
3fe8d932,bd8623f4
3fe8dbe6,bd861704
3fe8de99,bd860a1a
3fe8e14c,bd85fd2f
3fe8e3ff,bd85f042
3fe8e6b2,bd85e356
3fe8e966,bd85d664
3fe8ec19,bd85c976
3fe8eecc,bd85bc88
3fe8f17f,bd85af98
3fe8f432,bd85a2a8
3fe8f6e6,bd8595b3
3fe8f999,bd8588c2
3fe8fc4c,bd857bd0
3fe8feff,bd856edd
3fe901b2,bd8561ea
3fe90466,bd8554f1
3fe90719,bd8547fc
3fe909cc,bd853b07
3fe90c7f,bd852e11
3fe90f32,bd85211a
3fe911e6,bd85141e
3fe91499,bd850726
3fe9174c,bd84fa2e
3fe919ff,bd84ed35
3fe91cb2,bd84e03b
3fe91f66,bd84d33c
3fe92219,bd84c640
3fe924cc,bd84b944
3fe9277f,bd84ac48
3fe92a32,bd849f4b
3fe92ce6,bd849248
3fe92f99,bd84854a
3fe9324c,bd84784a
3fe934ff,bd846b4a
3fe937b2,bd845e4a
3fe93a66,bd845144
3fe93d19,bd844442
3fe93fcc,bd843740
3fe9427f,bd842a3c
3fe94532,bd841d39
3fe947e6,bd841030
3fe94a99,bd84032a
3fe94d4c,bd83f624
3fe94fff,bd83e91e
3fe952b2,bd83dc17
3fe95566,bd83cf0a
3fe95819,bd83c202
3fe95acc,bd83b4f9
3fe95d7f,bd83a7ef
3fe96032,bd839ae5
3fe962e6,bd838dd5
3fe96599,bd8380c9
3fe9684c,bd8373bd
3fe96aff,bd8366b0
3fe96db2,bd8359a2
3fe97066,bd834c8f
3fe97319,bd833f80
3fe975cc,bd833270
3fe9787f,bd832560
3fe97b32,bd83184e
3fe97de6,bd830b38
3fe98099,bd82fe26
3fe9834c,bd82f113
3fe985ff,bd82e400
3fe988b2,bd82d6eb
3fe98b66,bd82c9d1
3fe98e19,bd82bcbc
3fe990cc,bd82afa5
3fe9937f,bd82a28e
3fe99632,bd829576
3fe998e6,bd828859
3fe99b99,bd827b40
3fe99e4c,bd826e27
3fe9a0ff,bd82610d
3fe9a3b2,bd8253f2
3fe9a666,bd8246d1
3fe9a919,bd8239b5
3fe9abcc,bd822c98
3fe9ae7f,bd821f7b
3fe9b132,bd82125c
3fe9b3e6,bd820538
3fe9b699,bd81f819
3fe9b94c,bd81eaf9
3fe9bbff,bd81ddd8
3fe9beb2,bd81d0b7
3fe9c166,bd81c390
3fe9c419,bd81b66d
3fe9c6cc,bd81a94a
3fe9c97f,bd819c25
3fe9cc32,bd818f00
3fe9cee6,bd8181d6
3fe9d199,bd8174b0
3fe9d44c,bd816789
3fe9d6ff,bd815a62
3fe9d9b2,bd814d3a
3fe9dc66,bd81400c
3fe9df19,bd8132e2
3fe9e1cc,bd8125b8
3fe9e47f,bd81188e
3fe9e732,bd810b62
3fe9e9e6,bd80fe32
3fe9ec99,bd80f105
3fe9ef4c,bd80e3d8
3fe9f1ff,bd80d6a9
3fe9f4b2,bd80c97a
3fe9f766,bd80bc46
3fe9fa19,bd80af16
3fe9fccc,bd80a1e6
3fe9ff7f,bd8094b4
3fea0232,bd808782
3fea04e6,bd807a4b
3fea0799,bd806d18
3fea0a4c,bd805fe4
3fea0cff,bd8052af
3fea0fb2,bd80457a
3fea1266,bd80383f
3fea1519,bd802b08
3fea17cc,bd801dd1
3fea1a7f,bd80109a
3fea1d32,bd800361
3fea1fe6,bd7fec46
3fea2299,bd7fd1d2
3fea254c,bd7fb75c
3fea27ff,bd7f9ce6
3fea2ab2,bd7f826e
3fea2d66,bd7f67ec
3fea3019,bd7f4d71
3fea32cc,bd7f32f6
3fea357f,bd7f1878
3fea3832,bd7efdfb
3fea3ae6,bd7ee371
3fea3d99,bd7ec8f0
3fea404c,bd7eae6e
3fea42ff,bd7e93ea
3fea45b2,bd7e7966
3fea4866,bd7e5ed6
3fea4b19,bd7e444e
3fea4dcc,bd7e29c6
3fea507f,bd7e0f3c
3fea5332,bd7df4b0
3fea55e6,bd7dda1a
3fea5899,bd7dbf8b
3fea5b4c,bd7da4fc
3fea5dff,bd7d8a6b
3fea60b2,bd7d6fda
3fea6366,bd7d553c
3fea6619,bd7d3aa8
3fea68cc,bd7d2012
3fea6b7f,bd7d057a
3fea6e32,bd7ceae2
3fea70e6,bd7cd03e
3fea7399,bd7cb5a3
3fea764c,bd7c9b07
3fea78ff,bd7c8069
3fea7bb2,bd7c65ca
3fea7e66,bd7c4b20
3fea8119,bd7c307e
3fea83cc,bd7c15db
3fea867f,bd7bfb36
3fea8932,bd7be091
3fea8be6,bd7bc5e0
3fea8e99,bd7bab38
3fea914c,bd7b908e
3fea93ff,bd7b75e3
3fea96b2,bd7b5b36
3fea9966,bd7b4080
3fea9c19,bd7b25d0
3fea9ecc,bd7b0b20
3feaa17f,bd7af06f
3feaa432,bd7ad5bc
3feaa6e6,bd7abafe
3feaa999,bd7aa048
3feaac4c,bd7a8592
3feaaeff,bd7a6ada
3feab1b2,bd7a5021
3feab466,bd7a355c
3feab719,bd7a1aa0
3feab9cc,bd79ffe3
3feabc7f,bd79e524
3feabf32,bd79ca64
3feac1e6,bd79af99
3feac499,bd7994d7
3feac74c,bd797a12
3feac9ff,bd795f4e
3feaccb2,bd794487
3feacf66,bd7929b5
3fead219,bd790eec
3fead4cc,bd78f422
3fead77f,bd78d956
3feada32,bd78be89
3feadce6,bd78a3b1
3feadf99,bd7888e1
3feae24c,bd786e10
3feae4ff,bd78533e
3feae7b2,bd78386b
3feaea66,bd781d8c
3feaed19,bd7802b6
3feaefcc,bd77e7de
3feaf27f,bd77cd05
3feaf532,bd77b22b
3feaf7e6,bd779746
3feafa99,bd777c69
3feafd4c,bd77618b
3feaffff,bd7746ac
3feb02b2,bd772bcb
3feb0566,bd7710df
3feb0819,bd76f5fc
3feb0acc,bd76db17
3feb0d7f,bd76c031
3feb1032,bd76a54a
3feb12e6,bd768a58
3feb1599,bd766f6e
3feb184c,bd765482
3feb1aff,bd763996
3feb1db2,bd761ea8
3feb2066,bd7603b0
3feb2319,bd75e8bf
3feb25cc,bd75cdce
3feb287f,bd75b2da
3feb2b32,bd7597e6
3feb2de6,bd757ce6
3feb3099,bd7561f0
3feb334c,bd7546f7
3feb35ff,bd752bfe
3feb38b2,bd751103
3feb3b66,bd74f5fd
3feb3e19,bd74db00
3feb40cc,bd74c000
3feb437f,bd74a501
3feb4632,bd7489ff
3feb48e6,bd746ef2
3feb4b99,bd7453ee
3feb4e4c,bd7438e9
3feb50ff,bd741de3
3feb53b2,bd7402db
3feb5666,bd73e7c8
3feb5919,bd73ccbd
3feb5bcc,bd73b1b2
3feb5e7f,bd7396a4
3feb6132,bd737b96
3feb63e6,bd73607c
3feb6699,bd73456b
3feb694c,bd732a58
3feb6bff,bd730f45
3feb6eb2,bd72f430
3feb7166,bd72d910
3feb7419,bd72bdf8
3feb76cc,bd72a2df
3feb797f,bd7287c5
3feb7c32,bd726caa
3feb7ee6,bd725182
3feb8199,bd723664
3feb844c,bd721b45
3feb86ff,bd720024
3feb89b2,bd71e502
3feb8c66,bd71c9d5
3feb8f19,bd71aeb0
3feb91cc,bd71938a
3feb947f,bd717863
3feb9732,bd715d3a
3feb99e6,bd714207
3feb9c99,bd7126dc
3feb9f4c,bd710baf
3feba1ff,bd70f081
3feba4b2,bd70d552
3feba766,bd70ba18
3febaa19,bd709ee6
3febaccc,bd7083b3
3febaf7f,bd70687f
3febb232,bd704d49
3febb4e6,bd703208
3febb799,bd7016d0
3febba4c,bd6ffb96
3febbcff,bd6fe05c
3febbfb2,bd6fc520
3febc266,bd6fa9d8
3febc519,bd6f8e99
3febc7cc,bd6f7359
3febca7f,bd6f5818
3febcd32,bd6f3cd5
3febcfe6,bd6f2187
3febd299,bd6f0642
3febd54c,bd6eeafb
3febd7ff,bd6ecfb3
3febdab2,bd6eb46a
3febdd66,bd6e9916
3febe019,bd6e7dca
3febe2cc,bd6e627d
3febe57f,bd6e472e
3febe832,bd6e2bdf
3febeae6,bd6e1084
3febed99,bd6df531
3febf04c,bd6dd9de
3febf2ff,bd6dbe89
3febf5b2,bd6da333
3febf866,bd6d87d1
3febfb19,bd6d6c78
3febfdcc,bd6d511e
3fec007f,bd6d35c3
3fec0332,bd6d1a66
3fec05e6,bd6cfefe
3fec0899,bd6ce39e
3fec0b4c,bd6cc83e
3fec0dff,bd6cacdc
3fec10b2,bd6c9179
3fec1366,bd6c760a
3fec1619,bd6c5aa4
3fec18cc,bd6c3f3e
3fec1b7f,bd6c23d5
3fec1e32,bd6c086b
3fec20e6,bd6becf6
3fec2399,bd6bd189
3fec264c,bd6bb61c
3fec28ff,bd6b9aad
3fec2bb2,bd6b7f3d
3fec2e66,bd6b63c1
3fec3119,bd6b484e
3fec33cc,bd6b2cda
3fec367f,bd6b1165
3fec3932,bd6af5ee
3fec3be6,bd6ada6c
3fec3e99,bd6abef2
3fec414c,bd6aa378
3fec43ff,bd6a87fc
3fec46b2,bd6a6c7f
3fec4966,bd6a50f6
3fec4c19,bd6a3576
3fec4ecc,bd6a19f5
3fec517f,bd69fe72
3fec5432,bd69e2ef
3fec56e6,bd69c760
3fec5999,bd69abd9
3fec5c4c,bd699052
3fec5eff,bd6974c8
3fec61b2,bd69593e
3fec6466,bd693da8
3fec6719,bd69221c
3fec69cc,bd69068e
3fec6c7f,bd68eafe
3fec6f32,bd68cf6e
3fec71e6,bd68b3d2
3fec7499,bd68983e
3fec774c,bd687ca9
3fec79ff,bd686114
3fec7cb2,bd68457c
3fec7f66,bd6829d9
3fec8219,bd680e40
3fec84cc,bd67f2a4
3fec877f,bd67d708
3fec8a32,bd67bb6a
3fec8ce6,bd679fc1
3fec8f99,bd678421
3fec924c,bd676880
3fec94ff,bd674cdc
3fec97b2,bd673138
3fec9a66,bd671588
3fec9d19,bd66f9e2
3fec9fcc,bd66de3a
3feca27f,bd66c290
3feca532,bd66a6e6
3feca7e6,bd668b2f
3fecaa99,bd666f82
3fecad4c,bd6653d4
3fecafff,bd663824
3fecb2b2,bd661c72
3fecb566,bd6600b6
3fecb819,bd65e502
3fecbacc,bd65c94c
3fecbd7f,bd65ad96
3fecc032,bd6591de
3fecc2e6,bd65761c
3fecc599,bd655a61
3fecc84c,bd653ea6
3feccaff,bd6522e8
3feccdb2,bd65072a
3fecd066,bd64eb60
3fecd319,bd64cfa0
3fecd5cc,bd64b3de
3fecd87f,bd64981a
3fecdb32,bd647c56
3fecdde6,bd646086
3fece099,bd6444be
3fece34c,bd6428f6
3fece5ff,bd640d2c
3fece8b2,bd63f161
3feceb66,bd63d58a
3fecee19,bd63b9bc
3fecf0cc,bd639dee
3fecf37f,bd63821e
3fecf632,bd63664c
3fecf8e6,bd634a6e
3fecfb99,bd632e9a
3fecfe4c,bd6312c5
3fed00ff,bd62f6ee
3fed03b2,bd62db16
3fed0666,bd62bf32
3fed0919,bd62a358
3fed0bcc,bd62877c
3fed0e7f,bd626b9e
3fed1132,bd624fc0
3fed13e6,bd6233d6
3fed1699,bd6217f5
3fed194c,bd61fc12
3fed1bff,bd61e02e
3fed1eb2,bd61c449
3fed2166,bd61a858
3fed2419,bd618c71
3fed26cc,bd617088
3fed297f,bd61549e
3fed2c32,bd6138b2
3fed2ee6,bd611cbc
3fed3199,bd6100cd
3fed344c,bd60e4de
3fed36ff,bd60c8ee
3fed39b2,bd60acfc
3fed3c66,bd6090fe
3fed3f19,bd607509
3fed41cc,bd605913
3fed447f,bd603d1c
3fed4732,bd602124
3fed49e6,bd600520
3fed4c99,bd5fe924
3fed4f4c,bd5fcd28
3fed51ff,bd5fb12a
3fed54b2,bd5f952c
3fed5766,bd5f7922
3fed5a19,bd5f5d20
3fed5ccc,bd5f411d
3fed5f7f,bd5f2519
3fed6232,bd5f0914
3fed64e6,bd5eed02
3fed6799,bd5ed0fa
3fed6a4c,bd5eb4f2
3fed6cff,bd5e98e6
3fed6fb2,bd5e7cdb
3fed7266,bd5e60c3
3fed7519,bd5e44b5
3fed77cc,bd5e28a6
3fed7a7f,bd5e0c94
3fed7d32,bd5df082
3fed7fe6,bd5dd464
3fed8299,bd5db850
3fed854c,bd5d9c39
3fed87ff,bd5d8022
3fed8ab2,bd5d6409
3fed8d66,bd5d47e4
3fed9019,bd5d2bc9
3fed92cc,bd5d0fac
3fed957f,bd5cf38e
3fed9832,bd5cd76f
3fed9ae6,bd5cbb44
3fed9d99,bd5c9f23
3feda04c,bd5c8300
3feda2ff,bd5c66dc
3feda5b2,bd5c4ab6
3feda866,bd5c2e84
3fedab19,bd5c125c
3fedadcc,bd5bf632
3fedb07f,bd5bda08
3fedb332,bd5bbddc
3fedb5e6,bd5ba1a4
3fedb899,bd5b8575
3fedbb4c,bd5b6945
3fedbdff,bd5b4d14
3fedc0b2,bd5b30e1
3fedc366,bd5b14a3
3fedc619,bd5af86e
3fedc8cc,bd5adc37
3fedcb7f,bd5ac000
3fedce32,bd5aa3c7
3fedd0e6,bd5a8782
3fedd399,bd5a6b46
3fedd64c,bd5a4f0a
3fedd8ff,bd5a32cb
3feddbb2,bd5a168c
3fedde66,bd59fa40
3fede119,bd59ddff
3fede3cc,bd59c1bb
3fede67f,bd59a577
3fede932,bd598931
3fedebe6,bd596cdf
3fedee99,bd595096
3fedf14c,bd59344d
3fedf3ff,bd591802
3fedf6b2,bd58fbb5
3fedf966,bd58df5d
3fedfc19,bd58c30e
3fedfecc,bd58a6be
3fee017f,bd588a6d
3fee0432,bd586e1a
3fee06e6,bd5851bb
3fee0999,bd583566
3fee0c4c,bd581910
3fee0eff,bd57fcb8
3fee11b2,bd57e05e
3fee1466,bd57c3f9
3fee1719,bd57a79d
3fee19cc,bd578b40
3fee1c7f,bd576ee2
3fee1f32,bd575282
3fee21e6,bd573616
3fee2499,bd5719b5
3fee274c,bd56fd51
3fee29ff,bd56e0ec
3fee2cb2,bd56c486
3fee2f66,bd56a814
3fee3219,bd568bac
3fee34cc,bd566f42
3fee377f,bd5652d6
3fee3a32,bd56366a
3fee3ce6,bd5619f2
3fee3f99,bd55fd82
3fee424c,bd55e112
3fee44ff,bd55c4a0
3fee47b2,bd55a82d
3fee4a66,bd558bae
3fee4d19,bd556f39
3fee4fcc,bd5552c2
3fee527f,bd55364a
3fee5532,bd5519d0
3fee57e6,bd54fd4c
3fee5a99,bd54e0d0
3fee5d4c,bd54c452
3fee5fff,bd54a7d4
3fee62b2,bd548b54
3fee6566,bd546ec8
3fee6819,bd545246
3fee6acc,bd5435c2
3fee6d7f,bd54193d
3fee7032,bd53fcb7
3fee72e6,bd53e024
3fee7599,bd53c39c
3fee784c,bd53a712
3fee7aff,bd538a86
3fee7db2,bd536dfa
3fee8066,bd535161
3fee8319,bd5334d2
3fee85cc,bd531841
3fee887f,bd52fbb0
3fee8b32,bd52df1c
3fee8de6,bd52c27e
3fee9099,bd52a5e8
3fee934c,bd528951
3fee95ff,bd526cb8
3fee98b2,bd52501f
3fee9b66,bd52337a
3fee9e19,bd5216de
3feea0cc,bd51fa40
3feea37f,bd51dda2
3feea632,bd51c102
3feea8e6,bd51a456
3feeab99,bd5187b3
3feeae4c,bd516b10
3feeb0ff,bd514e6a
3feeb3b2,bd5131c4
3feeb666,bd511512
3feeb919,bd50f868
3feebbcc,bd50dbbe
3feebe7f,bd50bf13
3feec132,bd50a266
3feec3e6,bd5085ae
3feec699,bd5068fe
3feec94c,bd504c4e
3feecbff,bd502f9c
3feeceb2,bd5012e8
3feed166,bd4ff629
3feed419,bd4fd974
3feed6cc,bd4fbcbc
3feed97f,bd4fa004
3feedc32,bd4f834a
3feedee6,bd4f6685
3feee199,bd4f49c9
3feee44c,bd4f2d0b
3feee6ff,bd4f104c
3feee9b2,bd4ef38d
3feeec66,bd4ed6c1
3feeef19,bd4eb9fe
3feef1cc,bd4e9d3a
3feef47f,bd4e8076
3feef732,bd4e63af
3feef9e6,bd4e46dc
3feefc99,bd4e2a14
3feeff4c,bd4e0d49
3fef01ff,bd4df07e
3fef04b2,bd4dd3b0
3fef0766,bd4db6d8
3fef0a19,bd4d9a08
3fef0ccc,bd4d7d38
3fef0f7f,bd4d6066
3fef1232,bd4d4392
3fef14e6,bd4d26b4
3fef1799,bd4d09de
3fef1a4c,bd4ced06
3fef1cff,bd4cd02e
3fef1fb2,bd4cb354
3fef2266,bd4c966e
3fef2519,bd4c7992
3fef27cc,bd4c5cb5
3fef2a7f,bd4c3fd6
3fef2d32,bd4c22f6
3fef2fe6,bd4c060a
3fef3299,bd4be928
3fef354c,bd4bcc44
3fef37ff,bd4baf5e
3fef3ab2,bd4b9278
3fef3d66,bd4b7586
3fef4019,bd4b589c
3fef42cc,bd4b3bb2
3fef457f,bd4b1ec6
3fef4832,bd4b01da
3fef4ae6,bd4ae4e1
3fef4d99,bd4ac7f2
3fef504c,bd4aab01
3fef52ff,bd4a8e0f
3fef55b2,bd4a711c
3fef5866,bd4a541c
3fef5b19,bd4a3727
3fef5dcc,bd4a1a30
3fef607f,bd49fd37
3fef6332,bd49e03d
3fef65e6,bd49c338
3fef6899,bd49a63c
3fef6b4c,bd49893e
3fef6dff,bd496c3f
3fef70b2,bd494f40
3fef7366,bd493234
3fef7619,bd491531
3fef78cc,bd48f82d
3fef7b7f,bd48db28
3fef7e32,bd48be22
3fef80e6,bd48a10f
3fef8399,bd488406
3fef864c,bd4866fc
3fef88ff,bd4849f0
3fef8bb2,bd482ce3
3fef8e66,bd480fca
3fef9119,bd47f2bb
3fef93cc,bd47d5aa
3fef967f,bd47b898
3fef9932,bd479b85
3fef9be6,bd477e66
3fef9e99,bd476150
3fefa14c,bd474439
3fefa3ff,bd472721
3fefa6b2,bd470a07
3fefa966,bd46ece2
3fefac19,bd46cfc6
3fefaecc,bd46b2a8
3fefb17f,bd46958a
3fefb432,bd467869
3fefb6e6,bd465b3e
3fefb999,bd463e1a
3fefbc4c,bd4620f7
3fefbeff,bd4603d2
3fefc1b2,bd45e6ab
3fefc466,bd45c979
3fefc719,bd45ac50
3fefc9cc,bd458f26
3fefcc7f,bd4571fa
3fefcf32,bd4554ce
3fefd1e6,bd453795
3fefd499,bd451a66
3fefd74c,bd44fd35
3fefd9ff,bd44e003
3fefdcb2,bd44c2d0
3fefdf66,bd44a591
3fefe219,bd44885b
3fefe4cc,bd446b24
3fefe77f,bd444dec
3fefea32,bd4430b2
3fefece6,bd44136d
3fefef99,bd43f631
3feff24c,bd43d8f4
3feff4ff,bd43bbb5
3feff7b2,bd439e75
3feffa66,bd438129
3feffd19,bd4363e6
3fefffcc,bd4346a3
3ff0027f,bd43295e
3ff00532,bd430c18
3ff007e6,bd42eec5
3ff00a99,bd42d17c
3ff00d4c,bd42b432
3ff00fff,bd4296e7
3ff012b2,bd42799a
3ff01566,bd425c42
3ff01819,bd423ef2
3ff01acc,bd4221a2
3ff01d7f,bd420450
3ff02032,bd41e6fe
3ff022e6,bd41c99e
3ff02599,bd41ac49
3ff0284c,bd418ef2
3ff02aff,bd41719a
3ff02db2,bd415440
3ff03066,bd4136db
3ff03319,bd41197f
3ff035cc,bd40fc22
3ff0387f,bd40dec4
3ff03b32,bd40c164
3ff03de6,bd40a3f8
3ff04099,bd408696
3ff0434c,bd406932
3ff045ff,bd404bcd
3ff048b2,bd402e67
3ff04b66,bd4010f5
3ff04e19,bd3ff38c
3ff050cc,bd3fd622
3ff0537f,bd3fb8b7
3ff05632,bd3f9b4a
3ff058e6,bd3f7dd2
3ff05b99,bd3f6063
3ff05e4c,bd3f42f3
3ff060ff,bd3f2581
3ff063b2,bd3f080e
3ff06666,bd3eea90
3ff06919,bd3ecd1a
3ff06bcc,bd3eafa4
3ff06e7f,bd3e922c
3ff07132,bd3e74b2
3ff073e6,bd3e572d
3ff07699,bd3e39b1
3ff0794c,bd3e1c34
3ff07bff,bd3dfeb6
3ff07eb2,bd3de136
3ff08166,bd3dc3ab
3ff08419,bd3da629
3ff086cc,bd3d88a6
3ff0897f,bd3d6b21
3ff08c32,bd3d4d9b
3ff08ee6,bd3d3008
3ff09199,bd3d1280
3ff0944c,bd3cf4f6
3ff096ff,bd3cd76c
3ff099b2,bd3cb9e0
3ff09c66,bd3c9c47
3ff09f19,bd3c7eb8
3ff0a1cc,bd3c6128
3ff0a47f,bd3c4397
3ff0a732,bd3c2604
3ff0a9e6,bd3c0866
3ff0ac99,bd3bead0
3ff0af4c,bd3bcd3a
3ff0b1ff,bd3bafa2
3ff0b4b2,bd3b9209
3ff0b766,bd3b7464
3ff0ba19,bd3b56c8
3ff0bccc,bd3b392c
3ff0bf7f,bd3b1b8e
3ff0c232,bd3afdee
3ff0c4e6,bd3ae043
3ff0c799,bd3ac2a1
3ff0ca4c,bd3aa4fe
3ff0ccff,bd3a875a
3ff0cfb2,bd3a69b4
3ff0d266,bd3a4c02
3ff0d519,bd3a2e5a
3ff0d7cc,bd3a10b0
3ff0da7f,bd39f306
3ff0dd32,bd39d55a
3ff0dfe6,bd39b7a2
3ff0e299,bd3999f3
3ff0e54c,bd397c43
3ff0e7ff,bd395e92
3ff0eab2,bd3940e0
3ff0ed66,bd392321
3ff0f019,bd39056c
3ff0f2cc,bd38e7b6
3ff0f57f,bd38c9ff
3ff0f832,bd38ac46
3ff0fae6,bd388e81
3ff0fd99,bd3870c6
3ff1004c,bd38530a
3ff102ff,bd38354c
3ff105b2,bd38178c
3ff10866,bd37f9c2
3ff10b19,bd37dc00
3ff10dcc,bd37be3d
3ff1107f,bd37a079
3ff11332,bd3782b4
3ff115e6,bd3764e2
3ff11899,bd37471a
3ff11b4c,bd372951
3ff11dff,bd370b86
3ff120b2,bd36edba
3ff12366,bd36cfe3
3ff12619,bd36b214
3ff128cc,bd369445
3ff12b7f,bd367674
3ff12e32,bd3658a2
3ff130e6,bd363ac4
3ff13399,bd361cf0
3ff1364c,bd35ff1a
3ff138ff,bd35e142
3ff13bb2,bd35c36a
3ff13e66,bd35a586
3ff14119,bd3587aa
3ff143cc,bd3569ce
3ff1467f,bd354bf1
3ff14932,bd352e12
3ff14be6,bd351027
3ff14e99,bd34f246
3ff1514c,bd34d464
3ff153ff,bd34b680
3ff156b2,bd34989b
3ff15966,bd347aaa
3ff15c19,bd345cc2
3ff15ecc,bd343ed9
3ff1617f,bd3420ef
3ff16432,bd340304
3ff166e6,bd33e50c
3ff16999,bd33c71e
3ff16c4c,bd33a92f
3ff16eff,bd338b3e
3ff171b2,bd336d4d
3ff17466,bd334f4f
3ff17719,bd33315a
3ff179cc,bd331365
3ff17c7f,bd32f56e
3ff17f32,bd32d776
3ff181e6,bd32b972
3ff18499,bd329b78
3ff1874c,bd327d7c
3ff189ff,bd325f7e
3ff18cb2,bd324180
3ff18f66,bd322376
3ff19219,bd320575
3ff194cc,bd31e772
3ff1977f,bd31c96f
3ff19a32,bd31ab6a
3ff19ce6,bd318d5a
3ff19f99,bd316f52
3ff1a24c,bd31514a
3ff1a4ff,bd313340
3ff1a7b2,bd311536
3ff1aa66,bd30f71e
3ff1ad19,bd30d910
3ff1afcc,bd30bb02
3ff1b27f,bd309cf2
3ff1b532,bd307ee0
3ff1b7e6,bd3060c3
3ff1ba99,bd3042af
3ff1bd4c,bd30249a
3ff1bfff,bd300684
3ff1c2b2,bd2fe86c
3ff1c566,bd2fca48
3ff1c819,bd2fac2e
3ff1cacc,bd2f8e12
3ff1cd7f,bd2f6ff6
3ff1d032,bd2f51d8
3ff1d2e6,bd2f33ae
3ff1d599,bd2f158d
3ff1d84c,bd2ef76c
3ff1daff,bd2ed948
3ff1ddb2,bd2ebb24
3ff1e066,bd2e9cf4
3ff1e319,bd2e7ecd
3ff1e5cc,bd2e60a5
3ff1e87f,bd2e427c
3ff1eb32,bd2e2451
3ff1ede6,bd2e061a
3ff1f099,bd2de7ed
3ff1f34c,bd2dc9bf
3ff1f5ff,bd2dab8f
3ff1f8b2,bd2d8d5e
3ff1fb66,bd2d6f21
3ff1fe19,bd2d50ee
3ff200cc,bd2d32b9
3ff2037f,bd2d1483
3ff20632,bd2cf64c
3ff208e6,bd2cd808
3ff20b99,bd2cb9ce
3ff20e4c,bd2c9b94
3ff210ff,bd2c7d58
3ff213b2,bd2c5f1a
3ff21666,bd2c40d0
3ff21919,bd2c2290
3ff21bcc,bd2c044f
3ff21e7f,bd2be60d
3ff22132,bd2bc7c9
3ff223e6,bd2ba979
3ff22699,bd2b8b32
3ff2294c,bd2b6ceb
3ff22bff,bd2b4ea2
3ff22eb2,bd2b3058
3ff23166,bd2b1202
3ff23419,bd2af3b5
3ff236cc,bd2ad567
3ff2397f,bd2ab718
3ff23c32,bd2a98c8
3ff23ee6,bd2a7a6b
3ff24199,bd2a5c18
3ff2444c,bd2a3dc4
3ff246ff,bd2a1f6e
3ff249b2,bd2a0118
3ff24c66,bd29e2b4
3ff24f19,bd29c45c
3ff251cc,bd29a601
3ff2547f,bd2987a5
3ff25732,bd296948
3ff259e6,bd294adf
3ff25c99,bd292c80
3ff25f4c,bd290e1f
3ff261ff,bd28efbd
3ff264b2,bd28d15a
3ff26766,bd28b2ea
3ff26a19,bd289484
3ff26ccc,bd28761c
3ff26f7f,bd2857b5
3ff27232,bd28394b
3ff274e6,bd281ad5
3ff27799,bd27fc69
3ff27a4c,bd27ddfc
3ff27cff,bd27bf8d
3ff27fb2,bd27a11d
3ff28266,bd2782a1
3ff28519,bd27642f
3ff287cc,bd2745bb
3ff28a7f,bd272746
3ff28d32,bd2708d0
3ff28fe6,bd26ea4d
3ff29299,bd26cbd5
3ff2954c,bd26ad5b
3ff297ff,bd268ee0
3ff29ab2,bd267063
3ff29d66,bd2651da
3ff2a019,bd26335c
3ff2a2cc,bd2614db
3ff2a57f,bd25f65a
3ff2a832,bd25d7d7
3ff2aae6,bd25b948
3ff2ad99,bd259ac2
3ff2b04c,bd257c3c
3ff2b2ff,bd255db4
3ff2b5b2,bd253f2c
3ff2b866,bd252096
3ff2bb19,bd25020a
3ff2bdcc,bd24e37e
3ff2c07f,bd24c4f0
3ff2c332,bd24a660
3ff2c5e6,bd2487c4
3ff2c899,bd246933
3ff2cb4c,bd244aa0
3ff2cdff,bd242c0c
3ff2d0b2,bd240d76
3ff2d366,bd23eed4
3ff2d619,bd23d03c
3ff2d8cc,bd23b1a2
3ff2db7f,bd239308
3ff2de32,bd23746c
3ff2e0e6,bd2355c4
3ff2e399,bd233725
3ff2e64c,bd231886
3ff2e8ff,bd22f9e5
3ff2ebb2,bd22db43
3ff2ee66,bd22bc94
3ff2f119,bd229df0
3ff2f3cc,bd227f4a
3ff2f67f,bd2260a2
3ff2f932,bd2241fa
3ff2fbe6,bd222345
3ff2fe99,bd22049a
3ff3014c,bd21e5ee
3ff303ff,bd21c741
3ff306b2,bd21a892
3ff30966,bd2189d7
3ff30c19,bd216b26
3ff30ecc,bd214c73
3ff3117f,bd212dc0
3ff31432,bd210f0a
3ff316e6,bd20f049
3ff31999,bd20d192
3ff31c4c,bd20b2d9
3ff31eff,bd20941f
3ff321b2,bd207564
3ff32466,bd20569c
3ff32719,bd2037de
3ff329cc,bd20191f
3ff32c7f,bd1ffa5f
3ff32f32,bd1fdb9e
3ff331e6,bd1fbcd0
3ff33499,bd1f9e0c
3ff3374c,bd1f7f46
3ff339ff,bd1f6080
3ff33cb2,bd1f41b8
3ff33f66,bd1f22e4
3ff34219,bd1f041a
3ff344cc,bd1ee54e
3ff3477f,bd1ec681
3ff34a32,bd1ea7b3
3ff34ce6,bd1e88d8
3ff34f99,bd1e6a08
3ff3524c,bd1e4b36
3ff354ff,bd1e2c64
3ff357b2,bd1e0d8f
3ff35a66,bd1deeae
3ff35d19,bd1dcfd8
3ff35fcc,bd1db100
3ff3627f,bd1d9226
3ff36532,bd1d734c
3ff367e6,bd1d5464
3ff36a99,bd1d3588
3ff36d4c,bd1d16a9
3ff36fff,bd1cf7ca
3ff372b2,bd1cd8e9
3ff37566,bd1cb9fb
3ff37819,bd1c9b18
3ff37acc,bd1c7c34
3ff37d7f,bd1c5d4e
3ff38032,bd1c3e66
3ff382e6,bd1c1f73
3ff38599,bd1c008a
3ff3884c,bd1be19f
3ff38aff,bd1bc2b2
3ff38db2,bd1ba3c6
3ff39066,bd1b84cc
3ff39319,bd1b65dc
3ff395cc,bd1b46ea
3ff3987f,bd1b27f8
3ff39b32,bd1b0905
3ff39de6,bd1aea04
3ff3a099,bd1acb0e
3ff3a34c,bd1aac17
3ff3a5ff,bd1a8d1e
3ff3a8b2,bd1a6e24
3ff3ab66,bd1a4f1e
3ff3ae19,bd1a3022
3ff3b0cc,bd1a1124
3ff3b37f,bd19f226
3ff3b632,bd19d326
3ff3b8e6,bd19b419
3ff3bb99,bd199516
3ff3be4c,bd197612
3ff3c0ff,bd19570d
3ff3c3b2,bd193807
3ff3c666,bd1918f4
3ff3c919,bd18f9eb
3ff3cbcc,bd18dae1
3ff3ce7f,bd18bbd6
3ff3d132,bd189cc9
3ff3d3e6,bd187db0
3ff3d699,bd185ea1
3ff3d94c,bd183f90
3ff3dbff,bd18207f
3ff3deb2,bd18016c
3ff3e166,bd17e24d
3ff3e419,bd17c338
3ff3e6cc,bd17a421
3ff3e97f,bd178509
3ff3ec32,bd1765f0
3ff3eee6,bd1746ca
3ff3f199,bd1727af
3ff3f44c,bd170892
3ff3f6ff,bd16e974
3ff3f9b2,bd16ca54
3ff3fc66,bd16ab28
3ff3ff19,bd168c07
3ff401cc,bd166ce4
3ff4047f,bd164dc0
3ff40732,bd162e9a
3ff409e6,bd160f68
3ff40c99,bd15f040
3ff40f4c,bd15d116
3ff411ff,bd15b1ec
3ff414b2,bd1592c0
3ff41766,bd157387
3ff41a19,bd155459
3ff41ccc,bd15352a
3ff41f7f,bd1515f9
3ff42232,bd14f6c7
3ff424e6,bd14d788
3ff42799,bd14b854
3ff42a4c,bd14991e
3ff42cff,bd1479e7
3ff42fb2,bd145aae
3ff43266,bd143b6a
3ff43519,bd141c2f
3ff437cc,bd13fcf3
3ff43a7f,bd13ddb6
3ff43d32,bd13be77
3ff43fe6,bd139f2c
3ff44299,bd137feb
3ff4454c,bd1360a8
3ff447ff,bd134165
3ff44ab2,bd132220
3ff44d66,bd1302cf
3ff45019,bd12e388
3ff452cc,bd12c43f
3ff4557f,bd12a4f6
3ff45832,bd1285aa
3ff45ae6,bd126653
3ff45d99,bd124705
3ff4604c,bd1227b7
3ff462ff,bd120867
3ff465b2,bd11e916
3ff46866,bd11c9b8
3ff46b19,bd11aa64
3ff46dcc,bd118b0f
3ff4707f,bd116bb9
3ff47332,bd114c62
3ff475e6,bd112cfd
3ff47899,bd110da3
3ff47b4c,bd10ee48
3ff47dff,bd10ceec
3ff480b2,bd10af8e
3ff48366,bd109024
3ff48619,bd1070c4
3ff488cc,bd105162
3ff48b7f,bd103200
3ff48e32,bd10129c
3ff490e6,bd0ff32b
3ff49399,bd0fd3c4
3ff4964c,bd0fb45d
3ff498ff,bd0f94f4
3ff49bb2,bd0f758a
3ff49e66,bd0f5613
3ff4a119,bd0f36a7
3ff4a3cc,bd0f1739
3ff4a67f,bd0ef7ca
3ff4a932,bd0ed85a
3ff4abe6,bd0eb8dc
3ff4ae99,bd0e996a
3ff4b14c,bd0e79f6
3ff4b3ff,bd0e5a80
3ff4b6b2,bd0e3b0a
3ff4b966,bd0e1b86
3ff4bc19,bd0dfc0d
3ff4becc,bd0ddc93
3ff4c17f,bd0dbd18
3ff4c432,bd0d9d9b
3ff4c6e6,bd0d7e11
3ff4c999,bd0d5e92
3ff4cc4c,bd0d3f12
3ff4ceff,bd0d1f90
3ff4d1b2,bd0d000d
3ff4d466,bd0ce07d
3ff4d719,bd0cc0f8
3ff4d9cc,bd0ca171
3ff4dc7f,bd0c81e9
3ff4df32,bd0c6260
3ff4e1e6,bd0c42ca
3ff4e499,bd0c233e
3ff4e74c,bd0c03b2
3ff4e9ff,bd0be423
3ff4ecb2,bd0bc494
3ff4ef66,bd0ba4f8
3ff4f219,bd0b8566
3ff4f4cc,bd0b65d2
3ff4f77f,bd0b463e
3ff4fa32,bd0b26a8
3ff4fce6,bd0b0706
3ff4ff99,bd0ae76e
3ff5024c,bd0ac7d4
3ff504ff,bd0aa83a
3ff507b2,bd0a889e
3ff50a66,bd0a68f6
3ff50d19,bd0a4958
3ff50fcc,bd0a29b8
3ff5127f,bd0a0a17
3ff51532,bd09ea75
3ff517e6,bd09cac6
3ff51a99,bd09ab22
3ff51d4c,bd098b7c
3ff51fff,bd096bd5
3ff522b2,bd094c2d
3ff52566,bd092c78
3ff52819,bd090ccd
3ff52acc,bd08ed21
3ff52d7f,bd08cd74
3ff53032,bd08adc5
3ff532e6,bd088e0a
3ff53599,bd086e59
3ff5384c,bd084ea7
3ff53aff,bd082ef4
3ff53db2,bd080f3f
3ff54066,bd07ef7d
3ff54319,bd07cfc6
3ff545cc,bd07b00e
3ff5487f,bd079054
3ff54b32,bd07709a
3ff54de6,bd0750d2
3ff55099,bd073114
3ff5534c,bd071156
3ff555ff,bd06f196
3ff558b2,bd06d1d5
3ff55b66,bd06b207
3ff55e19,bd069244
3ff560cc,bd06727f
3ff5637f,bd0652b9
3ff56632,bd0632f2
3ff568e6,bd06131e
3ff56b99,bd05f354
3ff56e4c,bd05d389
3ff570ff,bd05b3bd
3ff573b2,bd0593ef
3ff57666,bd057415
3ff57919,bd055445
3ff57bcc,bd053474
3ff57e7f,bd0514a2
3ff58132,bd04f4ce
3ff583e6,bd04d4ed
3ff58699,bd04b517
3ff5894c,bd049540
3ff58bff,bd047567
3ff58eb2,bd04558e
3ff59166,bd0435a7
3ff59419,bd0415ca
3ff596cc,bd03f5ed
3ff5997f,bd03d60e
3ff59c32,bd03b62e
3ff59ee6,bd039641
3ff5a199,bd03765e
3ff5a44c,bd03567b
3ff5a6ff,bd033696
3ff5a9b2,bd0316b0
3ff5ac66,bd02f6bc
3ff5af19,bd02d6d4
3ff5b1cc,bd02b6ea
3ff5b47f,bd0296ff
3ff5b732,bd027713
3ff5b9e6,bd025719
3ff5bc99,bd02372a
3ff5bf4c,bd02173a
3ff5c1ff,bd01f749
3ff5c4b2,bd01d756
3ff5c766,bd01b757
3ff5ca19,bd019762
3ff5cccc,bd01776c
3ff5cf7f,bd015774
3ff5d232,bd01377c
3ff5d4e6,bd011776
3ff5d799,bd00f77a
3ff5da4c,bd00d77e
3ff5dcff,bd00b780
3ff5dfb2,bd009782
3ff5e266,bd007775
3ff5e519,bd005774
3ff5e7cc,bd003771
3ff5ea7f,bd00176e
3ff5ed32,bcffeed1
3ff5efe6,bcffaeac
3ff5f299,bcff6e9e
3ff5f54c,bcff2e8c
3ff5f7ff,bcfeee78
3ff5fab2,bcfeae61
3ff5fd66,bcfe6e30
3ff60019,bcfe2e15
3ff602cc,bcfdedf7
3ff6057f,bcfdadd6
3ff60832,bcfd6db4
3ff60ae6,bcfd2d76
3ff60d99,bcfced4e
3ff6104c,bcfcad24
3ff612ff,bcfc6cf8
3ff615b2,bcfc2cc8
3ff61866,bcfbec7f
3ff61b19,bcfbac4a
3ff61dcc,bcfb6c14
3ff6207f,bcfb2bdb
3ff62332,bcfaeba0
3ff625e6,bcfaab4a
3ff62899,bcfa6b08
3ff62b4c,bcfa2ac6
3ff62dff,bcf9ea80
3ff630b2,bcf9aa38
3ff63366,bcf969d6
3ff63619,bcf92989
3ff638cc,bcf8e93a
3ff63b7f,bcf8a8e8
3ff63e32,bcf86894
3ff640e6,bcf82826
3ff64399,bcf7e7cc
3ff6464c,bcf7a771
3ff648ff,bcf76712
3ff64bb2,bcf726b2
3ff64e66,bcf6e636
3ff65119,bcf6a5d1
3ff653cc,bcf66569
3ff6567f,bcf624fe
3ff65932,bcf5e492
3ff65be6,bcf5a40a
3ff65e99,bcf56399
3ff6614c,bcf52324
3ff663ff,bcf4e2ae
3ff666b2,bcf4a234
3ff66966,bcf461a0
3ff66c19,bcf42122
3ff66ecc,bcf3e0a2
3ff6717f,bcf3a01e
3ff67432,bcf35f98
3ff676e6,bcf31ef9
3ff67999,bcf2de6e
3ff67c4c,bcf29de2
3ff67eff,bcf25d52
3ff681b2,bcf21cc0
3ff68466,bcf1dc14
3ff68719,bcf19b7c
3ff689cc,bcf15ae4
3ff68c7f,bcf11a48
3ff68f32,bcf0d9aa
3ff691e6,bcf098f0
3ff69499,bcf0584e
3ff6974c,bcf017a8
3ff699ff,bcefd700
3ff69cb2,bcef9655
3ff69f66,bcef5590
3ff6a219,bcef14e1
3ff6a4cc,bceed42f
3ff6a77f,bcee937a
3ff6aa32,bcee52c3
3ff6ace6,bcee11f2
3ff6af99,bcedd136
3ff6b24c,bced9078
3ff6b4ff,bced4fb7
3ff6b7b2,bced0ef4
3ff6ba66,bcecce16
3ff6bd19,bcec8d4e
3ff6bfcc,bcec4c84
3ff6c27f,bcec0bb6
3ff6c532,bcebcae7
3ff6c7e6,bceb89fd
3ff6ca99,bceb4928
3ff6cd4c,bceb0852
3ff6cfff,bceac778
3ff6d2b2,bcea869c
3ff6d566,bcea45a6
3ff6d819,bcea04c6
3ff6dacc,bce9c3e2
3ff6dd7f,bce982fd
3ff6e032,bce94214
3ff6e2e6,bce90112
3ff6e599,bce8c025
3ff6e84c,bce87f36
3ff6eaff,bce83e44
3ff6edb2,bce7fd4f
3ff6f066,bce7bc40
3ff6f319,bce77b47
3ff6f5cc,bce73a4b
3ff6f87f,bce6f94c
3ff6fb32,bce6b84c
3ff6fde6,bce67731
3ff70099,bce6362b
3ff7034c,bce5f523
3ff705ff,bce5b419
3ff708b2,bce5730c
3ff70b66,bce531e4
3ff70e19,bce4f0d2
3ff710cc,bce4afbe
3ff7137f,bce46ea7
3ff71632,bce42d8e
3ff718e6,bce3ec5a
3ff71b99,bce3ab3c
3ff71e4c,bce36a1b
3ff720ff,bce328f8
3ff723b2,bce2e7d2
3ff72666,bce2a692
3ff72919,bce26568
3ff72bcc,bce2243a
3ff72e7f,bce1e30c
3ff73132,bce1a1da
3ff733e6,bce1608d
3ff73699,bce11f56
3ff7394c,bce0de1d
3ff73bff,bce09ce1
3ff73eb2,bce05ba3
3ff74166,bce01a4a
3ff74419,bcdfd908
3ff746cc,bcdf97c2
3ff7497f,bcdf567a
3ff74c32,bcdf1530
3ff74ee6,bcded3ca
3ff75199,bcde927c
3ff7544c,bcde512a
3ff756ff,bcde0fd5
3ff759b2,bcddce7f
3ff75c66,bcdd8d0d
3ff75f19,bcdd4bb2
3ff761cc,bcdd0a54
3ff7647f,bcdcc8f3
3ff76732,bcdc8790
3ff769e6,bcdc4612
3ff76c99,bcdc04aa
3ff76f4c,bcdbc340
3ff771ff,bcdb81d4
3ff774b2,bcdb4064
3ff77766,bcdafeda
3ff77a19,bcdabd66
3ff77ccc,bcda7bf0
3ff77f7f,bcda3a76
3ff78232,bcd9f8fb
3ff784e6,bcd9b765
3ff78799,bcd975e5
3ff78a4c,bcd93462
3ff78cff,bcd8f2dd
3ff78fb2,bcd8b155
3ff79266,bcd86fb2
3ff79519,bcd82e26
3ff797cc,bcd7ec97
3ff79a7f,bcd7ab05
3ff79d32,bcd76971
3ff79fe6,bcd727c2
3ff7a299,bcd6e62a
3ff7a54c,bcd6a48e
3ff7a7ff,bcd662f0
3ff7aab2,bcd62150
3ff7ad66,bcd5df95
3ff7b019,bcd59df0
3ff7b2cc,bcd55c48
3ff7b57f,bcd51a9f
3ff7b832,bcd4d8f2
3ff7bae6,bcd4972b
3ff7bd99,bcd45579
3ff7c04c,bcd413c6
3ff7c2ff,bcd3d210
3ff7c5b2,bcd39056
3ff7c866,bcd34e83
3ff7cb19,bcd30cc5
3ff7cdcc,bcd2cb06
3ff7d07f,bcd28943
3ff7d332,bcd2477e
3ff7d5e6,bcd2059e
3ff7d899,bcd1c3d4
3ff7db4c,bcd18208
3ff7ddff,bcd14039
3ff7e0b2,bcd0fe68
3ff7e366,bcd0bc7c
3ff7e619,bcd07aa6
3ff7e8cc,bcd038cd
3ff7eb7f,bccff6f2
3ff7ee32,bccfb515
3ff7f0e6,bccf731c
3ff7f399,bccf313a
3ff7f64c,bcceef55
3ff7f8ff,bccead6e
3ff7fbb2,bcce6b84
3ff7fe66,bcce2980
3ff80119,bccde791
3ff803cc,bccda5a0
3ff8067f,bccd63ad
3ff80932,bccd21b7
3ff80be6,bcccdfa6
3ff80e99,bccc9dab
3ff8114c,bccc5bae
3ff813ff,bccc19ae
3ff816b2,bccbd7ac
3ff81966,bccb9590
3ff81c19,bccb5388
3ff81ecc,bccb117f
3ff8217f,bccacf73
3ff82432,bcca8d64
3ff826e6,bcca4b3c
3ff82999,bcca0928
3ff82c4c,bcc9c712
3ff82eff,bcc984fa
3ff831b2,bcc942e0
3ff83466,bcc900aa
3ff83719,bcc8be8a
3ff839cc,bcc87c68
3ff83c7f,bcc83a44
3ff83f32,bcc7f81e
3ff841e6,bcc7b5dc
3ff84499,bcc773b0
3ff8474c,bcc73182
3ff849ff,bcc6ef52
3ff84cb2,bcc6ad1e
3ff84f66,bcc66ad0
3ff85219,bcc62898
3ff854cc,bcc5e65e
3ff8577f,bcc5a422
3ff85a32,bcc561e2
3ff85ce6,bcc51f88
3ff85f99,bcc4dd44
3ff8624c,bcc49afe
3ff864ff,bcc458b5
3ff867b2,bcc41669
3ff86a66,bcc3d403
3ff86d19,bcc391b2
3ff86fcc,bcc34f60
3ff8727f,bcc30d0a
3ff87532,bcc2cab3
3ff877e6,bcc28840
3ff87a99,bcc245e4
3ff87d4c,bcc20385
3ff87fff,bcc1c124
3ff882b2,bcc17ec0
3ff88566,bcc13c41
3ff88819,bcc0f9d8
3ff88acc,bcc0b76d
3ff88d7f,bcc07500
3ff89032,bcc03290
3ff892e6,bcbff004
3ff89599,bcbfad90
3ff8984c,bcbf6b18
3ff89aff,bcbf289e
3ff89db2,bcbee622
3ff8a066,bcbea38b
3ff8a319,bcbe610a
3ff8a5cc,bcbe1e86
3ff8a87f,bcbddc00
3ff8ab32,bcbd9978
3ff8ade6,bcbd56d4
3ff8b099,bcbd1447
3ff8b34c,bcbcd1b8
3ff8b5ff,bcbc8f26
3ff8b8b2,bcbc4c91
3ff8bb66,bcbc09e1
3ff8be19,bcbbc748
3ff8c0cc,bcbb84ac
3ff8c37f,bcbb420e
3ff8c632,bcbaff6d
3ff8c8e6,bcbabcb1
3ff8cb99,bcba7a0b
3ff8ce4c,bcba3763
3ff8d0ff,bcb9f4b9
3ff8d3b2,bcb9b20c
3ff8d666,bcb96f44
3ff8d919,bcb92c92
3ff8dbcc,bcb8e9dd
3ff8de7f,bcb8a727
3ff8e132,bcb8646e
3ff8e3e6,bcb82199
3ff8e699,bcb7dedc
3ff8e94c,bcb79c1b
3ff8ebff,bcb75958
3ff8eeb2,bcb71692
3ff8f166,bcb6d3b2
3ff8f419,bcb690e8
3ff8f6cc,bcb64e1c
3ff8f97f,bcb60b4d
3ff8fc32,bcb5c87b
3ff8fee6,bcb5858e
3ff90199,bcb542b8
3ff9044c,bcb4ffe0
3ff906ff,bcb4bd04
3ff909b2,bcb47a26
3ff90c66,bcb4372e
3ff90f19,bcb3f44b
3ff911cc,bcb3b166
3ff9147f,bcb36e7f
3ff91732,bcb32b95
3ff919e6,bcb2e890
3ff91c99,bcb2a5a2
3ff91f4c,bcb262b0
3ff921ff,bcb21fbd
3ff924b2,bcb1dcc7
3ff92766,bcb199b6
3ff92a19,bcb156bb
3ff92ccc,bcb113be
3ff92f7f,bcb0d0be
3ff93232,bcb08dbc
3ff934e6,bcb04a9e
3ff93799,bcb00798
3ff93a4c,bcafc48e
3ff93cff,bcaf8182
3ff93fb2,bcaf3e74
3ff94266,bcaefb4a
3ff94519,bcaeb837
3ff947cc,bcae7522
3ff94a7f,bcae320a
3ff94d32,bcadeeef
3ff94fe6,bcadabba
3ff95299,bcad689a
3ff9554c,bcad2579
3ff957ff,bcace254
3ff95ab2,bcac9f2e
3ff95d66,bcac5bec
3ff96019,bcac18c1
3ff962cc,bcabd593
3ff9657f,bcab9262
3ff96832,bcab4f30
3ff96ae6,bcab0be2
3ff96d99,bcaac8aa
3ff9704c,bcaa8570
3ff972ff,bcaa4234
3ff975b2,bca9fef5
3ff97866,bca9bb9b
3ff97b19,bca97857
3ff97dcc,bca93511
3ff9807f,bca8f1c8
3ff98332,bca8ae7e
3ff985e6,bca86b17
3ff98899,bca827c7
3ff98b4c,bca7e475
3ff98dff,bca7a120
3ff990b2,bca75dc9
3ff99366,bca71a57
3ff99619,bca6d6fb
3ff998cc,bca6939c
3ff99b7f,bca6503c
3ff99e32,bca60cd8
3ff9a0e6,bca5c95a
3ff9a399,bca585f2
3ff9a64c,bca54287
3ff9a8ff,bca4ff1a
3ff9abb2,bca4bbab
3ff9ae66,bca47820
3ff9b119,bca434ac
3ff9b3cc,bca3f135
3ff9b67f,bca3adbc
3ff9b932,bca36a40
3ff9bbe6,bca326aa
3ff9be99,bca2e329
3ff9c14c,bca29fa6
3ff9c3ff,bca25c21
3ff9c6b2,bca2189a
3ff9c966,bca1d4f6
3ff9cc19,bca1916a
3ff9cecc,bca14ddb
3ff9d17f,bca10a4a
3ff9d432,bca0c6b6
3ff9d6e6,bca08307
3ff9d999,bca03f6e
3ff9dc4c,bc9ffbd4
3ff9deff,bc9fb836
3ff9e1b2,bc9f7496
3ff9e466,bc9f30db
3ff9e719,bc9eed36
3ff9e9cc,bc9ea98f
3ff9ec7f,bc9e65e5
3ff9ef32,bc9e223a
3ff9f1e6,bc9dde72
3ff9f499,bc9d9ac1
3ff9f74c,bc9d570e
3ff9f9ff,bc9d1358
3ff9fcb2,bc9ccfa0
3ff9ff66,bc9c8bcc
3ffa0219,bc9c4810
3ffa04cc,bc9c0450
3ffa077f,bc9bc08e
3ffa0a32,bc9b7cca
3ffa0ce6,bc9b38eb
3ffa0f99,bc9af522
3ffa124c,bc9ab156
3ffa14ff,bc9a6d88
3ffa17b2,bc9a29b8
3ffa1a66,bc99e5cc
3ffa1d19,bc99a1f7
3ffa1fcc,bc995e1f
3ffa227f,bc991a46
3ffa2532,bc98d669
3ffa27e6,bc989271
3ffa2a99,bc984e90
3ffa2d4c,bc980aac
3ffa2fff,bc97c6c6
3ffa32b2,bc9782de
3ffa3566,bc973eda
3ffa3819,bc96faec
3ffa3acc,bc96b6fd
3ffa3d7f,bc96730a
3ffa4032,bc962f16
3ffa42e6,bc95eb06
3ffa4599,bc95a70c
3ffa484c,bc956310
3ffa4aff,bc951f12
3ffa4db2,bc94db12
3ffa5066,bc9496f6
3ffa5319,bc9452f0
3ffa55cc,bc940ee8
3ffa587f,bc93cade
3ffa5b32,bc9386d1
3ffa5de6,bc9342a9
3ffa6099,bc92fe97
3ffa634c,bc92ba83
3ffa65ff,bc92766d
3ffa68b2,bc923254
3ffa6b66,bc91ee1f
3ffa6e19,bc91aa02
3ffa70cc,bc9165e2
3ffa737f,bc9121bf
3ffa7632,bc90dd9a
3ffa78e6,bc90995a
3ffa7b99,bc905530
3ffa7e4c,bc901104
3ffa80ff,bc8fccd5
3ffa83b2,bc8f88a4
3ffa8666,bc8f4458
3ffa8919,bc8f0022
3ffa8bcc,bc8ebbea
3ffa8e7f,bc8e77af
3ffa9132,bc8e3372
3ffa93e6,bc8def19
3ffa9699,bc8daad7
3ffa994c,bc8d6693
3ffa9bff,bc8d224c
3ffa9eb2,bc8cde03
3ffaa166,bc8c999e
3ffaa419,bc8c5550
3ffaa6cc,bc8c1100
3ffaa97f,bc8bccad
3ffaac32,bc8b8858
3ffaaee6,bc8b43e7
3ffab199,bc8aff8d
3ffab44c,bc8abb30
3ffab6ff,bc8a76d2
3ffab9b2,bc8a3270
3ffabc66,bc89edf3
3ffabf19,bc89a98d
3ffac1cc,bc896525
3ffac47f,bc8920ba
3ffac732,bc88dc4c
3ffac9e6,bc8897c3
3ffacc99,bc885351
3ffacf4c,bc880edd
3ffad1ff,bc87ca66
3ffad4b2,bc8785ec
3ffad766,bc874157
3ffada19,bc86fcd9
3ffadccc,bc86b858
3ffadf7f,bc8673d5
3ffae232,bc862f50
3ffae4e6,bc85eaaf
3ffae799,bc85a624
3ffaea4c,bc856198
3ffaecff,bc851d09
3ffaefb2,bc84d877
3ffaf266,bc8493ca
3ffaf519,bc844f34
3ffaf7cc,bc840a9b
3ffafa7f,bc83c600
3ffafd32,bc838162
3ffaffe6,bc833ca9
3ffb0299,bc82f806
3ffb054c,bc82b362
3ffb07ff,bc826ebb
3ffb0ab2,bc822a11
3ffb0d66,bc81e54c
3ffb1019,bc81a09d
3ffb12cc,bc815bec
3ffb157f,bc811739
3ffb1832,bc80d284
3ffb1ae6,bc808db2
3ffb1d99,bc8048f8
3ffb204c,bc80043b
3ffb22ff,bc7f7ef7
3ffb25b2,bc7ef574
3ffb2866,bc7e6bb9
3ffb2b19,bc7de22c
3ffb2dcc,bc7d589a
3ffb307f,bc7ccf04
3ffb3332,bc7c4568
3ffb35e6,bc7bbb95
3ffb3899,bc7b31f0
3ffb3b4c,bc7aa846
3ffb3dff,bc7a1e98
3ffb40b2,bc7994e4
3ffb4366,bc790af9
3ffb4619,bc78813c
3ffb48cc,bc77f77a
3ffb4b7f,bc776db4
3ffb4e32,bc76e3e8
3ffb50e6,bc7659e4
3ffb5399,bc75d00f
3ffb564c,bc754635
3ffb58ff,bc74bc56
3ffb5bb2,bc743273
3ffb5e66,bc73a858
3ffb6119,bc731e6a
3ffb63cc,bc729478
3ffb667f,bc720a82
3ffb6932,bc718086
3ffb6be6,bc70f652
3ffb6e99,bc706c4d
3ffb714c,bc6fe243
3ffb73ff,bc6f5834
3ffb76b2,bc6ece20
3ffb7966,bc6e43d5
3ffb7c19,bc6db9b8
3ffb7ecc,bc6d2f96
3ffb817f,bc6ca56f
3ffb8432,bc6c1b44
3ffb86e6,bc6b90e0
3ffb8999,bc6b06aa
3ffb8c4c,bc6a7c70
3ffb8eff,bc69f232
3ffb91b2,bc6967ee
3ffb9466,bc68dd72
3ffb9719,bc685325
3ffb99cc,bc67c8d2
3ffb9c7f,bc673e7c
3ffb9f32,bc66b420
3ffba1e6,bc66298c
3ffba499,bc659f27
3ffba74c,bc6514bd
3ffba9ff,bc648a4e
3ffbacb2,bc63ffda
3ffbaf66,bc63752e
3ffbb219,bc62eab1
3ffbb4cc,bc62602f
3ffbb77f,bc61d5a8
3ffbba32,bc614b1c
3ffbbce6,bc60c058
3ffbbf99,bc6035c3
3ffbc24c,bc5fab29
3ffbc4ff,bc5f208a
3ffbc7b2,bc5e95e6
3ffbca66,bc5e0b0a
3ffbcd19,bc5d805d
3ffbcfcc,bc5cf5ab
3ffbd27f,bc5c6af4
3ffbd532,bc5be038
3ffbd7e6,bc5b5544
3ffbda99,bc5aca7f
3ffbdd4c,bc5a3fb5
3ffbdfff,bc59b4e6
3ffbe2b2,bc592a12
3ffbe566,bc589f06
3ffbe819,bc581429
3ffbeacc,bc578947
3ffbed7f,bc56fe60
3ffbf032,bc567374
3ffbf2e6,bc55e850
3ffbf599,bc555d5b
3ffbf84c,bc54d261
3ffbfaff,bc544762
3ffbfdb2,bc53bc5e
3ffc0066,bc533122
3ffc0319,bc52a615
3ffc05cc,bc521b03
3ffc087f,bc518fec
3ffc0b32,bc5104d1
3ffc0de6,bc50797d
3ffc1099,bc4fee58
3ffc134c,bc4f632e
3ffc15ff,bc4ed7ff
3ffc18b2,bc4e4ccb
3ffc1b66,bc4dc15f
3ffc1e19,bc4d3622
3ffc20cc,bc4caae0
3ffc237f,bc4c1f99
3ffc2632,bc4b944e
3ffc28e6,bc4b08ca
3ffc2b99,bc4a7d74
3ffc2e4c,bc49f21b
3ffc30ff,bc4966bc
3ffc33b2,bc48db58
3ffc3666,bc484fbc
3ffc3919,bc47c450
3ffc3bcc,bc4738de
3ffc3e7f,bc46ad67
3ffc4132,bc4621ec
3ffc43e6,bc459638
3ffc4699,bc450ab2
3ffc494c,bc447f29
3ffc4bff,bc43f39a
3ffc4eb2,bc436807
3ffc5166,bc42dc3b
3ffc5419,bc42509e
3ffc56cc,bc41c4fc
3ffc597f,bc413956
3ffc5c32,bc40adaa
3ffc5ee6,bc4021c6
3ffc6199,bc3f9612
3ffc644c,bc3f0a58
3ffc66ff,bc3e7e9a
3ffc69b2,bc3df2d6
3ffc6c66,bc3d66da
3ffc6f19,bc3cdb0e
3ffc71cc,bc3c4f3c
3ffc747f,bc3bc366
3ffc7732,bc3b378a
3ffc79e6,bc3aab77
3ffc7c99,bc3a1f92
3ffc7f4c,bc3993a8
3ffc81ff,bc3907ba
3ffc84b2,bc387bc7
3ffc8766,bc37ef9c
3ffc8a19,bc37639f
3ffc8ccc,bc36d79e
3ffc8f7f,bc364b97
3ffc9232,bc35bf8c
3ffc94e6,bc353348
3ffc9799,bc34a734
3ffc9a4c,bc341b1a
3ffc9cff,bc338efc
3ffc9fb2,bc3302da
3ffca266,bc32767e
3ffca519,bc31ea52
3ffca7cc,bc315e20
3ffcaa7f,bc30d1ea
3ffcad32,bc3045b0
3ffcafe6,bc2fb93c
3ffcb299,bc2f2cf8
3ffcb54c,bc2ea0af
3ffcb7ff,bc2e1461
3ffcbab2,bc2d880e
3ffcbd66,bc2cfb83
3ffcc019,bc2c6f26
3ffcc2cc,bc2be2c6
3ffcc57f,bc2b5660
3ffcc832,bc2ac9f5
3ffccae6,bc2a3d52
3ffccd99,bc29b0de
3ffcd04c,bc292465
3ffcd2ff,bc2897e8
3ffcd5b2,bc280b65
3ffcd866,bc277eaa
3ffcdb19,bc26f21e
3ffcddcc,bc26658d
3ffce07f,bc25d8f8
3ffce332,bc254c5d
3ffce5e6,bc24bf8a
3ffce899,bc2432e6
3ffceb4c,bc23a63e
3ffcedff,bc231990
3ffcf0b2,bc228cde
3ffcf366,bc21fff3
3ffcf619,bc217338
3ffcf8cc,bc20e677
3ffcfb7f,bc2059b2
3ffcfe32,bc1fcce8
3ffd00e6,bc1f3fe5
3ffd0399,bc1eb311
3ffd064c,bc1e2639
3ffd08ff,bc1d995c
3ffd0bb2,bc1d0c7a
3ffd0e66,bc1c7f5f
3ffd1119,bc1bf274
3ffd13cc,bc1b6584
3ffd167f,bc1ad88f
3ffd1932,bc1a4b95
3ffd1be6,bc19be62
3ffd1e99,bc19315f
3ffd214c,bc18a457
3ffd23ff,bc18174a
3ffd26b2,bc178a39
3ffd2966,bc16fcee
3ffd2c19,bc166fd3
3ffd2ecc,bc15e2b4
3ffd317f,bc15558f
3ffd3432,bc14c866
3ffd36e6,bc143b03
3ffd3999,bc13add0
3ffd3c4c,bc132098
3ffd3eff,bc12935c
3ffd41b2,bc12061b
3ffd4466,bc1178a1
3ffd4719,bc10eb56
3ffd49cc,bc105e06
3ffd4c7f,bc0fd0b2
3ffd4f32,bc0f4359
3ffd51e6,bc0eb5c7
3ffd5499,bc0e2865
3ffd574c,bc0d9afd
3ffd59ff,bc0d0d91
3ffd5cb2,bc0c8020
3ffd5f66,bc0bf276
3ffd6219,bc0b64fc
3ffd64cc,bc0ad77d
3ffd677f,bc0a49f9
3ffd6a32,bc09bc70
3ffd6ce6,bc092eaf
3ffd6f99,bc08a11c
3ffd724c,bc081386
3ffd74ff,bc0785ea
3ffd77b2,bc06f84a
3ffd7a66,bc066a70
3ffd7d19,bc05dcc6
3ffd7fcc,bc054f17
3ffd827f,bc04c164
3ffd8532,bc0433ac
3ffd87e6,bc03a5ba
3ffd8a99,bc0317f8
3ffd8d4c,bc028a32
3ffd8fff,bc01fc67
3ffd92b2,bc016e97
3ffd9566,bc00e08d
3ffd9819,bc0052b4
3ffd9acc,bbff89ab
3ffd9d7f,bbfe6de5
3ffda032,bbfd5216
3ffda2e6,bbfc35d3
3ffda599,bbfb19f1
3ffda84c,bbf9fe05
3ffdaaff,bbf8e20f
3ffdadb2,bbf7c610
3ffdb066,bbf6a99e
3ffdb319,bbf58d8c
3ffdb5cc,bbf47170
3ffdb87f,bbf3554b
3ffdbb32,bbf2391d
3ffdbde6,bbf11c7b
3ffdc099,bbf00039
3ffdc34c,bbeee3ee
3ffdc5ff,bbedc79a
3ffdc8b2,bbecab3c
3ffdcb66,bbeb8e6a
3ffdce19,bbea71fa
3ffdd0cc,bbe9557e
3ffdd37f,bbe838fa
3ffdd632,bbe71c6c
3ffdd8e6,bbe5ff6c
3ffddb99,bbe4e2cb
3ffdde4c,bbe3c621
3ffde0ff,bbe2a96e
3ffde3b2,bbe18cb0
3ffde666,bbe06f80
3ffde919,bbdf52b0
3ffdebcc,bbde35d6
3ffdee7f,bbdd18f3
3ffdf132,bbdbfc06
3ffdf3e6,bbdadea6
3ffdf699,bbd9c1a7
3ffdf94c,bbd8a49e
3ffdfbff,bbd7878b
3ffdfeb2,bbd66a6f
3ffe0166,bbd54ce0
3ffe0419,bbd42fb1
3ffe06cc,bbd31278
3ffe097f,bbd1f536
3ffe0c32,bbd0d7ea
3ffe0ee6,bbcfba2c
3ffe1199,bbce9ccd
3ffe144c,bbcd7f64
3ffe16ff,bbcc61f3
3ffe19b2,bbcb4478
3ffe1c66,bbca268a
3ffe1f19,bbc908fc
3ffe21cc,bbc7eb64
3ffe247f,bbc6cdc3
3ffe2732,bbc5b019
3ffe29e6,bbc491fb
3ffe2c99,bbc3743e
3ffe2f4c,bbc25676
3ffe31ff,bbc138a6
3ffe34b2,bbc01acc
3ffe3766,bbbefc7f
3ffe3a19,bbbdde92
3ffe3ccc,bbbcc09c
3ffe3f7f,bbbba29c
3ffe4232,bbba8492
3ffe44e6,bbb96616
3ffe4799,bbb847f9
3ffe4a4c,bbb729d3
3ffe4cff,bbb60ba4
3ffe4fb2,bbb4ed6c
3ffe5266,bbb3cebf
3ffe5519,bbb2b074
3ffe57cc,bbb1921e
3ffe5a7f,bbb073c0
3ffe5d32,bbaf5557
3ffe5fe6,bbae367c
3ffe6299,bbad1800
3ffe654c,bbabf97c
3ffe67ff,bbaadaee
3ffe6ab2,bba9bc56
3ffe6d66,bba89d4b
3ffe7019,bba77ea1
3ffe72cc,bba65fed
3ffe757f,bba54130
3ffe7832,bba42269
3ffe7ae6,bba3032e
3ffe7d99,bba1e454
3ffe804c,bba0c571
3ffe82ff,bb9fa684
3ffe85b2,bb9e878e
3ffe8866,bb9d6824
3ffe8b19,bb9c491b
3ffe8dcc,bb9b2a08
3ffe907f,bb9a0aec
3ffe9332,bb98ebc7
3ffe95e6,bb97cc2d
3ffe9899,bb96acf5
3ffe9b4c,bb958db3
3ffe9dff,bb946e67
3ffea0b2,bb934f12
3ffea366,bb922f4a
3ffea619,bb910fe2
3ffea8cc,bb8ff070
3ffeab7f,bb8ed0f6
3ffeae32,bb8db172
3ffeb0e6,bb8c9179
3ffeb399,bb8b71e2
3ffeb64c,bb8a5242
3ffeb8ff,bb893298
3ffebbb2,bb8812e4
3ffebe66,bb86f2bc
3ffec119,bb85d2f6
3ffec3cc,bb84b326
3ffec67f,bb83934d
3ffec932,bb82736a
3ffecbe6,bb815313
3ffece99,bb80331d
3ffed14c,bb7e263c
3ffed3ff,bb7be62b
3ffed6b2,bb79a607
3ffed966,bb7764fa
3ffedc19,bb7524b1
3ffedecc,bb72e454
3ffee17f,bb70a3e4
3ffee432,bb6e6361
3ffee6e6,bb6c21f6
3ffee999,bb69e14d
3ffeec4c,bb67a092
3ffeeeff,bb655fc4
3ffef1b2,bb631ee2
3ffef466,bb60dd19
3ffef719,bb5e9c12
3ffef9cc,bb5c5af8
3ffefc7f,bb5a19cb
3ffeff32,bb57d88c
3fff01e6,bb559663
3fff0499,bb5354fe
3fff074c,bb511385
3fff09ff,bb4ed1fa
3fff0cb2,bb4c905c
3fff0f66,bb4a4dd5
3fff1219,bb480c11
3fff14cc,bb45ca3a
3fff177f,bb438850
3fff1a32,bb414654
3fff1ce6,bb3f036e
3fff1f99,bb3cc14c
3fff224c,bb3a7f16
3fff24ff,bb383cce
3fff27b2,bb35fa74
3fff2a66,bb33b730
3fff2d19,bb3174af
3fff2fcc,bb2f321b
3fff327f,bb2cef74
3fff3532,bb2aacbc
3fff37e6,bb286919
3fff3a99,bb26263a
3fff3d4c,bb23e348
3fff3fff,bb21a043
3fff42b2,bb1f5d2b
3fff4566,bb1d192a
3fff4819,bb1ad5ec
3fff4acc,bb18929c
3fff4d7f,bb164f39
3fff5032,bb140bc3
3fff52e6,bb11c763
3fff5599,bb0f83c8
3fff584c,bb0d4019
3fff5aff,bb0afc57
3fff5db2,bb08b883
3fff6066,bb0673c5
3fff6319,bb042fcb
3fff65cc,bb01ebbe
3fff687f,baff4f3c
3fff6b32,bafac6d7
3fff6de6,baf63c9e
3fff7099,baf1b3ed
3fff734c,baed2b16
3fff75ff,bae8a21a
3fff78b2,bae418f8
3fff7b66,badf8e03
3fff7e19,badb0496
3fff80cc,bad67b03
3fff837f,bad1f14a
3fff8632,bacd676c
3fff88e6,bac8dbba
3fff8b99,bac45190
3fff8e4c,babfc740
3fff90ff,babb3ccb
3fff93b2,bab6b230
3fff9666,bab225c1
3fff9919,baad9adb
3fff9bcc,baa90fcf
3fff9e7f,baa4849e
3fffa132,ba9ff947
3fffa3e6,ba9b6c1b
3fffa699,ba96e078
3fffa94c,ba9254b0
3fffabff,ba8dc8c2
3fffaeb2,ba893caf
3fffb166,ba84aec7
3fffb419,ba802268
3fffb6cc,ba772bc7
3fffb97f,ba6e1273
3fffbc32,ba64f8d3
3fffbee6,ba5bdb89
3fffc199,ba52c153
3fffc44c,ba49a6d2
3fffc6ff,ba408c05
3fffc9b2,ba3770ee
3fffcc66,ba2e522a
3fffcf19,ba25367c
3fffd1cc,ba1c1a82
3fffd47f,ba12fe3d
3fffd732,ba09e1ad
3fffd9e6,ba00c171
3fffdc99,b9ef4894
3fffdf4c,b9dd0db0
3fffe1ff,b9cad236
3fffe4b2,b9b89625
3fffe766,b9a652bc
3fffea19,b994157d
3fffeccc,b981d7a9
3fffef7f,b95f327c
3ffff232,b93ab478
3ffff4e6,b91627c3
3ffff799,b8e34ecc
3ffffa4c,b89a4bb9
3ffffcff,b8228c99
3fffffb2,b683e864
40000266,3881cf2d
40000519,3909f754
400007cc,39530bc3
40000a7f,398e1273
40000d32,39b2a15d
40000fe6,39d7402e
40001299,39fbd3ca
4000154c,3a1034e1
400017ff,3a228108
40001ab2,3a34ce5c
40001d66,3a4723a6
40002019,3a597353
400022cc,3a6bc42d
4000257f,3a7e1633
40002832,3a8834b3
40002ae6,3a916248
40002d99,3a9a8d0d
4000304c,3aa3b869
400032ff,3aace45b
400035b2,3ab610e2
40003866,3abf4167
40003b19,3ac86f1b
40003dcc,3ad19d66
4000407f,3adacc46
40004332,3ae3fbbc
400045e6,3aed2f30
40004899,3af65fd2
40004b4c,3aff910a
40004dff,3b04616c
400050b2,3b08fa9e
40005366,3b0d95d0
40005619,3b122f98
400058cc,3b16c9ab
40005b7f,3b1b6409
40005e32,3b1ffeb2
400060e6,3b249b5a
40006399,3b293699
4000664c,3b2dd223
400068ff,3b326df8
40006bb2,3b370a17
40006e66,3b3ba837
40007119,3b4044ec
400073cc,3b44e1ec
4000767f,3b497f37
40007932,3b4e1ccd
40007be6,3b52bc64
40007e99,3b575a8f
4000814c,3b5bf906
400083ff,3b6097c7
400086b2,3b6536d3
40008966,3b69d7e1
40008c19,3b6e7782
40008ecc,3b73176f
4000917f,3b77b7a6
40009432,3b7c5828
400096e6,3b807d56
40009999,3b82cde2
40009c4c,3b851e93
40009eff,3b876f6a
4000a1b2,3b89c066
4000a466,3b8c1263
4000a719,3b8e63aa
4000a9cc,3b90b516
4000ac7f,3b9306a7
4000af32,3b95585e
4000b1e6,3b97ab16
4000b499,3b99fd18
4000b74c,3b9c4f3e
4000b9ff,3b9ea18a
4000bcb2,3ba0f3fc
4000bf66,3ba3476f
4000c219,3ba59a2b
4000c4cc,3ba7ed0d
4000c77f,3baa4014
4000ca32,3bac9340
4000cce6,3baee76e
4000cf99,3bb13ae4
4000d24c,3bb38e81
4000d4ff,3bb5e242
4000d7b2,3bb83628
4000da66,3bba8b12
4000dd19,3bbcdf42
4000dfcc,3bbf3399
4000e27f,3bc18815
4000e532,3bc3dcb6
4000e7e6,3bc6325a
4000ea99,3bc88745
4000ed4c,3bcadc56
4000efff,3bcd318c
4000f2b2,3bcf86e8
4000f566,3bd1dd46
4000f819,3bd432ec
4000facc,3bd688b7
4000fd7f,3bd8dea7
40010032,3bdb34bd
400102e6,3bdd8bd6
40010599,3bdfe235
4001084c,3be238bb
40010aff,3be48f65
40010db2,3be6e635
40011066,3be93e08
40011319,3beb9522
400115cc,3bedec62
4001187f,3bf043c6
40011b32,3bf29b50
40011de6,3bf4f3de
40012099,3bf74bb2
4001234c,3bf9a3ab
400125ff,3bfbfbca
400128b2,3bfe540e
40012b66,3c0056ab
40012e19,3c0182f2
400130cc,3c02af4b
4001337f,3c03dbb8
40013632,3c050836
400138e6,3c063537
40013b99,3c0761db
40013e4c,3c088e92
400140ff,3c09bb5b
400143b2,3c0ae837
40014666,3c0c1594
40014919,3c0d4295
40014bcc,3c0e6fa9
40014e7f,3c0f9ccf
40015132,3c10ca07
400153e6,3c11f7c2
40015699,3c132520
4001594c,3c145290
40015bff,3c158013
40015eb2,3c16ada8
40016166,3c17dbc0
40016419,3c19097a
400166cc,3c1a3747
4001697f,3c1b6527
40016c32,3c1c9319
40016ee6,3c1dc18d
40017199,3c1eefa4
4001744c,3c201dce
400176ff,3c214c0a
400179b2,3c227a59
40017c66,3c23a92a
40017f19,3c24d79e
400181cc,3c260625
4001847f,3c2734be
40018732,3c286369
400189e6,3c299297
40018c99,3c2ac168
40018f4c,3c2bf04b
400191ff,3c2d1f40
400194b2,3c2e4e48
40019766,3c2f7dd3
40019a19,3c30ad00
40019ccc,3c31dc40
40019f7f,3c330b92
4001a232,3c343af6
4001a4e6,3c356ade
4001a799,3c369a67
4001aa4c,3c37ca03
4001acff,3c38f9b2
4001afb2,3c3a2973
4001b266,3c3b59b7
4001b519,3c3c899d
4001b7cc,3c3db996
4001ba7f,3c3ee9a1
4001bd32,3c4019be
4001bfe6,3c414a5f
4001c299,3c427aa2
4001c54c,3c43aaf7
4001c7ff,3c44db5e
4001cab2,3c460bd8
4001cd66,3c473cd5
4001d019,3c486d74
4001d2cc,3c499e26
4001d57f,3c4aceea
4001d832,3c4bffc0
4001dae6,3c4d311a
4001dd99,3c4e6215
4001e04c,3c4f9323
4001e2ff,3c50c443
4001e5b2,3c51f576
4001e866,3c53272c
4001eb19,3c545883
4001edcc,3c5589ed
4001f07f,3c56bb6a
4001f332,3c57ecf8
4001f5e6,3c591f0b
4001f899,3c5a50bf
4001fb4c,3c5b8285
4001fdff,3c5cb45e
400200b2,3c5de649
40020366,3c5f18b8
40020619,3c604ac8
400208cc,3c617cea
40020b7f,3c62af1f
40020e32,3c63e166
400210e6,3c651432
40021399,3c66469e
4002164c,3c67791c
400218ff,3c68abad
40021bb2,3c69de51
40021e66,3c6b1178
40022119,3c6c4440
400223cc,3c6d771c
4002267f,3c6eaa08
40022932,3c6fdd08
40022be6,3c71108c
40022e99,3c7243b0
4002314c,3c7376e7
400233ff,3c74aa30
400236b2,3c75dd8c
40023966,3c77116b
40023c19,3c7844eb
40023ecc,3c79787e
4002417f,3c7aac24
40024432,3c7bdfdb
400246e6,3c7d1417
40024999,3c7e47f3
40024c4c,3c7f7be2
40024eff,3c8057f2
400251b2,3c80f1fb
40025466,3c818c47
40025719,3c822663
400259cc,3c82c089
40025c7f,3c835ab7
40025f32,3c83f4ef
400261e6,3c848f69
40026499,3c8529b3
4002674c,3c85c406
400269ff,3c865e63
40026cb2,3c86f8c8
40026f66,3c879370
40027219,3c882de8
400274cc,3c88c86a
4002777f,3c8962f4
40027a32,3c89fd87
40027ce6,3c8a985d
40027f99,3c8b3303
4002824c,3c8bcdb2
400284ff,3c8c686a
400287b2,3c8d032c
40028a66,3c8d9e30
40028d19,3c8e3904
40028fcc,3c8ed3e0
4002927f,3c8f6ec6
40029532,3c9009b6
400297e6,3c90a4e8
40029a99,3c913fe9
40029d4c,3c91daf4
40029fff,3c927608
4002a2b2,3c931125
4002a566,3c93ac85
4002a819,3c9447b4
4002aacc,3c94e2ed
4002ad7f,3c957e2e
4002b032,3c96197a
4002b2e6,3c96b507
4002b599,3c975064
4002b84c,3c97ebcb
4002baff,3c98873a
4002bdb2,3c9922b3
4002c066,3c99be6e
4002c319,3c9a59f9
4002c5cc,3c9af58d
4002c87f,3c9b912b
4002cb32,3c9c2cd1
4002cde6,3c9cc8ba
4002d099,3c9d6473
4002d34c,3c9e0035
4002d5ff,3c9e9c00
4002d8b2,3c9f37d4
4002db66,3c9fd3eb
4002de19,3ca06fd2
4002e0cc,3ca10bc1
4002e37f,3ca1a7ba
4002e632,3ca243bc
4002e8e6,3ca2e001
4002eb99,3ca37c15
4002ee4c,3ca41832
4002f0ff,3ca4b459
4002f3b2,3ca55089
4002f666,3ca5ecfb
4002f919,3ca6893d
4002fbcc,3ca72588
4002fe7f,3ca7c1dc
40030132,3ca85e3a
400303e6,3ca8fada
40030699,3ca99749
4003094c,3caa33c2
40030bff,3caad044
40030eb2,3cab6ccf
40031166,3cac099d
40031419,3caca63a
400316cc,3cad42e0
4003197f,3caddf90
40031c32,3cae7c48
40031ee6,3caf1944
40032199,3cafb60f
4003244c,3cb052e3
400326ff,3cb0efc0
400329b2,3cb18ca6
40032c66,3cb229cf
40032f19,3cb2c6c8
400331cc,3cb363c9
4003347f,3cb400d4
40033732,3cb49de8
400339e6,3cb53b3f
40033c99,3cb5d864
40033f4c,3cb67594
400341ff,3cb712cc
400344b2,3cb7b00d
40034766,3cb84d92
40034a19,3cb8eae5
40034ccc,3cb98842
40034f7f,3cba25a8
40035232,3cbac316
400354e6,3cbb60c9
40035799,3cbbfe4a
40035a4c,3cbc9bd4
40035cff,3cbd3967
40035fb2,3cbdd703
40036266,3cbe74e3
40036519,3cbf1292
400367cc,3cbfb04a
40036a7f,3cc04e0a
40036d32,3cc0ebd4
40036fe6,3cc189e1
40037299,3cc227be
4003754c,3cc2c5a2
400377ff,3cc36391
40037ab2,3cc40188
40037d66,3cc49fc3
40038019,3cc53dcc
400382cc,3cc5dbdf
4003857f,3cc679fb
40038832,3cc7181f
40038ae6,3cc7b688
40038d99,3cc854bf
4003904c,3cc8f2fe
400392ff,3cc99148
400395b2,3cca2f9a
40039866,3ccace30
40039b19,3ccb6c94
40039dcc,3ccc0b01
4003a07f,3ccca978
4003a332,3ccd47f8
4003a5e6,3ccde6bb
4003a899,3cce854d
4003ab4c,3ccf23e7
4003adff,3ccfc28b
4003b0b2,3cd06138
4003b366,3cd10029
4003b619,3cd19ee8
4003b8cc,3cd23db0
4003bb7f,3cd2dc81
4003be32,3cd37b5c
4003c0e6,3cd41a7a
4003c399,3cd4b966
4003c64c,3cd5585c
4003c8ff,3cd5f75a
4003cbb2,3cd69662
4003ce66,3cd735ae
4003d119,3cd7d4c7
4003d3cc,3cd873ea
4003d67f,3cd91316
4003d932,3cd9b24b
4003dbe6,3cda51c4
4003de99,3cdaf10b
4003e14c,3cdb905b
4003e3ff,3cdc2fb4
4003e6b2,3cdccf16
4003e966,3cdd6ebd
4003ec19,3cde0e31
4003eecc,3cdeadae
4003f17f,3cdf4d34
4003f432,3cdfecc4
4003f6e6,3ce08c98
4003f999,3ce12c39
4003fc4c,3ce1cbe4
4003feff,3ce26b98
400401b2,3ce30b54
40040466,3ce3ab55
40040719,3ce44b24
400409cc,3ce4eafc
40040c7f,3ce58add
40040f32,3ce62ac7
400411e6,3ce6caf5
40041499,3ce76af1
4004174c,3ce80af6
400419ff,3ce8ab04
40041cb2,3ce94b1b
40041f66,3ce9eb77
40042219,3cea8ba0
400424cc,3ceb2bd2
4004277f,3cebcc0d
40042a32,3cec6c52
40042ce6,3ced0cda
40042f99,3cedad30
4004324c,3cee4d90
400434ff,3ceeedf8
400437b2,3cef8e6a
40043a66,3cf02f20
40043d19,3cf0cfa3
40043fcc,3cf17030
4004427f,3cf210c5
40044532,3cf2b164
400447e6,3cf35247
40044a99,3cf3f2f8
40044d4c,3cf493b2
40044fff,3cf53474
400452b2,3cf5d53f
40045566,3cf67650
40045819,3cf7172e
40045acc,3cf7b814
40045d7f,3cf85904
40046032,3cf8f9fd
400462e6,3cf99b3a
40046599,3cfa3c45
4004684c,3cfadd59
40046aff,3cfb7e76
40046db2,3cfc1f9c
40047066,3cfcc106
40047319,3cfd623e
400475cc,3cfe037e
4004787f,3cfea4c8
40047b32,3cff461b
40047de6,3cffe7b3
40048099,3d00448c
4004834c,3d009543
400485ff,3d00e5fe
400488b2,3d0136be
40048b66,3d0187a1
40048e19,3d01d869
400490cc,3d022937
4004937f,3d027a09
40049632,3d02cadf
400498e6,3d031bd8
40049b99,3d036cb8
40049e4c,3d03bd9c
4004a0ff,3d040e84
4004a3b2,3d045f71
4004a666,3d04b080
4004a919,3d050176
4004abcc,3d055271
4004ae7f,3d05a370
4004b132,3d05f473
4004b3e6,3d064599
4004b699,3d0696a5
4004b94c,3d06e7b6
4004bbff,3d0738cb
4004beb2,3d0789e5
4004c166,3d07db22
4004c419,3d082c44
4004c6cc,3d087d6c
4004c97f,3d08ce98
4004cc32,3d091fc8
4004cee6,3d09711b
4004d199,3d09c254
4004d44c,3d0a1392
4004d6ff,3d0a64d4
4004d9b2,3d0ab61b
4004dc66,3d0b0784
4004df19,3d0b58d4
4004e1cc,3d0baa28
4004e47f,3d0bfb81
4004e732,3d0c4cde
4004e9e6,3d0c9e5e
4004ec99,3d0cefc4
4004ef4c,3d0d412f
4004f1ff,3d0d929e
4004f4b2,3d0de411
4004f766,3d0e35a8
4004fa19,3d0e8724
4004fccc,3d0ed8a5
4004ff7f,3d0f2a2b
40050232,3d0f7bb5
400504e6,3d0fcd61
40050799,3d101ef4
40050a4c,3d10708c
40050cff,3d10c228
40050fb2,3d1113c8
40051266,3d11658b
40051519,3d11b735
400517cc,3d1208e2
40051a7f,3d125a95
40051d32,3d12ac4c
40051fe6,3d12fe25
40052299,3d134fe5
4005254c,3d13a1a9
400527ff,3d13f372
40052ab2,3d14453f
40052d66,3d14972f
40053019,3d14e905
400532cc,3d153ae0
4005357f,3d158cbe
40053832,3d15dea2
40053ae6,3d1630a8
40053d99,3d168295
4005404c,3d16d486
400542ff,3d17267b
400545b2,3d177875
40054866,3d17ca92
40054b19,3d181c95
40054dcc,3d186e9c
4005507f,3d18c0a8
40055332,3d1912b8
400555e6,3d1964eb
40055899,3d19b704
40055b4c,3d1a0922
40055dff,3d1a5b44
400560b2,3d1aad6a
40056366,3d1affb4
40056619,3d1b51e3
400568cc,3d1ba417
40056b7f,3d1bf650
40056e32,3d1c488d
400570e6,3d1c9aec
40057399,3d1ced32
4005764c,3d1d3f7d
400578ff,3d1d91cb
40057bb2,3d1de41e
40057e66,3d1e3694
40058119,3d1e88f1
400583cc,3d1edb51
4005867f,3d1f2db6
40058932,3d1f8020
40058be6,3d1fd2ac
40058e99,3d20251f
4005914c,3d207795
400593ff,3d20ca11
400596b2,3d211c90
40059966,3d216f33
40059c19,3d21c1bc
40059ecc,3d221449
4005a17f,3d2266db
4005a432,3d22b971
4005a6e6,3d230c2a
4005a999,3d235ec9
4005ac4c,3d23b16c
4005aeff,3d240414
4005b1b2,3d2456c0
4005b466,3d24a990
4005b719,3d24fc45
4005b9cc,3d254eff
4005bc7f,3d25a1bd
4005bf32,3d25f47f
4005c1e6,3d264765
4005c499,3d269a30
4005c74c,3d26ed00
4005c9ff,3d273fd5
4005ccb2,3d2792ae
4005cf66,3d27e5a9
4005d219,3d28388b
4005d4cc,3d288b71
4005d77f,3d28de5c
4005da32,3d29314b
4005dce6,3d29845d
4005df99,3d29d755
4005e24c,3d2a2a51
4005e4ff,3d2a7d52
4005e7b2,3d2ad057
4005ea66,3d2b2380
4005ed19,3d2b768e
4005efcc,3d2bc9a1
4005f27f,3d2c1cb8
4005f532,3d2c6fd3
4005f7e6,3d2cc312
4005fa99,3d2d1636
4005fd4c,3d2d695f
4005ffff,3d2dbc8c
400602b2,3d2e0fbe
40060566,3d2e6313
40060819,3d2eb64d
40060acc,3d2f098c
40060d7f,3d2f5cd0
40061032,3d2fb018
400612e6,3d300383
40061599,3d3056d4
4006184c,3d30aa29
40061aff,3d30fd82
40061db2,3d3150e0
40062066,3d31a462
40062319,3d31f7c8
400625cc,3d324b34
4006287f,3d329ea4
40062b32,3d32f218
40062de6,3d3345b0
40063099,3d33992c
4006334c,3d33ecae
400635ff,3d344034
400638b2,3d3493be
40063b66,3d34e76c
40063e19,3d353aff
400640cc,3d358e97
4006437f,3d35e233
40064632,3d3635d4
400648e6,3d368997
40064b99,3d36dd41
40064e4c,3d3730ee
400650ff,3d3784a1
400653b2,3d37d857
40065666,3d382c32
40065919,3d387ff1
40065bcc,3d38d3b5
40065e7f,3d39277d
40066132,3d397b4a
400663e6,3d39cf3a
40066699,3d3a2310
4006694c,3d3a76ea
40066bff,3d3acac8
40066eb2,3d3b1eab
40067166,3d3b72b2
40067419,3d3bc69d
400676cc,3d3c1a8d
4006797f,3d3c6e82
40067c32,3d3cc27b
40067ee6,3d3d1697
40068199,3d3d6a99
4006844c,3d3dbea0
400686ff,3d3e12aa
400689b2,3d3e66b9
40068c66,3d3ebaec
40068f19,3d3f0f04
400691cc,3d3f6320
4006947f,3d3fb741
40069732,3d400b66
400699e6,3d405faf
40069c99,3d40b3dd
40069f4c,3d41080f
4006a1ff,3d415c46
4006a4b2,3d41b081
4006a766,3d4204e0
4006aa19,3d425924
4006accc,3d42ad6c
4006af7f,3d4301b9
4006b232,3d43560a
4006b4e6,3d43aa80
4006b799,3d43feda
4006ba4c,3d445338
4006bcff,3d44a79b
4006bfb2,3d44fc02
4006c266,3d45508e
4006c519,3d45a4fe
4006c7cc,3d45f972
4006ca7f,3d464deb
4006cd32,3d46a268
4006cfe6,3d46f70a
4006d299,3d474b90
4006d54c,3d47a01a
4006d7ff,3d47f4a9
4006dab2,3d48493d
4006dd66,3d489df4
4006e019,3d48f290
4006e2cc,3d494730
4006e57f,3d499bd6
4006e832,3d49f07f
4006eae6,3d4a454c
4006ed99,3d4a99fe
4006f04c,3d4aeeb5
4006f2ff,3d4b4370
4006f5b2,3d4b9830
4006f866,3d4bed13
4006fb19,3d4c41db
4006fdcc,3d4c96a8
4007007f,3d4ceb79
40070332,3d4d404e
400705e6,3d4d9547
40070899,3d4dea26
40070b4c,3d4e3f08
40070dff,3d4e93ef
400710b2,3d4ee8da
40071366,3d4f3dea
40071619,3d4f92de
400718cc,3d4fe7d6
40071b7f,3d503cd3
40071e32,3d5091d5
400720e6,3d50e6fa
40072399,3d513c04
4007264c,3d519113
400728ff,3d51e626
40072bb2,3d523b3d
40072e66,3d529078
40073119,3d52e598
400733cc,3d533abd
4007367f,3d538fe6
40073932,3d53e513
40073be6,3d543a64
40073e99,3d548f9a
4007414c,3d54e4d5
400743ff,3d553a14
400746b2,3d558f57
40074966,3d55e4be
40074c19,3d563a0a
40074ecc,3d568f5a
4007517f,3d56e4af
40075432,3d573a08
400756e6,3d578f86
40075999,3d57e4e8
40075c4c,3d583a4e
40075eff,3d588fb9
400761b2,3d58e528
40076466,3d593abb
40076719,3d599033
400769cc,3d59e5af
40076c7f,3d5a3b30
40076f32,3d5a90b4
400771e6,3d5ae65e
40077499,3d5b3beb
4007774c,3d5b917e
400779ff,3d5be714
40077cb2,3d5c3caf
40077f66,3d5c926e
40078219,3d5ce812
400784cc,3d5d3dba
4007877f,3d5d9366
40078a32,3d5de917
40078ce6,3d5e3eec
40078f99,3d5e94a5
4007924c,3d5eea63
400794ff,3d5f4026
400797b2,3d5f95ec
40079a66,3d5febd7
40079d19,3d6041a6
40079fcc,3d60977a
4007a27f,3d60ed52
4007a532,3d61432f
4007a7e6,3d61992f
4007aa99,3d61ef15
4007ad4c,3d6244fe
4007afff,3d629aec
4007b2b2,3d62f0df
4007b566,3d6346f5
4007b819,3d639cf0
4007bacc,3d63f2f0
4007bd7f,3d6448f4
4007c032,3d649efc
4007c2e6,3d64f529
4007c599,3d654b3a
4007c84c,3d65a14f
4007caff,3d65f768
4007cdb2,3d664d87
4007d066,3d66a3c9
4007d319,3d66f9f0
4007d5cc,3d67501b
4007d87f,3d67a64b
4007db32,3d67fc7e
4007dde6,3d6852d6
4007e099,3d68a913
4007e34c,3d68ff54
4007e5ff,3d69559a
4007e8b2,3d69abe3
4007eb66,3d6a0251
4007ee19,3d6a58a4
4007f0cc,3d6aaefb
4007f37f,3d6b0556
4007f632,3d6b5bb5
4007f8e6,3d6bb239
4007fb99,3d6c08a1
4007fe4c,3d6c5f0e
400800ff,3d6cb57f
400803b2,3d6d0bf4
40080666,3d6d628e
40080919,3d6db90c
40080bcc,3d6e0f8e
40080e7f,3d6e6615
40081132,3d6ebca0
400813e6,3d6f1350
40081699,3d6f69e4
4008194c,3d6fc07c
40081bff,3d701718
40081eb2,3d706db9
40082166,3d70c47e
40082419,3d711b28
400826cc,3d7171d6
4008297f,3d71c888
40082c32,3d721f3f
40082ee6,3d72761a
40083199,3d72ccd9
4008344c,3d73239d
400836ff,3d737a65
400839b2,3d73d131
40083c66,3d742822
40083f19,3d747ef7
400841cc,3d74d5d1
4008447f,3d752cae
40084732,3d758391
400849e6,3d75da97
40084c99,3d763182
40084f4c,3d768871
400851ff,3d76df65
400854b2,3d77365c
40085766,3d778d79
40085a19,3d77e47a
40085ccc,3d783b7f
40085f7f,3d789288
40086232,3d78e995
400864e6,3d7940c7
40086799,3d7997de
40086a4c,3d79eef8
40086cff,3d7a4617
40086fb2,3d7a9d3a
40087266,3d7af483
40087519,3d7b4baf
400877cc,3d7ba2df
40087a7f,3d7bfa14
40087d32,3d7c514c
40087fe6,3d7ca8aa
40088299,3d7cffec
4008854c,3d7d5732
400887ff,3d7dae7c
40088ab2,3d7e05cb
40088d66,3d7e5d3e
40089019,3d7eb496
400892cc,3d7f0bf1
4008957f,3d7f6351
40089832,3d7fbab6
40089ae6,3d80091f
40089d99,3d8034d6
4008a04c,3d80608f
4008a2ff,3d808c49
4008a5b2,3d80b806
4008a866,3d80e3d6
4008ab19,3d810f97
4008adcc,3d813b5b
4008b07f,3d816720
4008b332,3d8192e8
4008b5e6,3d81bec2
4008b899,3d81ea8f
4008bb4c,3d82165d
4008bdff,3d82422e
4008c0b2,3d826e00
4008c366,3d8299e5
4008c619,3d82c5bc
4008c8cc,3d82f195
4008cb7f,3d831d71
4008ce32,3d83494e
4008d0e6,3d83753e
4008d399,3d83a120
4008d64c,3d83cd04
4008d8ff,3d83f8ea
4008dbb2,3d8424d2
4008de66,3d8450cd
4008e119,3d847cba
4008e3cc,3d84a8a8
4008e67f,3d84d499
4008e932,3d85008c
4008ebe6,3d852c92
4008ee99,3d85588a
4008f14c,3d858483
4008f3ff,3d85b07f
4008f6b2,3d85dc7d
4008f966,3d86088d
4008fc19,3d86348f
4008fecc,3d866094
4009017f,3d868c9a
40090432,3d86b8a3
400906e6,3d86e4be
40090999,3d8710cb
40090c4c,3d873cdb
40090eff,3d8768ec
400911b2,3d8794ff
40091466,3d87c125
40091719,3d87ed3d
400919cc,3d881957
40091c7f,3d884573
40091f32,3d887192
400921e6,3d889dc2
40092499,3d88c9e5
4009274c,3d88f60a
400929ff,3d892231
40092cb2,3d894e5a
40092f66,3d897a95
40093219,3d89a6c3
400934cc,3d89d2f2
4009377f,3d89ff24
40093a32,3d8a2b58
40093ce6,3d8a579e
40093f99,3d8a83d6
4009424c,3d8ab011
400944ff,3d8adc4d
400947b2,3d8b088c
40094a66,3d8b34dd
40094d19,3d8b6120
40094fcc,3d8b8d65
4009527f,3d8bb9ac
40095532,3d8be5f6
400957e6,3d8c1252
40095a99,3d8c3e9f
40095d4c,3d8c6aef
40095fff,3d8c9741
400962b2,3d8cc395
40096566,3d8ceffc
40096819,3d8d1c55
40096acc,3d8d48af
40096d7f,3d8d750c
40097032,3d8da16b
400972e6,3d8dcddc
40097599,3d8dfa40
4009784c,3d8e26a5
40097aff,3d8e530d
40097db2,3d8e7f76
40098066,3d8eabf2
40098319,3d8ed860
400985cc,3d8f04d1
4009887f,3d8f3143
40098b32,3d8f5db7
40098de6,3d8f8a3e
40099099,3d8fb6b7
4009934c,3d8fe332
400995ff,3d900faf
400998b2,3d903c2e
40099b66,3d9068c0
40099e19,3d909543
4009a0cc,3d90c1c9
4009a37f,3d90ee51
4009a632,3d911adb
4009a8e6,3d914777
4009ab99,3d917405
4009ae4c,3d91a096
4009b0ff,3d91cd28
4009b3b2,3d91f9bd
4009b666,3d922664
4009b919,3d9252fd
4009bbcc,3d927f98
4009be7f,3d92ac35
4009c132,3d92d8d5
4009c3e6,3d930587
4009c699,3d93322a
4009c94c,3d935ed0
4009cbff,3d938b78
4009ceb2,3d93b822
4009d166,3d93e4df
4009d419,3d94118d
4009d6cc,3d943e3e
4009d97f,3d946af0
4009dc32,3d9497a5
4009dee6,3d94c46d
4009e199,3d94f126
4009e44c,3d951de1
4009e6ff,3d954a9e
4009e9b2,3d95775e
4009ec66,3d95a430
4009ef19,3d95d0f4
4009f1cc,3d95fdba
4009f47f,3d962a82
4009f732,3d96574c
4009f9e6,3d968429
4009fc99,3d96b0f8
4009ff4c,3d96ddc8
400a01ff,3d970a9b
400a04b2,3d973770
400a0766,3d976458
400a0a19,3d979131
400a0ccc,3d97be0c
400a0f7f,3d97eaea
400a1232,3d9817c9
400a14e6,3d9844bc
400a1799,3d9871a0
400a1a4c,3d989e86
400a1cff,3d98cb6e
400a1fb2,3d98f858
400a2266,3d992555
400a2519,3d995244
400a27cc,3d997f34
400a2a7f,3d99ac27
400a2d32,3d99d91c
400a2fe6,3d9a0624
400a3299,3d9a331d
400a354c,3d9a6019
400a37ff,3d9a8d16
400a3ab2,3d9aba16
400a3d66,3d9ae728
400a4019,3d9b142c
400a42cc,3d9b4132
400a457f,3d9b6e3b
400a4832,3d9b9b45
400a4ae6,3d9bc862
400a4d99,3d9bf571
400a504c,3d9c2282
400a52ff,3d9c4f94
400a55b2,3d9c7caa
400a5866,3d9ca9d1
400a5b19,3d9cd6eb
400a5dcc,3d9d0406
400a607f,3d9d3124
400a6332,3d9d5e43
400a65e6,3d9d8b76
400a6899,3d9db89a
400a6b4c,3d9de5c0
400a6dff,3d9e12e8
400a70b2,3d9e4013
400a7366,3d9e6d50
400a7619,3d9e9a7e
400a78cc,3d9ec7af
400a7b7f,3d9ef4e2
400a7e32,3d9f2217
400a80e6,3d9f4f5f
400a8399,3d9f7c98
400a864c,3d9fa9d4
400a88ff,3d9fd711
400a8bb2,3da00451
400a8e66,3da031a3
400a9119,3da05ee7
400a93cc,3da08c2d
400a967f,3da0b975
400a9932,3da0e6c0
400a9be6,3da1141d
400a9e99,3da1416c
400aa14c,3da16ebc
400aa3ff,3da19c0f
400aa6b2,3da1c964
400aa966,3da1f6cc
400aac19,3da22425
400aaecc,3da25180
400ab17f,3da27ede
400ab432,3da2ac3d
400ab6e6,3da2d9b0
400ab999,3da30714
400abc4c,3da3347a
400abeff,3da361e2
400ac1b2,3da38f4c
400ac466,3da3bcc9
400ac719,3da3ea38
400ac9cc,3da417a8
400acc7f,3da4451b
400acf32,3da47290
400ad1e6,3da4a018
400ad499,3da4cd91
400ad74c,3da4fb0c
400ad9ff,3da52889
400adcb2,3da55609
400adf66,3da5839b
400ae219,3da5b11f
400ae4cc,3da5dea5
400ae77f,3da60c2d
400aea32,3da639b7
400aece6,3da66754
400aef99,3da694e2
400af24c,3da6c273
400af4ff,3da6f005
400af7b2,3da71d9a
400afa66,3da74b42
400afd19,3da778db
400affcc,3da7a676
400b027f,3da7d413
400b0532,3da801b2
400b07e6,3da82f64
400b0a99,3da85d08
400b0d4c,3da88aae
400b0fff,3da8b855
400b12b2,3da8e5ff
400b1566,3da913bc
400b1819,3da9416a
400b1acc,3da96f1b
400b1d7f,3da99ccd
400b2032,3da9ca82
400b22e6,3da9f849
400b2599,3daa2602
400b284c,3daa53bd
400b2aff,3daa817a
400b2db2,3daaaf39
400b3066,3daadd0b
400b3319,3dab0ace
400b35cc,3dab3894
400b387f,3dab665b
400b3b32,3dab9425
400b3de6,3dabc202
400b4099,3dabefd0
400b434c,3dac1da0
400b45ff,3dac4b72
400b48b2,3dac7946
400b4b66,3daca72d
400b4e19,3dacd506
400b50cc,3dad02e0
400b537f,3dad30bd
400b5632,3dad5e9c
400b58e6,3dad8c8e
400b5b99,3dadba71
400b5e4c,3dade856
400b60ff,3dae163d
400b63b2,3dae4427
400b6666,3dae7223
400b6919,3daea011
400b6bcc,3daece01
400b6e7f,3daefbf3
400b7132,3daf29e7
400b73e6,3daf57ee
400b7699,3daf85e6
400b794c,3dafb3e0
400b7bff,3dafe1dd
400b7eb2,3db00fdb
400b8166,3db03ded
400b8419,3db06bf0
400b86cc,3db099f4
400b897f,3db0c7fb
400b8c32,3db0f605
400b8ee6,3db12421
400b9199,3db1522e
400b944c,3db1803d
400b96ff,3db1ae4f
400b99b2,3db1dc63
400b9c66,3db20a8a
400b9f19,3db238a1
400ba1cc,3db266bb
400ba47f,3db294d8
400ba732,3db2c2f6
400ba9e6,3db2f127
400bac99,3db31f4a
400baf4c,3db34d6e
400bb1ff,3db37b95
400bb4b2,3db3a9bd
400bb766,3db3d7f9
400bba19,3db40626
400bbccc,3db43455
400bbf7f,3db46286
400bc232,3db490ba
400bc4e6,3db4bf00
400bc799,3db4ed38
400bca4c,3db51b71
400bccff,3db549ad
400bcfb2,3db577eb
400bd266,3db5a63c
400bd519,3db5d47e
400bd7cc,3db602c2
400bda7f,3db63108
400bdd32,3db65f51
400bdfe6,3db68dac
400be299,3db6bbf9
400be54c,3db6ea47
400be7ff,3db71898
400beab2,3db746eb
400bed66,3db77551
400bf019,3db7a3a8
400bf2cc,3db7d201
400bf57f,3db8005c
400bf832,3db82eba
400bfae6,3db85d2b
400bfd99,3db88b8c
400c004c,3db8b9f0
400c02ff,3db8e856
400c05b2,3db916bd
400c0866,3db94539
400c0b19,3db973a5
400c0dcc,3db9a213
400c107f,3db9d083
400c1332,3db9fef6
400c15e6,3dba2d7b
400c1899,3dba5bf2
400c1b4c,3dba8a6b
400c1dff,3dbab8e6
400c20b2,3dbae762
400c2366,3dbb15f3
400c2619,3dbb4474
400c28cc,3dbb72f7
400c2b7f,3dbba17c
400c2e32,3dbbd004
400c30e6,3dbbfe9e
400c3399,3dbc2d2a
400c364c,3dbc5bb8
400c38ff,3dbc8a47
400c3bb2,3dbcb8d9
400c3e66,3dbce77f
400c4119,3dbd1615
400c43cc,3dbd44ad
400c467f,3dbd7347
400c4932,3dbda1e3
400c4be6,3dbdd093
400c4e99,3dbdff34
400c514c,3dbe2dd6
400c53ff,3dbe5c7b
400c56b2,3dbe8b22
400c5966,3dbeb9dc
400c5c19,3dbee887
400c5ecc,3dbf1734
400c617f,3dbf45e4
400c6432,3dbf7495
400c66e6,3dbfa35a
400c6999,3dbfd20f
400c6c4c,3dc000c7
400c6eff,3dc02f81
400c71b2,3dc05e3c
400c7466,3dc08d0c
400c7719,3dc0bbcc
400c79cc,3dc0ea8e
400c7c7f,3dc11952
400c7f32,3dc14818
400c81e6,3dc176f2
400c8499,3dc1a5bd
400c874c,3dc1d489
400c89ff,3dc20358
400c8cb2,3dc23228
400c8f66,3dc2610d
400c9219,3dc28fe2
400c94cc,3dc2beb9
400c977f,3dc2ed92
400c9a32,3dc31c6d
400c9ce6,3dc34b5c
400c9f99,3dc37a3b
400ca24c,3dc3a91c
400ca4ff,3dc3d800
400ca7b2,3dc406e6
400caa66,3dc435df
400cad19,3dc464c9
400cafcc,3dc493b5
400cb27f,3dc4c2a3
400cb532,3dc4f193
400cb7e6,3dc52096
400cba99,3dc54f8b
400cbd4c,3dc57e81
400cbfff,3dc5ad7a
400cc2b2,3dc5dc74
400cc566,3dc60b82
400cc819,3dc63a81
400ccacc,3dc66982
400ccd7f,3dc69885
400cd032,3dc6c78a
400cd2e6,3dc6f6a2
400cd599,3dc725ab
400cd84c,3dc754b7
400cdaff,3dc783c4
400cddb2,3dc7b2d3
400ce066,3dc7e1f6
400ce319,3dc8110a
400ce5cc,3dc84020
400ce87f,3dc86f37
400ceb32,3dc89e51
400cede6,3dc8cd7f
400cf099,3dc8fc9d
400cf34c,3dc92bbd
400cf5ff,3dc95adf
400cf8b2,3dc98a03
400cfb66,3dc9b93b
400cfe19,3dc9e864
400d00cc,3dca178e
400d037f,3dca46bb
400d0632,3dca75ea
400d08e6,3dcaa52c
400d0b99,3dcad45f
400d0e4c,3dcb0394
400d10ff,3dcb32cb
400d13b2,3dcb6204
400d1666,3dcb9150
400d1919,3dcbc08e
400d1bcc,3dcbefcd
400d1e7f,3dcc1f0f
400d2132,3dcc4e52
400d23e6,3dcc7da9
400d2699,3dccacf1
400d294c,3dccdc3b
400d2bff,3dcd0b87
400d2eb2,3dcd3ad5
400d3166,3dcd6a36
400d3419,3dcd9988
400d36cc,3dcdc8dc
400d397f,3dcdf833
400d3c32,3dce278b
400d3ee6,3dce56f7
400d4199,3dce8654
400d444c,3dceb5b2
400d46ff,3dcee513
400d49b2,3dcf1476
400d4c66,3dcf43ec
400d4f19,3dcf7353
400d51cc,3dcfa2bc
400d547f,3dcfd227
400d5732,3dd00194
400d59e6,3dd03115
400d5c99,3dd06086
400d5f4c,3dd08ff9
400d61ff,3dd0bf6f
400d64b2,3dd0eee6
400d6766,3dd11e72
400d6a19,3dd14ded
400d6ccc,3dd17d6b
400d6f7f,3dd1aceb
400d7232,3dd1dc6d
400d74e6,3dd20c02
400d7799,3dd23b88
400d7a4c,3dd26b11
400d7cff,3dd29a9b
400d7fb2,3dd2ca27
400d8266,3dd2f9c7
400d8519,3dd32957
400d87cc,3dd358ea
400d8a7f,3dd3887f
400d8d32,3dd3b815
400d8fe6,3dd3e7c0
400d9299,3dd4175a
400d954c,3dd446f7
400d97ff,3dd47696
400d9ab2,3dd4a637
400d9d66,3dd4d5ec
400da019,3dd50591
400da2cc,3dd53538
400da57f,3dd564e2
400da832,3dd5948d
400daae6,3dd5c44c
400dad99,3dd5f3fc
400db04c,3dd623ae
400db2ff,3dd65361
400db5b2,3dd68317
400db866,3dd6b2e0
400dbb19,3dd6e29a
400dbdcc,3dd71256
400dc07f,3dd74214
400dc332,3dd771d4
400dc5e6,3dd7a1a8
400dc899,3dd7d16d
400dcb4c,3dd80133
400dcdff,3dd830fb
400dd0b2,3dd860c6
400dd366,3dd890a4
400dd619,3dd8c073
400dd8cc,3dd8f043
400ddb7f,3dd92016
400dde32,3dd94feb
400de0e6,3dd97fd3
400de399,3dd9afac
400de64c,3dd9df87
400de8ff,3dda0f64
400debb2,3dda3f44
400dee66,3dda6f36
400df119,3dda9f1a
400df3cc,3ddaceff
400df67f,3ddafee7
400df932,3ddb2ed0
400dfbe6,3ddb5ecd
400dfe99,3ddb8ebb
400e014c,3ddbbeab
400e03ff,3ddbee9c
400e06b2,3ddc1e90
400e0966,3ddc4e98
400e0c19,3ddc7e90
400e0ecc,3ddcae8a
400e117f,3ddcde86
400e1432,3ddd0e84
400e16e6,3ddd3e96
400e1999,3ddd6e98
400e1c4c,3ddd9e9c
400e1eff,3dddcea3
400e21b2,3dddfeab
400e2466,3dde2ec8
400e2719,3dde5ed4
400e29cc,3dde8ee3
400e2c7f,3ddebef4
400e2f32,3ddeef06
400e31e6,3ddf1f2d
400e3499,3ddf4f44
400e374c,3ddf7f5d
400e39ff,3ddfaf78
400e3cb2,3ddfdf95
400e3f66,3de00fc6
400e4219,3de03fe7
400e44cc,3de0700a
400e477f,3de0a030
400e4a32,3de0d057
400e4ce6,3de10092
400e4f99,3de130be
400e524c,3de160eb
400e54ff,3de1911b
400e57b2,3de1c14d
400e5a66,3de1f192
400e5d19,3de221c8
400e5fcc,3de25200
400e627f,3de2823a
400e6532,3de2b276
400e67e6,3de2e2c6
400e6a99,3de31306
400e6d4c,3de34348
400e6fff,3de3738c
400e72b2,3de3a3d3
400e7566,3de3d42d
400e7819,3de40477
400e7acc,3de434c4
400e7d7f,3de46512
400e8032,3de49563
400e82e6,3de4c5c7
400e8599,3de4f61c
400e884c,3de52673
400e8aff,3de556cc
400e8db2,3de58727
400e9066,3de5b795
400e9319,3de5e7f4
400e95cc,3de61855
400e987f,3de648b8
400e9b32,3de6791d
400e9de6,3de6a997
400ea099,3de6da00
400ea34c,3de70a6b
400ea5ff,3de73ad9
400ea8b2,3de76b48
400eab66,3de79bcb
400eae19,3de7cc3f
400eb0cc,3de7fcb5
400eb37f,3de82d2c
400eb632,3de85da6
400eb8e6,3de88e34
400ebb99,3de8beb1
400ebe4c,3de8ef31
400ec0ff,3de91fb3
400ec3b2,3de95037
400ec666,3de980cf
400ec919,3de9b157
400ecbcc,3de9e1e1
400ece7f,3dea126d
400ed132,3dea42fb
400ed3e6,3dea739e
400ed699,3deaa430
400ed94c,3dead4c4
400edbff,3deb055b
400edeb2,3deb35f3
400ee166,3deb66a0
400ee419,3deb973c
400ee6cc,3debc7db
400ee97f,3debf87c
400eec32,3dec291e
400eeee6,3dec59d5
400ef199,3dec8a7c
400ef44c,3decbb25
400ef6ff,3decebd0
400ef9b2,3ded1c7d
400efc66,3ded4d3e
400eff19,3ded7def
400f01cc,3dedaea2
400f047f,3deddf57
400f0732,3dee100e
400f09e6,3dee40d9
400f0c99,3dee7195
400f0f4c,3deea252
400f11ff,3deed312
400f14b2,3def03d3
400f1766,3def34a8
400f1a19,3def656e
400f1ccc,3def9636
400f1f7f,3defc6ff
400f2232,3deff7cb
400f24e6,3df028ab
400f2799,3df0597a
400f2a4c,3df08a4c
400f2cff,3df0bb20
400f2fb2,3df0ebf6
400f3266,3df11ce0
400f3519,3df14dba
400f37cc,3df17e96
400f3a7f,3df1af74
400f3d32,3df1e054
400f3fe6,3df21148
400f4299,3df2422d
400f454c,3df27313
400f47ff,3df2a3fb
400f4ab2,3df2d4e6
400f4d66,3df305e4
400f5019,3df336d3
400f52cc,3df367c3
400f557f,3df398b6
400f5832,3df3c9aa
400f5ae6,3df3fab3
400f5d99,3df42bac
400f604c,3df45ca6
400f62ff,3df48da3
400f65b2,3df4bea2
400f6866,3df4efb5
400f6b19,3df520b7
400f6dcc,3df551bc
400f707f,3df582c3
400f7332,3df5b3cc
400f75e6,3df5e4e9
400f7899,3df615f6
400f7b4c,3df64706
400f7dff,3df67817
400f80b2,3df6a92a
400f8366,3df6da51
400f8619,3df70b69
400f88cc,3df73c82
400f8b7f,3df76d9d
400f8e32,3df79eba
400f90e6,3df7cfec
400f9399,3df8010d
400f964c,3df83231
400f98ff,3df86357
400f9bb2,3df8947e
400f9e66,3df8c5ba
400fa119,3df8f6e6
400fa3cc,3df92813
400fa67f,3df95943
400fa932,3df98a75
400fabe6,3df9bbbb
400fae99,3df9ecf1
400fb14c,3dfa1e28
400fb3ff,3dfa4f62
400fb6b2,3dfa809e
400fb966,3dfab1ee
400fbc19,3dfae32e
400fbecc,3dfb1470
400fc17f,3dfb45b5
400fc432,3dfb76fb
400fc6e6,3dfba855
400fc999,3dfbd99f
400fcc4c,3dfc0aeb
400fceff,3dfc3c3a
400fd1b2,3dfc6d8a
400fd466,3dfc9eee
400fd719,3dfcd043
400fd9cc,3dfd0199
400fdc7f,3dfd32f2
400fdf32,3dfd644c
400fe1e6,3dfd95bb
400fe499,3dfdc719
400fe74c,3dfdf87a
400fe9ff,3dfe29dc
400fecb2,3dfe5b41
400fef66,3dfe8cba
400ff219,3dfebe23
400ff4cc,3dfeef8d
400ff77f,3dff20fa
400ffa32,3dff5269
400ffce6,3dff83ec
400fff99,3dffb55f
4010024c,3dffe6d4
401004ff,3e000c25
401007b2,3e0024e2
40100a66,3e003da8
40100d19,3e005667
40100fcc,3e006f26
4010127f,3e0087e7
40101532,3e00a0a8
401017e6,3e00b974
40101a99,3e00d238
40101d4c,3e00eafc
40101fff,3e0103c2
401022b2,3e011c89
40102566,3e013559
40102819,3e014e22
40102acc,3e0166ec
40102d7f,3e017fb6
40103032,3e019882
401032e6,3e01b158
40103599,3e01ca26
4010384c,3e01e2f4
40103aff,3e01fbc4
40103db2,3e021495
40104066,3e022d70
40104319,3e024642
401045cc,3e025f16
4010487f,3e0277eb
40104b32,3e0290c1
40104de6,3e02a9a1
40105099,3e02c279
4010534c,3e02db52
401055ff,3e02f42b
401058b2,3e030d06
40105b66,3e0325eb
40105e19,3e033ec8
401060cc,3e0357a6
4010637f,3e037085
40106632,3e038965
401068e6,3e03a24f
40106b99,3e03bb31
40106e4c,3e03d414
401070ff,3e03ecf8
401073b2,3e0405dd
40107666,3e041ecc
40107919,3e0437b3
40107bcc,3e04509c
40107e7f,3e046984
40108132,3e04826e
401083e6,3e049b63
40108699,3e04b44f
4010894c,3e04cd3c
40108bff,3e04e62a
40108eb2,3e04ff19
40109166,3e051813
40109419,3e053104
401096cc,3e0549f6
4010997f,3e0562e9
40109c32,3e057bdd
40109ee6,3e0594dc
4010a199,3e05add2
4010a44c,3e05c6c9
4010a6ff,3e05dfc1
4010a9b2,3e05f8ba
4010ac66,3e0611be
4010af19,3e062ab9
4010b1cc,3e0643b5
4010b47f,3e065cb3
4010b732,3e0675b1
4010b9e6,3e068eb9
4010bc99,3e06a7ba
4010bf4c,3e06c0bb
4010c1ff,3e06d9bd
4010c4b2,3e06f2c1
4010c766,3e070bce
4010ca19,3e0724d3
4010cccc,3e073dda
4010cf7f,3e0756e1
4010d232,3e076fe9
4010d4e6,3e0788fc
4010d799,3e07a206
4010da4c,3e07bb12
4010dcff,3e07d41e
4010dfb2,3e07ed2c
4010e266,3e080643
4010e519,3e081f53
4010e7cc,3e083863
4010ea7f,3e085174
4010ed32,3e086a87
4010efe6,3e0883a4
4010f299,3e089cb8
4010f54c,3e08b5cd
4010f7ff,3e08cee4
4010fab2,3e08e7fb
4010fd66,3e09011d
40110019,3e091a37
401102cc,3e093351
4011057f,3e094c6d
40110832,3e096589
40110ae6,3e097eb0
40110d99,3e0997ce
4011104c,3e09b0ee
401112ff,3e09ca0e
401115b2,3e09e330
40111866,3e09fc5c
40111b19,3e0a157f
40111dcc,3e0a2ea4
4011207f,3e0a47c9
40112332,3e0a60f0
401125e6,3e0a7a21
40112899,3e0a934a
40112b4c,3e0aac73
40112dff,3e0ac59e
401130b2,3e0adec9
40113366,3e0af7ff
40113619,3e0b112d
401138cc,3e0b2a5b
40113b7f,3e0b438b
40113e32,3e0b5cbc
401140e6,3e0b75f7
40114399,3e0b8f29
4011464c,3e0ba85d
401148ff,3e0bc191
40114bb2,3e0bdac7
40114e66,3e0bf407
40115119,3e0c0d3f
401153cc,3e0c2677
4011567f,3e0c3fb1
40115932,3e0c58ec
40115be6,3e0c7231
40115e99,3e0c8b6d
4011614c,3e0ca4ab
401163ff,3e0cbdea
401166b2,3e0cd729
40116966,3e0cf073
40116c19,3e0d09b5
40116ecc,3e0d22f8
4011717f,3e0d3c3b
40117432,3e0d5580
401176e6,3e0d6ecf
40117999,3e0d8816
40117c4c,3e0da15e
40117eff,3e0dbaa6
401181b2,3e0dd3f0
40118466,3e0ded44
40118719,3e0e0690
401189cc,3e0e1fdc
40118c7f,3e0e392a
40118f32,3e0e5279
401191e6,3e0e6bd2
40119499,3e0e8523
4011974c,3e0e9e74
401199ff,3e0eb7c7
40119cb2,3e0ed11b
40119f66,3e0eea79
4011a219,3e0f03cf
4011a4cc,3e0f1d25
4011a77f,3e0f367d
4011aa32,3e0f4fd6
4011ace6,3e0f6939
4011af99,3e0f8294
4011b24c,3e0f9bf0
4011b4ff,3e0fb54c
4011b7b2,3e0fceaa
4011ba66,3e0fe812
4011bd19,3e100172
4011bfcc,3e101ad3
4011c27f,3e103434
4011c532,3e104d97
4011c7e6,3e106704
4011ca99,3e108069
4011cd4c,3e1099cf
4011cfff,3e10b335
4011d2b2,3e10cc9d
4011d566,3e10e60f
4011d819,3e10ff79
4011dacc,3e1118e4
4011dd7f,3e113250
4011e032,3e114bbc
4011e2e6,3e116534
4011e599,3e117ea2
4011e84c,3e119812
4011eaff,3e11b183
4011edb2,3e11caf5
4011f066,3e11e471
4011f319,3e11fde4
4011f5cc,3e121759
4011f87f,3e1230cf
4011fb32,3e124a46
4011fde6,3e1263c7
40120099,3e127d40
4012034c,3e1296b9
401205ff,3e12b034
401208b2,3e12c9b0
40120b66,3e12e336
40120e19,3e12fcb4
401210cc,3e131632
4012137f,3e132fb2
40121632,3e134933
401218e6,3e1362be
40121b99,3e137c41
40121e4c,3e1395c4
401220ff,3e13af49
401223b2,3e13c8cf
40122666,3e13e25f
40122919,3e13fbe7
40122bcc,3e14156f
40122e7f,3e142ef9
40123132,3e144884
401233e6,3e146219
40123699,3e147ba6
4012394c,3e149533
40123bff,3e14aec2
40123eb2,3e14c852
40124166,3e14e1ec
40124419,3e14fb7d
401246cc,3e151510
4012497f,3e152ea4
40124c32,3e154838
40124ee6,3e1561d7
40125199,3e157b6e
4012544c,3e159506
401256ff,3e15ae9e
401259b2,3e15c838
40125c66,3e15e1dc
40125f19,3e15fb78
401261cc,3e161514
4012647f,3e162eb2
40126732,3e164851
401269e6,3e1661fa
40126c99,3e167b9a
40126f4c,3e16953c
401271ff,3e16aede
401274b2,3e16c882
40127766,3e16e230
40127a19,3e16fbd6
40127ccc,3e17157c
40127f7f,3e172f24
40128232,3e1748cc
401284e6,3e17627f
40128799,3e177c2a
40128a4c,3e1795d6
40128cff,3e17af82
40128fb2,3e17c930
40129266,3e17e2e8
40129519,3e17fc97
401297cc,3e181648
40129a7f,3e182ff9
40129d32,3e1849ac
40129fe6,3e186369
4012a299,3e187d1d
4012a54c,3e1896d3
4012a7ff,3e18b089
4012aab2,3e18ca40
4012ad66,3e18e402
4012b019,3e18fdbc
4012b2cc,3e191776
4012b57f,3e193132
4012b832,3e194aee
4012bae6,3e1964b5
4012bd99,3e197e74
4012c04c,3e199833
4012c2ff,3e19b1f3
4012c5b2,3e19cbb5
4012c866,3e19e581
4012cb19,3e19ff44
4012cdcc,3e1a1908
4012d07f,3e1a32ce
4012d332,3e1a4c94
4012d5e6,3e1a6665
4012d899,3e1a802d
4012db4c,3e1a99f7
4012ddff,3e1ab3c1
4012e0b2,3e1acd8c
4012e366,3e1ae762
4012e619,3e1b012f
4012e8cc,3e1b1afe
4012eb7f,3e1b34cd
4012ee32,3e1b4e9d
4012f0e6,3e1b6878
4012f399,3e1b824a
4012f64c,3e1b9c1e
4012f8ff,3e1bb5f2
4012fbb2,3e1bcfc7
4012fe66,3e1be9a7
40130119,3e1c037e
401303cc,3e1c1d56
4013067f,3e1c372f
40130932,3e1c5109
40130be6,3e1c6aee
40130e99,3e1c84ca
4013114c,3e1c9ea7
401313ff,3e1cb885
401316b2,3e1cd264
40131966,3e1cec4e
40131c19,3e1d062f
40131ecc,3e1d2011
4013217f,3e1d39f4
40132432,3e1d53d8
401326e6,3e1d6dc7
40132999,3e1d87ad
40132c4c,3e1da194
40132eff,3e1dbb7c
401331b2,3e1dd565
40133466,3e1def59
40133719,3e1e0944
401339cc,3e1e2330
40133c7f,3e1e3d1d
40133f32,3e1e570b
401341e6,3e1e7103
40134499,3e1e8af3
4013474c,3e1ea4e4
401349ff,3e1ebed6
40134cb2,3e1ed8c9
40134f66,3e1ef2c6
40135219,3e1f0cbb
401354cc,3e1f26b1
4013577f,3e1f40a8
40135a32,3e1f5aa0
40135ce6,3e1f74a2
40135f99,3e1f8e9c
4013624c,3e1fa896
401364ff,3e1fc292
401367b2,3e1fdc8f
40136a66,3e1ff696
40136d19,3e201095
40136fcc,3e202a95
4013727f,3e204495
40137532,3e205e97
401377e6,3e2078a3
40137a99,3e2092a7
40137d4c,3e20acac
40137fff,3e20c6b1
401382b2,3e20e0b8
40138566,3e20fac9
40138819,3e2114d2
40138acc,3e212edb
40138d7f,3e2148e6
40139032,3e2162f2
401392e6,3e217d08
40139599,3e219715
4013984c,3e21b124
40139aff,3e21cb33
40139db2,3e21e544
4013a066,3e21ff5f
4013a319,3e221971
4013a5cc,3e223385
4013a87f,3e224d99
4013ab32,3e2267ae
4013ade6,3e2281cf
4013b099,3e229be6
4013b34c,3e22b5fe
4013b5ff,3e22d018
4013b8b2,3e22ea32
4013bb66,3e230457
4013be19,3e231e73
4013c0cc,3e233890
4013c37f,3e2352af
4013c632,3e236cce
4013c8e6,3e2386f8
4013cb99,3e23a119
4013ce4c,3e23bb3b
4013d0ff,3e23d55e
4013d3b2,3e23ef83
4013d666,3e2409b1
4013d919,3e2423d7
4013dbcc,3e243dff
4013de7f,3e245827
4013e132,3e247250
4013e3e6,3e248c83
4013e699,3e24a6af
4013e94c,3e24c0db
4013ebff,3e24db08
4013eeb2,3e24f536
4013f166,3e250f6e
4013f419,3e25299e
4013f6cc,3e2543cf
4013f97f,3e255e01
4013fc32,3e257834
4013fee6,3e259272
40140199,3e25aca6
4014044c,3e25c6dc
401406ff,3e25e113
401409b2,3e25fb4b
40140c66,3e26158d
40140f19,3e262fc7
401411cc,3e264a02
4014147f,3e26643d
40141732,3e267e7a
401419e6,3e2698c2
40141c99,3e26b300
40141f4c,3e26cd40
401421ff,3e26e781
401424b2,3e2701c2
40142766,3e271c0f
40142a19,3e273652
40142ccc,3e275097
40142f7f,3e276adc
40143232,3e278523
401434e6,3e279f74
40143799,3e27b9bd
40143a4c,3e27d406
40143cff,3e27ee50
40143fb2,3e28089c
40144266,3e2822f2
40144519,3e283d40
401447cc,3e28578e
40144a7f,3e2871dd
40144d32,3e288c2e
40144fe6,3e28a688
40145299,3e28c0db
4014554c,3e28db2e
401457ff,3e28f582
40145ab2,3e290fd8
40145d66,3e292a37
40146019,3e29448f
401462cc,3e295ee7
4014657f,3e297940
40146832,3e29939a
40146ae6,3e29adff
40146d99,3e29c85b
4014704c,3e29e2b8
401472ff,3e29fd16
401475b2,3e2a1775
40147866,3e2a31df
40147b19,3e2a4c40
40147dcc,3e2a66a2
4014807f,3e2a8105
40148332,3e2a9b69
401485e6,3e2ab5d7
40148899,3e2ad03d
40148b4c,3e2aeaa4
40148dff,3e2b050c
401490b2,3e2b1f75
40149366,3e2b39e8
40149619,3e2b5453
401498cc,3e2b6ebe
40149b7f,3e2b892b
40149e32,3e2ba399
4014a0e6,3e2bbe11
4014a399,3e2bd881
4014a64c,3e2bf2f2
4014a8ff,3e2c0d63
4014abb2,3e2c27d6
4014ae66,3e2c4253
4014b119,3e2c5cc7
4014b3cc,3e2c773d
4014b67f,3e2c91b3
4014b932,3e2cac2b
4014bbe6,3e2cc6ad
4014be99,3e2ce126
4014c14c,3e2cfba1
4014c3ff,3e2d161c
4014c6b2,3e2d3099
4014c966,3e2d4b20
4014cc19,3e2d659e
4014cecc,3e2d801d
4014d17f,3e2d9a9d
4014d432,3e2db51f
4014d6e6,3e2dcfab
4014d999,3e2dea2e
4014dc4c,3e2e04b2
4014deff,3e2e1f37
4014e1b2,3e2e39bd
4014e466,3e2e544e
4014e719,3e2e6ed6
4014e9cc,3e2e895f
4014ec7f,3e2ea3e9
4014ef32,3e2ebe74
4014f1e6,3e2ed90a
4014f499,3e2ef396
4014f74c,3e2f0e24
4014f9ff,3e2f28b3
4014fcb2,3e2f4343
4014ff66,3e2f5dde
40150219,3e2f7870
401504cc,3e2f9302
4015077f,3e2fad96
40150a32,3e2fc82b
40150ce6,3e2fe2ca
40150f99,3e2ffd61
4015124c,3e3017f8
401514ff,3e303291
401517b2,3e304d2a
40151a66,3e3067cf
40151d19,3e30826a
40151fcc,3e309d07
4015227f,3e30b7a4
40152532,3e30d243
401527e6,3e30ecec
40152a99,3e31078c
40152d4c,3e31222e
40152fff,3e313cd0
401532b2,3e315773
40153566,3e317221
40153819,3e318cc6
40153acc,3e31a76d
40153d7f,3e31c214
40154032,3e31dcbc
401542e6,3e31f76f
40154599,3e321219
4015484c,3e322cc4
40154aff,3e324770
40154db2,3e32621d
40155066,3e327cd5
40155319,3e329784
401555cc,3e32b234
4015587f,3e32cce5
40155b32,3e32e797
40155de6,3e330253
40156099,3e331d07
4015634c,3e3337bc
401565ff,3e335272
401568b2,3e336d28
40156b66,3e3387ea
40156e19,3e33a2a2
401570cc,3e33bd5c
4015737f,3e33d817
40157632,3e33f2d2
401578e6,3e340d99
40157b99,3e342856
40157e4c,3e344315
401580ff,3e345dd4
401583b2,3e347895
40158666,3e349360
40158919,3e34ae22
40158bcc,3e34c8e6
40158e7f,3e34e3aa
40159132,3e34fe6f
401593e6,3e35193f
40159699,3e353407
4015994c,3e354ecf
40159bff,3e356998
40159eb2,3e358462
4015a166,3e359f37
4015a419,3e35ba03
4015a6cc,3e35d4d0
4015a97f,3e35ef9e
4015ac32,3e360a6d
4015aee6,3e362547
4015b199,3e364018
4015b44c,3e365aea
4015b6ff,3e3675bd
4015b9b2,3e369090
4015bc66,3e36ab6f
4015bf19,3e36c645
4015c1cc,3e36e11b
4015c47f,3e36fbf3
4015c732,3e3716cc
4015c9e6,3e3731af
4015cc99,3e374c8a
4015cf4c,3e376765
4015d1ff,3e378242
4015d4b2,3e379d1f
4015d766,3e37b808
4015da19,3e37d2e7
4015dccc,3e37edc8
4015df7f,3e3808a9
4015e232,3e38238b
4015e4e6,3e383e78
4015e799,3e38595d
4015ea4c,3e387442
4015ecff,3e388f28
4015efb2,3e38aa0f
4015f266,3e38c501
4015f519,3e38dfea
4015f7cc,3e38fad4
4015fa7f,3e3915c0
4015fd32,3e3930ab
4015ffe6,3e394ba2
40160299,3e396690
4016054c,3e39817f
401607ff,3e399c6f
40160ab2,3e39b760
40160d66,3e39d25b
40161019,3e39ed4e
401612cc,3e3a0842
4016157f,3e3a2337
40161832,3e3a3e2c
40161ae6,3e3a592d
40161d99,3e3a7425
4016204c,3e3a8f1d
401622ff,3e3aaa16
401625b2,3e3ac511
40162866,3e3ae016
40162b19,3e3afb13
40162dcc,3e3b1610
4016307f,3e3b310e
40163332,3e3b4c0e
401635e6,3e3b6718
40163899,3e3b8219
40163b4c,3e3b9d1b
40163dff,3e3bb81f
401640b2,3e3bd323
40164366,3e3bee32
40164619,3e3c0938
401648cc,3e3c243f
40164b7f,3e3c3f47
40164e32,3e3c5a50
401650e6,3e3c7563
40165399,3e3c906e
4016564c,3e3cab7a
401658ff,3e3cc687
40165bb2,3e3ce195
40165e66,3e3cfcad
40166119,3e3d17bd
401663cc,3e3d32ce
4016667f,3e3d4ddf
40166932,3e3d68f2
40166be6,3e3d840f
40166e99,3e3d9f24
4016714c,3e3dba39
401673ff,3e3dd550
401676b2,3e3df067
40167966,3e3e0b8a
40167c19,3e3e26a3
40167ecc,3e3e41bd
4016817f,3e3e5cd8
40168432,3e3e77f4
401686e6,3e3e931c
40168999,3e3eae3a
40168c4c,3e3ec959
40168eff,3e3ee479
401691b2,3e3eff9a
40169466,3e3f1ac6
40169719,3e3f35e9
401699cc,3e3f510d
40169c7f,3e3f6c31
40169f32,3e3f8757
4016a1e6,3e3fa288
4016a499,3e3fbdb0
4016a74c,3e3fd8d9
4016a9ff,3e3ff402
4016acb2,3e400f2d
4016af66,3e402a62
4016b219,3e40458f
4016b4cc,3e4060bc
4016b77f,3e407beb
4016ba32,3e40971a
4016bce6,3e40b255
4016bf99,3e40cd86
4016c24c,3e40e8b8
4016c4ff,3e4103eb
4016c7b2,3e411f20
4016ca66,3e413a5f
4016cd19,3e415595
4016cfcc,3e4170cc
4016d27f,3e418c04
4016d532,3e41a73d
4016d7e6,3e41c281
4016da99,3e41ddbc
4016dd4c,3e41f8f8
4016dfff,3e421435
4016e2b2,3e422f73
4016e566,3e424abc
4016e819,3e4265fb
4016eacc,3e42813c
4016ed7f,3e429c7e
4016f032,3e42b7c0
4016f2e6,3e42d30e
4016f599,3e42ee53
4016f84c,3e430998
4016faff,3e4324de
4016fdb2,3e434026
40170066,3e435b78
40170319,3e4376c2
401705cc,3e43920c
4017087f,3e43ad57
40170b32,3e43c8a3
40170de6,3e43e3fa
40171099,3e43ff49
4017134c,3e441a98
401715ff,3e4435e8
401718b2,3e445138
40171b66,3e446c94
40171e19,3e4487e8
401720cc,3e44a33b
4017237f,3e44be90
40172632,3e44d9e6
401728e6,3e44f547
40172b99,3e45109e
40172e4c,3e452bf7
401730ff,3e454751
401733b2,3e4562ab
40173666,3e457e11
40173919,3e45996d
40173bcc,3e45b4cb
40173e7f,3e45d029
40174132,3e45eb88
401743e6,3e4606f3
40174699,3e462254
4017494c,3e463db6
40174bff,3e465919
40174eb2,3e46747e
40175166,3e468fed
40175419,3e46ab53
401756cc,3e46c6ba
4017597f,3e46e222
40175c32,3e46fd8a
40175ee6,3e4718fe
40176199,3e473469
4017644c,3e474fd5
401766ff,3e476b42
401769b2,3e4786b0
40176c66,3e47a228
40176f19,3e47bd98
401771cc,3e47d908
4017747f,3e47f47a
40177732,3e480fec
401779e6,3e482b6a
40177c99,3e4846de
40177f4c,3e486253
401781ff,3e487dca
401784b2,3e489941
40178766,3e48b4c3
40178a19,3e48d03c
40178ccc,3e48ebb6
40178f7f,3e490731
40179232,3e4922ad
401794e6,3e493e35
40179799,3e4959b2
40179a4c,3e497531
40179cff,3e4990b1
40179fb2,3e49ac32
4017a266,3e49c7be
4017a519,3e49e340
4017a7cc,3e49fec4
4017aa7f,3e4a1a48
4017ad32,3e4a35ce
4017afe6,3e4a515f
4017b299,3e4a6ce6
4017b54c,3e4a886e
4017b7ff,3e4aa3f8
4017bab2,3e4abf82
4017bd66,3e4adb17
4017c019,3e4af6a4
4017c2cc,3e4b1231
4017c57f,3e4b2dbf
4017c832,3e4b494e
4017cae6,3e4b64e8
4017cd99,3e4b8079
4017d04c,3e4b9c0b
4017d2ff,3e4bb79e
4017d5b2,3e4bd332
4017d866,3e4beed1
4017db19,3e4c0a66
4017ddcc,3e4c25fd
4017e07f,3e4c4194
4017e332,3e4c5d2d
4017e5e6,3e4c78d1
4017e899,3e4c946b
4017eb4c,3e4cb007
4017edff,3e4ccba3
4017f0b2,3e4ce740
4017f366,3e4d02e9
4017f619,3e4d1e88
4017f8cc,3e4d3a28
4017fb7f,3e4d55c9
4017fe32,3e4d716c
401800e6,3e4d8d19
40180399,3e4da8bd
4018064c,3e4dc462
401808ff,3e4de008
40180bb2,3e4dfbae
40180e66,3e4e1760
40181119,3e4e3309
401813cc,3e4e4eb3
4018167f,3e4e6a5d
40181932,3e4e8609
40181be6,3e4ea1c0
40181e99,3e4ebd6d
4018214c,3e4ed91c
401823ff,3e4ef4cb
401826b2,3e4f107b
40182966,3e4f2c37
40182c19,3e4f47e9
40182ecc,3e4f639c
4018317f,3e4f7f50
40183432,3e4f9b05
401836e6,3e4fb6c6
40183999,3e4fd27d
40183c4c,3e4fee35
40183eff,3e5009ed
401841b2,3e5025a7
40184466,3e50416c
40184719,3e505d28
401849cc,3e5078e5
40184c7f,3e5094a2
40184f32,3e50b061
401851e6,3e50cc2b
40185499,3e50e7eb
4018574c,3e5103ac
401859ff,3e511f6f
40185cb2,3e513b32
40185f66,3e515701
40186219,3e5172c6
401864cc,3e518e8c
4018677f,3e51aa53
40186a32,3e51c61b
40186ce6,3e51e1ee
40186f99,3e51fdb8
4018724c,3e521983
401874ff,3e52354f
401877b2,3e52511c
40187a66,3e526cf4
40187d19,3e5288c2
40187fcc,3e52a492
4018827f,3e52c063
40188532,3e52dc34
401887e6,3e52f811
40188a99,3e5313e4
40188d4c,3e532fb8
40188fff,3e534b8e
401892b2,3e536764
40189566,3e538345
40189819,3e539f1e
40189acc,3e53baf7
40189d7f,3e53d6d1
4018a032,3e53f2ac
4018a2e6,3e540e92
4018a599,3e542a6f
4018a84c,3e54464d
4018aaff,3e54622c
4018adb2,3e547e0b
4018b066,3e5499f6
4018b319,3e54b5d8
4018b5cc,3e54d1ba
4018b87f,3e54ed9e
4018bb32,3e550982
4018bde6,3e552572
4018c099,3e554158
4018c34c,3e555d3f
4018c5ff,3e557928
4018c8b2,3e559511
4018cb66,3e55b105
4018ce19,3e55ccf0
4018d0cc,3e55e8dc
4018d37f,3e5604c9
4018d632,3e5620b7
4018d8e6,3e563cb0
4018db99,3e5658a0
4018de4c,3e567491
4018e0ff,3e569082
4018e3b2,3e56ac75
4018e666,3e56c873
4018e919,3e56e467
4018ebcc,3e57005d
4018ee7f,3e571c53
4018f132,3e57384a
4018f3e6,3e57544d
4018f699,3e577046
4018f94c,3e578c40
4018fbff,3e57a83b
4018feb2,3e57c438
40190166,3e57e03f
40190419,3e57fc3d
401906cc,3e58183c
4019097f,3e58343b
40190c32,3e58503c
40190ee6,3e586c48
40191199,3e58884b
4019144c,3e58a44e
401916ff,3e58c053
401919b2,3e58dc58
40191c66,3e58f869
40191f19,3e591471
401921cc,3e593079
4019247f,3e594c82
40192732,3e59688c
401929e6,3e5984a2
40192c99,3e59a0ae
40192f4c,3e59bcbb
401931ff,3e59d8c8
401934b2,3e59f4d7
40193766,3e5a10f2
40193a19,3e5a2d02
40193ccc,3e5a4914
40193f7f,3e5a6527
40194232,3e5a813a
401944e6,3e5a9d59
40194799,3e5ab96f
40194a4c,3e5ad585
40194cff,3e5af19c
40194fb2,3e5b0db4
40195266,3e5b29d8
40195519,3e5b45f3
401957cc,3e5b620e
40195a7f,3e5b7e2a
40195d32,3e5b9a46
40195fe6,3e5bb66f
40196299,3e5bd28e
4019654c,3e5beeae
401967ff,3e5c0ace
40196ab2,3e5c26f0
40196d66,3e5c431d
40197019,3e5c5f41
401972cc,3e5c7b65
4019757f,3e5c978b
40197832,3e5cb3b1
40197ae6,3e5ccfe3
40197d99,3e5cec0b
4019804c,3e5d0834
401982ff,3e5d245e
401985b2,3e5d408a
40198866,3e5d5cc0
40198b19,3e5d78ed
40198dcc,3e5d951b
4019907f,3e5db14a
40199332,3e5dcd7a
401995e6,3e5de9b5
40199899,3e5e05e6
40199b4c,3e5e2219
40199dff,3e5e3e4c
4019a0b2,3e5e5a81
4019a366,3e5e76c1
4019a619,3e5e92f7
4019a8cc,3e5eaf2e
4019ab7f,3e5ecb67
4019ae32,3e5ee7a0
4019b0e6,3e5f03e4
4019b399,3e5f2020
4019b64c,3e5f3c5c
4019b8ff,3e5f5898
4019bbb2,3e5f74d6
4019be66,3e5f911f
4019c119,3e5fad5f
4019c3cc,3e5fc9a0
4019c67f,3e5fe5e1
4019c932,3e600224
4019cbe6,3e601e72
4019ce99,3e603ab6
4019d14c,3e6056fc
4019d3ff,3e607342
4019d6b2,3e608f89
4019d966,3e60abdc
4019dc19,3e60c825
4019decc,3e60e46f
4019e17f,3e6100ba
4019e432,3e611d06
4019e6e6,3e61395d
4019e999,3e6155ab
4019ec4c,3e6171fa
4019eeff,3e618e49
4019f1b2,3e61aa9a
4019f466,3e61c6f6
4019f719,3e61e348
4019f9cc,3e61ff9c
4019fc7f,3e621bf0
4019ff32,3e623845
401a01e6,3e6254a6
401a0499,3e6270fd
401a074c,3e628d55
401a09ff,3e62a9ae
401a0cb2,3e62c608
401a0f66,3e62e26e
401a1219,3e62feca
401a14cc,3e631b26
401a177f,3e633784
401a1a32,3e6353e3
401a1ce6,3e63704c
401a1f99,3e638cad
401a224c,3e63a90e
401a24ff,3e63c571
401a27b2,3e63e1d4
401a2a66,3e63fe43
401a2d19,3e641aa8
401a2fcc,3e64370e
401a327f,3e645375
401a3532,3e646fdd
401a37e6,3e648c51
401a3a99,3e64a8ba
401a3d4c,3e64c525
401a3fff,3e64e191
401a42b2,3e64fdfe
401a4566,3e651a76
401a4819,3e6536e4
401a4acc,3e655354
401a4d7f,3e656fc4
401a5032,3e658c35
401a52e6,3e65a8b2
401a5599,3e65c525
401a584c,3e65e199
401a5aff,3e65fe0e
401a5db2,3e661a84
401a6066,3e663706
401a6319,3e66537e
401a65cc,3e666ff6
401a687f,3e668c70
401a6b32,3e66a8eb
401a6de6,3e66c571
401a7099,3e66e1ee
401a734c,3e66fe6b
401a75ff,3e671ae9
401a78b2,3e673769
401a7b66,3e6753f3
401a7e19,3e677075
401a80cc,3e678cf6
401a837f,3e67a97a
401a8632,3e67c5fe
401a88e6,3e67e28d
401a8b99,3e67ff13
401a8e4c,3e681b9a
401a90ff,3e683821
401a93b2,3e6854aa
401a9666,3e68713e
401a9919,3e688dc8
401a9bcc,3e68aa54
401a9e7f,3e68c6e0
401aa132,3e68e36e
401aa3e6,3e690006
401aa699,3e691c96
401aa94c,3e693926
401aabff,3e6955b6
401aaeb2,3e697249
401ab166,3e698ee6
401ab419,3e69ab7a
401ab6cc,3e69c80e
401ab97f,3e69e4a4
401abc32,3e6a013b
401abee6,3e6a1ddc
401ac199,3e6a3a75
401ac44c,3e6a570e
401ac6ff,3e6a73a9
401ac9b2,3e6a9044
401acc66,3e6aaceb
401acf19,3e6ac988
401ad1cc,3e6ae626
401ad47f,3e6b02c5
401ad732,3e6b1f65
401ad9e6,3e6b3c10
401adc99,3e6b58b2
401adf4c,3e6b7555
401ae1ff,3e6b91f8
401ae4b2,3e6bae9c
401ae766,3e6bcb4d
401aea19,3e6be7f3
401aeccc,3e6c049a
401aef7f,3e6c2143
401af232,3e6c3dec
401af4e6,3e6c5aa0
401af799,3e6c774c
401afa4c,3e6c93f7
401afcff,3e6cb0a4
401affb2,3e6ccd52
401b0266,3e6cea0c
401b0519,3e6d06bb
401b07cc,3e6d236c
401b0a7f,3e6d401d
401b0d32,3e6d5cd0
401b0fe6,3e6d798e
401b1299,3e6d9642
401b154c,3e6db2f7
401b17ff,3e6dcfae
401b1ab2,3e6dec65
401b1d66,3e6e0927
401b2019,3e6e25e0
401b22cc,3e6e429a
401b257f,3e6e5f55
401b2832,3e6e7c10
401b2ae6,3e6e98d8
401b2d99,3e6eb596
401b304c,3e6ed254
401b32ff,3e6eef14
401b35b2,3e6f0bd4
401b3866,3e6f28a0
401b3b19,3e6f4562
401b3dcc,3e6f6225
401b407f,3e6f7ee9
401b4332,3e6f9bae
401b45e6,3e6fb87f
401b4899,3e6fd546
401b4b4c,3e6ff20e
401b4dff,3e700ed6
401b50b2,3e702ba0
401b5366,3e704875
401b5619,3e706541
401b58cc,3e70820d
401b5b7f,3e709eda
401b5e32,3e70bba8
401b60e6,3e70d882
401b6399,3e70f552
401b664c,3e711224
401b68ff,3e712ef5
401b6bb2,3e714bc8
401b6e66,3e7168a7
401b7119,3e71857c
401b73cc,3e71a251
401b767f,3e71bf28
401b7932,3e71dbff
401b7be6,3e71f8e3
401b7e99,3e7215bc
401b814c,3e723296
401b83ff,3e724f71
401b86b2,3e726c4e
401b8966,3e728935
401b8c19,3e72a613
401b8ecc,3e72c2f2
401b917f,3e72dfd2
401b9432,3e72fcb2
401b96e6,3e73199f
401b9999,3e733682
401b9c4c,3e735365
401b9eff,3e73704a
401ba1b2,3e738d2f
401ba466,3e73aa20
401ba719,3e73c707
401ba9cc,3e73e3f0
401bac7f,3e7400d8
401baf32,3e741dc3
401bb1e6,3e743ab8
401bb499,3e7457a4
401bb74c,3e747491
401bb9ff,3e74917e
401bbcb2,3e74ae6d
401bbf66,3e74cb67
401bc219,3e74e858
401bc4cc,3e750549
401bc77f,3e75223b
401bca32,3e753f2f
401bcce6,3e755c2e
401bcf99,3e757923
401bd24c,3e759619
401bd4ff,3e75b310
401bd7b2,3e75d007
401bda66,3e75ed0b
401bdd19,3e760a04
401bdfcc,3e7626ff
401be27f,3e7643fb
401be532,3e7660f7
401be7e6,3e767dff
401bea99,3e769afe
401bed4c,3e76b7fd
401befff,3e76d4fd
401bf2b2,3e76f1fe
401bf566,3e770f0b
401bf819,3e772c0e
401bfacc,3e774912
401bfd7f,3e776616
401c0032,3e77831c
401c02e6,3e77a02d
401c0599,3e77bd35
401c084c,3e77da3d
401c0aff,3e77f746
401c0db2,3e781451
401c1066,3e783167
401c1319,3e784e73
401c15cc,3e786b80
401c187f,3e78888e
401c1b32,3e78a59d
401c1de6,3e78c2b7
401c2099,3e78dfc8
401c234c,3e78fcda
401c25ff,3e7919ec
401c28b2,3e793700
401c2b66,3e79541f
401c2e19,3e797134
401c30cc,3e798e4a
401c337f,3e79ab62
401c3632,3e79c87a
401c38e6,3e79e59d
401c3b99,3e7a02b7
401c3e4c,3e7a1fd2
401c40ff,3e7a3cee
401c43b2,3e7a5a0a
401c4666,3e7a7733
401c4919,3e7a9452
401c4bcc,3e7ab171
401c4e7f,3e7ace91
401c5132,3e7aebb2
401c53e6,3e7b08e0
401c5699,3e7b2603
401c594c,3e7b4327
401c5bff,3e7b604c
401c5eb2,3e7b7d71
401c6166,3e7b9aa3
401c6419,3e7bb7ca
401c66cc,3e7bd4f3
401c697f,3e7bf21d
401c6c32,3e7c0f47
401c6ee6,3e7c2c7d
401c7199,3e7c49aa
401c744c,3e7c66d7
401c76ff,3e7c8405
401c79b2,3e7ca134
401c7c66,3e7cbe6f
401c7f19,3e7cdba0
401c81cc,3e7cf8d2
401c847f,3e7d1604
401c8732,3e7d3338
401c89e6,3e7d5077
401c8c99,3e7d6dad
401c8f4c,3e7d8ae3
401c91ff,3e7da81a
401c94b2,3e7dc552
401c9766,3e7de297
401c9a19,3e7dffd1
401c9ccc,3e7e1d0c
401c9f7f,3e7e3a47
401ca232,3e7e5784
401ca4e6,3e7e74cd
401ca799,3e7e920b
401caa4c,3e7eaf4b
401cacff,3e7ecc8b
401cafb2,3e7ee9cd
401cb266,3e7f071a
401cb519,3e7f245d
401cb7cc,3e7f41a1
401cba7f,3e7f5ee6
401cbd32,3e7f7c2c
401cbfe6,3e7f997e
401cc299,3e7fb6c6
401cc54c,3e7fd40e
401cc7ff,3e7ff158
401ccab2,3e800751
401ccd66,3e8015fc
401cd019,3e8024a3
401cd2cc,3e80334a
401cd57f,3e8041f0
401cd832,3e805098
401cdae6,3e805f46
401cdd99,3e806dee
401ce04c,3e807c97
401ce2ff,3e808b40
401ce5b2,3e8099ea
401ce866,3e80a89a
401ceb19,3e80b745
401cedcc,3e80c5f0
401cf07f,3e80d49c
401cf332,3e80e348
401cf5e6,3e80f1fa
401cf899,3e8100a7
401cfb4c,3e810f54
401cfdff,3e811e02
401d00b2,3e812cb1
401d0366,3e813b65
401d0619,3e814a14
401d08cc,3e8158c4
401d0b7f,3e816774
401d0e32,3e817625
401d10e6,3e8184dc
401d1399,3e81938d
401d164c,3e81a23f
401d18ff,3e81b0f2
401d1bb2,3e81bfa5
401d1e66,3e81ce5e
401d2119,3e81dd12
401d23cc,3e81ebc6
401d267f,3e81fa7b
401d2932,3e820930
401d2be6,3e8217eb
401d2e99,3e8226a1
401d314c,3e823558
401d33ff,3e82440f
401d36b2,3e8252c7
401d3966,3e826184
401d3c19,3e82703c
401d3ecc,3e827ef5
401d417f,3e828daf
401d4432,3e829c69
401d46e6,3e82ab29
401d4999,3e82b9e3
401d4c4c,3e82c89e
401d4eff,3e82d75a
401d51b2,3e82e616
401d5466,3e82f4d8
401d5719,3e830395
401d59cc,3e831253
401d5c7f,3e832111
401d5f32,3e832fcf
401d61e6,3e833e93
401d6499,3e834d53
401d674c,3e835c12
401d69ff,3e836ad3
401d6cb2,3e837993
401d6f66,3e83885a
401d7219,3e83971c
401d74cc,3e83a5de
401d777f,3e83b4a0
401d7a32,3e83c363
401d7ce6,3e83d22c
401d7f99,3e83e0f0
401d824c,3e83efb4
401d84ff,3e83fe79
401d87b2,3e840d3e
401d8a66,3e841c09
401d8d19,3e842acf
401d8fcc,3e843996
401d927f,3e84485d
401d9532,3e845724
401d97e6,3e8465f2
401d9a99,3e8474ba
401d9d4c,3e848383
401d9fff,3e84924c
401da2b2,3e84a116
401da566,3e84afe6
401da819,3e84beb1
401daacc,3e84cd7c
401dad7f,3e84dc47
401db032,3e84eb13
401db2e6,3e84f9e6
401db599,3e8508b2
401db84c,3e851780
401dbaff,3e85264e
401dbdb2,3e85351c
401dc066,3e8543f0
401dc319,3e8552c0
401dc5cc,3e85618f
401dc87f,3e85705f
401dcb32,3e857f30
401dcde6,3e858e06
401dd099,3e859cd8
401dd34c,3e85abaa
401dd5ff,3e85ba7c
401dd8b2,3e85c94f
401ddb66,3e85d828
401dde19,3e85e6fc
401de0cc,3e85f5d0
401de37f,3e8604a5
401de632,3e86137a
401de8e6,3e862255
401deb99,3e86312b
401dee4c,3e864001
401df0ff,3e864ed8
401df3b2,3e865db0
401df666,3e866c8d
401df919,3e867b65
401dfbcc,3e868a3e
401dfe7f,3e869917
401e0132,3e86a7f1
401e03e6,3e86b6d1
401e0699,3e86c5ab
401e094c,3e86d486
401e0bff,3e86e362
401e0eb2,3e86f23e
401e1166,3e870120
401e1419,3e870ffc
401e16cc,3e871eda
401e197f,3e872db8
401e1c32,3e873c96
401e1ee6,3e874b7a
401e2199,3e875a59
401e244c,3e876939
401e26ff,3e877819
401e29b2,3e8786f9
401e2c66,3e8795df
401e2f19,3e87a4c1
401e31cc,3e87b3a3
401e347f,3e87c285
401e3732,3e87d168
401e39e6,3e87e050
401e3c99,3e87ef34
401e3f4c,3e87fe18
401e41ff,3e880cfd
401e44b2,3e881be2
401e4766,3e882acd
401e4a19,3e8839b3
401e4ccc,3e884899
401e4f7f,3e885780
401e5232,3e886667
401e54e6,3e887554
401e5799,3e88843c
401e5a4c,3e889325
401e5cff,3e88a20e
401e5fb2,3e88b0f8
401e6266,3e88bfe7
401e6519,3e88ced1
401e67cc,3e88ddbc
401e6a7f,3e88eca8
401e6d32,3e88fb94
401e6fe6,3e890a85
401e7299,3e891972
401e754c,3e89285f
401e77ff,3e89374d
401e7ab2,3e89463a
401e7d66,3e89552f
401e8019,3e89641e
401e82cc,3e89730d
401e857f,3e8981fd
401e8832,3e8990ed
401e8ae6,3e899fe4
401e8d99,3e89aed5
401e904c,3e89bdc6
401e92ff,3e89ccb9
401e95b2,3e89dbab
401e9866,3e89eaa4
401e9b19,3e89f997
401e9dcc,3e8a088b
401ea07f,3e8a177f
401ea332,3e8a2674
401ea5e6,3e8a356f
401ea899,3e8a4465
401eab4c,3e8a535b
401eadff,3e8a6252
401eb0b2,3e8a7149
401eb366,3e8a8046
401eb619,3e8a8f3e
401eb8cc,3e8a9e36
401ebb7f,3e8aad2f
401ebe32,3e8abc28
401ec0e6,3e8acb27
401ec399,3e8ada22
401ec64c,3e8ae91c
401ec8ff,3e8af818
401ecbb2,3e8b0713
401ece66,3e8b1615
401ed119,3e8b2512
401ed3cc,3e8b340e
401ed67f,3e8b430c
401ed932,3e8b520a
401edbe6,3e8b610d
401ede99,3e8b700c
401ee14c,3e8b7f0b
401ee3ff,3e8b8e0b
401ee6b2,3e8b9d0b
401ee966,3e8bac11
401eec19,3e8bbb12
401eeecc,3e8bca13
401ef17f,3e8bd915
401ef432,3e8be818
401ef6e6,3e8bf720
401ef999,3e8c0623
401efc4c,3e8c1527
401efeff,3e8c242b
401f01b2,3e8c3330
401f0466,3e8c423a
401f0719,3e8c5140
401f09cc,3e8c6046
401f0c7f,3e8c6f4c
401f0f32,3e8c7e53
401f11e6,3e8c8d60
401f1499,3e8c9c68
401f174c,3e8cab70
401f19ff,3e8cba78
401f1cb2,3e8cc982
401f1f66,3e8cd891
401f2219,3e8ce79b
401f24cc,3e8cf6a5
401f277f,3e8d05b0
401f2a32,3e8d14bb
401f2ce6,3e8d23cd
401f2f99,3e8d32d9
401f324c,3e8d41e6
401f34ff,3e8d50f3
401f37b2,3e8d6000
401f3a66,3e8d6f14
401f3d19,3e8d7e22
401f3fcc,3e8d8d31
401f427f,3e8d9c41
401f4532,3e8dab50
401f47e6,3e8dba66
401f4a99,3e8dc977
401f4d4c,3e8dd888
401f4fff,3e8de79a
401f52b2,3e8df6ac
401f5566,3e8e05c4
401f5819,3e8e14d7
401f5acc,3e8e23ea
401f5d7f,3e8e32fe
401f6032,3e8e4213
401f62e6,3e8e512d
401f6599,3e8e6042
401f684c,3e8e6f58
401f6aff,3e8e7e6e
401f6db2,3e8e8d85
401f7066,3e8e9ca1
401f7319,3e8eabb9
401f75cc,3e8ebad1
401f787f,3e8ec9e9
401f7b32,3e8ed902
401f7de6,3e8ee821
401f8099,3e8ef73a
401f834c,3e8f0655
401f85ff,3e8f156f
401f88b2,3e8f248a
401f8b66,3e8f33ab
401f8e19,3e8f42c7
401f90cc,3e8f51e4
401f937f,3e8f6101
401f9632,3e8f701e
401f98e6,3e8f7f41
401f9b99,3e8f8e5f
401f9e4c,3e8f9d7e
401fa0ff,3e8fac9d
401fa3b2,3e8fbbbc
401fa666,3e8fcae2
401fa919,3e8fda03
401fabcc,3e8fe924
401fae7f,3e8ff845
401fb132,3e900767
401fb3e6,3e90168e
401fb699,3e9025b1
401fb94c,3e9034d4
401fbbff,3e9043f8
401fbeb2,3e90531c
401fc166,3e906246
401fc419,3e90716b
401fc6cc,3e908090
401fc97f,3e908fb6
401fcc32,3e909edc
401fcee6,3e90ae08
401fd199,3e90bd30
401fd44c,3e90cc57
401fd6ff,3e90db7f
401fd9b2,3e90eaa8
401fdc66,3e90f9d6
401fdf19,3e910900
401fe1cc,3e91182a
401fe47f,3e912754
401fe732,3e91367f
401fe9e6,3e9145af
401fec99,3e9154db
401fef4c,3e916407
401ff1ff,3e917334
401ff4b2,3e918261
401ff766,3e919194
401ffa19,3e91a0c1
401ffccc,3e91aff0
401fff7f,3e91bf1e
40200232,3e91ce4e
402004e6,3e91dd83
40200799,3e91ecb3
40200a4c,3e91fbe4
40200cff,3e920b14
40200fb2,3e921a46
40201266,3e92297d
40201519,3e9238b0
402017cc,3e9247e2
40201a7f,3e925716
40201d32,3e926649
40201fe6,3e927583
40202299,3e9284b8
4020254c,3e9293ec
402027ff,3e92a322
40202ab2,3e92b258
40202d66,3e92c194
40203019,3e92d0ca
402032cc,3e92e002
4020357f,3e92ef3a
40203832,3e92fe72
40203ae6,3e930db0
40203d99,3e931ce9
4020404c,3e932c22
402042ff,3e933b5c
402045b2,3e934a96
40204866,3e9359d7
40204b19,3e936912
40204dcc,3e93784e
4020507f,3e93878a
40205332,3e9396c7
402055e6,3e93a609
40205899,3e93b547
40205b4c,3e93c484
40205dff,3e93d3c3
402060b2,3e93e302
40206366,3e93f247
40206619,3e940186
402068cc,3e9410c6
40206b7f,3e942007
40206e32,3e942f48
402070e6,3e943e8f
40207399,3e944dd1
4020764c,3e945d14
402078ff,3e946c56
40207bb2,3e947b9a
40207e66,3e948ae3
40208119,3e949a27
402083cc,3e94a96c
4020867f,3e94b8b1
40208932,3e94c7f6
40208be6,3e94d742
40208e99,3e94e688
4020914c,3e94f5cf
402093ff,3e950516
402096b2,3e95145e
40209966,3e9523ac
40209c19,3e9532f4
40209ecc,3e95423e
4020a17f,3e955187
4020a432,3e9560d1
4020a6e6,3e957021
4020a999,3e957f6c
4020ac4c,3e958eb7
4020aeff,3e959e02
4020b1b2,3e95ad4f
4020b466,3e95bca1
4020b719,3e95cbee
4020b9cc,3e95db3c
4020bc7f,3e95ea8a
4020bf32,3e95f9d8
4020c1e6,3e96092c
4020c499,3e96187c
4020c74c,3e9627cb
4020c9ff,3e96371c
4020ccb2,3e96466c
4020cf66,3e9655c3
4020d219,3e966514
4020d4cc,3e967466
4020d77f,3e9683b9
4020da32,3e96930b
4020dce6,3e96a264
4020df99,3e96b1b8
4020e24c,3e96c10c
4020e4ff,3e96d061
4020e7b2,3e96dfb6
4020ea66,3e96ef11
4020ed19,3e96fe67
4020efcc,3e970dbd
4020f27f,3e971d14
4020f532,3e972c6b
4020f7e6,3e973bc9
4020fa99,3e974b21
4020fd4c,3e975a79
4020ffff,3e9769d2
402102b2,3e97792c
40210566,3e97888c
40210819,3e9797e6
40210acc,3e97a740
40210d7f,3e97b69c
40211032,3e97c5f8
402112e6,3e97d55a
40211599,3e97e4b6
4021184c,3e97f413
40211aff,3e980370
40211db2,3e9812ce
40212066,3e982232
40212319,3e983191
402125cc,3e9840f0
4021287f,3e985050
40212b32,3e985fb0
40212de6,3e986f16
40213099,3e987e77
4021334c,3e988dd9
402135ff,3e989d3b
402138b2,3e98ac9d
40213b66,3e98bc06
40213e19,3e98cb69
402140cc,3e98dacc
4021437f,3e98ea30
40214632,3e98f995
402148e6,3e990900
40214b99,3e991865
40214e4c,3e9927cb
402150ff,3e993731
402153b2,3e994698
40215666,3e995605
40215919,3e99656c
40215bcc,3e9974d5
40215e7f,3e99843d
40216132,3e9993a6
402163e6,3e99a315
40216699,3e99b280
4021694c,3e99c1e9
40216bff,3e99d154
40216eb2,3e99e0c0
40217166,3e99f030
40217419,3e99ff9d
402176cc,3e9a0f09
4021797f,3e9a1e76
40217c32,3e9a2de3
40217ee6,3e9a3d57
40218199,3e9a4cc5
4021844c,3e9a5c34
402186ff,3e9a6ba3
402189b2,3e9a7b13
40218c66,3e9a8a88
40218f19,3e9a99f9
402191cc,3e9aa96a
4021947f,3e9ab8db
40219732,3e9ac84d
402199e6,3e9ad7c5
40219c99,3e9ae738
40219f4c,3e9af6ab
4021a1ff,3e9b061f
4021a4b2,3e9b1592
4021a766,3e9b250d
4021aa19,3e9b3481
4021accc,3e9b43f7
4021af7f,3e9b536c
4021b232,3e9b62e3
4021b4e6,3e9b725f
4021b799,3e9b81d6
4021ba4c,3e9b914e
4021bcff,3e9ba0c6
4021bfb2,3e9bb03e
4021c266,3e9bbfbd
4021c519,3e9bcf36
4021c7cc,3e9bdeb0
4021ca7f,3e9bee2a
4021cd32,3e9bfda4
4021cfe6,3e9c0d25
4021d299,3e9c1ca1
4021d54c,3e9c2c1d
4021d7ff,3e9c3b99
4021dab2,3e9c4b16
4021dd66,3e9c5a99
4021e019,3e9c6a17
4021e2cc,3e9c7995
4021e57f,3e9c8914
4021e832,3e9c9892
4021eae6,3e9ca818
4021ed99,3e9cb798
4021f04c,3e9cc718
4021f2ff,3e9cd699
4021f5b2,3e9ce61a
4021f866,3e9cf5a1
4021fb19,3e9d0524
4021fdcc,3e9d14a6
4022007f,3e9d2429
40220332,3e9d33ac
402205e6,3e9d4336
40220899,3e9d52ba
40220b4c,3e9d623f
40220dff,3e9d71c4
402210b2,3e9d814a
40221366,3e9d90d6
40221619,3e9da05c
402218cc,3e9dafe3
40221b7f,3e9dbf6b
40221e32,3e9dcef2
402220e6,3e9dde81
40222399,3e9dee09
4022264c,3e9dfd92
402228ff,3e9e0d1c
40222bb2,3e9e1ca6
40222e66,3e9e2c36
40223119,3e9e3bc1
402233cc,3e9e4b4c
4022367f,3e9e5ad8
40223932,3e9e6a64
40223be6,3e9e79f7
40223e99,3e9e8984
4022414c,3e9e9912
402243ff,3e9ea8a0
402246b2,3e9eb82e
40224966,3e9ec7c3
40224c19,3e9ed752
40224ecc,3e9ee6e2
4022517f,3e9ef672
40225432,3e9f0602
402256e6,3e9f1599
40225999,3e9f252b
40225c4c,3e9f34bd
40225eff,3e9f444f
402261b2,3e9f53e2
40226466,3e9f637b
40226719,3e9f730e
402269cc,3e9f82a2
40226c7f,3e9f9237
40226f32,3e9fa1cc
402271e6,3e9fb167
40227499,3e9fc0fe
4022774c,3e9fd094
402279ff,3e9fe02a
40227cb2,3e9fefc2
40227f66,3e9fff5f
40228219,3ea00ef7
402284cc,3ea01e90
4022877f,3ea02e28
40228a32,3ea03dc2
40228ce6,3ea04d62
40228f99,3ea05cfc
4022924c,3ea06c96
402294ff,3ea07c32
402297b2,3ea08bcd
40229a66,3ea09b6f
40229d19,3ea0ab0c
40229fcc,3ea0baa8
4022a27f,3ea0ca46
4022a532,3ea0d9e4
4022a7e6,3ea0e987
4022aa99,3ea0f926
4022ad4c,3ea108c5
4022afff,3ea11865
4022b2b2,3ea12805
4022b566,3ea137ab
4022b819,3ea1474c
4022bacc,3ea156ed
4022bd7f,3ea1668e
4022c032,3ea17631
4022c2e6,3ea185d9
4022c599,3ea1957c
4022c84c,3ea1a520
4022caff,3ea1b4c4
4022cdb2,3ea1c468
4022d066,3ea1d412
4022d319,3ea1e3b8
4022d5cc,3ea1f35d
4022d87f,3ea20303
4022db32,3ea212aa
4022dde6,3ea22257
4022e099,3ea231fe
4022e34c,3ea241a6
4022e5ff,3ea2514e
4022e8b2,3ea260f7
4022eb66,3ea270a6
4022ee19,3ea28050
4022f0cc,3ea28ff9
4022f37f,3ea29fa4
4022f632,3ea2af4f
4022f8e6,3ea2bf00
4022fb99,3ea2ceac
4022fe4c,3ea2de58
402300ff,3ea2ee04
402303b2,3ea2fdb2
40230666,3ea30d65
40230919,3ea31d13
40230bcc,3ea32cc1
40230e7f,3ea33c70
40231132,3ea34c1f
402313e6,3ea35bd5
40231699,3ea36b85
4023194c,3ea37b36
40231bff,3ea38ae7
40231eb2,3ea39a98
40232166,3ea3aa50
40232419,3ea3ba02
402326cc,3ea3c9b5
4023297f,3ea3d968
40232c32,3ea3e91c
40232ee6,3ea3f8d6
40233199,3ea4088a
4023344c,3ea4183f
402336ff,3ea427f4
402339b2,3ea437aa
40233c66,3ea44766
40233f19,3ea4571d
402341cc,3ea466d4
4023447f,3ea4768c
40234732,3ea48644
402349e6,3ea49602
40234c99,3ea4a5bb
40234f4c,3ea4b574
402351ff,3ea4c52e
402354b2,3ea4d4e8
40235766,3ea4e4a8
40235a19,3ea4f464
40235ccc,3ea5041f
40235f7f,3ea513db
40236232,3ea52397
402364e6,3ea5335a
40236799,3ea54317
40236a4c,3ea552d4
40236cff,3ea56293
40236fb2,3ea57251
40237266,3ea58216
40237519,3ea591d6
402377cc,3ea5a195
40237a7f,3ea5b156
40237d32,3ea5c116
40237fe6,3ea5d0dd
40238299,3ea5e09f
4023854c,3ea5f061
402387ff,3ea60023
40238ab2,3ea60fe6
40238d66,3ea61faf
40239019,3ea62f73
402392cc,3ea63f37
4023957f,3ea64efc
40239832,3ea65ec1
40239ae6,3ea66e8c
40239d99,3ea67e52
4023a04c,3ea68e18
4023a2ff,3ea69ddf
4023a5b2,3ea6ada6
4023a866,3ea6bd74
4023ab19,3ea6cd3c
4023adcc,3ea6dd05
4023b07f,3ea6ecce
4023b332,3ea6fc97
4023b5e6,3ea70c67
4023b899,3ea71c31
4023bb4c,3ea72bfc
4023bdff,3ea73bc7
4023c0b2,3ea74b93
4023c366,3ea75b64
4023c619,3ea76b30
4023c8cc,3ea77afd
4023cb7f,3ea78acb
4023ce32,3ea79a99
4023d0e6,3ea7aa6d
4023d399,3ea7ba3b
4023d64c,3ea7ca0a
4023d8ff,3ea7d9da
4023dbb2,3ea7e9aa
4023de66,3ea7f980
4023e119,3ea80951
4023e3cc,3ea81922
4023e67f,3ea828f4
4023e932,3ea838c6
4023ebe6,3ea8489e
4023ee99,3ea85871
4023f14c,3ea86844
4023f3ff,3ea87818
4023f6b2,3ea887ec
4023f966,3ea897c7
4023fc19,3ea8a79c
4023fecc,3ea8b772
4024017f,3ea8c748
40240432,3ea8d71e
402406e6,3ea8e6fb
40240999,3ea8f6d2
40240c4c,3ea906aa
40240eff,3ea91682
402411b2,3ea9265a
40241466,3ea9363a
40241719,3ea94613
402419cc,3ea955ed
40241c7f,3ea965c7
40241f32,3ea975a2
402421e6,3ea98583
40242499,3ea9955f
4024274c,3ea9a53b
402429ff,3ea9b517
40242cb2,3ea9c4f4
40242f66,3ea9d4d7
40243219,3ea9e4b5
402434cc,3ea9f493
4024377f,3eaa0472
40243a32,3eaa1451
40243ce6,3eaa2436
40243f99,3eaa3416
4024424c,3eaa43f7
402444ff,3eaa53d8
402447b2,3eaa63b9
40244a66,3eaa73a0
40244d19,3eaa8383
40244fcc,3eaa9365
4024527f,3eaaa348
40245532,3eaab32b
402457e6,3eaac315
40245a99,3eaad2fa
40245d4c,3eaae2de
40245fff,3eaaf2c4
402462b2,3eab02a9
40246566,3eab1295
40246819,3eab227b
40246acc,3eab3262
40246d7f,3eab424a
40247032,3eab5231
402472e6,3eab621f
40247599,3eab7208
4024784c,3eab81f1
40247aff,3eab91da
40247db2,3eaba1c4
40248066,3eabb1b5
40248319,3eabc19f
402485cc,3eabd18b
4024887f,3eabe176
40248b32,3eabf162
40248de6,3eac0155
40249099,3eac1142
4024934c,3eac212f
402495ff,3eac311d
402498b2,3eac410b
40249b66,3eac5100
40249e19,3eac60ef
4024a0cc,3eac70de
4024a37f,3eac80ce
4024a632,3eac90be
4024a8e6,3eaca0b5
4024ab99,3eacb0a7
4024ae4c,3eacc098
4024b0ff,3eacd08a
4024b3b2,3eace07d
4024b666,3eacf076
4024b919,3ead0069
4024bbcc,3ead105d
4024be7f,3ead2051
4024c132,3ead3046
4024c3e6,3ead4041
4024c699,3ead5036
4024c94c,3ead602c
4024cbff,3ead7023
4024ceb2,3ead801a
4024d166,3ead9017
4024d419,3eada00e
4024d6cc,3eadb006
4024d97f,3eadbfff
4024dc32,3eadcff8
4024dee6,3eaddff8
4024e199,3eadeff1
4024e44c,3eadffec
4024e6ff,3eae0fe6
4024e9b2,3eae1fe2
4024ec66,3eae2fe3
4024ef19,3eae3fdf
4024f1cc,3eae4fdc
4024f47f,3eae5fd9
4024f732,3eae6fd6
4024f9e6,3eae7fda
4024fc99,3eae8fd8
4024ff4c,3eae9fd6
402501ff,3eaeafd6
402504b2,3eaebfd5
40250766,3eaecfdb
40250a19,3eaedfdb
40250ccc,3eaeefdc
40250f7f,3eaeffdd
40251232,3eaf0fde
402514e6,3eaf1fe7
40251799,3eaf2fe9
40251a4c,3eaf3fec
40251cff,3eaf4fef
40251fb2,3eaf5ff3
40252266,3eaf6ffd
40252519,3eaf8002
402527cc,3eaf9007
40252a7f,3eafa00d
40252d32,3eafb012
40252fe6,3eafc01f
40253299,3eafd025
4025354c,3eafe02d
402537ff,3eaff034
40253ab2,3eb0003c
40253d66,3eb0104b
40254019,3eb02054
402542cc,3eb0305d
4025457f,3eb04067
40254832,3eb05071
40254ae6,3eb06082
40254d99,3eb0708d
4025504c,3eb08098
402552ff,3eb090a4
402555b2,3eb0a0b0
40255866,3eb0b0c4
40255b19,3eb0c0d0
40255dcc,3eb0d0de
4025607f,3eb0e0ec
40256332,3eb0f0fb
402565e6,3eb10110
40256899,3eb1111f
40256b4c,3eb1212f
40256dff,3eb1313f
402570b2,3eb14150
40257366,3eb15167
40257619,3eb16178
402578cc,3eb1718a
40257b7f,3eb1819c
40257e32,3eb191af
402580e6,3eb1a1c9
40258399,3eb1b1dc
4025864c,3eb1c1f0
402588ff,3eb1d205
40258bb2,3eb1e21a
40258e66,3eb1f235
40259119,3eb2024b
402593cc,3eb21261
4025967f,3eb22278
40259932,3eb2328f
40259be6,3eb242ac
40259e99,3eb252c4
4025a14c,3eb262dd
4025a3ff,3eb272f5
4025a6b2,3eb2830f
4025a966,3eb2932e
4025ac19,3eb2a349
4025aecc,3eb2b363
4025b17f,3eb2c37e
4025b432,3eb2d399
4025b6e6,3eb2e3bb
4025b999,3eb2f3d7
4025bc4c,3eb303f4
4025beff,3eb31411
4025c1b2,3eb3242e
4025c466,3eb33452
4025c719,3eb34471
4025c9cc,3eb35490
4025cc7f,3eb364af
4025cf32,3eb374ce
4025d1e6,3eb384f5
4025d499,3eb39515
4025d74c,3eb3a536
4025d9ff,3eb3b558
4025dcb2,3eb3c579
4025df66,3eb3d5a2
4025e219,3eb3e5c4
4025e4cc,3eb3f5e7
4025e77f,3eb4060b
4025ea32,3eb4162f
4025ece6,3eb42659
4025ef99,3eb4367e
4025f24c,3eb446a3
4025f4ff,3eb456c9
4025f7b2,3eb466ef
4025fa66,3eb4771b
4025fd19,3eb48742
4025ffcc,3eb4976a
4026027f,3eb4a791
40260532,3eb4b7ba
402607e6,3eb4c7e8
40260a99,3eb4d811
40260d4c,3eb4e83b
40260fff,3eb4f864
402612b2,3eb5088f
40261566,3eb518c0
40261819,3eb528eb
40261acc,3eb53917
40261d7f,3eb54943
40262032,3eb5596f
402622e6,3eb569a2
40262599,3eb579cf
4026284c,3eb589fd
40262aff,3eb59a2b
40262db2,3eb5aa5a
40263066,3eb5ba8f
40263319,3eb5cabe
402635cc,3eb5daee
4026387f,3eb5eb1f
40263b32,3eb5fb4f
40263de6,3eb60b87
40264099,3eb61bb8
4026434c,3eb62bea
402645ff,3eb63c1d
402648b2,3eb64c50
40264b66,3eb65c89
40264e19,3eb66cbd
402650cc,3eb67cf1
4026537f,3eb68d26
40265632,3eb69d5a
402658e6,3eb6ad96
40265b99,3eb6bdcc
40265e4c,3eb6ce02
402660ff,3eb6de39
402663b2,3eb6ee70
